ppid,clamp_magnitude,baseline_bias,pointer,late_adapt
104274630779,60,-7.93392391204834,Mouse,29.499286657571794
104274630779,70,12.40481262207031,Mouse,39.19443740844728
104274630779,80,14.570980834960938,Mouse,39.026648712158206
104274630779,90,3.7659088134765613,Mouse,45.09622850418091
108424307545,100,12.806536865234374,Mouse,18.433758544921876
108424307545,110,18.546047973632813,Mouse,26.553631591796876
108424307545,120,19.48960676193237,Mouse,8.679283046722412
108424307545,130,7.06072692871094,Mouse,-10.083771514892584
114463583799,140,6.253083038330078,Trackpad,8.635198974609377
114463583799,150,-9.321920776367188,Trackpad,-12.634178161621094
114463583799,160,-2.754159927368165,Trackpad,-10.637816238403321
114463583799,170,3.7591278076171903,Trackpad,-4.098377227783203
115921796998,55,-4.4995269775390625,Mouse,15.131906107068062
115921796998,65,-7.00944595336914,Mouse,35.64571743011474
115921796998,75,2.2512298583984376,Mouse,37.02263145446777
115921796998,85,-6.581576538085935,Mouse,14.759942507743835
11866547632,60,1.7197994232177742,Trackpad,31.33616976737976
11866547632,70,-13.253767395019526,Trackpad,17.941151428222657
11866547632,80,12.148586273193354,Trackpad,38.61176884397864
11866547632,90,5.158675384521483,Trackpad,17.362122344970704
119388378225,95,-3.1681079864501944,Trackpad,-2.2618116378784174
119388378225,105,-6.210208129882813,Trackpad,-2.6233238220214927
119388378225,115,3.4092681884765623,Trackpad,3.5524932861328096
119388378225,125,1.067083740234375,Trackpad,2.3440017700195304
123183469520,2,-0.6134178161621121,Mouse,9.149811935424804
123183469520,4,2.0044326782226554,Mouse,18.93037052154541
123183469520,6,-4.12187194824219,Mouse,15.495919799804682
123183469520,8,8.880197143554682,Mouse,16.597661590576173
12978613609,2,-16.629551696777348,Mouse,28.333368682861323
12978613609,4,-14.45126953125,Mouse,50.91850296556949
12978613609,6,-4.309589767456055,Mouse,29.173000526428222
12978613609,8,-23.4753059387207,Mouse,51.13325805664063
131377047859,60,-0.8564186096191385,Trackpad,26.903873634338378
131377047859,70,2.4178863525390564,Trackpad,18.03511047363281
131377047859,80,-3.0476615905761717,Trackpad,12.19307861328125
131377047859,90,-10.077317810058593,Trackpad,4.198450469970699
132102677831,140,3.950775146484376,Mouse,-3.8623550415039047
132102677831,150,-2.9911315917968855,Mouse,0.44457092285155675
132102677831,160,-10.397933197021484,Mouse,5.332966995239259
132102677831,170,10.090945434570326,Mouse,0.791531372070311
132109080906,100,10.499172973632813,Mouse,33.65433721821755
132109080906,110,-7.322405242919919,Mouse,7.423970794677734
132109080906,120,-6.897760391235353,Mouse,13.41182662844658
132109080906,130,-9.598115539550786,Mouse,-18.90663070678711
132760789943,60,1.194174575805664,Mouse,22.9585901260376
132760789943,70,7.335571289062505,Mouse,-11.445980834960931
132760789943,80,0.46872024536132806,Mouse,-14.175188446044922
132760789943,90,-7.053704833984386,Mouse,17.3068344116211
134751847945,20,0.017168426513670988,Trackpad,2.350523567199705
134751847945,30,10.995657348632822,Trackpad,17.3792236328125
134751847945,40,-10.599786376953125,Trackpad,-5.97576904296875
134751847945,50,-16.82648315429687,Trackpad,9.807823181152344
139654613099,15,-7.808340454101563,Mouse,37.99931900501251
139654613099,25,-15.636696720123291,Mouse,42.83549880981445
139654613099,35,-33.53943481445313,Mouse,72.53050918579102
139654613099,45,-3.920726013183611,Mouse,46.604726409912104
140384659403,100,-15.832577514648444,Mouse,-3.59718475341797
140384659403,110,-16.375572204589837,Mouse,1.7285037994384773
140384659403,120,5.655288696289051,Mouse,11.114585876464844
140384659403,130,-6.8793586730957035,Mouse,-3.934986400604248
141351339407,15,-3.4214111328124988,Trackpad,45.58946914672852
141351339407,25,7.573190307617187,Trackpad,43.41954142302274
141351339407,35,-0.8421661376953182,Trackpad,29.95987014770508
141351339407,45,13.757567596435544,Trackpad,42.98970184326172
141579159069,3,-8.536535644531256,Trackpad,7.155714416503903
141579159069,5,-6.76557693481445,Trackpad,11.711305618286133
141579159069,7,-0.768209075927733,Trackpad,34.355525970458984
141579159069,10,-0.7938796997070401,Trackpad,33.52135848999022
142243756214,95,5.9011474609375,Trackpad,3.190824890136716
142243756214,105,6.9889068603515625,Trackpad,11.342855072021484
142243756214,115,-16.147961807250976,Trackpad,-10.426694583892822
142243756214,125,-20.6308837890625,Trackpad,-16.121743774414057
146859203465,100,8.97948303222655,Trackpad,12.010362243652342
146859203465,110,7.54293212890625,Trackpad,19.4590576171875
146859203465,120,-19.379292297363286,Trackpad,-10.223538208007819
146859203465,130,-2.149553298950193,Trackpad,-10.089634370803832
149687730008,55,6.71158504486084,Mouse,28.370283317565917
149687730008,65,-31.98372802734375,Mouse,43.44334205985069
149687730008,75,-4.310489654541014,Mouse,28.42058410644531
149687730008,85,-26.400724792480467,Mouse,5.941823577880856
154695465695,95,29.943510055541992,Trackpad,12.725684928894044
154695465695,105,-3.474383544921875,Trackpad,13.991914367675781
154695465695,115,-16.145764160156247,Trackpad,-0.8049041748046875
154695465695,125,15.150848388671857,Trackpad,12.855821228027338
156593167223,20,-13.872671508789063,Mouse,39.5877326965332
156593167223,30,0.935536193847662,Mouse,39.05059318542481
156593167223,40,4.190488052368164,Mouse,44.40979055166245
156593167223,50,-24.45870018005371,Mouse,23.102870941162113
157286867732,3,6.378378295898432,Trackpad,38.38641652166843
157286867732,5,-0.17440948486328053,Trackpad,52.430566024780276
157286867732,7,-1.3183547973632925,Trackpad,48.42826690673828
157286867732,10,6.265957641601562,Trackpad,50.53369979858398
158240405377,15,-6.177819061279294,Mouse,33.31885681152344
158240405377,25,5.5587818145751955,Mouse,34.52907018661499
158240405377,35,-3.9150360107421847,Mouse,31.742592048645015
158240405377,45,-8.9943359375,Mouse,31.430550657212727
163470105268,60,-8.000729370117188,Trackpad,-11.789053344726563
163470105268,70,-1.0003387451171875,Trackpad,16.628699684143065
163470105268,80,-1.4596038818359376,Trackpad,-1.5342067718505858
163470105268,90,-0.7192245483398381,Trackpad,6.506897735595705
163796231616,2,-2.2532787322998042,Mouse,5.523651432991029
163796231616,4,-10.16077270507812,Mouse,10.27254180908202
163796231616,6,11.304406738281239,Mouse,37.83885536342859
163796231616,8,-7.425418472290036,Mouse,31.175112152099615
164780952734,60,-13.91228942871094,Trackpad,-17.649027252197268
164780952734,70,16.152682495117187,Trackpad,20.78588104248047
164780952734,80,-5.297887802124024,Trackpad,-0.8091913223266601
164780952734,90,8.509738159179687,Trackpad,7.183615493774414
16847613267,140,-3.025662231445312,Mouse,6.232206249237061
16847613267,150,4.388539123535165,Mouse,6.312676239013676
16847613267,160,3.7069305419921874,Mouse,13.615499496459961
16847613267,170,-4.707220458984375,Mouse,6.187030029296875
170080221025,60,-18.091632843017578,Mouse,21.49919090270996
170080221025,70,-5.547534942626953,Mouse,12.282161235809326
170080221025,80,0.9774291992187498,Mouse,6.075882720947265
170080221025,90,-22.67039184570313,Mouse,14.745034790039053
1721418462,135,2.4298980712890623,Trackpad,13.84953231811524
1721418462,145,4.0462158203125,Trackpad,3.699189758300787
1721418462,155,2.9001144409179687,Trackpad,13.36502151489258
1721418462,165,-6.386634826660157,Trackpad,1.351275253295898
172440417576,95,3.72140350341797,Mouse,8.720160484313965
172440417576,105,-7.483187103271485,Mouse,-11.579895782470704
172440417576,115,0.4937835693359377,Mouse,4.813484191894529
172440417576,125,-4.06864929199219,Mouse,-3.8573448181152417
175094375154,55,-4.313777923583983,Mouse,-1.3158384323120105
175094375154,65,11.313235473632806,Mouse,21.118986129760735
175094375154,75,7.172261810302736,Mouse,38.410691833496095
175094375154,85,-4.758505249023437,Mouse,8.301890563964841
177578993607,55,6.772787475585938,Trackpad,23.440602111816407
177578993607,65,-7.104071044921869,Trackpad,1.0634952545165988
177578993607,75,1.1949249267578115,Trackpad,-11.31899299621582
177578993607,85,3.0786788940429695,Trackpad,22.280015182495116
183824516134,140,6.150168991088868,Mouse,-8.672092247009276
183824516134,150,-11.180834197998047,Mouse,7.6527210235595735
183824516134,160,15.341622924804682,Mouse,31.752224731445306
183824516134,170,-23.25860137939453,Mouse,-37.79997863769532
18545178463,3,-34.065066385269155,Trackpad,-7.624256896972653
18545178463,5,9.448302459716796,Trackpad,9.902198600769044
18545178463,7,-9.740583801269532,Trackpad,2.11083869934082
18545178463,10,15.403182983398438,Trackpad,30.426651000976562
186217949958,100,10.21560668945313,Mouse,17.242294311523445
186217949958,110,4.969261932373047,Mouse,23.95274634361267
186217949958,120,-7.876336669921867,Mouse,18.89923858642579
186217949958,130,-2.307263946533203,Mouse,8.490759277343747
193100401433,15,1.0402709960937506,Mouse,-4.299386596679687
193100401433,25,5.108625793457032,Mouse,12.27327995300293
193100401433,35,-9.210847854614258,Mouse,7.802353477478029
193100401433,45,-2.2145675659179718,Mouse,-4.803162384033206
19706308376,55,3.3334175109863295,Mouse,60.20360717773436
19706308376,65,14.438339233398438,Mouse,49.2985357299447
19706308376,75,2.0517276763916015,Mouse,23.692325401306153
19706308376,85,4.906263732910159,Mouse,49.871351623535155
199718243908,140,-0.989300537109375,Trackpad,3.5363662719726534
199718243908,150,2.0797470092773453,Trackpad,11.562519073486328
199718243908,160,-4.838517189025879,Trackpad,1.8527210235595724
199718243908,170,-7.346865844726563,Trackpad,-1.934239959716797
204680910799,20,-4.166986083984375,Mouse,44.234261739253995
204680910799,30,-8.44351501464844,Mouse,17.00325241088867
204680910799,40,9.905104064941408,Mouse,14.819193840026855
204680910799,50,-3.0863998413085936,Mouse,49.078260040283205
205160485114,55,3.265989685058588,Trackpad,3.234296417236325
205160485114,65,3.675030517578125,Trackpad,-11.848265075683596
205160485114,75,-8.741280746459962,Trackpad,4.097000122070314
205160485114,85,17.141201782226563,Trackpad,10.933366394042963
206032965332,95,0.9321929931640653,Trackpad,10.32991371154785
206032965332,105,-6.117626953125,Trackpad,4.9092727661132844
206032965332,115,17.630201721191412,Trackpad,23.465446472167972
206032965332,125,10.683673286437989,Trackpad,11.235000228881836
208917626878,60,1.0741836547851307,Trackpad,0.74039306640625
208917626878,70,0.6475387573242203,Trackpad,21.250743103027343
208917626878,80,-2.0361175537109375,Trackpad,-5.0224039316177365
208917626878,90,8.120913696289064,Trackpad,3.1628272533416757
211178143741,20,-16.220445251464845,Mouse,39.30471791420132
211178143741,30,6.135873413085936,Mouse,28.56315803527832
211178143741,40,4.342398452758789,Mouse,73.211314868927
211178143741,50,-2.306793403625489,Mouse,1.399485182762146
211349502438,20,24.316950988769538,Mouse,53.29778060913086
211349502438,30,11.900878906250005,Mouse,25.70338430404663
211349502438,40,8.670072746276855,Mouse,36.46610895395279
211349502438,50,26.087884521484376,Mouse,47.98060150146485
211445384891,100,8.588661193847656,Mouse,25.575664520263672
211445384891,110,1.1627155303955097,Mouse,6.507794189453125
211445384891,120,0.39645690917968734,Mouse,-10.680047607421878
211445384891,130,3.661251831054682,Mouse,-1.2996810913085926
211914503015,140,14.06842651367187,Trackpad,15.955512237548835
211914503015,150,-8.250259399414062,Trackpad,-9.473727416992187
211914503015,160,-2.5470893859863275,Trackpad,-14.572428512573243
211914503015,170,0.7111511230468863,Trackpad,6.292266845703128
214060187805,135,-7.493447875976562,Mouse,-5.06360788345337
214060187805,145,-1.094476318359375,Mouse,-6.681446838378915
214060187805,155,-8.98570861816406,Mouse,-8.322576904296877
214060187805,165,-3.0002571105957028,Mouse,-12.175591278076174
219666297547,20,1.5048637390136703,Trackpad,-20.832298278808594
219666297547,30,-3.142074584960929,Trackpad,14.576680755615234
219666297547,40,-7.521020507812494,Trackpad,-12.189219665527341
219666297547,50,-2.5609294891357424,Trackpad,16.34989004135132
219942741794,15,2.6513092041015502,Mouse,17.521525573730464
219942741794,25,-6.208151245117188,Mouse,33.35758590698242
219942741794,35,-8.212759017944338,Mouse,32.62588405609131
219942741794,45,5.90208282470703,Mouse,44.294333648681636
220885766670,100,2.138978576660151,Mouse,3.664556884765619
220885766670,110,-2.5276527404785125,Mouse,5.603961563110351
220885766670,120,-1.2388015747070313,Mouse,2.753738021850588
220885766670,130,-15.17060546875,Mouse,-1.2028594970703181
230769543210,135,-1.699835205078125,Mouse,8.455348205566404
230769543210,145,2.5463935852050787,Mouse,0.9999955177307143
230769543210,155,-11.75965313911438,Mouse,4.1637321472167965
230769543210,165,8.531529235839836,Mouse,9.12788848876953
230918759014,20,2.522862625122071,Trackpad,31.752529275417327
230918759014,30,-5.863825988769531,Trackpad,15.567924499511719
230918759014,40,18.064482116699217,Trackpad,27.88945770263673
230918759014,50,-10.470880126953125,Trackpad,7.778312683105478
23243432166,20,7.419328308105472,Mouse,35.86849250793456
23243432166,30,6.952849388122559,Mouse,10.12325918674469
23243432166,40,-1.3990646362304673,Mouse,-6.257079315185544
23243432166,50,4.0157653808593805,Mouse,1.028795146942138
232699431944,55,-0.5746795654296875,Mouse,69.28652291297912
232699431944,65,-3.742306518554682,Mouse,37.9143726348877
232699431944,75,-5.101741981506349,Mouse,48.69825726747513
232699431944,85,17.086032104492197,Mouse,50.978440856933595
232846173923,60,-5.093931579589849,Trackpad,16.756288909912097
232846173923,70,2.927942657470703,Trackpad,16.922564697265624
232846173923,80,11.727426147460937,Trackpad,25.415403747558592
232846173923,90,-0.9237335205078182,Trackpad,14.964996337890625
234950867248,55,13.939442443847662,Mouse,19.24086685180664
234950867248,65,12.610057067871093,Mouse,13.446065711975098
234950867248,75,-3.7995254516601564,Mouse,0.9083766937255853
234950867248,85,-4.564111328125,Mouse,9.204843139648442
238396474858,55,-10.380188369750977,Trackpad,27.200924825668334
238396474858,65,-3.5864257812499942,Trackpad,31.782052612304692
238396474858,75,-5.024822998046872,Trackpad,29.44092407226562
238396474858,85,-6.364990234375,Trackpad,25.81804313659668
239901129854,60,20.10178146362305,Mouse,-105.39190716445447
239901129854,70,-4.706367492675787,Mouse,-6.145780446380376
239901129854,80,-5.97164119631052,Mouse,3.1917738199233994
239901129854,90,-1.543813419342041,Mouse,76.70816872715949
242302735568,55,10.2436798095703,Mouse,40.78215248733759
242302735568,65,0.6821636199951178,Mouse,38.1423942565918
242302735568,75,6.523109436035156,Mouse,25.803955078125
242302735568,85,-5.4634887695312475,Mouse,31.18200073242187
244346351129,3,-25.080230784416198,Mouse,-18.272865945100786
244346351129,5,-4.30936279296875,Mouse,4.1398309707641605
244346351129,7,-10.709793090820312,Mouse,13.506944465637208
244346351129,10,8.607231903076174,Mouse,-6.842254066467288
244418469024,2,34.441015625,Mouse,40.999066162109386
244418469024,6,31.705906677246094,Mouse,52.95613441467285
244418469024,8,33.79936075210571,Mouse,61.27809074521065
245267280377,55,15.584907531738281,Trackpad,32.50932159423828
245267280377,65,-20.82114715576172,Trackpad,32.559719467163085
245267280377,75,13.686671447753909,Trackpad,40.87574462890625
245267280377,85,-7.914298057556152,Trackpad,31.68321797847748
245556890498,100,-35.92080993652344,Mouse,30.61259087324142
245556890498,110,-2.9587564468383905,Mouse,24.181034088134762
245556890498,120,-4.148593902587891,Mouse,21.62269115447998
245556890498,130,-16.54090194702148,Mouse,31.51658477783203
247101632412,135,-12.68929443359375,Mouse,-3.7272354125976555
247101632412,145,0.8262460708618165,Mouse,-0.9872598648071286
247101632412,155,-0.7035949707031304,Mouse,-3.981410217285165
247101632412,165,-13.721878051757821,Mouse,-18.442445373535158
248674978269,140,-13.560623168945312,Trackpad,14.980298995971676
248674978269,150,-2.882954025268554,Trackpad,-2.2461929321289054
248674978269,160,7.254090118408203,Trackpad,-2.734296417236328
248674978269,170,29.441198730468745,Trackpad,13.77366027832031
251308053499,100,14.869458007812494,Trackpad,21.503860473632805
251308053499,110,-15.527262783050537,Trackpad,-14.29473876953125
251308053499,120,6.9227958679199215,Trackpad,24.031704330444335
251308053499,130,-18.050851440429692,Trackpad,-19.792414093017577
252662312705,140,-1.1698822021484319,Trackpad,-4.715180969238278
252662312705,150,14.123474121093754,Trackpad,11.670129394531251
252662312705,160,1.2281044006347654,Trackpad,-10.061502838134766
252662312705,170,3.5485870361328127,Trackpad,-1.8376876831054687
25723101804,100,2.3272247314453134,Mouse,33.373231971263884
25723101804,110,3.6241638183593805,Mouse,22.347076416015632
25723101804,120,1.1406097412109346,Mouse,21.153111267089844
25723101804,130,17.97176284790039,Mouse,13.599135208129884
258433481445,95,0.40753517150878926,Trackpad,-18.064358520507813
258433481445,105,-6.6447601318359375,Trackpad,26.850832366943358
258433481445,115,-0.07334747314453124,Trackpad,14.398114776611326
258433481445,125,-15.719560241699218,Trackpad,-14.974977111816406
260547727346,100,-6.619404602050778,Trackpad,-5.806643676757813
260547727346,110,-6.082431411743164,Trackpad,-1.1152853012084958
260547727346,120,13.451293754577637,Trackpad,6.413022232055655
260547727346,130,-1.1453269958496093,Trackpad,-5.42912368774414
261405949946,60,8.741305541992187,Mouse,28.379986572265626
261405949946,70,13.816609191894532,Mouse,28.250466918945314
261405949946,80,-4.521475791931152,Mouse,-1.9135502815246568
261405949946,90,-11.2500701904297,Mouse,-1.8917404174804702
263123473152,100,-15.12467041015625,Trackpad,14.959048461914055
263123473152,110,17.660781860351552,Trackpad,6.192771911621093
263123473152,120,2.348004913330075,Trackpad,-2.1538665771484373
263123473152,130,-1.1722202301025382,Trackpad,6.8576658248901365
263290655799,15,-4.259894180297851,Trackpad,23.889492493867873
263290655799,25,-2.9960922241210937,Trackpad,17.013736724853516
263290655799,35,-7.505285644531244,Trackpad,41.88247070312501
263290655799,45,20.697682571411132,Trackpad,36.86027450561524
263992263004,2,-4.891421890258789,Mouse,-6.470256555080414
263992263004,4,-5.851455688476568,Mouse,6.263851928710935
263992263004,6,-14.707185363769534,Mouse,10.027935791015626
263992263004,8,-7.125987243652347,Mouse,21.230123138427732
264130884315,100,-17.983063220977783,Mouse,13.280758285522461
264130884315,110,-29.822415924072267,Mouse,5.525741577148437
264130884315,120,-15.127279663085943,Mouse,12.523674774169923
264130884315,130,-28.248683166503906,Mouse,9.699678039550776
266126640839,2,-4.493910217285159,Mouse,22.787125396728513
266126640839,4,-6.360070800781256,Mouse,0.3578002929687443
266126640839,6,-9.652343749999996,Mouse,8.046007156372072
266126640839,8,0.9799655914306664,Mouse,17.45595188140869
270836319308,95,3.5800872802734376,Trackpad,-5.938015713915223
270836319308,105,-0.5691625595092787,Trackpad,-0.6155670166015632
270836319308,115,-4.418376922607424,Trackpad,-7.5457908630371096
270836319308,125,17.276747131347665,Trackpad,19.07329330444336
272993694525,2,-1.5324802398681654,Trackpad,9.009509468078612
272993694525,4,-7.52052688598633,Trackpad,12.334495544433594
272993694525,6,3.3279052734375028,Trackpad,33.961449432373044
272993694525,8,-8.622778320312488,Trackpad,25.605885314941418
277495261980,100,-8.935690689086915,Mouse,0.7680173873901364
277495261980,110,-4.824659729003898,Mouse,6.563121795654304
277495261980,120,-10.510150146484374,Mouse,-11.223324584960935
277495261980,130,-4.0602294921875,Mouse,6.998595809936523
281449537957,3,8.79560546875,Trackpad,28.547634887695303
281449537957,5,-7.945499420166014,Trackpad,12.953620910644531
281449537957,7,0.5197662353515625,Trackpad,20.31936721801758
281449537957,10,-6.188888549804693,Trackpad,13.9357307434082
283817955758,2,-8.07148284912109,Trackpad,-4.659216690063478
283817955758,4,5.315629577636718,Trackpad,23.043860626220702
283817955758,6,10.782943725585927,Trackpad,28.474572753906237
283817955758,8,-9.638563537597657,Trackpad,29.355484771728516
284887481713,55,-6.767338562011721,Mouse,66.80977630615234
284887481713,65,6.570245361328136,Mouse,42.42900390625
284887481713,75,-0.5902132034301768,Mouse,37.84138780832291
284887481713,85,10.974561309814453,Mouse,35.007911300659174
285770176909,60,11.538222885131836,Mouse,22.27517375946045
285770176909,70,-18.34496765136719,Mouse,32.94866695404052
285770176909,80,1.9678833007812444,Mouse,20.723271179199216
285770176909,90,-17.401834106445314,Mouse,-1.8804920196533204
286533593898,3,11.946004295349121,Mouse,29.93945598602295
286533593898,5,1.8253059387207031,Mouse,3.70426139831543
286533593898,7,10.499603271484366,Mouse,34.37709197998047
286533593898,10,-4.104943847656239,Mouse,8.030125427246094
287971476791,15,-6.803089904785148,Mouse,16.871992279501516
287971476791,25,-14.024694824218766,Mouse,31.682255781359142
287971476791,35,4.017963790893555,Mouse,-5.874105341294232
287971476791,45,-7.842549896240234,Mouse,-2.119145112879136
288731469074,130,30.344219970703126,Mouse,14.165774536132812
290626679547,135,-2.7450347900390653,Mouse,1.0243095397949218
290626679547,145,-0.40469093322753763,Mouse,-3.0418332099914545
290626679547,155,0.25189208984374983,Mouse,-3.7083526611328153
290626679547,165,-5.801498413085935,Mouse,-10.85936279296875
290656034369,135,16.37520141601562,Trackpad,-11.213818264007568
290656034369,145,-7.663594055175787,Trackpad,-14.704577636718764
290656034369,155,10.924606323242182,Trackpad,17.679028320312494
290656034369,165,15.605552673339844,Trackpad,20.599580383300783
292629866395,135,0.7257896423339844,Trackpad,7.026578903198242
292629866395,145,2.436015319824216,Trackpad,2.1649009704589943
292629866395,155,-4.701565551757812,Trackpad,-5.079048156738272
292629866395,165,-6.754100036621095,Trackpad,-6.984646034240724
295092569896,95,-0.06081314086913423,Mouse,39.18429870605469
295092569896,105,6.618589782714852,Mouse,38.45643844604492
295092569896,115,29.786717224121098,Mouse,32.59162940979004
299489942844,2,-12.292462158203126,Mouse,131.81395530700684
299489942844,4,-13.826628875732421,Mouse,-51.409197616577146
299489942844,6,-8.575794982910159,Mouse,-143.13858222961426
299489942844,8,-10.731913757324218,Mouse,41.80972557067871
300018938491,95,-0.24216766357421732,Mouse,39.55607223510742
300018938491,105,-14.837135314941417,Mouse,51.66313171386719
300018938491,115,2.316534423828125,Mouse,33.22756042480468
300018938491,125,-1.7021800994873053,Mouse,33.90728397369385
306810469599,15,-5.901399612426758,Mouse,4.359578323364259
306810469599,25,-8.173271942138673,Mouse,39.99576034545898
306810469599,35,10.219970321655273,Mouse,28.40367379784584
306810469599,45,-12.284773254394537,Mouse,13.99324111938476
307390059111,3,-6.200459289550784,Mouse,27.319750213623045
307390059111,5,8.310879516601563,Mouse,-5.1663116455078155
307390059111,7,2.2213973999023464,Mouse,21.731991577148438
307390059111,10,-1.719508552551268,Mouse,27.551587677001955
311279476853,15,-14.251763916015625,Mouse,38.53726959228515
311279476853,25,-9.28287353515625,Mouse,47.01195526123047
311279476853,35,-10.831853580474853,Mouse,30.55053844451904
311279476853,45,-16.751730346679686,Mouse,46.508136987034234
311518904287,15,23.19938564300537,Mouse,51.35598543137313
311518904287,35,8.693118286132812,Mouse,34.95805130004884
311518904287,45,15.591719055175783,Mouse,58.59705715179443
312810119008,20,4.350726318359375,Mouse,42.191279602050784
312810119008,30,1.6171478271484403,Mouse,48.630313873291016
312810119008,40,9.376295471191408,Mouse,26.076344299316407
312810119008,50,-11.497033309936523,Mouse,29.46778953075409
313978052698,135,-16.48509216308593,Trackpad,-14.397181701660154
313978052698,145,8.104285240173338,Trackpad,16.752758026123047
313978052698,155,-6.330269622802734,Trackpad,-26.955044555664063
313978052698,165,6.5353042602539,Trackpad,17.047444915771486
314153794897,95,-12.975802040100097,Mouse,42.50189361572266
314153794897,105,-5.032937622070312,Mouse,40.31199264526367
314153794897,115,-0.7747688293457043,Mouse,34.45816497802734
314153794897,125,-21.183230590820312,Mouse,42.86049850657582
314581190701,135,-0.115576171875,Trackpad,6.318566131591797
314581190701,145,1.464879608154296,Trackpad,3.408697891235353
314581190701,155,-6.700416564941409,Trackpad,-9.328931427001956
314581190701,165,-4.73838195800783,Trackpad,0.8604904174804687
314751828555,3,-10.219297790527339,Trackpad,46.18689575195312
314751828555,5,0.2729442596435532,Trackpad,52.05354881286621
314751828555,7,1.6159591674804688,Trackpad,56.34280853271484
314751828555,10,-3.770294189453125,Trackpad,73.89036536216736
31763185048,60,8.263803100585939,Mouse,9.732384872436526
31763185048,70,0.23224182128906268,Mouse,17.42408599853516
31763185048,80,8.075275230407716,Mouse,33.0471996486187
31763185048,90,7.453990173339849,Mouse,26.39079818725586
320314205950,65,26.76695537567138,Mouse,-125.48857192993164
320314205950,75,-19.085849004983903,Mouse,125.75993919372559
326018211431,2,8.304814147949216,Trackpad,8.240933990478513
326018211431,4,6.963727951049805,Trackpad,11.356483745574952
326018211431,6,-2.131646728515625,Trackpad,4.395988464355469
326018211431,8,-3.3731971740722657,Trackpad,5.1715221405029315
326031055534,140,2.4797149658203126,Mouse,7.666065216064456
326031055534,150,10.765823364257812,Mouse,23.844796752929692
326031055534,160,11.794505310058597,Mouse,12.500363540649417
326031055534,170,5.762285041809081,Mouse,-9.04158706665039
326328627765,20,-16.58763732910155,Trackpad,-0.6280944824218693
326328627765,30,6.44744567871094,Trackpad,-3.1840415954589787
326328627765,40,1.3379241943359368,Trackpad,-2.017929840087891
326328627765,50,-5.863078308105469,Trackpad,-3.7608722686767555
329580827848,55,7.711007690429687,Mouse,-2.051485443115233
329580827848,65,18.35348815917969,Mouse,10.0484489440918
329580827848,75,3.778933715820313,Mouse,-20.96277160644531
329580827848,85,17.922353076934815,Mouse,-1.315130233764648
333479267545,135,-15.51503601074219,Trackpad,-15.122453308105467
333479267545,145,10.787458038330076,Trackpad,19.869670867919922
333479267545,155,2.3708526611328127,Trackpad,1.1406097412109288
333479267545,165,-12.701893806457518,Trackpad,-3.8994526863098145
334186456864,100,4.907798004150391,Mouse,17.67729721069336
334186456864,110,-0.023263549804684303,Mouse,-17.785835266113274
334186456864,120,1.9761810302734375,Mouse,14.439479064941413
334186456864,130,9.299417018890379,Mouse,-17.928353309631348
33616929547,135,-8.8683349609375,Mouse,13.858318233489987
33616929547,145,-10.932034301757813,Mouse,-24.71037216186523
33616929547,155,5.813771057128906,Mouse,16.375605010986327
33616929547,165,4.308045196533204,Mouse,-11.51384687423706
340447094989,3,23.669552612304688,Mouse,32.34061660766602
340447094989,5,-3.3739871978759766,Mouse,25.35589771270752
340447094989,7,-7.22945098876954,Mouse,-2.361566925048831
340447094989,10,8.895397186279297,Mouse,16.609683990478516
340899273753,140,-5.083253479003915,Trackpad,3.7927703857421866
340899273753,150,-8.949890899658202,Trackpad,-27.49251708984375
340899273753,160,-0.7312225341796873,Trackpad,-19.770046997070317
340899273753,170,9.631440353393554,Trackpad,13.2626501083374
342998198233,20,-0.5349967956542969,Trackpad,23.040195083618165
342998198233,30,-4.677672576904297,Trackpad,16.96673240661621
342998198233,40,-17.590060424804676,Trackpad,12.14445700645447
342998198233,50,-4.150660705566404,Trackpad,29.59932174682617
347401194740,140,9.971433258056638,Trackpad,2.8094048500061026
347401194740,150,-7.215394592285156,Trackpad,-11.76309814453125
347401194740,160,5.828881835937497,Trackpad,22.865286254882815
347401194740,170,-9.191665649414062,Trackpad,-20.5408203125
349368817172,60,-15.3538330078125,Mouse,47.97359829545021
349368817172,70,-15.614082336425781,Mouse,38.68776321411133
349368817172,80,-15.90384521484375,Mouse,23.042864227294928
349368817172,90,-14.433768463134765,Mouse,22.107060432434082
3512277966,20,-11.251325988769528,Mouse,25.75095138549804
3512277966,30,-3.472027587890625,Mouse,43.431173944473265
3512277966,40,-6.547083473205566,Mouse,19.259338665008546
3512277966,50,-9.986604309082034,Mouse,32.909066390991214
353267429629,2,-6.630746459960937,Trackpad,8.493186950683594
353267429629,4,12.595492553710946,Trackpad,22.133947753906245
353267429629,6,-8.037649536132813,Trackpad,37.57249450683594
353267429629,8,0.9758033752441408,Trackpad,20.18266358375549
353520557284,55,-17.57811279296875,Mouse,22.169376373291012
353520557284,65,1.6890666961669916,Mouse,19.593771171569824
353520557284,75,5.20770034790039,Mouse,12.399671936035157
353520557284,85,8.825036621093739,Mouse,24.444366455078118
357323471689,140,-2.3934402465820255,Mouse,-11.68199615478515
357323471689,150,-7.868633842468263,Mouse,-20.741266632080077
357323471689,160,-4.558081054687493,Mouse,-11.020429992675778
357323471689,170,10.269660186767577,Mouse,6.2136379241943365
35938706947,100,-2.7048810958862295,Mouse,22.14595832824707
35938706947,110,8.43591918945312,Mouse,17.507392883300778
35938706947,120,-4.812721252441417,Mouse,26.347158050537104
35938706947,130,9.650493621826174,Mouse,-2.1722034454345702
363396258093,3,-1.614538192749022,Mouse,-0.3696219444274901
363396258093,5,-8.493154907226563,Mouse,26.956595420837395
363396258093,7,5.285633087158203,Mouse,39.701757812500006
363396258093,10,-9.4100830078125,Mouse,52.35222396850586
366712725954,140,8.271473693847657,Mouse,-16.488576889038086
366712725954,150,9.852603149414056,Mouse,-14.217994689941412
366712725954,160,12.15660552978515,Mouse,-26.939069366455083
366712725954,170,-3.1135274887084963,Mouse,-3.5486102104187
366977208759,55,-5.28234558105469,Trackpad,34.40824813842774
366977208759,65,-2.9550010681152346,Trackpad,23.59266242980957
366977208759,75,-8.199010848999023,Trackpad,32.23537836074829
366977208759,85,-6.065097045898439,Trackpad,37.58828887939454
368230630876,2,12.955892944335933,Trackpad,16.20968322753907
368230630876,4,-5.49329833984375,Trackpad,31.880711364746098
368230630876,6,-9.967123413085938,Trackpad,27.469136810302736
368230630876,8,3.796655273437499,Trackpad,22.024597311019896
37013057852,15,-5.000846862792969,Mouse,12.275882720947271
37013057852,25,-0.9071104049682617,Mouse,11.406761932373048
37013057852,35,-10.151662445068357,Mouse,2.818070220947265
37013057852,45,-9.79510955810547,Mouse,34.61176164150238
370640644570,15,-9.69830017089844,Mouse,19.128999972343443
370640644570,25,1.1198921203613277,Mouse,27.34793436527253
370640644570,35,15.3677978515625,Mouse,-52.9223137140274
370640644570,45,12.293014907836914,Mouse,71.66217010021208
372881010640,3,-9.501132202148435,Mouse,-0.09420471191406535
372881010640,5,-0.2841903686523436,Mouse,31.576069259643553
372881010640,7,-2.910140991210926,Mouse,32.23143463134765
372881010640,10,-2.872374343872073,Mouse,10.02540988922119
372902434784,95,-21.716621398925785,Mouse,-19.42837600708008
372902434784,105,-28.245059204101562,Mouse,-21.426975631713866
372902434784,115,-11.318966674804699,Mouse,6.501153564453119
372902434784,125,-26.804675769805907,Mouse,-18.087985849380495
374362493632,95,6.8760101318359315,Trackpad,27.3541051864624
374362493632,105,24.0130615234375,Trackpad,15.979142761230467
374362493632,115,-2.64728240966798,Trackpad,3.882641220092772
374362493632,125,0.5596126556396491,Trackpad,-15.078977203369144
375371629837,20,6.860268402099609,Trackpad,16.59023590087891
375371629837,30,-1.072949218749994,Trackpad,12.309439086914072
375371629837,40,8.859844970703127,Trackpad,16.332860565185538
375371629837,50,3.1904920578002924,Trackpad,17.448852443695067
376660312758,2,7.711064910888675,Mouse,25.552243804931642
376660312758,4,10.200283813476569,Mouse,26.826544189453124
376660312758,6,-10.044443511962891,Mouse,36.02248828560114
376660312758,8,7.5837890625,Mouse,38.33292999267578
37822414888,100,-1.053448486328125,Mouse,25.187382507324223
37822414888,110,9.952253341674805,Mouse,20.36334626674652
37822414888,120,2.517215383052823,Mouse,16.100179290771486
37822414888,130,2.610818481445321,Mouse,9.612322998046885
381056854035,135,-0.1642230987548839,Trackpad,-11.75710096359253
381056854035,145,-7.913035583496094,Trackpad,-8.54664669036865
381056854035,155,2.9616149902343807,Trackpad,11.16921768188476
381056854035,165,-3.1346069335937385,Trackpad,19.704974657297136
381467347498,55,8.529592895507804,Mouse,43.95852127075195
381467347498,65,4.009866333007818,Mouse,19.51824188232423
381467347498,75,-1.8830543518066434,Mouse,38.95714340209961
381467347498,85,12.498279953002928,Mouse,23.927271127700806
383627469185,15,2.234188842773432,Trackpad,-9.364589691162113
383627469185,25,-0.8436569213867131,Trackpad,1.2319686889648385
383627469185,35,34.16566853635013,Trackpad,26.38325138092041
383627469185,45,25.290980529785156,Trackpad,23.24074020385742
385475812479,2,-19.007135009765626,Mouse,8.382887268066398
385475812479,4,33.34506711959838,Mouse,14.108078002929679
385475812479,6,9.947279357910158,Mouse,4.860622787475582
385475812479,8,-13.825770664215089,Mouse,5.333404350280762
38639956153,2,19.23266143798828,Trackpad,24.353514099121092
38639956153,4,14.973675537109376,Trackpad,59.81659309267998
38639956153,6,-8.728201293945308,Trackpad,-10.43159465789795
38639956153,8,-7.471675300598145,Trackpad,9.356828308105468
390771680977,15,2.421099853515622,Trackpad,-34.09551830291748
394487149082,20,7.918176651000977,Trackpad,54.75919609069824
394487149082,30,-2.7926658630371084,Trackpad,28.149948120117188
394487149082,40,17.125854492187493,Trackpad,62.947040748596194
394487149082,50,0.30681304931640624,Trackpad,26.352763366699218
395056795561,135,5.629917907714841,Trackpad,21.18427429199219
395056795561,145,1.9621978759765626,Trackpad,5.015510559082034
395056795561,155,3.2903408050537104,Trackpad,-5.3029343605041515
395056795561,165,-10.616195678710938,Trackpad,-11.191435241699219
395156049868,95,-7.487455749511719,Trackpad,3.263709449768065
395156049868,105,-9.082929992675782,Trackpad,17.934484481811523
395156049868,115,-1.5713516235351506,Trackpad,2.686995697021487
395156049868,125,-9.353515625,Trackpad,9.669506835937506
398109816713,15,-17.101329040527332,Mouse,73.3784775108099
398109816713,25,-15.725106620788575,Mouse,67.0330753326416
398109816713,35,-1.1585479736328126,Mouse,-19.470538187026982
398109816713,45,-9.002915954589842,Mouse,27.446327471733092
399793741991,140,-7.072725677490231,Mouse,-11.655280303955077
399793741991,150,-8.909414863586425,Mouse,-17.948551082611083
399793741991,160,3.888787841796875,Mouse,2.0224266052246094
399793741991,170,-5.682363891601568,Mouse,-23.582707214355473
400006499374,60,4.015257263183597,Trackpad,29.23628997802735
400006499374,70,14.88927841186523,Trackpad,30.334320449829107
400006499374,80,1.990618896484375,Trackpad,27.18810577392578
400006499374,90,-4.313769149780275,Trackpad,11.98876075744629
401611892739,15,36.044610595703126,Trackpad,65.45162811279297
401611892739,25,-2.0775617599487335,Trackpad,108.03876056671143
401611892739,35,10.738894844055176,Trackpad,132.6511001586914
406984957400,55,15.579405212402344,Mouse,-7.087142181396482
406984957400,65,-0.064029312133788,Mouse,19.49022958278656
406984957400,75,3.152313232421875,Mouse,17.75619735717774
406984957400,85,16.960965728759767,Mouse,-1.1573654174804688
408276378177,135,-12.206649780273443,Mouse,1.2405334472656215
408276378177,145,-13.606898498535156,Mouse,0.6898307800292978
408276378177,155,-11.760446739196778,Mouse,21.099566745758057
408276378177,165,-12.13375854492187,Mouse,6.646090698242183
409510251833,140,-12.641718482971191,Mouse,43.761801147460936
409510251833,150,-16.445764160156237,Mouse,34.892354965209954
409510251833,160,-9.70354614257813,Mouse,36.47678645551205
409510251833,170,-17.43272018432617,Mouse,35.05112533569336
412116680061,95,-6.312960815429688,Mouse,10.474564361572261
412116680061,105,-14.94030990600586,Mouse,6.786150741577147
412116680061,115,-0.7012939453125,Mouse,19.37424488067627
412116680061,125,9.287658500671387,Mouse,14.56331634521484
413611575961,3,0.023717498779296874,Trackpad,63.207750701904295
413611575961,5,-5.044185638427733,Trackpad,38.97545318603515
413611575961,7,-5.59195404052735,Trackpad,52.438489532470705
413611575961,10,-1.3188873291015624,Trackpad,81.47478513717651
415114416275,55,4.885471534729005,Mouse,43.92832039818168
415114416275,65,9.753187561035173,Mouse,49.41891632080078
415114416275,75,11.9267822265625,Mouse,50.061525726318365
415114416275,85,1.6562873840332046,Mouse,42.16081352233887
416004814207,60,-2.1638946533203125,Mouse,3.378427124023446
416004814207,70,10.433645629882818,Mouse,23.666434478759765
416004814207,80,7.4575569152832015,Mouse,1.2626918792724608
416004814207,90,0.4627807617187491,Mouse,10.717377853393554
418817504309,135,-18.026540565490723,Mouse,-19.46228819489479
418817504309,145,-15.652041625976562,Mouse,-7.634528732299808
418817504309,155,-14.010042572021485,Mouse,-16.93639888763428
418817504309,165,-5.331813049316409,Mouse,-16.066033935546876
42404767125,3,-8.405000305175781,Trackpad,14.664049530029297
42404767125,5,1.0476745605468742,Trackpad,21.29500880241394
42404767125,7,-3.351300048828122,Trackpad,17.269204711914064
42404767125,10,-8.358139038085932,Trackpad,31.332957458496093
424813729943,3,13.93632431030274,Mouse,51.18073755502701
424813729943,5,19.33244323730469,Mouse,-40.53768236637116
424813729943,7,24.184215259552005,Mouse,0.5231013059616142
424813729943,10,14.4422607421875,Mouse,-23.83285651206969
426775530911,95,3.302308082580565,Mouse,2.975418472290038
426775530911,105,8.542981719970703,Mouse,1.8458616256713867
426775530911,115,2.2378692626953125,Mouse,17.48381042480469
426775530911,125,6.390580749511718,Mouse,-0.4548782348632855
427979396888,135,-8.555030059814452,Mouse,-75.5190669298172
427979396888,145,-5.7825439453125,Mouse,41.79640507698059
427979396888,155,-8.990637207031252,Mouse,35.330646276474
427979396888,165,2.103223419189453,Mouse,1.0338850922882554
432379164500,20,-14.241921234130857,Mouse,29.84643440246582
432379164500,30,0.38900756835937605,Mouse,24.693726348876954
432379164500,40,0.14610443115233523,Mouse,32.28184204101562
432379164500,50,-2.5553009033203127,Mouse,11.971078491210935
435751852346,15,4.312820434570318,Trackpad,20.380166435241698
435751852346,25,8.18349304199219,Trackpad,-5.6153297424316335
435751852346,35,-18.874731063842773,Trackpad,40.35286340713501
435751852346,45,-1.213507843017577,Trackpad,2.181885528564454
437488567084,55,6.080921173095703,Mouse,33.61698818206787
437488567084,65,11.840240478515629,Mouse,20.980664443969726
437488567084,75,-4.557730102539051,Mouse,0.7196426391601645
437488567084,85,5.579017639160162,Mouse,15.777480769157416
439513294491,155,36.14770660400391,Trackpad,12.007177352905275
441084582125,2,3.0444473266601646,Mouse,38.35232086181641
441084582125,4,-13.269571685791016,Mouse,39.71809310913086
441084582125,6,5.163819122314453,Mouse,41.522725677490236
441084582125,8,-8.980334472656262,Mouse,25.9689523935318
448455020785,60,-11.46148452758789,Mouse,-6.345787811279297
448455020785,70,-12.345869064331055,Mouse,-11.314267158508303
448455020785,80,-19.206048583984376,Mouse,-9.776321411132809
448455020785,90,-6.4462677001953095,Mouse,-0.724790191650392
448933199979,100,-18.922010803222655,Mouse,20.935586166381835
448933199979,110,9.57577819824218,Mouse,44.018043518066406
448933199979,120,4.109652328491211,Mouse,24.96859245300293
448933199979,130,-13.135049438476567,Mouse,21.424984222650522
450251729693,135,-7.8161437988281275,Mouse,16.553003692626945
450251729693,145,-20.772906494140624,Mouse,-9.653388786315919
450251729693,155,-14.979653930664066,Mouse,5.83188819885254
450251729693,165,-7.363544273376465,Mouse,-5.2943600654602045
450325436890,3,-16.63342628479004,Mouse,-8.16288948059082
450325436890,5,-10.816693115234381,Mouse,-1.2883483886718754
450325436890,7,-2.4460664749145518,Mouse,-6.322681522369384
450325436890,10,-8.553013610839846,Mouse,5.804408264160152
451075873570,135,0.8197479248046818,Mouse,8.042491149902338
451075873570,145,-2.1470649719238266,Mouse,-10.029881286621094
451075873570,155,10.038038635253903,Mouse,3.150503540039061
451075873570,165,1.354336738586427,Mouse,-8.229196166992187
453578034881,3,16.543807983398438,Mouse,10.876694869995116
453578034881,5,-4.478274726867676,Mouse,3.47927188873291
453578034881,7,5.525265502929686,Mouse,5.369483184814444
453578034881,10,16.141933822631835,Mouse,1.5280639648437444
455088283633,3,4.164556884765622,Trackpad,28.93152847290039
455088283633,5,4.788608741760251,Trackpad,36.47240419387818
455088283633,7,10.850572204589849,Trackpad,22.837332534790043
455088283633,10,-4.74808349609375,Trackpad,10.712776184082031
455411954782,95,7.700933837890624,Mouse,34.62344818115234
455411954782,105,12.027309799194342,Mouse,39.28857803344727
455411954782,115,6.199551391601562,Mouse,20.38029937744141
455411954782,125,6.35985164642334,Mouse,34.34919213056564
456157590029,15,-0.7720245361328125,Mouse,28.095456695556642
456157590029,25,5.501980209350586,Mouse,41.00480308532715
456157590029,35,7.563166904449463,Mouse,64.54043366909028
456157590029,45,-2.605950927734378,Mouse,32.201636505126956
460031946655,140,18.887323093414306,Mouse,29.049518585205078
460031946655,150,8.943096160888674,Mouse,-2.7828742980957015
460031946655,160,15.314678955078131,Mouse,-12.495070648193359
460031946655,170,14.728666687011719,Mouse,6.426799774169932
46445406973,55,22.272528457641595,Mouse,12.525643920898437
46445406973,65,-14.686174011230468,Mouse,47.25414352416992
46445406973,75,11.97320957183838,Mouse,20.903666973114014
46445406973,85,-9.117404174804687,Mouse,8.40252227783203
466064047068,55,-1.262530517578125,Mouse,27.25705642700195
466064047068,65,-1.4726091384887698,Mouse,53.57094141356648
466064047068,75,13.113336181640625,Mouse,44.75921478271484
466064047068,85,4.419906616210949,Mouse,24.142546081542967
466178274480,15,-5.160860443115236,Trackpad,29.546977233886718
466178274480,25,-6.466802978515625,Trackpad,36.098140430450435
466178274480,35,-7.955361557006836,Trackpad,16.94281921386719
466178274480,45,-3.0533386230468778,Trackpad,27.627622222900392
466315876226,20,11.513381195068359,Trackpad,7.810142517089844
466315876226,30,1.375164794921875,Trackpad,14.238052368164057
466315876226,40,8.409146118164063,Trackpad,11.35594482421875
466315876226,50,3.4397689819336024,Trackpad,-0.010177612304693006
47219052677,3,-0.7810119628906249,Trackpad,20.377285766601567
47219052677,5,-4.4991302490234375,Trackpad,23.643583679199224
47219052677,7,-4.46678352355957,Trackpad,29.45641632080078
47219052677,10,1.6680847167968835,Trackpad,28.702172851562505
472660400671,60,16.057829666137696,Mouse,48.082657812535764
472660400671,70,27.41924743652344,Mouse,45.72180633544922
472660400671,80,20.423393249511722,Mouse,30.180500793457025
472660400671,90,12.910903930664062,Mouse,49.27205924987793
475080016767,2,4.883203124999995,Mouse,22.896532440185545
475080016767,4,2.0860389709472638,Mouse,28.355031967163086
475080016767,6,-2.746397018432617,Mouse,26.45572075843811
475080016767,8,-3.3065368652343694,Mouse,41.67451629638673
477302741259,140,-1.1575408935546996,Trackpad,2.246665191650385
477302741259,150,20.7482048034668,Trackpad,9.071268463134766
477302741259,160,4.623566436767578,Trackpad,11.404880905151368
477302741259,170,-3.843988037109381,Trackpad,-11.023748016357427
47769424039,100,-12.14794921875,Trackpad,-1.0619911193847655
47769424039,110,-2.8065505981445313,Trackpad,0.21090431213378896
47769424039,120,9.836943054199214,Trackpad,-4.871945190429682
47769424039,130,-4.312297439575197,Trackpad,-3.2421663284301756
478219331707,140,-1.5927333831787112,Trackpad,-5.976028251647951
478219331707,150,5.727182006835943,Trackpad,10.994687652587894
478219331707,160,-26.777464276552195,Trackpad,-14.449325561523434
478219331707,170,7.17682342529297,Trackpad,-3.5592010498046873
478867326164,2,11.272583007812504,Mouse,33.507289123535166
478867326164,4,12.878868103027344,Mouse,25.434204864501954
478867326164,6,-0.9778472900390621,Mouse,0.5200225830078179
478867326164,8,9.482321548461915,Mouse,34.62458049058914
479103788267,6,-14.738162231445306,Trackpad,1.576961803436285
479103788267,8,-15.395222473144532,Trackpad,2.418414497375488
479406978469,135,-1.732492065429689,Mouse,-1.8490737915039062
479406978469,145,8.217642211914063,Mouse,5.163955688476571
479406978469,155,-3.751485061645508,Mouse,-7.531461620330811
479406978469,165,1.4052978515624972,Mouse,-9.381092834472652
479445978766,60,-4.908638381958008,Mouse,7.2541193962097195
479445978766,70,9.073110580444336,Mouse,23.491668891906734
479445978766,80,11.075099182128904,Mouse,3.4413017272949262
479445978766,90,4.085015869140636,Mouse,28.508155059814452
482715387130,95,29.248814392089848,Mouse,40.367623901367196
482715387130,105,26.471827697753906,Mouse,39.77188224792481
482715387130,115,24.2781005859375,Mouse,39.249813842773456
482715387130,125,20.5198694229126,Mouse,35.308754563331604
482947064097,135,-0.930770874023432,Mouse,0.6565597534179688
482947064097,145,1.0678359985351562,Mouse,8.617442321777345
482947064097,155,-2.2327602386474616,Mouse,-6.85812931060791
482947064097,165,6.7419181823730465,Mouse,2.465090179443358
484121365239,100,-10.095418548583982,Mouse,2.6051218986511193
484121365239,110,-0.9741973876953125,Mouse,31.389107704162598
484121365239,120,0.9883329391479485,Mouse,36.80428478717804
484121365239,130,-6.962528991699221,Mouse,18.021940612792967
485655207419,3,1.7632858276367156,Mouse,19.57357254028321
485655207419,5,2.2620689392089846,Mouse,34.074420580267905
485655207419,7,-7.220022583007807,Mouse,4.964984130859378
485655207419,10,-5.182711029052735,Mouse,26.19986915588379
486883807927,60,-27.286087036132812,Mouse,15.898171997070307
486883807927,70,-22.619543457031252,Mouse,16.886717987060543
486883807927,80,-21.468772411346436,Mouse,14.379149246215821
486883807927,90,-14.509640502929694,Mouse,18.719684600830078
488179284147,135,7.578585624694824,Mouse,-12.074235153198241
488179284147,145,-9.055303955078125,Mouse,-25.006351470947266
488179284147,155,7.8420562744140625,Mouse,-20.823110961914058
488179284147,165,9.64602508544923,Mouse,-10.406913757324217
488543499493,55,5.45120849609375,Mouse,30.752354431152344
488543499493,65,-5.739775085449219,Mouse,22.78138313293457
488543499493,75,-4.473699951171881,Mouse,27.9041519165039
488543499493,85,-8.10431060791016,Mouse,13.415666961669924
490372725762,3,14.302486801147461,Trackpad,35.14334220886231
490372725762,5,-7.361477661132807,Trackpad,31.49217414855957
490372725762,7,15.624432373046869,Trackpad,33.66574666798114
490372725762,10,-1.9757507324218764,Trackpad,49.30557250976562
491690849186,95,2.3048919677734374,Trackpad,14.142995452880864
491690849186,105,-3.056937408447266,Trackpad,-1.8139297485351555
491690849186,115,2.534684753417969,Trackpad,0.1904586791992176
491690849186,125,-5.497906494140625,Trackpad,-0.9729009628295842
491837100125,140,16.548901367187483,Trackpad,5.532342529296875
491837100125,150,8.181733703613281,Trackpad,10.66554946899414
491837100125,160,-3.8009094238281307,Trackpad,-7.083491516113286
491837100125,170,4.922273254394533,Trackpad,2.1746538162231444
49237847328,100,19.289407348632817,Mouse,23.73565368652344
49237847328,110,18.975038909912108,Mouse,20.101564788818358
49237847328,120,15.882464981079101,Mouse,25.225270056724547
49237847328,130,10.462541198730468,Mouse,29.934840393066402
496473497245,20,6.124101257324219,Trackpad,30.254640960693358
496473497245,30,5.199187469482419,Trackpad,51.98423957824707
496473497245,40,-7.656836318969728,Trackpad,25.113573002815247
496473497245,50,-1.188555908203125,Trackpad,32.77143096923829
497830706648,3,9.877455139160158,Trackpad,-21.70290222167969
497830706648,5,-31.887986469268792,Trackpad,6.621537590026854
497830706648,7,20.541991686820985,Trackpad,-29.11629276275635
497830706648,10,-34.54788818359375,Trackpad,10.682124090194705
498265361879,100,1.3773880004882812,Trackpad,24.966951751708987
498265361879,110,1.8472446441650383,Trackpad,16.80767688751221
498265361879,120,-3.4005661010742188,Trackpad,7.357315444946289
498265361879,130,-10.557888793945313,Trackpad,-2.520497131347656
498719011200,20,-1.0165122985839858,Mouse,33.58534622192383
498719011200,30,7.610226440429682,Mouse,32.4413178820163
498719011200,40,-2.4879552841186516,Mouse,42.059143567085265
498719011200,50,-5.995062255859372,Mouse,17.05454025268554
499781516147,3,3.558511352539057,Mouse,37.570396423339844
499781516147,5,7.817920303344726,Mouse,31.982393074035645
499781516147,7,-6.913046264648443,Mouse,30.17016448974608
499781516147,10,-7.40891876220703,Mouse,61.24325408935547
500659405486,95,-11.764022827148438,Trackpad,-13.561424255371094
500659405486,105,8.215695571899413,Trackpad,9.2419864654541
500659405486,115,12.470532226562497,Trackpad,18.345634460449226
500659405486,125,2.9774848937988265,Trackpad,-9.278421020507812
501492992509,55,-4.901907348632813,Trackpad,24.544130325317386
501492992509,65,5.933378982543944,Trackpad,-16.42191963195801
501492992509,75,-24.87389373779296,Trackpad,25.364390563964854
501492992509,85,0.8692337036132841,Trackpad,-30.01072311401368
503219471313,60,-0.3763458251953097,Mouse,62.89248199462891
503219471313,70,6.568643951416016,Mouse,38.153341674804686
503219471313,80,-0.6092647552490218,Mouse,34.62535207793117
503219471313,90,4.982238769531255,Mouse,38.281130981445315
507283287821,20,-33.863040161132815,Trackpad,-10.28443489074707
510743529302,15,-4.798683166503906,Trackpad,19.16272392272949
510743529302,25,6.023144531250006,Trackpad,23.016329193115237
510743529302,35,-9.416253662109375,Trackpad,10.94726715087891
510743529302,45,-5.199253463745117,Trackpad,0.7192462921142575
514699809951,3,-1.9443235397338867,Mouse,26.570029067993165
514699809951,5,8.542008972167967,Mouse,27.684651184082032
514699809951,7,11.421570587158206,Mouse,34.51618270874023
514699809951,10,-7.402746582031244,Mouse,44.211105346679695
515614103525,95,15.287561035156244,Trackpad,26.250274658203125
515614103525,105,-10.47616424560547,Trackpad,25.762832641601562
515614103525,115,13.428334045410157,Trackpad,20.81392593383789
515614103525,125,5.963689041137696,Trackpad,16.930810928344727
516834058798,60,-10.973908996582034,Trackpad,11.706129455566407
516834058798,70,2.0667407989501947,Trackpad,18.45878620147705
516834058798,80,8.632914161682129,Trackpad,38.387017047405244
516834058798,90,-7.119072723388676,Trackpad,17.025892639160155
519645490683,15,9.39150447845459,Mouse,14.358861216902735
519645490683,25,6.7673492431640625,Mouse,57.22449116706848
519645490683,35,-2.596408081054693,Mouse,-9.25946971103549
519645490683,45,-3.6744720458984377,Mouse,15.940101146697998
520643238443,60,13.072612762451172,Mouse,22.433573532104493
520643238443,70,5.153375244140622,Mouse,55.74744415283203
520643238443,80,9.12387924194336,Mouse,5.815127944946288
520643238443,90,7.360968017578136,Mouse,34.08962707519531
52190313348,55,5.98424377441405,Mouse,58.77183012962341
52190313348,65,6.587811279296875,Mouse,45.989722442626956
52190313348,75,-4.697979736328113,Mouse,34.36038513183594
52190313348,85,-5.332598495483399,Mouse,34.06716957092285
522924106102,60,-3.026335906982422,Mouse,18.622048950195314
522924106102,70,-0.5179229736328181,Mouse,19.03934478759765
522924106102,80,1.0148223876953124,Mouse,43.896117401123036
522924106102,90,-0.6504734039306621,Mouse,15.265533638000488
524084624601,3,-0.6795562744140625,Mouse,40.599189567565915
524084624601,5,-1.4989288330078132,Mouse,28.667648208141326
524084624601,7,16.55115051269532,Mouse,26.26112213134767
524084624601,10,4.4834976196289205,Mouse,32.657419586181646
525743780657,100,-5.940039062500003,Mouse,22.341240692138673
525743780657,110,-2.524969482421875,Mouse,-2.9251708984375
525743780657,120,-13.181984090805054,Mouse,7.742574882507324
525743780657,130,11.5306396484375,Mouse,-9.382289123535156
526302751153,55,-7.994959163665771,Mouse,-8.98766796588898
526302751153,65,-2.7610580444336024,Mouse,-44.54268956184387
526302751153,75,-32.41311416625977,Mouse,18.67439969480038
526302751153,85,3.3586504936218207,Mouse,56.64827303886413
526591815054,3,12.552548217773438,Mouse,21.25188446044922
526591815054,5,21.143777465820314,Mouse,15.07568550109863
526591815054,7,-21.186812973022462,Mouse,-7.618490600585941
526591815054,10,2.9351379394531243,Mouse,12.888654518127442
526791953481,60,-14.244882202148432,Trackpad,-9.396089172363272
526791953481,70,13.45973606109619,Trackpad,20.99890375137329
526791953481,80,17.422611999511716,Trackpad,22.483124542236332
526791953481,90,-3.5613380432128907,Trackpad,-6.6113207817077635
529103524750,55,8.548861312866212,Trackpad,-6.414949893951416
529103524750,65,8.346748352050781,Trackpad,4.054843521118164
529103524750,75,3.680941772460943,Trackpad,6.177507495880123
529103524750,85,-0.3962615966796935,Trackpad,7.587570190429685
529356644721,95,-8.46899261474609,Mouse,-5.14416198730469
529356644721,105,-8.966024780273443,Mouse,9.440002441406246
529356644721,115,-9.894774627685546,Mouse,-4.784788131713867
529356644721,125,1.3149600982666017,Mouse,-2.2585229635238653
529569773934,140,-32.10879383087158,Mouse,28.051063537597656
529569773934,150,-16.058439826965333,Mouse,11.154924035072328
529569773934,160,-7.242050933837892,Mouse,-1.3658008575439453
529569773934,170,-4.33919677734375,Mouse,5.676766967773441
530361538287,100,-16.58576316833496,Trackpad,-6.0446533203125
530361538287,110,15.000436401367187,Trackpad,27.31957244873047
530361538287,120,3.0192916870117203,Trackpad,12.088875579833982
530361538287,130,-4.434465026855472,Trackpad,-6.04484863281249
530454018851,135,-7.3650110244750975,Mouse,14.091397094726565
530454018851,145,10.097964477539062,Mouse,-3.090937042236328
530454018851,155,3.3009735107421876,Mouse,11.853935241699219
530454018851,165,-5.656492614746099,Mouse,-10.368506813049311
535793054616,140,-2.3345382690429775,Trackpad,12.743338775634768
535793054616,150,6.669456481933594,Trackpad,-2.3543682098388663
535793054616,160,-5.120123291015625,Trackpad,-22.63189363479614
535793054616,170,-6.678309631347656,Trackpad,0.9161236763000478
536445911973,100,-9.202307891845706,Mouse,26.395940399169923
536445911973,110,4.648531150817871,Mouse,21.040635871887208
536445911973,120,-12.11589879989624,Mouse,13.035337829589853
536445911973,130,7.740724182128901,Mouse,14.925122833251951
537187849171,2,-3.9768157958984376,Trackpad,20.35315780639649
537187849171,4,3.2696542739868164,Trackpad,16.959657239913945
537187849171,6,-11.630044555664062,Trackpad,22.040580749511722
537187849171,8,-12.310044670104977,Trackpad,33.74875411987305
538891392759,95,-10.360992431640629,Mouse,23.015668243169777
538891392759,105,-9.07134857177734,Mouse,18.033419799804687
538891392759,115,-3.0191508829593667,Mouse,-13.36563982963562
538891392759,125,-15.1259033203125,Mouse,1.0885929107666008
542684882646,2,1.9466308593749944,Mouse,10.36093826293945
542684882646,4,-1.133127212524414,Mouse,14.252064037322999
542684882646,6,-1.7685729980468736,Mouse,3.4747547149658202
542684882646,8,-10.901502990722662,Mouse,45.15682525634766
543766975635,100,-11.521213531494142,Trackpad,-7.886528396606446
543766975635,110,-15.629577636718755,Trackpad,-8.931036376953134
543766975635,120,-10.396226501464843,Trackpad,-14.487253189086909
543766975635,130,-7.5274803161621096,Trackpad,10.177669143676757
549389360938,15,-2.987058067321777,Trackpad,17.27736873626709
549389360938,25,-4.793489074707028,Trackpad,40.1327651977539
549389360938,35,0.06823501586914063,Trackpad,41.82625274658202
549389360938,45,21.959262084960937,Trackpad,50.56971586495638
549661439377,140,-7.214042663574217,Trackpad,-32.961717224121095
549661439377,150,5.9261260986328095,Trackpad,1.4055114746093806
549661439377,160,6.02518482208252,Trackpad,12.525105190277099
549661439377,170,-6.296792602539062,Trackpad,-14.816848754882809
554310866631,20,-3.465250396728517,Mouse,41.08287048339844
554310866631,30,-5.640130615234381,Mouse,26.395584106445312
554310866631,40,0.6881332397460966,Mouse,24.79674377441406
554310866631,50,1.6976253509521506,Mouse,24.72285327911377
554483397398,20,22.346273803710943,Mouse,37.16102430555556
554483397398,30,11.081132507324218,Mouse,51.2164798312717
554483397398,40,-1.199180603027345,Mouse,40.82652452256944
554483397398,50,-7.9732025146484435,Mouse,46.47314707438151
554783556843,140,-2.2504409790039235,Mouse,-0.5086143493652385
554783556843,150,-16.810267639160163,Mouse,-16.92448120117188
554783556843,160,-6.006527709960939,Mouse,-6.183593368530273
554783556843,170,2.146950531005859,Mouse,-7.804996919631958
554797971853,60,4.373057556152344,Trackpad,8.541229248046875
554797971853,70,1.95326156616211,Trackpad,10.061183166503907
554797971853,80,-1.3223907470703125,Trackpad,5.501483154296875
554797971853,90,-6.43657684326173,Trackpad,-1.4301223754882926
555482115829,100,-12.36229934692383,Mouse,6.541278076171875
555482115829,110,-1.7027034759521478,Mouse,21.92483024597168
555482115829,120,-8.606053161621096,Mouse,14.3461181640625
555482115829,130,-5.3212890625000115,Mouse,-1.8582138061523494
557130941888,2,2.666918945312503,Mouse,22.015826416015628
557130941888,4,-0.8584663391113277,Mouse,13.659027862548829
557130941888,6,3.2392120361328125,Mouse,17.088366699218746
557130941888,8,-2.9208324432373045,Mouse,36.90291290283203
558537738863,100,-0.1562774658203125,Trackpad,19.32842960357666
558537738863,110,1.68444061279297,Trackpad,2.091741943359375
558537738863,120,-10.664421081542974,Trackpad,-17.79650917053223
558537738863,130,21.305618286132812,Trackpad,32.58053319454193
559884942136,20,-9.746200561523432,Trackpad,31.420420837402343
559884942136,30,-11.179713439941406,Trackpad,12.299060440063474
559884942136,40,1.486415100097662,Trackpad,32.33525161743164
559884942136,50,-1.3953521728515625,Trackpad,24.010084915161134
560719192726,3,-18.091348266601564,Trackpad,-1.3140293121337892
560719192726,5,-13.527731323242188,Trackpad,17.752577209472662
560719192726,7,10.542889404296883,Trackpad,21.872254180908207
560719192726,10,16.07059516906738,Trackpad,7.806405067443848
563003797782,55,-0.6935806274414034,Mouse,30.226059722900384
563003797782,65,-5.20426025390625,Mouse,34.43379364013672
563003797782,75,-8.81710205078125,Mouse,17.786252593994142
563003797782,85,0.6611915588378906,Mouse,20.350372505187988
564938298193,15,-2.795984458923339,Trackpad,14.78336296081543
564938298193,25,3.4715057373046876,Trackpad,27.245689392089844
564938298193,35,-6.328225708007824,Trackpad,20.371128845214844
564938298193,45,12.05601806640625,Trackpad,46.39814643859863
56767792906,60,3.5068435668945286,Mouse,35.88783493041992
56767792906,70,3.8504531860351547,Mouse,39.85231793820858
56767792906,80,1.6030334472656247,Mouse,32.50056304931641
56767792906,90,3.241070556640625,Mouse,38.70883560180664
568911038571,3,-13.09117774963379,Mouse,19.031438207626344
568911038571,5,-6.336131286621095,Mouse,-23.00255432128906
568911038571,7,-17.813411712646488,Mouse,31.555525875091554
568911038571,10,6.247478771209717,Mouse,-2.940927839279177
571510386420,3,8.356789207458496,Mouse,21.177979135513304
571510386420,5,2.8039428710937555,Mouse,4.877459716796883
571510386420,7,-0.5263900756835938,Mouse,22.636463165283203
571510386420,10,6.481121826171875,Mouse,32.56593399047851
572670224355,15,2.554132080078125,Mouse,16.078790229558955
572670224355,25,7.567447280883789,Mouse,28.665308970212937
572670224355,35,-15.351171874999997,Mouse,33.80541915893555
572670224355,45,-0.4049217224121097,Mouse,48.39917049407959
57334981393,55,-22.25882339477539,Mouse,54.18374786376953
57334981393,65,-12.863874816894537,Mouse,53.74765319824219
57334981393,75,-10.314749145507813,Mouse,56.294431389681996
57334981393,85,-6.99170379638672,Mouse,45.181776428222655
575425482820,20,9.80917205810547,Mouse,37.64746589660645
575425482820,30,-4.176577949523926,Mouse,42.31705942749978
575425482820,40,0.0855194091796875,Mouse,33.79713439941407
575425482820,50,5.927360534667964,Mouse,44.07804298400879
577084825607,15,6.082418823242182,Trackpad,53.613428539037706
577084825607,25,-1.3552101135253922,Trackpad,37.21912841796875
577084825607,35,-4.846578979492184,Trackpad,44.46696166992187
577084825607,45,-1.6490558624267577,Trackpad,30.78204002380371
577336943708,20,-8.06686782836914,Trackpad,-23.950027465820312
577336943708,30,1.8857189178466798,Trackpad,5.998457574844361
577336943708,40,-6.110784912109361,Trackpad,17.702622222900395
577336943708,50,-2.302578735351557,Trackpad,-22.21938524246216
587319151731,135,-1.407795715332031,Trackpad,5.596507263183594
587319151731,145,-3.803690719604493,Trackpad,-9.694100379943848
587319151731,155,9.662774658203125,Trackpad,1.2782119750976604
587319151731,165,-12.193072509765624,Trackpad,-18.09327392578124
58796474477,2,1.185588073730469,Mouse,14.72729034423828
58796474477,4,-6.685522460937494,Mouse,14.448403167724615
58796474477,6,14.77947540283203,Mouse,25.316720294952393
58796474477,8,-20.38600311279297,Mouse,16.239533996582033
588954061502,95,-13.38060989379883,Mouse,-9.558389472961425
588954061502,105,8.681982421874995,Mouse,6.852555847167966
588954061502,115,-23.500149536132813,Mouse,15.680718231201173
588954061502,125,13.98617057800293,Mouse,0.29445800781250087
589106590719,140,-9.091223144531245,Trackpad,-15.658131408691398
589106590719,150,-13.083729553222657,Trackpad,-19.394965362548827
589106590719,160,3.718160057067871,Trackpad,1.4722770690917968
589106590719,170,6.904206848144531,Trackpad,0.48454818725585935
591787668410,15,4.844747924804693,Mouse,44.21671795248985
591787668410,25,12.807778930664051,Mouse,-13.969685500860214
591787668410,35,-10.584134292602538,Mouse,-11.386014580726629
591787668410,45,6.261143493652344,Mouse,-25.999265080690385
593610742595,55,-3.8636047363281136,Mouse,7.0388206481933535
593610742595,65,-3.454677200317385,Mouse,32.44414710998535
593610742595,75,-3.797149658203108,Mouse,23.845524597167973
593610742595,85,-2.1724403381347654,Mouse,12.629588317871095
594008709769,140,-4.835847473144526,Trackpad,5.912605285644534
594008709769,150,-2.2986587524414075,Trackpad,-5.102901458740235
594008709769,160,6.486206436157227,Trackpad,14.599052810668946
594008709769,170,4.949087524414063,Trackpad,0.4479507446289032
595595653867,2,-2.3193866729736348,Mouse,39.65102991759777
595595653867,4,1.868792724609375,Mouse,-41.467994938790795
595595653867,6,7.671350860595707,Mouse,130.68209510482848
595595653867,8,7.553771972656259,Mouse,-137.27445023357868
60516332508,20,8.472852325439453,Trackpad,43.71973133087158
60516332508,30,10.783454895019531,Trackpad,23.615178680419916
60516332508,40,14.243989562988281,Trackpad,40.278255462646484
60516332508,50,4.5423614501953065,Trackpad,35.60220379829406
606417353264,135,11.700477600097656,Trackpad,57.45098533630371
607190310023,3,1.5655700683593978,Mouse,42.33007507324219
607190310023,5,-0.24365692138671058,Mouse,40.92959060668946
607190310023,7,-1.7345939636230476,Mouse,48.37378742694855
607190310023,10,8.048732757568358,Mouse,46.20358867645264
607647950528,60,4.441110229492187,Trackpad,89.26419429779052
607647950528,70,-2.940827941894523,Trackpad,-11.287395858764645
607647950528,80,-0.06621246337890767,Trackpad,2.029766082763672
607647950528,90,3.9641727447509774,Trackpad,-2.0327144622802726
608781518181,2,5.553963279724121,Trackpad,33.32640914916992
608781518181,4,10.600936889648438,Trackpad,0.328147506713868
608781518181,6,-8.021278381347653,Trackpad,-2.379388046264644
608781518181,8,10.194677734375,Trackpad,58.08625191450119
609066119184,20,9.60150146484375,Trackpad,44.190085938572885
609066119184,30,11.384735107421875,Trackpad,39.20927505493164
609066119184,40,-5.971172714233397,Trackpad,27.38096923828125
609066119184,50,-7.546212768554691,Trackpad,8.070351409912112
610091723036,7,-19.533357334136962,Mouse,47.15798110961914
610091723036,10,2.089884662628177,Mouse,48.84179882854224
611182001186,135,-4.771566772460938,Mouse,-0.7923995971679746
611182001186,145,-2.4839080810546785,Mouse,-9.12608947753906
611182001186,155,5.757532119750977,Mouse,-13.189954566955567
611182001186,165,-5.6063995361328125,Mouse,-7.063928222656249
616859448142,3,-13.744401550292967,Mouse,9.788949584960937
616859448142,5,11.120050048828123,Mouse,27.665033721923823
616859448142,7,14.432050704956055,Mouse,14.156725025177002
616859448142,10,-16.756895446777342,Mouse,32.658151626586914
618976041208,55,-10.558477783203124,Mouse,-10.189390945434571
618976041208,65,-2.8117233276367246,Mouse,25.124777221679686
618976041208,75,-0.7280895233154295,Mouse,12.043029594421387
618976041208,85,-5.14498901367188,Mouse,2.567776489257804
6196976173,140,2.618225860595703,Trackpad,-5.080730056762695
6196976173,150,-13.205593872070315,Trackpad,-24.007816314697266
6196976173,160,4.407505798339844,Trackpad,-8.795093441009522
6196976173,170,2.6294677734374945,Trackpad,4.525149536132813
621998446062,95,3.340322494506836,Trackpad,11.111988830566407
621998446062,105,-13.042725944519043,Trackpad,-6.079237651824951
621998446062,115,11.112042236328108,Trackpad,19.022653198242182
621998446062,125,-11.486163330078123,Trackpad,-19.77590103149414
624015980400,15,6.673136901855483,Trackpad,33.58978805541993
624015980400,25,-12.768048095703113,Trackpad,14.143266296386722
624015980400,35,-8.387754821777344,Trackpad,28.71510009765625
624015980400,45,19.14647331237793,Trackpad,30.765186309814453
624326525488,95,-9.045314025878909,Trackpad,29.90720977783203
624326525488,105,2.5898666381835938,Trackpad,2.5899522781372064
624326525488,115,14.725098037719727,Trackpad,-6.623288726806642
624326525488,125,0.852740478515625,Trackpad,24.589439105987545
62472867313,15,5.116836547851574,Mouse,47.334728240966804
62472867313,25,5.529322814941405,Mouse,51.21019439697265
62472867313,35,3.9202728271484433,Mouse,43.88738174438477
62472867313,45,11.055440711975098,Mouse,38.31339940130711
625553694320,15,6.0543334960937445,Mouse,29.11072540283203
625553694320,25,3.163563537597656,Mouse,23.85049934387207
625553694320,35,16.384939575195318,Mouse,28.09723358154297
625553694320,45,7.074828338623047,Mouse,11.841151905059814
625957949785,100,-6.662425994873047,Trackpad,-15.353018283843994
625957949785,110,7.5293243408202954,Trackpad,15.80111846923828
625957949785,120,0.8573196411132813,Trackpad,7.112064361572266
625957949785,130,-3.1006301879882785,Trackpad,-18.95787048339844
627511081285,140,1.2949321746826186,Trackpad,16.05578193664551
627511081285,150,-0.4261459350585934,Trackpad,0.6479141235351561
627511081285,160,-0.5144561767578066,Trackpad,-17.4517921447754
627511081285,170,3.9073425292968635,Trackpad,27.764138793945307
628253346774,2,-10.77404174804687,Trackpad,1.0346450805664062
628253346774,4,-0.073773002624511,Trackpad,-12.49229621887207
628253346774,6,-5.6443359375,Trackpad,15.289682006835937
628253346774,8,12.24759826660156,Trackpad,20.017096519470215
630191511008,95,-3.8377454757690415,Mouse,5.330467796325683
630191511008,105,-0.3552429199218807,Mouse,11.959306335449217
630191511008,115,-3.8477478027343666,Mouse,12.642964172363284
630191511008,125,-1.3505859375000013,Mouse,7.110577011108397
631329533178,135,0.33630065917968766,Mouse,7.248415613174442
631329533178,145,1.4084373474121097,Mouse,3.8589550018310548
631329533178,155,23.11840209960937,Mouse,-9.199401473999018
631329533178,165,10.142775726318366,Mouse,-7.779438781738281
637138033052,100,-9.996958923339843,Mouse,8.215674781799317
637138033052,110,12.457351684570309,Mouse,17.171813964843754
637138033052,120,-4.083968353271482,Mouse,-0.903792953491212
637138033052,130,-7.66897583007813,Mouse,4.485227966308594
641972036799,2,3.9647857666015627,Trackpad,-0.3413888931274415
641972036799,4,6.951203918457028,Trackpad,16.98546524047851
641972036799,6,-10.326675415039062,Trackpad,8.735966110229493
641972036799,8,-19.845361328124994,Trackpad,2.1929977416992217
643459252314,20,-0.9275697708129886,Trackpad,41.36233138816898
643459252314,30,-31.714539337158197,Trackpad,26.710198974609376
643459252314,40,-2.505283355712892,Trackpad,33.74046287536621
643459252314,50,19.53694915771484,Trackpad,51.16491088867188
644298611907,140,0.005559539794920454,Mouse,25.600951385498046
644298611907,150,4.429441070556642,Mouse,-1.5851621627807622
644298611907,160,-1.3167648315429603,Mouse,2.830070877075194
644298611907,170,21.552420043945325,Mouse,18.79251526594162
645686800824,2,-4.235237121582034,Mouse,1.7983314514160171
645686800824,4,-11.637148094177245,Mouse,6.459729862213135
645686800824,6,-11.428683471679694,Mouse,-1.1713470458984403
645686800824,8,-18.39677200317383,Mouse,19.042713165283203
650598146952,95,17.273400878906255,Mouse,12.37785272598267
650598146952,105,36.424723052978514,Mouse,13.822179412841802
650598146952,115,4.6139434814453235,Mouse,26.87814559936523
650598146952,125,2.4107706069946273,Mouse,-5.205882263183594
65172413131,20,1.4560585021972643,Mouse,27.801763916015624
65172413131,30,5.329263305664074,Mouse,27.065538024902345
65172413131,40,-3.094168472290039,Mouse,44.39377080798149
65172413131,50,11.387657165527344,Mouse,45.17904815673829
653112237341,60,2.015170288085949,Mouse,0.1783126831054716
653112237341,70,-8.375901031494141,Mouse,-9.58742904663086
653112237341,80,2.907438659667974,Mouse,21.28989028930664
653112237341,90,-0.8369852066040032,Mouse,15.803287458419799
654411478666,20,14.707305908203136,Mouse,35.68449630737305
654411478666,30,1.9938858032226592,Mouse,35.77357743754983
654411478666,40,-5.348967742919923,Mouse,16.73126564025879
654411478666,50,-4.509768676757804,Mouse,47.73555946350098
657277573598,15,-14.60077362060547,Trackpad,6.6766585350036625
657277573598,25,-8.419806671142577,Trackpad,11.492247390747071
657277573598,35,2.405499267578128,Trackpad,14.54223175048829
657277573598,45,-10.72705688476562,Trackpad,7.523110961914066
65927738090,140,-3.522253417968744,Mouse,-3.497411346435544
65927738090,150,-2.067980194091797,Mouse,8.25124626159668
65927738090,160,7.059477233886724,Mouse,22.753651428222657
65927738090,170,4.2688556671142575,Mouse,11.735436296463012
660482772393,140,9.776112365722659,Trackpad,0.48586120605470323
660482772393,150,-2.08441162109375,Trackpad,-16.320822143554686
660482772393,160,-3.1917449951171877,Trackpad,-11.905005073547363
660482772393,170,1.9396820068359375,Trackpad,-2.593993377685547
660965892719,20,-0.19456939697266193,Trackpad,23.048392486572258
660965892719,30,5.261053466796864,Trackpad,14.603439331054684
660965892719,40,-1.1173599243164063,Trackpad,8.017646408081054
660965892719,50,2.5322067260742194,Trackpad,23.559142684936525
662896639900,3,-22.555659484863277,Mouse,65.36668775081634
662896639900,5,-6.8237190246582005,Mouse,-65.7925222247839
662896639900,7,-14.510480880737305,Mouse,-26.021645855903625
662896639900,10,-1.7582427978515625,Mouse,42.11959284543991
664917210582,20,-14.060842895507818,Mouse,57.17237605452537
664917210582,30,2.0190055847167967,Mouse,34.669525909423825
664917210582,40,-4.867631530761725,Mouse,38.40790100097656
664917210582,50,-13.914585876464846,Mouse,46.977877044677726
665972822112,3,12.013041687011718,Mouse,8.804197692871096
665972822112,5,-18.049546360969543,Mouse,13.258795166015627
665972822112,7,-7.591533660888672,Mouse,3.513264369964598
665972822112,10,-32.65397491455078,Mouse,42.590660284459595
666880505392,2,-19.371030426025392,Mouse,-10.939470291137697
666880505392,4,18.219852447509766,Mouse,-6.04010648727417
666880505392,6,-18.177888488769533,Mouse,31.186300659179686
666880505392,8,2.315109252929685,Mouse,-27.479054260253907
666909089777,2,-9.917806243896482,Trackpad,-10.69248176962137
666909089777,4,-16.89222793579102,Trackpad,17.16562705412507
666909089777,6,12.009626007080081,Trackpad,-16.548629760742188
666909089777,8,28.73633575439453,Trackpad,10.922878265380861
667250633006,20,2.485130310058595,Trackpad,34.15065460205078
667250633006,30,-2.280426025390639,Trackpad,41.235330200195314
667250633006,40,-16.230234909057618,Trackpad,45.711927795410155
667250633006,50,-1.6223754882812504,Trackpad,61.094409954547885
668861049227,2,0.12865905761718732,Mouse,5.0222625732421875
668861049227,4,-8.678036499023435,Mouse,3.932730960845947
668861049227,6,3.3415573120117172,Mouse,9.586843490600588
668861049227,8,-6.624957275390626,Mouse,26.15117256641388
669404158834,15,-12.388291931152343,Trackpad,25.574197387695307
669404158834,25,9.340835571289062,Trackpad,49.127983945608136
669404158834,35,-1.8324134826660157,Trackpad,29.00191798210144
669404158834,45,-1.7785614013671882,Trackpad,55.243069076538085
671348925214,2,0.31614227294921016,Mouse,13.410824584960931
671348925214,4,3.3011028289794937,Mouse,27.92550277709961
671348925214,6,-3.985787200927734,Mouse,9.668711090087891
671348925214,8,-3.5312713623046874,Mouse,23.656068420410154
676818776410,15,-7.361445617675781,Trackpad,12.986444473266598
676818776410,25,4.13964729309082,Trackpad,-2.067197418212891
676818776410,35,-4.210440063476545,Trackpad,19.736116027832033
676818776410,45,11.318232727050779,Trackpad,0.8682655334472715
678681607125,105,38.406010437011716,Trackpad,156.27158813476564
67981741856,100,1.91243896484375,Mouse,20.112812042236328
67981741856,110,-2.860807800292977,Mouse,-9.041977691650395
67981741856,120,0.40350036621092594,Mouse,6.735202026367179
67981741856,130,-4.873747253417967,Mouse,-0.907425308227538
679935650900,95,13.249328613281255,Trackpad,27.64396286010743
679935650900,105,-4.4797119140625,Trackpad,10.651235961914065
679935650900,115,-18.37250213623047,Trackpad,13.166875839233398
679935650900,125,-2.3324146270751944,Trackpad,3.006770515441894
68466946249,30,6.974911499023439,Trackpad,6.79344367980957
68466946249,40,-17.085266876220704,Trackpad,24.697192943096162
686622809385,55,11.496646690368653,Mouse,32.17193953692913
686622809385,65,-5.490663146972645,Mouse,31.119474226236342
686622809385,75,14.300724792480466,Mouse,31.352872467041017
686622809385,85,5.399920654296875,Mouse,22.15687713623047
688420796301,140,-6.467956924438477,Mouse,-4.133445072174071
688420796301,150,-17.306240844726567,Mouse,-18.247712707519533
688420796301,160,-8.812133026123051,Mouse,-17.959817123413085
688420796301,170,-9.710388183593755,Mouse,-22.065563964843758
689640711294,135,5.179132080078125,Mouse,11.241047763824463
689640711294,145,12.499078369140637,Mouse,18.536082458496097
689640711294,155,10.572715759277347,Mouse,6.821233367919925
689640711294,165,16.222860717773436,Mouse,27.282036972045905
690112326992,60,7.729913330078132,Mouse,37.07868118286133
690112326992,70,12.265866088867185,Mouse,47.88259582519531
690112326992,80,10.249167537689209,Mouse,37.72549983859062
690112326992,90,16.247924041748046,Mouse,55.97200584411621
69378932239,95,6.19278564453125,Trackpad,13.51920166015625
69378932239,105,-8.755903625488283,Trackpad,-3.434339141845706
69378932239,115,-2.5184545516967765,Trackpad,-0.6161919593811034
69378932239,125,13.040692138671876,Trackpad,14.953833007812495
694313736399,100,1.6712219238281307,Trackpad,2.3652038574218777
694313736399,110,5.242361450195312,Trackpad,12.117883491516114
694313736399,120,-9.427301025390625,Trackpad,9.398542785644542
694313736399,130,4.0175041198730455,Trackpad,-12.741658020019532
698263481259,60,0.03993301391601563,Mouse,33.91414260864258
698263481259,70,-6.673117065429679,Mouse,68.05376358032227
698263481259,80,2.377499389648443,Mouse,34.05540390014649
698263481259,90,14.674958622455597,Mouse,22.391832685470582
698323606979,60,-2.1261871337890623,Mouse,14.769996643066412
698323606979,70,-6.416851043701172,Mouse,8.407883453369141
698323606979,80,3.912220001220703,Mouse,23.0342809677124
698323606979,90,-3.870208740234361,Mouse,18.40361480712891
701099609956,2,16.106213378906254,Mouse,51.22811107635498
701099609956,4,5.9194305419921935,Mouse,48.5585296869278
701099609956,6,13.674684143066411,Mouse,45.350615692138675
701099609956,8,12.733524131774901,Mouse,39.992258954048154
70501195034,60,12.415707397460935,Mouse,25.582202148437503
70501195034,70,2.2734710693359377,Mouse,25.25874896049499
70501195034,80,-1.4258705139160142,Mouse,32.563246154785155
70501195034,90,-2.576830101013182,Mouse,15.04334888458252
706570674898,3,2.8956295013427726,Trackpad,16.840439128875733
706570674898,5,-16.143832397460937,Trackpad,13.255630493164062
706570674898,7,12.301676940917975,Trackpad,13.300724792480477
706570674898,10,-0.9440017700195298,Trackpad,18.95642776489258
707165035419,95,17.107694339752197,Trackpad,-15.588970947265626
707165035419,105,0.7525212287902825,Trackpad,13.419497680664062
707165035419,115,2.0665987968444886,Trackpad,5.70606079101564
707165035419,125,-27.878032410144804,Trackpad,-3.72530364990234
708731377264,100,-8.941456604003912,Mouse,16.64479064941407
708731377264,110,3.7531585693359375,Mouse,11.372822570800787
708731377264,120,10.77301025390625,Mouse,24.84448084831238
708731377264,130,4.561859130859377,Mouse,16.49492301940918
709011816186,95,-0.8802810668945227,Trackpad,31.109342193603517
709011816186,105,-2.7427856445312444,Trackpad,15.23064727783204
709011816186,115,-0.0882946014404288,Trackpad,2.256104278564453
709011816186,125,1.0173706054687488,Trackpad,3.2764732360839846
710075415438,95,11.36303882598877,Trackpad,7.443387603759765
710075415438,105,15.057229614257803,Trackpad,16.727688598632817
710075415438,115,-2.737593078613281,Trackpad,15.6456787109375
710075415438,125,-10.713070678710938,Trackpad,-11.170053672790527
711049351608,3,9.618780517578125,Trackpad,17.448137283325195
711049351608,5,12.680378723144537,Trackpad,39.0939437866211
711049351608,7,-6.037258911132807,Trackpad,32.09949188232422
711049351608,10,9.510519218444825,Trackpad,32.76063816100359
712406286736,2,2.7498718261718693,Mouse,15.597114562988278
712406286736,4,-15.765164947509763,Mouse,17.72124824523926
712406286736,6,4.600647735595703,Mouse,32.929473114013675
712406286736,8,-10.569761657714858,Mouse,41.166986083984376
712610918562,60,-0.1740570068359432,Mouse,24.768991088867185
712610918562,70,8.13649253845215,Mouse,33.939596557617186
712610918562,80,10.73318481445312,Mouse,32.42759628295899
712610918562,90,-12.015428924560545,Mouse,6.399596405029297
713283016113,140,26.45971069335938,Mouse,11.381834411621094
713283016113,150,3.9928054809570312,Mouse,19.380175781249996
713283016113,160,13.057764434814453,Mouse,8.165474319458006
713283016113,170,14.625536346435547,Mouse,15.52966947555542
71419700048,2,-8.485479736328125,Trackpad,-8.030148315429695
71419700048,4,6.824917984008789,Trackpad,16.655734825134278
71419700048,6,-20.653295898437506,Trackpad,-6.7001626968383805
71419700048,8,-3.107116699218751,Trackpad,20.694648361206056
716171277686,55,-0.05474700927734379,Trackpad,-1.4732475280761719
716171277686,65,-6.150238037109375,Trackpad,5.23239288330079
716171277686,75,0.07860107421874854,Trackpad,5.978300094604491
716171277686,85,10.581753540039065,Trackpad,14.774826812744143
720725221093,55,0.9395111083984432,Trackpad,25.543951416015624
720725221093,65,-4.887351226806641,Trackpad,14.07013635635376
720725221093,75,-6.678877258300782,Trackpad,9.973873138427734
720725221093,85,0.3603637695312528,Trackpad,18.113086700439446
720964792417,60,12.197339248657226,Mouse,10.085055923461914
720964792417,70,-2.9317382812499972,Mouse,-13.606107330322269
720964792417,80,-23.275253295898438,Mouse,-30.27266082763672
720964792417,90,-12.614395904541007,Mouse,4.313955688476558
724549951264,100,-1.7383148789405822,Mouse,-42.63633880615235
724549951264,110,-13.80955696105957,Mouse,-29.485080003738403
724549951264,120,7.256845092773451,Mouse,-44.76810073852539
724549951264,130,21.170899200439457,Mouse,-33.382560348510744
72586384601,60,-14.333022308349607,Mouse,46.99777088165283
72586384601,70,22.307265281677246,Mouse,48.2910540625453
72586384601,80,8.802742004394535,Mouse,39.49549865722656
72586384601,90,15.553549194335943,Mouse,29.493782806396485
726770222419,15,0.161614990234375,Trackpad,28.671401596069337
726770222419,25,5.680808258056642,Trackpad,33.66926670074463
726770222419,35,2.027777099609369,Trackpad,54.49936009645462
726770222419,45,-6.898908996582034,Trackpad,43.53502578735351
730041648726,140,-2.1866851806640626,Mouse,-5.618967437744141
730041648726,150,8.203768157958985,Mouse,13.659753894805908
730041648726,160,13.176654052734374,Mouse,15.22904205322266
730041648726,170,15.644329833984376,Mouse,0.46600112915038905
73180105537,60,2.362806510925293,Mouse,72.95067670345307
73180105537,70,-3.075033569335943,Mouse,40.77864761352539
73180105537,80,18.13378601074219,Mouse,53.24176073074341
73180105537,90,3.029696655273449,Mouse,47.59205093383789
735366842709,100,-16.852487182617175,Mouse,34.580615234375
735366842709,110,29.6022705078125,Mouse,42.88548812866212
735366842709,120,-2.700058746337885,Mouse,51.05834884643555
735366842709,130,14.868737888336181,Mouse,18.55279421806335
737828750163,2,1.4209915161132813,Mouse,-14.546821022033692
737828750163,4,3.0323272705078126,Mouse,37.6970932006836
737828750163,6,0.42459106445311934,Mouse,-2.9708793640136717
737828750163,8,-3.3157386779785143,Mouse,40.7854507446289
740180686814,55,5.299203109741211,Mouse,23.525818824768066
740180686814,65,-4.8327392578125,Mouse,13.866530513763427
740180686814,75,3.221791076660162,Mouse,7.57646288871765
740180686814,85,-2.5686767578125,Mouse,9.038484191894536
74249908328,60,-1.632188415527342,Mouse,38.72964019775391
74249908328,70,-2.8063095092773467,Mouse,62.13204803466797
74249908328,80,-3.6820795059204103,Mouse,48.33264846801758
74249908328,90,0.47059326171874416,Mouse,33.92326247692108
747682140674,3,-17.36438293457032,Trackpad,9.323072814941407
747682140674,5,-13.993998718261722,Trackpad,25.27761764526366
747682140674,7,-21.41675643920899,Trackpad,20.64057502746582
747682140674,10,-8.526841926574708,Trackpad,31.989556884765626
747798201628,135,-8.594810485839853,Mouse,-2.379303741455083
747798201628,145,10.56976261138916,Mouse,-5.871027946472166
747798201628,155,-5.425975036621092,Mouse,-1.1280628204345704
747798201628,165,12.232220458984381,Mouse,-6.326303100585932
748730017803,15,9.35185546875,Mouse,51.71899871826173
748730017803,25,-3.9256179809570257,Mouse,45.523729705810545
748730017803,35,6.461872863769533,Mouse,51.659440231323245
748730017803,45,-16.739540100097656,Mouse,35.96046331822872
749603402102,140,1.177862548828125,Trackpad,2.0644275665283205
749603402102,150,2.502432250976568,Trackpad,0.7021392822265711
749603402102,160,2.297007751464844,Trackpad,11.245482254028321
749603402102,170,-13.83441390991211,Trackpad,-16.815861892700195
749614232918,140,6.590180969238281,Mouse,2.7208980560302742
749614232918,150,5.891968154907228,Mouse,-3.6938507080078127
749614232918,160,0.8715545654296817,Mouse,-3.48161315917969
749614232918,170,-5.566975402832031,Mouse,-0.23836135864257463
750330077949,95,-12.164877319335933,Trackpad,9.570806884765627
750330077949,105,-0.015493774414065343,Trackpad,26.87761993408203
750330077949,115,-9.126700973510744,Trackpad,-0.6425300598144537
750330077949,125,-11.427273559570311,Trackpad,-3.7998138427734376
750626990804,2,-6.806481933593746,Trackpad,-15.657340049743652
750626990804,4,7.9683563232421815,Trackpad,66.93416271209716
750626990804,6,8.141869735717773,Trackpad,-56.16195583343506
750626990804,8,-7.0126480102539,Trackpad,43.230799865722645
75201456900,140,1.8922302246093767,Mouse,-16.125021362304686
75201456900,150,7.409684753417983,Mouse,24.75984268188477
75201456900,160,-2.106338500976562,Mouse,-27.891648024320602
75201456900,170,2.9000514984130854,Mouse,9.147588288784027
75254959287,3,3.5464309692382754,Trackpad,30.679055786132817
75254959287,5,-3.3472900390625,Trackpad,2.375360107421881
75254959287,7,-8.041009521484375,Trackpad,17.685840606689453
75254959287,10,3.4051082611083983,Trackpad,7.710230541229248
753638975787,140,-3.1444122314453153,Mouse,-8.170251464843755
753638975787,150,-3.6181182861328116,Mouse,-11.401931810379029
753638975787,160,5.775906372070301,Mouse,-6.831681823730472
753638975787,170,1.0508003234863281,Mouse,-9.47149543762207
754786406643,2,-6.685125732421875,Mouse,-1.246809005737306
754786406643,4,-1.9515689849853513,Mouse,-32.30803974866867
754786406643,6,-5.860643005371083,Mouse,34.25088195800782
754786406643,8,-5.557748413085937,Mouse,59.552364349365234
75524589512,55,1.596734619140625,Trackpad,4.6335371971130375
75524589512,65,6.70677490234375,Trackpad,16.195152282714844
75524589512,75,-0.2367950439453125,Trackpad,32.10965577960014
75524589512,85,-4.307595825195324,Trackpad,-16.509768676757805
756482156459,2,2.1238861083984433,Trackpad,34.25990295410157
756482156459,4,5.5015632629394515,Trackpad,33.638106155395505
756482156459,6,0.41257667541503906,Trackpad,38.48539798259735
756482156459,8,-3.507646179199219,Trackpad,45.250109100341795
75729007134,60,-15.603857421874995,Trackpad,18.683548545837404
75729007134,70,1.0612785339355455,Trackpad,12.367824935913086
75729007134,80,-3.131692504882807,Trackpad,-4.753448772430415
75729007134,90,-27.391551971435547,Trackpad,14.498964881896972
758610083023,3,1.7504989624023424,Trackpad,6.920925140380862
758610083023,5,15.018415832519532,Trackpad,16.85933837890625
758610083023,7,9.67269287109375,Trackpad,29.138668650388716
758610083023,10,-4.611665344238279,Trackpad,14.537531852722168
759023618418,135,8.935360717773431,Trackpad,-11.536604309082037
759023618418,145,-4.748853874206542,Trackpad,-0.07012839317321777
759023618418,155,-9.378469848632813,Trackpad,-2.6567687988281237
759023618418,165,-1.0251632690429688,Trackpad,5.61727828979492
760820905212,2,8.691783142089843,Trackpad,16.848231506347652
760820905212,4,-4.6008636474609315,Trackpad,-4.35458526611329
760820905212,6,-11.104788970947265,Trackpad,6.343580150604248
760820905212,8,9.249978637695312,Trackpad,28.02224565148353
761518668150,2,3.5727844238281192,Mouse,12.311195755004874
761518668150,4,-18.78326873779297,Mouse,10.939517593383789
761518668150,6,5.278038406372069,Mouse,6.52034330368042
761518668150,8,9.262547302246094,Mouse,25.980280685424805
764955634018,3,-2.7020172119140624,Mouse,40.1034912109375
764955634018,5,-5.360574340820312,Mouse,-0.015147018432615057
764955634018,7,-4.162290191650391,Mouse,41.422886261343955
764955634018,10,-12.576168823242181,Mouse,3.884135437011719
767939159879,15,10.388827514648437,Mouse,49.605796813964844
767939159879,25,-9.639516448974609,Mouse,49.22851691246033
767939159879,35,18.72364807128907,Mouse,47.76680526733399
767939159879,45,9.281743621826175,Mouse,38.78980751037598
769001317210,20,17.970772743225094,Mouse,35.84914400577545
769001317210,30,14.918873596191409,Mouse,50.14711914062501
769001317210,40,14.788638305664069,Mouse,44.9736557006836
769001317210,50,18.048291015625,Mouse,41.684979629516604
774480707012,15,3.418605804443362,Mouse,40.559121704101564
774480707012,25,-11.164939880371097,Mouse,45.2581901550293
774480707012,35,-5.902597045898455,Mouse,47.71004488170147
774480707012,45,-16.341932106018067,Mouse,40.37050323486328
777654116973,20,-10.049162292480464,Trackpad,6.48336563110352
777654116973,30,12.205149459838868,Trackpad,11.40097179412842
777654116973,40,4.687321472167969,Trackpad,32.75114059448242
777654116973,50,5.150390624999995,Trackpad,47.50070548057556
780990068335,20,-6.656253051757815,Trackpad,-4.3416450500488235
780990068335,30,9.622616577148438,Trackpad,13.393849945068359
780990068335,40,6.3353271484375,Trackpad,10.729034423828125
780990068335,50,-7.400283622741698,Trackpad,-3.1016408920288088
781632843660,3,20.88621978759765,Mouse,-67.82333656549454
781632843660,5,-8.743122863769539,Mouse,64.30029239654542
781632843660,7,-6.199578762054443,Mouse,16.048447751998896
781632843660,10,-11.225506591796876,Mouse,-0.7621728658676155
782467008568,55,-0.6640914916992188,Trackpad,13.98111801147461
782467008568,65,1.3036987304687444,Trackpad,26.913682556152345
782467008568,75,-5.670852661132821,Trackpad,10.893730163574208
782467008568,85,3.8434165954589843,Trackpad,17.85064525604248
785879140021,2,5.239978790283204,Trackpad,4.33033676147461
785879140021,4,-2.980261230468748,Trackpad,-2.05931396484375
785879140021,6,-3.0765441894531307,Trackpad,1.0586074829101562
785879140021,8,-8.28614196777345,Trackpad,-4.591098785400396
786308519775,100,4.975318908691406,Mouse,-11.487171220779416
786308519775,110,5.108839416503909,Mouse,16.88365859985352
786308519775,120,3.101487731933594,Mouse,43.69007244110107
786308519775,130,-11.98411979675293,Mouse,-8.592597484588621
787634621141,15,5.404019165039066,Mouse,1.4063438415527327
787634621141,25,6.023785400390631,Mouse,18.981413269042967
787634621141,35,-8.539140319824218,Mouse,28.70926426649094
787634621141,45,18.68962402343751,Mouse,57.412887001037596
78828420490,140,-18.311698150634765,Mouse,-8.2594352722168
78828420490,150,-5.711367797851568,Mouse,-10.14676561355591
78828420490,160,-1.9242252349853513,Mouse,-14.067004585266114
78828420490,170,-13.18231201171876,Mouse,-22.74196891784668
788534438470,3,-3.177734375,Trackpad,4.9415807723999
788534438470,5,-13.868756103515626,Trackpad,7.6896041870117156
788534438470,7,14.119630432128906,Trackpad,-1.833155059814453
788534438470,10,-6.939403533935549,Trackpad,10.983445739746093
789176471764,85,-1.572058868408203,Mouse,147.58065071105958
794821160379,135,-11.18038024902344,Trackpad,-8.380312347412113
794821160379,145,7.516958618164063,Trackpad,3.6323638916015626
794821160379,155,-6.932048416137694,Trackpad,-6.146904802322387
794821160379,165,2.189080810546875,Trackpad,6.546505737304685
797606508946,15,9.701182556152347,Mouse,32.27872686386108
797606508946,25,8.456128692626953,Mouse,9.023250198364257
797606508946,35,7.450279235839844,Mouse,32.9386447429657
797606508946,45,6.113803100585938,Mouse,6.671583414077761
801419172901,140,-0.6130950927734375,Mouse,7.480430603027344
801419172901,150,4.262258911132813,Mouse,-4.564534187316894
801419172901,160,-0.6471878051757841,Mouse,-1.7366127014160297
801419172901,170,-1.5153793334960937,Mouse,-0.5562656402587899
801640937104,140,-12.7509033203125,Mouse,-23.046037292480474
801640937104,150,-13.76699523925782,Mouse,-22.452156829833985
801640937104,160,-10.506705474853517,Mouse,-21.646468734741212
801640937104,170,-14.09450855255127,Mouse,-5.296427631378173
802470273105,7,35.506536865234374,Trackpad,-52.73483772277832
803522135131,2,-5.332542991638183,Mouse,-4.084932804107666
803522135131,4,-6.984748840332031,Mouse,-2.3591186523437444
803522135131,6,3.426618957519531,Mouse,26.66390380859375
803522135131,8,3.4147247314453066,Mouse,19.866297912597652
804624028969,60,1.0395523071289006,Mouse,32.067151880264284
804624028969,70,-16.313280487060545,Mouse,23.962596917152403
804624028969,80,8.395809173583988,Mouse,23.005858993530275
804624028969,90,10.618838500976569,Mouse,21.983551025390625
804923957446,140,-15.719758224487304,Mouse,7.084036922454835
804923957446,150,-6.463481521606445,Mouse,24.334591940045357
804923957446,160,16.954676818847656,Mouse,-10.723719787597657
804923957446,170,-20.629986572265626,Mouse,-14.164066696166993
808518082136,55,-0.9168434143066406,Trackpad,17.338092041015624
808518082136,65,-13.083251953124995,Trackpad,12.392687988281262
808518082136,75,12.169754028320316,Trackpad,22.155821990966796
808518082136,85,6.090142059326171,Trackpad,13.987741184234618
810153302503,140,11.349124145507812,Trackpad,6.515480804443359
810153302503,150,1.8502136230468722,Trackpad,10.613893890380854
810153302503,160,-7.312734985351563,Trackpad,-0.9732879638671903
810153302503,170,6.11202735900879,Trackpad,1.238167572021484
812418627319,60,0.08535766601561931,Mouse,-3.2370529174804803
812418627319,70,-7.010019874572755,Mouse,37.60427446365357
812418627319,80,-1.7178260803222662,Mouse,-8.18411636352539
812418627319,90,-7.640629577636721,Mouse,24.77328643798828
813273714622,95,9.015572357177735,Mouse,17.831573486328125
813273714622,105,7.1294311523437655,Mouse,-4.553683471679688
813273714622,115,7.133628273010254,Mouse,17.559971714019774
813273714622,125,-8.948179626464846,Mouse,1.594134521484395
81350229447,15,-0.3932586669921818,Trackpad,3.315189361572267
81350229447,25,-7.684848022460926,Trackpad,37.31671905517579
81350229447,35,-1.9186531066894545,Trackpad,15.740174746513366
81350229447,45,-1.072072601318361,Trackpad,20.255404663085937
814708099700,55,3.9830806732177733,Trackpad,14.477997207641602
814708099700,65,-14.175225830078125,Trackpad,3.5914031982421903
814708099700,75,-8.305322265625,Trackpad,2.2363456726074213
814708099700,85,9.41480407714844,Trackpad,11.070705413818365
818668159889,3,1.5822496414184564,Mouse,35.7701804459095
818668159889,5,-4.556165313720703,Mouse,26.657407966256148
818668159889,7,-6.7283447265624945,Mouse,33.044646316766745
818668159889,10,5.717337036132818,Mouse,36.425617218017585
81991281593,100,-13.370371627807618,Trackpad,-3.3099445343017586
81991281593,110,-11.198605346679688,Trackpad,-5.187031555175781
81991281593,120,-15.175613403320312,Trackpad,-0.38254394531249974
81991281593,130,8.884713745117187,Trackpad,8.942098999023443
821109032956,135,17.48057084083557,Mouse,25.8882399559021
821109032956,145,8.652066040039063,Mouse,1.580595493316656
821109032956,155,1.485244750976569,Mouse,-3.848917818069455
821109032956,165,34.508304595947266,Mouse,18.213956165313725
822205019881,2,-4.091012573242187,Mouse,18.333291625976564
822205019881,4,5.780859375000003,Mouse,26.956021881103517
822205019881,6,4.800302314758301,Mouse,35.462495774030685
822205019881,8,-7.801136779785156,Mouse,30.741901302337645
822554411599,15,2.5758087158203127,Mouse,60.89866943359375
822554411599,25,2.882133102416992,Mouse,52.121124267578125
822554411599,35,9.404605102539062,Mouse,47.54849472045898
822554411599,45,13.402967834472658,Mouse,52.983055114746094
823657240718,135,12.879071044921876,Trackpad,16.265309906005864
823657240718,145,-6.842974853515625,Trackpad,-6.346358489990234
823657240718,155,10.80635051727295,Trackpad,6.555980110168457
823657240718,165,1.595562744140625,Trackpad,-5.889163208007813
825555997667,140,-1.5004425048828067,Mouse,0.7253402709960995
825555997667,150,-0.13246154785156392,Mouse,1.9383419036865228
825555997667,160,-1.9832077026367174,Mouse,-4.456824493408202
825555997667,170,3.888041687011716,Mouse,16.35105514526368
826551196165,95,6.386204528808593,Mouse,11.959929466247559
826551196165,105,-4.632606506347654,Mouse,23.55594711303711
826551196165,115,-9.46783447265625,Mouse,-5.175955200195307
826551196165,125,-1.275401306152344,Mouse,15.874029159545895
828356987563,135,12.4998291015625,Trackpad,-11.199860763549804
828356987563,145,-21.75386962890625,Trackpad,3.497331237792969
828356987563,155,15.836711120605468,Trackpad,10.262392425537106
828356987563,165,-15.512979507446289,Trackpad,8.47193365097046
830310877645,60,5.7027847290038975,Mouse,-12.919328308105468
830310877645,70,-6.46990966796875,Mouse,-15.210623741149902
830310877645,80,-0.0037639617919920988,Mouse,-19.85808148384094
830310877645,90,-3.2071136474609374,Mouse,-19.366972351074217
830764988902,140,-14.028699493408203,Trackpad,-12.746261978149416
830764988902,150,2.286196899414068,Trackpad,7.5691741943359405
830764988902,160,-1.8451774597167983,Trackpad,-0.14127960205078124
830764988902,170,3.3473449707031278,Trackpad,-1.8024833679199233
831461226101,135,10.53957824707031,Mouse,1.748659324645996
831461226101,145,8.456547546386721,Mouse,-1.8521217346191292
831461226101,155,1.8159286499023435,Mouse,-5.300139999389648
831461226101,165,-3.7283424377441414,Mouse,-7.272157287597656
836360013578,55,-4.212805175781256,Mouse,53.993892669677734
836360013578,65,-23.200552678108217,Mouse,27.1862051486969
836360013578,75,-20.04537363052368,Mouse,23.997871398925774
836360013578,85,12.634343719482423,Mouse,22.003240966796874
836667074589,135,-0.4394836425781191,Mouse,7.518033599853503
836667074589,145,-5.020913696289068,Mouse,1.8120620727539063
836667074589,155,-3.4499885559082015,Mouse,-7.681566333770753
836667074589,165,7.719385528564452,Mouse,4.3586784362792965
836677602492,135,16.816844320297243,Mouse,21.922568845748902
836677602492,145,3.6555236816406307,Mouse,33.94703826904297
836677602492,155,19.544161224365233,Mouse,28.512142181396484
836677602492,165,20.696873474121087,Mouse,43.89575424194337
837611209368,60,13.864540100097685,Trackpad,20.471168518066413
837611209368,70,-13.378610229492182,Trackpad,-5.303843688964844
837611209368,80,7.322753906249998,Trackpad,6.223488616943358
837611209368,90,-6.195797729492187,Trackpad,-6.70999755859375
837816405575,100,13.639959716796875,Trackpad,36.67857407927512
837816405575,110,-8.613325500488278,Trackpad,14.474945068359375
837816405575,120,-5.803752136230469,Trackpad,24.38294906616211
837816405575,130,-1.3960079193115242,Trackpad,-2.452718925476073
841781280934,3,3.636961746215821,Trackpad,23.916703605651854
841781280934,5,15.247471618652344,Trackpad,31.302425384521484
841781280934,7,22.579940795898438,Trackpad,29.868164503574366
841781280934,10,-11.43584747314452,Trackpad,52.183267211914064
842916191322,135,9.28780212402344,Mouse,-1.937359619140625
842916191322,145,7.951095962524414,Mouse,10.539612293243408
842916191322,155,-7.448925781249988,Mouse,-1.1457611083984347
842916191322,165,2.7287895202636703,Mouse,17.97082443237305
843157436931,55,-14.768572998046874,Mouse,-26.38757877349854
843157436931,65,-13.299786376953126,Mouse,17.19084214568138
843157436931,75,-4.666687011718748,Mouse,-1.0052000999450672
843157436931,85,-14.987444305419922,Mouse,-4.397674179077149
84703686414,95,29.51434631347656,Mouse,28.90357360839844
84703686414,105,38.62808256745338,Mouse,25.781067371368408
84703686414,115,26.351846313476567,Mouse,13.665769958496096
84703686414,125,5.771141815185549,Mouse,2.432271194458006
850329221459,95,4.276463317871094,Trackpad,8.950757598876955
850329221459,105,-8.406327438354491,Trackpad,15.877826118469239
850329221459,115,-5.79522705078125,Trackpad,10.472095489501957
850329221459,125,-8.572164916992188,Trackpad,15.523367309570315
851634270977,95,-18.537254524230956,Mouse,3.4380563497543335
851634270977,105,-3.0604385375976535,Mouse,25.08387470245361
851634270977,115,6.623204040527341,Mouse,11.481745147705078
851634270977,125,2.5288711547851532,Mouse,35.38077621459961
852150209946,95,4.1656768798828185,Mouse,7.846412658691409
852150209946,105,-0.1588470458984375,Mouse,9.041782760620118
852150209946,115,-1.6460735321044915,Mouse,-3.3802608489990233
852150209946,125,-3.566926574707023,Mouse,-3.7384208679199147
852626928128,95,-12.864350891113281,Mouse,10.079398345947265
852626928128,105,3.0588500976562445,Mouse,12.90488586425781
852626928128,115,-7.473263549804685,Mouse,3.637210845947263
852626928128,125,-3.848479461669921,Mouse,3.3661993980407714
853101398795,20,6.606454467773432,Trackpad,21.212960815429675
853101398795,30,-3.915962219238293,Trackpad,-1.7826576232910143
853101398795,40,7.645135498046875,Trackpad,16.31918869018555
853101398795,50,7.36442756652832,Trackpad,10.815972518920898
856257066596,3,2.8413055419921873,Trackpad,62.312526455521585
856257066596,5,2.7909713745117197,Trackpad,47.80993423461914
856257066596,7,-5.742939758300781,Trackpad,37.673024749755854
856257066596,10,-0.8776176452636719,Trackpad,35.8705436706543
857258294243,135,8.583964157104493,Mouse,13.111485147476197
857258294243,145,10.232603454589853,Mouse,-0.014081573486323906
857258294243,155,-9.949011993408202,Mouse,-20.857803344726562
857258294243,165,-14.787313842773433,Mouse,-21.880259704589836
863045202801,135,-12.681159210205069,Mouse,2.492816925048828
863045202801,145,-9.535047912597653,Mouse,-26.258383178710943
863045202801,155,-7.273657226562506,Mouse,9.07575812488794
863045202801,165,-16.007405281066895,Mouse,-14.404109716415405
863832141505,55,4.436457824707032,Trackpad,35.67544651031494
863832141505,65,4.995654296874994,Trackpad,61.0891838312149
863832141505,75,-3.4797332763671904,Trackpad,32.872068786621085
863832141505,85,-0.19984588623046867,Trackpad,41.69161682128906
865611255867,2,3.1708976745605475,Trackpad,16.027921962738038
865611255867,4,-5.099861145019531,Trackpad,-2.9989978790283205
865611255867,6,-1.066604614257807,Trackpad,20.030485534667974
865611255867,8,8.345222473144531,Trackpad,22.06441497802735
866262106690,55,-9.803604125976557,Trackpad,31.423176574707032
866262106690,65,-5.927401733398438,Trackpad,28.33441734313965
866262106690,75,-0.2289070129394533,Trackpad,28.650857001543045
866262106690,85,1.6371841430664147,Trackpad,23.707295227050775
868766423314,140,29.486366271972656,Mouse,2.971467304229735
868766423314,150,9.528323364257814,Mouse,4.399956417083739
868766423314,160,-21.7984848022461,Mouse,-28.34917945861817
868766423314,170,35.75708084106445,Mouse,-10.989536094665533
86995724355,20,-3.1149044036865234,Mouse,27.4359751701355
86995724355,30,5.298709869384763,Mouse,40.120051574707034
86995724355,40,-1.3731597900390624,Mouse,31.905854797363283
86995724355,50,-3.707037353515625,Mouse,42.41977996826173
871067946078,15,-9.948635482788085,Trackpad,-13.094150161743164
871067946078,25,5.702047729492176,Trackpad,2.6385169982910157
871067946078,35,-2.860060119628912,Trackpad,20.19328904151916
871067946078,45,11.371434020996091,Trackpad,32.19860153198242
871249367017,140,-0.39138202667236366,Trackpad,-4.147296142578126
871249367017,150,-4.018975830078125,Trackpad,-9.017610168457031
871249367017,160,7.15306396484375,Trackpad,-1.8397766113281278
871249367017,170,6.359677124023437,Trackpad,3.743395614624023
87299142964,135,9.477658081054685,Mouse,15.86272735595703
87299142964,145,-7.363401794433597,Mouse,-7.321503448486325
87299142964,155,-12.484943008422848,Mouse,5.102409362792971
87299142964,165,-4.182582092285156,Mouse,-9.182009887695312
875036525540,20,4.789160156249994,Trackpad,9.846560668945312
875036525540,30,2.048742675781251,Trackpad,-3.4181175231933585
875036525540,40,-1.8755386352539063,Trackpad,2.5701374053955073
875036525540,50,-8.330871582031254,Trackpad,1.5003349304199234
876915090018,95,-16.039423370361327,Trackpad,-31.74099998474121
876915090018,105,12.428759002685553,Trackpad,52.31857671737671
876915090018,115,-16.0660329222679,Trackpad,4.179475498199463
876915090018,125,0.9160491943359375,Trackpad,-34.91788883209229
879327289061,55,-2.785580444335929,Mouse,-3.3180541992187544
879327289061,65,-6.93129425048828,Mouse,-6.184366607666016
879327289061,75,12.055935668945324,Mouse,0.7374984741210966
879327289061,85,-7.025369644165041,Mouse,-2.6547517776489262
879490296822,135,-5.191238403320307,Trackpad,-20.48332977294922
879490296822,145,-2.1407455444335937,Trackpad,-21.98600616455078
879490296822,155,4.643544006347651,Trackpad,3.941774749755858
879490296822,165,-3.5448169708251944,Trackpad,-5.160221099853516
881354056065,100,-10.041804504394532,Trackpad,-5.101220703125
881354056065,110,8.913206481933596,Trackpad,15.402004241943365
881354056065,120,9.476734733581543,Trackpad,5.612145805358887
881354056065,130,-18.060488891601562,Trackpad,-7.00006408691406
881636635866,3,-8.64760055541992,Mouse,35.487572479248044
881636635866,5,12.422408294677728,Mouse,33.40927415341139
881636635866,7,-11.097239685058597,Mouse,24.45572633743286
881636635866,10,-5.1906426429748524,Mouse,32.58852691650391
883556332206,100,7.1380737304687445,Mouse,20.3392204284668
883556332206,110,3.1310455322265645,Mouse,9.480864334106444
883556332206,120,3.479101943969728,Mouse,10.605128860473632
883556332206,130,0.6583160400390626,Mouse,-10.120531129837028
890093759633,20,0.2529184341430664,Mouse,43.16515693664551
890093759633,30,-5.6413726806640625,Mouse,29.910762929916377
890093759633,40,-3.8757431030273466,Mouse,33.20453414916991
890093759633,50,-0.12112731933593768,Mouse,27.731593322753906
890450031962,20,-2.9847564697265625,Trackpad,10.9046630859375
890450031962,30,-1.3005214691162101,Trackpad,43.997426986694336
890450031962,40,-0.123175048828125,Trackpad,37.20318171521649
890450031962,50,-5.775332641601565,Trackpad,22.97051162719726
891532907728,120,-35.62879180908203,Trackpad,17.047955322265622
894260352710,20,-0.7409561157226549,Trackpad,6.577577209472656
894260352710,30,-8.83388156890869,Trackpad,11.681138992309572
894260352710,40,-13.257263183593746,Trackpad,3.1804412841796887
894260352710,50,-7.083377075195318,Trackpad,-4.283920288085943
894596827216,20,0.46072998046875,Mouse,72.09441776275635
89758134912,140,-18.527401733398445,Mouse,-8.912020874023446
89758134912,150,-22.417910766601565,Mouse,-19.458883666992193
89758134912,160,-15.685239696502686,Mouse,-10.06779270172119
89758134912,170,-14.81177139282227,Mouse,-12.831624460220336
897928518708,100,3.2784622192382806,Mouse,20.825989151000975
897928518708,110,13.664436340332028,Mouse,17.626215362548827
897928518708,120,-1.4014205932617188,Mouse,32.68597640991211
897928518708,130,-6.044091796874994,Mouse,35.594494628906254
898031750461,100,-7.794949340820315,Trackpad,7.5735763549804656
898031750461,110,-5.095129394531244,Trackpad,24.158279418945316
898031750461,120,1.286067962646484,Trackpad,21.65749664306641
898031750461,130,-0.34458923339843683,Trackpad,14.425712203979492
905631664907,100,-2.248729705810547,Trackpad,4.5705204010009775
905631664907,110,-3.0119747161865242,Trackpad,9.65265598297119
905631664907,120,10.169529724121086,Trackpad,13.675799560546874
905631664907,130,-12.177014160156244,Trackpad,-13.625872802734369
906737203476,60,1.9058540344238282,Trackpad,6.492567253112793
906737203476,70,1.9230484008789062,Trackpad,19.569931030273438
906737203476,80,0.6183670043945255,Trackpad,12.917883300781252
906737203476,90,5.27713012695312,Trackpad,18.460111999511717
911029371665,95,6.260115051269532,Mouse,13.21624526977539
911029371665,105,2.157424926757801,Mouse,6.330351257324219
911029371665,115,-0.8506807327270508,Mouse,-2.8692071437835693
911029371665,125,-8.383128356933591,Mouse,6.780633544921874
914010886568,95,-14.220393371582029,Trackpad,4.718423461914066
914010886568,105,6.3123512268066415,Trackpad,20.584946823120116
914010886568,115,-2.2428863525390623,Trackpad,26.18877258300781
914010886568,125,0.48038940429686916,Trackpad,34.95823266506194
914192695869,25,-2.2291589736938477,Trackpad,26.29825210571289
91524953255,95,2.423655700683593,Trackpad,6.737507152557373
91524953255,105,-24.259182739257813,Trackpad,4.198067474365237
91524953255,115,-12.227452087402344,Trackpad,-4.634498214721679
91524953255,125,12.951704406738278,Trackpad,5.305602264404295
91531718848,55,11.5384407043457,Mouse,51.58592205047607
91531718848,65,21.858665466308587,Mouse,39.98788366317749
91531718848,75,4.643112182617193,Mouse,71.22083053588867
91531718848,85,11.892526531219483,Mouse,49.550051742047074
915339582134,95,12.951669311523437,Mouse,10.292386627197263
915339582134,105,0.273876953125,Mouse,9.281420898437498
915339582134,115,-12.867837524414062,Mouse,4.08916130065918
915339582134,125,-6.3336212158203065,Mouse,-8.4453384399414
917476948583,15,12.404162597656244,Trackpad,31.924425935745234
917476948583,25,3.020531845092775,Trackpad,3.259287881851197
917476948583,35,2.435015869140611,Trackpad,18.51193771362305
917476948583,45,9.071908569335937,Trackpad,1.7231134414672855
922666165279,15,9.774322509765625,Trackpad,15.21832046508789
922666165279,25,-5.439175415039062,Trackpad,-3.1046676635742143
922666165279,35,-6.205645561218262,Trackpad,-11.377952194213867
922666165279,45,7.963320922851551,Trackpad,3.6886383056640595
92512405244,20,-3.821771240234375,Trackpad,13.233784484863282
92512405244,30,-4.273106384277345,Trackpad,-9.906838989257812
92512405244,40,-5.69815063476562,Trackpad,-3.591886901855463
92512405244,50,-5.650661849975586,Trackpad,-1.4407051086425782
925397637533,140,5.237769699096679,Mouse,30.517902374267578
925397637533,150,12.547499084472653,Mouse,34.235871124267575
925397637533,160,6.060864257812488,Mouse,30.07519874572754
925397637533,170,3.564809417724611,Mouse,24.653723907470702
928185260389,3,-2.7298377990722655,Mouse,16.456515502929687
928185260389,5,2.5000411987304747,Mouse,22.469996643066402
928185260389,7,1.614666748046875,Mouse,32.326174926757815
928185260389,10,6.473071670532226,Mouse,37.01263160705567
928426922298,15,2.248382568359376,Trackpad,72.54369888305663
928426922298,25,-0.062118530273437146,Trackpad,81.64022159576416
928426922298,35,4.1050880432128904,Trackpad,69.25494613647462
928426922298,45,-3.8370803833007896,Trackpad,64.93995666503906
929164172383,100,9.07865295410156,Mouse,27.85077819824219
929164172383,110,-7.628065490722655,Mouse,38.47874145507812
929164172383,120,2.3816467285156255,Mouse,20.349664306640626
929164172383,130,4.4902099609375,Mouse,20.321499633789067
93308798968,140,-5.370698547363292,Trackpad,-11.862178039550782
93308798968,150,3.958438110351557,Trackpad,15.743017578125
93308798968,160,0.8167972564697262,Trackpad,-7.490652275085448
93308798968,170,7.849815368652344,Trackpad,23.703618621826173
933626258280,95,-3.3320434570312556,Mouse,12.773884582519532
933626258280,105,1.9717708587646485,Mouse,13.565020179748535
933626258280,115,-5.061238861083983,Mouse,13.40326385498047
933626258280,125,-10.105288696289062,Mouse,17.918042755126955
934420693200,135,3.5468658447265624,Mouse,6.116831970214847
934420693200,145,0.6098571777343762,Mouse,3.1407470703125013
934420693200,155,4.750146293640137,Mouse,9.318951606750488
934420693200,165,-4.753643798828122,Mouse,-9.19693908691406
94212257303,95,18.18699073791504,Mouse,95.68532295227051
942172447685,20,6.817790222167977,Mouse,47.62970657348633
942172447685,30,17.808193969726567,Mouse,42.71504058837891
942172447685,40,9.504962921142575,Mouse,42.770049285888675
942172447685,50,10.6212797164917,Mouse,45.96734957881273
942594251362,20,10.851261901855471,Mouse,61.30770416259766
942594251362,30,-3.2946441650390597,Mouse,83.79282684326172
942594251362,40,12.032467269897461,Mouse,40.44815673828125
942594251362,50,-16.5238037109375,Mouse,69.6677670955658
942895571934,135,-9.408683776855469,Mouse,4.480448150634764
942895571934,145,-4.220771598815918,Mouse,-10.190862536430359
942895571934,155,-12.446639251708982,Mouse,-17.57363243103027
942895571934,165,-3.659875488281261,Mouse,-9.269010925292974
945312269032,135,8.301194131374361,Mouse,-7.705680465698242
945312269032,145,-27.530818462371826,Mouse,0.4083343505859419
945312269032,155,3.2373888969421385,Mouse,0.7884361743926995
945312269032,165,-5.194396185874939,Mouse,-8.371983337402337
945346587337,2,11.923771667480462,Mouse,38.489382934570315
945346587337,4,6.143199157714845,Mouse,34.878542865812776
945346587337,6,-2.507946014404297,Mouse,17.68515892028809
945346587337,8,-8.944836425781238,Mouse,3.5999710083007814
950401282636,15,4.156431579589844,Mouse,34.604861450195315
950401282636,25,3.6893630981445256,Mouse,29.38854370117188
950401282636,35,4.698772430419922,Mouse,31.217027378082275
950401282636,45,-5.093978881835926,Mouse,15.822503662109378
952593450434,100,-8.842221069335938,Trackpad,7.796382141113281
952593450434,110,3.113725280761719,Trackpad,14.720059013366699
952593450434,120,-3.802816009521486,Trackpad,16.72612533569336
952593450434,130,16.104718017578126,Trackpad,26.64414978027343
952949011931,135,6.603404998779297,Mouse,-13.731387329101562
952949011931,145,12.55537109375,Mouse,11.665394592285148
952949011931,155,-0.879755783081054,Mouse,-0.9391276359558107
952949011931,165,-13.524220275878907,Mouse,-28.659788513183592
964304241118,15,1.2875183105468835,Mouse,4.910952758789071
964304241118,25,-1.2158111572265629,Mouse,27.112454414367676
964304241118,35,5.78421459197998,Mouse,35.82886320352554
964304241118,45,5.0585937500000115,Mouse,29.681954956054692
96435749437,15,2.5032505035400368,Mouse,66.43612999692559
96435749437,25,-2.30843505859375,Mouse,45.095951080322266
96435749437,35,-3.2221420288085953,Mouse,67.90242290496826
96435749437,45,11.232463264465327,Mouse,78.62461547851562
965587163344,55,-24.181155490875245,Mouse,35.455968683958055
965587163344,65,-2.6670989990234375,Mouse,-28.91064571738243
968425765400,2,5.031550598144534,Mouse,-3.268062639236446
968425765400,4,-10.968328857421875,Mouse,25.578545379638683
968425765400,6,-17.623051261901857,Mouse,13.581405568122864
968425765400,8,5.218793487548828,Mouse,17.51985969543457
982309131650,3,7.141801071166993,Trackpad,-1.8101491928100581
982309131650,5,-3.965617370605469,Trackpad,4.152331161499022
982309131650,7,0.8266845703125002,Trackpad,-12.68510284423829
982309131650,10,-1.7626647949218808,Trackpad,7.019023132324219
982415887992,135,-13.165922546386719,Mouse,-10.610177135467529
982415887992,145,-13.257596588134763,Mouse,-31.63741569519043
982415887992,155,-14.800427246093756,Mouse,-29.247202301025396
982415887992,165,-4.2127532958984375,Mouse,-29.95677947998047
986917736241,15,3.3648910522460938,Mouse,24.7767936706543
986917736241,25,6.165682983398438,Mouse,41.411701965332036
986917736241,35,7.605398559570318,Mouse,48.84176254272461
986917736241,45,7.934926986694336,Mouse,38.853611695766446
993634722428,3,6.5407720565795895,Trackpad,39.306716591119766
993634722428,5,4.805033874511724,Trackpad,36.47248153686524
993634722428,7,0.5418121337890625,Trackpad,39.6727767944336
993634722428,10,-3.9916290283203124,Trackpad,36.34908599853516
993857921566,20,16.474606323242188,Mouse,25.422586059570317
993857921566,30,6.280516052246094,Mouse,23.718490219116212
993857921566,40,-2.615180969238273,Mouse,3.846144866943362
993857921566,50,10.127012634277344,Mouse,-0.1497650146484379
994716872461,60,-1.309494781494142,Trackpad,19.120113468170167
994716872461,70,4.423855590820312,Trackpad,13.021810531616211
994716872461,80,-6.41226806640625,Trackpad,15.237033140659332
994716872461,90,3.8581588745117243,Trackpad,20.755584716796882
994898098986,55,-9.155178833007806,Trackpad,-14.257652282714838
994898098986,65,18.82424774169922,Trackpad,22.740893554687503
994898098986,75,1.906979751586914,Trackpad,6.261571025848388
994898098986,85,18.857468795776366,Trackpad,-9.17002182006836
995622965740,20,-17.88371734619141,Mouse,35.20128402709961
995622965740,30,-4.0016088485717765,Mouse,40.56965103149414
995622965740,40,-26.937713623046875,Mouse,38.55995185300708
995622965740,50,0.3900497436523441,Mouse,44.57618255615235
996553590521,2,-1.6591400146484374,Mouse,16.7060284614563
996553590521,4,2.739529418945318,Mouse,23.930404663085938
996553590521,6,2.5306945800781273,Mouse,45.06910629272461
996553590521,8,5.69590606689453,Mouse,20.187698745727538
998236395651,60,-26.14748916625977,Mouse,-9.339251232147216
998236395651,70,8.208785438537598,Mouse,-1.4921127319335965
998236395651,80,-5.3504493713378976,Mouse,-28.610451686382294
998236395651,90,-13.890389761328697,Mouse,26.196566116809844
99897861946,95,-14.720869445800796,Mouse,-5.8567268371582015
99897861946,105,-6.575960171222688,Mouse,-12.74726984500885
99897861946,115,-24.57171325683596,Mouse,-21.304144287109377
99897861946,125,-26.25892944335938,Mouse,-19.75222854614258
