index,ppid,clamp_magnitude,group,pointer,value,n_trials
28,123183469520,2,1,Mouse,9.703302247334294,20
32,12978613609,2,1,Mouse,10.983690362591423,20
104,163796231616,2,1,Mouse,42.52395750276136,20
248,244418469024,2,1,Mouse,7.850112756994516,20
300,263992263004,2,1,Mouse,34.578591426832325,20
308,266126640839,2,1,Mouse,7.483196072172681,20
316,272993694525,2,1,Trackpad,8.636902542950626,20
328,283817955758,2,1,Trackpad,3.6270397604595357,20
368,299489942844,2,1,Mouse,11.12554574201959,20
420,326018211431,2,1,Trackpad,8.722238428936897,20
472,353267429629,2,1,Trackpad,6.993580348516121,20
500,368230630876,2,1,Trackpad,5.718592963843638,20
528,376660312758,2,1,Mouse,6.61409367256296,20
548,385475812479,2,1,Mouse,8.477894814390162,20
552,38639956153,2,1,Trackpad,11.31062753282553,20
656,441084582125,2,1,Mouse,11.790123689826581,20
724,475080016767,2,1,Mouse,6.041336313476818,20
740,478867326164,2,1,Mouse,12.092991119095988,20
744,479103788267,2,1,Trackpad,34.331279280226326,20
916,537187849171,2,1,Trackpad,21.219343907690025,20
924,542684882646,2,1,Mouse,24.01557613382861,20
964,557130941888,2,1,Mouse,8.70236422618874,20
1024,58796474477,2,1,Mouse,5.681593072486622,20
1048,595595653867,2,1,Mouse,6.995761369298362,20
1068,608781518181,2,1,Trackpad,9.959835297933378,20
1124,628253346774,2,1,Trackpad,7.498439125965029,20
1140,641972036799,2,1,Trackpad,5.98523607469562,20
1152,645686800824,2,1,Mouse,9.796970776508964,20
1200,666880505392,2,1,Mouse,5.568825269668028,20
1204,666909089777,2,1,Trackpad,66.4982383081443,20
1212,668861049227,2,1,Mouse,11.494591485989611,20
1220,671348925214,2,1,Mouse,5.104839252133365,20
1280,701099609956,2,1,Mouse,20.507837509995085,20
1312,712406286736,2,1,Mouse,10.279140690219007,20
1324,71419700048,2,1,Trackpad,8.10729564203047,20
1364,737828750163,2,1,Mouse,4.000942313262504,20
1400,750626990804,2,1,Trackpad,81.35485000703807,20
1416,754786406643,2,1,Mouse,63.918106822600926,20
1424,756482156459,2,1,Trackpad,7.7970776778805835,20
1440,760820905212,2,1,Trackpad,12.384676405719079,20
1444,761518668150,2,1,Mouse,41.07818666005331,20
1480,785879140021,2,1,Trackpad,4.008078986607334,20
1524,803522135131,2,1,Mouse,9.052968236378405,20
1572,822205019881,2,1,Mouse,22.628044589915994,20
1680,865611255867,2,1,Trackpad,5.721335803723299,20
1864,945346587337,2,1,Mouse,5.898492796479302,20
1892,968425765400,2,1,Mouse,59.957727935466416,20
1932,996553590521,2,1,Mouse,8.055290695535886,20
29,123183469520,4,1,Mouse,9.04569739164212,20
33,12978613609,4,1,Mouse,8.14659352917888,20
105,163796231616,4,1,Mouse,14.558145338725483,20
249,244418469024,4,1,Mouse,18.029013496663108,20
301,263992263004,4,1,Mouse,22.043204692196543,20
309,266126640839,4,1,Mouse,7.24511129720949,20
317,272993694525,4,1,Trackpad,11.618314746391938,20
329,283817955758,4,1,Trackpad,7.484168489270973,20
369,299489942844,4,1,Mouse,9.46887547759023,20
421,326018211431,4,1,Trackpad,5.660984785767576,20
473,353267429629,4,1,Trackpad,4.596180607981831,20
501,368230630876,4,1,Trackpad,4.551507426624402,20
529,376660312758,4,1,Mouse,5.099808982127339,20
549,385475812479,4,1,Mouse,7.493670272609794,20
553,38639956153,4,1,Trackpad,29.039671063740943,20
657,441084582125,4,1,Mouse,11.334318800488937,20
725,475080016767,4,1,Mouse,4.9372533786116,20
741,478867326164,4,1,Mouse,9.60010757589351,20
745,479103788267,4,1,Trackpad,36.863565550340894,20
917,537187849171,4,1,Trackpad,25.449390836129314,20
925,542684882646,4,1,Mouse,11.447760293728855,20
965,557130941888,4,1,Mouse,41.38054654147166,20
1025,58796474477,4,1,Mouse,5.406923348607874,20
1049,595595653867,4,1,Mouse,6.7193420211733415,20
1069,608781518181,4,1,Trackpad,17.692284527177318,20
1125,628253346774,4,1,Trackpad,38.35573599666725,20
1141,641972036799,4,1,Trackpad,7.1325761081152415,20
1153,645686800824,4,1,Mouse,13.392727601545104,20
1201,666880505392,4,1,Mouse,6.6110508208367476,20
1205,666909089777,4,1,Trackpad,51.38182000512696,20
1213,668861049227,4,1,Mouse,40.795425988143336,20
1221,671348925214,4,1,Mouse,4.208259063943305,20
1281,701099609956,4,1,Mouse,31.44239959518894,20
1313,712406286736,4,1,Mouse,11.17256918422204,20
1325,71419700048,4,1,Trackpad,15.359252610049758,20
1365,737828750163,4,1,Mouse,6.192054645660829,20
1401,750626990804,4,1,Trackpad,113.65368105065052,20
1417,754786406643,4,1,Mouse,95.30471848725244,20
1425,756482156459,4,1,Trackpad,7.3308513168732725,20
1441,760820905212,4,1,Trackpad,17.355428935724245,20
1445,761518668150,4,1,Mouse,40.35154914891666,20
1481,785879140021,4,1,Trackpad,4.226919710101295,20
1525,803522135131,4,1,Mouse,10.388523643538342,20
1573,822205019881,4,1,Mouse,21.951527676823527,20
1681,865611255867,4,1,Trackpad,7.282168353613181,20
1865,945346587337,4,1,Mouse,14.821684348183133,20
1893,968425765400,4,1,Mouse,46.55842171212709,20
1933,996553590521,4,1,Mouse,5.4237495300710705,20
30,123183469520,6,1,Mouse,10.704498729317306,20
34,12978613609,6,1,Mouse,11.982406334340757,20
106,163796231616,6,1,Mouse,35.289723351001754,20
250,244418469024,6,1,Mouse,22.28700634340332,20
302,263992263004,6,1,Mouse,27.280693858582868,20
310,266126640839,6,1,Mouse,9.141813270439746,20
318,272993694525,6,1,Trackpad,8.321296190749132,20
330,283817955758,6,1,Trackpad,4.258814981263132,20
370,299489942844,6,1,Mouse,11.475843769377548,20
422,326018211431,6,1,Trackpad,11.59574678450928,20
474,353267429629,6,1,Trackpad,32.8416839370051,20
502,368230630876,6,1,Trackpad,9.084701116461021,20
530,376660312758,6,1,Mouse,5.986670406602744,20
550,385475812479,6,1,Mouse,70.3247444281699,20
554,38639956153,6,1,Trackpad,41.56203527294089,20
658,441084582125,6,1,Mouse,10.62052120318322,20
726,475080016767,6,1,Mouse,5.311859319858184,20
742,478867326164,6,1,Mouse,50.150502830004186,20
746,479103788267,6,1,Trackpad,66.33981940227046,20
918,537187849171,6,1,Trackpad,23.708157713363963,20
926,542684882646,6,1,Mouse,12.765881895402334,20
966,557130941888,6,1,Mouse,9.390028224654976,20
1026,58796474477,6,1,Mouse,6.066880925071951,20
1050,595595653867,6,1,Mouse,4.510404431059554,20
1070,608781518181,6,1,Trackpad,47.81365777142311,20
1126,628253346774,6,1,Trackpad,43.73093147848236,20
1142,641972036799,6,1,Trackpad,9.729127549327634,20
1154,645686800824,6,1,Mouse,6.98240596645945,20
1202,666880505392,6,1,Mouse,6.485081215664289,20
1206,666909089777,6,1,Trackpad,64.65889320173642,20
1214,668861049227,6,1,Mouse,7.275046919488038,20
1222,671348925214,6,1,Mouse,3.9175095179005424,20
1282,701099609956,6,1,Mouse,47.67418488886519,20
1314,712406286736,6,1,Mouse,9.795948162498554,20
1326,71419700048,6,1,Trackpad,45.77353581881962,20
1366,737828750163,6,1,Mouse,6.604748048359034,20
1402,750626990804,6,1,Trackpad,82.94375982718263,20
1418,754786406643,6,1,Mouse,9.035549742675162,20
1426,756482156459,6,1,Trackpad,14.190327967187715,20
1442,760820905212,6,1,Trackpad,18.616939518434847,20
1446,761518668150,6,1,Mouse,31.93942898690475,20
1482,785879140021,6,1,Trackpad,5.688204112722232,20
1526,803522135131,6,1,Mouse,7.524242941004216,20
1574,822205019881,6,1,Mouse,28.273628993605477,20
1682,865611255867,6,1,Trackpad,6.955033034431018,20
1866,945346587337,6,1,Mouse,38.121023487381485,20
1894,968425765400,6,1,Mouse,65.02512550827767,20
1934,996553590521,6,1,Mouse,6.011177232367693,20
31,123183469520,8,1,Mouse,47.30394679329524,20
35,12978613609,8,1,Mouse,9.266725487763265,20
107,163796231616,8,1,Mouse,23.935720031505447,20
251,244418469024,8,1,Mouse,12.970582257727056,20
303,263992263004,8,1,Mouse,41.83888847990134,20
311,266126640839,8,1,Mouse,11.161785183748732,20
319,272993694525,8,1,Trackpad,10.899493383384335,20
331,283817955758,8,1,Trackpad,34.70471093029652,20
371,299489942844,8,1,Mouse,9.139283959781535,20
423,326018211431,8,1,Trackpad,10.421373237479258,20
475,353267429629,8,1,Trackpad,5.14281950545362,20
503,368230630876,8,1,Trackpad,8.961698083823912,20
531,376660312758,8,1,Mouse,5.7747555793467304,20
551,385475812479,8,1,Mouse,7.280017349574098,20
555,38639956153,8,1,Trackpad,10.391978562708134,20
659,441084582125,8,1,Mouse,12.64362081661,20
727,475080016767,8,1,Mouse,13.138080650440969,20
743,478867326164,8,1,Mouse,22.605863407844854,20
747,479103788267,8,1,Trackpad,27.98032472927305,20
919,537187849171,8,1,Trackpad,18.086743023993275,20
927,542684882646,8,1,Mouse,5.794125619707822,20
967,557130941888,8,1,Mouse,7.811169535535243,20
1027,58796474477,8,1,Mouse,6.955206688018385,20
1051,595595653867,8,1,Mouse,3.2011949577283816,20
1071,608781518181,8,1,Trackpad,12.393319466225586,20
1127,628253346774,8,1,Trackpad,42.09645093412756,20
1143,641972036799,8,1,Trackpad,9.48514566991581,20
1155,645686800824,8,1,Mouse,6.734968070507016,20
1203,666880505392,8,1,Mouse,9.5282861694202,20
1207,666909089777,8,1,Trackpad,36.47377367267452,20
1215,668861049227,8,1,Mouse,10.102915858370173,20
1223,671348925214,8,1,Mouse,4.550062056810891,20
1283,701099609956,8,1,Mouse,10.543073592519107,20
1315,712406286736,8,1,Mouse,27.975544723960706,20
1327,71419700048,8,1,Trackpad,51.88521077432849,20
1367,737828750163,8,1,Mouse,4.852065383755375,20
1403,750626990804,8,1,Trackpad,81.5953035472839,20
1419,754786406643,8,1,Mouse,53.04889322411866,20
1427,756482156459,8,1,Trackpad,9.925711523605175,20
1443,760820905212,8,1,Trackpad,9.261969772467953,20
1447,761518668150,8,1,Mouse,24.20191572562399,20
1483,785879140021,8,1,Trackpad,4.346219207047973,20
1527,803522135131,8,1,Mouse,5.7186133713160725,20
1575,822205019881,8,1,Mouse,43.230598203294925,20
1683,865611255867,8,1,Trackpad,42.810236050376645,20
1867,945346587337,8,1,Mouse,9.251089525370926,20
1895,968425765400,8,1,Mouse,52.49983540160654,20
1935,996553590521,8,1,Mouse,7.338506228954533,20
68,141579159069,3,2,Trackpad,7.562358570891189,20
92,157286867732,3,2,Trackpad,6.532365000033744,20
140,18545178463,3,2,Trackpad,9.456397140487582,20
244,244346351129,3,2,Mouse,71.18469001599509,20
324,281449537957,3,2,Trackpad,12.100048877631863,20
340,286533593898,3,2,Mouse,5.594633253962811,20
380,307390059111,3,2,Mouse,14.835132927643723,20
408,314751828555,3,2,Trackpad,7.00723125360183,20
448,340447094989,3,2,Mouse,24.529308566133402,20
488,363396258093,3,2,Mouse,11.278659814075871,20
512,372881010640,3,2,Mouse,8.864241037527476,20
604,413611575961,3,2,Trackpad,6.25422666361653,20
620,42404767125,3,2,Trackpad,5.139217611679199,20
624,424813729943,3,2,Mouse,72.49783170909647,20
672,450325436890,3,2,Mouse,11.037854740614645,20
680,453578034881,3,2,Mouse,39.073903572471785,20
684,455088283633,3,2,Trackpad,5.967553910804128,20
716,47219052677,3,2,Trackpad,8.381243446641701,20
768,485655207419,3,2,Mouse,11.351310474032244,20
784,490372725762,3,2,Trackpad,5.9399109797730665,20
804,497830706648,3,2,Trackpad,89.94444511289213,20
816,499781516147,3,2,Mouse,5.142670095023784,20
840,514699809951,3,2,Mouse,4.816987732709625,20
868,524084624601,3,2,Mouse,16.312344561131113,20
880,526591815054,3,2,Mouse,3.4634892017418584,20
976,560719192726,3,2,Trackpad,5.628345121752988,20
992,568911038571,3,2,Mouse,84.68606283674701,20
996,571510386420,3,2,Mouse,4.742679096266324,20
1060,607190310023,3,2,Mouse,10.473569514593335,20
1076,610091723036,3,2,Mouse,48.284393267753956,20
1084,616859448142,3,2,Mouse,19.8760348177311,20
1188,662896639900,3,2,Mouse,90.61308414846796,20
1196,665972822112,3,2,Mouse,31.354028546592613,20
1288,706570674898,3,2,Trackpad,7.659935041443412,20
1308,711049351608,3,2,Trackpad,5.259890671592709,20
1376,747682140674,3,2,Trackpad,12.125539420092247,20
1408,75254959287,3,2,Trackpad,9.190098617147088,20
1432,758610083023,3,2,Trackpad,16.566257987389093,20
1448,764955634018,3,2,Mouse,8.610267457387433,20
1472,781632843660,3,2,Mouse,68.34889088946237,20
1496,788534438470,3,2,Trackpad,43.815123903057035,20
1520,802470273105,3,2,Trackpad,122.86490695077342,20
1560,818668159889,3,2,Mouse,22.16304764607728,20
1628,841781280934,3,2,Trackpad,6.298312970294078,20
1664,856257066596,3,2,Trackpad,11.327656768547666,20
1728,881636635866,3,2,Mouse,43.94279045232722,20
1820,928185260389,3,2,Mouse,5.383692948997537,20
1896,982309131650,3,2,Trackpad,10.325598692585812,20
1908,993634722428,3,2,Trackpad,9.63277760238967,20
69,141579159069,5,2,Trackpad,7.421955546486997,20
93,157286867732,5,2,Trackpad,5.587604082491984,20
141,18545178463,5,2,Trackpad,5.928430964302946,20
245,244346351129,5,2,Mouse,45.898510018566604,20
325,281449537957,5,2,Trackpad,8.964094657047243,20
341,286533593898,5,2,Mouse,15.876619078617537,20
381,307390059111,5,2,Mouse,22.836768021873468,20
409,314751828555,5,2,Trackpad,6.782138397811548,20
449,340447094989,5,2,Mouse,14.931351120894382,20
489,363396258093,5,2,Mouse,18.138810532701573,20
513,372881010640,5,2,Mouse,6.318614901104672,20
605,413611575961,5,2,Trackpad,9.712468957135139,20
621,42404767125,5,2,Trackpad,4.645550842983527,20
625,424813729943,5,2,Mouse,104.05823530576701,20
673,450325436890,5,2,Mouse,13.526787038747742,20
681,453578034881,5,2,Mouse,18.078632718172486,20
685,455088283633,5,2,Trackpad,6.0196243622562315,20
717,47219052677,5,2,Trackpad,8.774896824578914,20
769,485655207419,5,2,Mouse,7.477636155785058,20
785,490372725762,5,2,Trackpad,43.322189887422425,20
805,497830706648,5,2,Trackpad,76.42594094717026,20
817,499781516147,5,2,Mouse,10.582771775666291,20
841,514699809951,5,2,Mouse,4.919519348498375,20
869,524084624601,5,2,Mouse,14.292844094855356,20
881,526591815054,5,2,Mouse,4.473819891504771,20
977,560719192726,5,2,Trackpad,3.4234401569923785,20
993,568911038571,5,2,Mouse,35.28618741759292,20
997,571510386420,5,2,Mouse,7.194124370520646,20
1061,607190310023,5,2,Mouse,8.527551130833075,20
1077,610091723036,5,2,Mouse,21.832763600635438,20
1085,616859448142,5,2,Mouse,14.346986804917053,20
1189,662896639900,5,2,Mouse,83.38561797226673,20
1197,665972822112,5,2,Mouse,17.559640530707316,20
1289,706570674898,5,2,Trackpad,22.82072640280477,20
1309,711049351608,5,2,Trackpad,6.308682882608918,20
1377,747682140674,5,2,Trackpad,8.460448618204348,20
1409,75254959287,5,2,Trackpad,9.888367644647177,20
1433,758610083023,5,2,Trackpad,40.16832897441194,20
1449,764955634018,5,2,Mouse,19.83500471394932,20
1473,781632843660,5,2,Mouse,92.37496843619117,20
1497,788534438470,5,2,Trackpad,33.310744631740626,20
1521,802470273105,5,2,Trackpad,13.958638673973354,20
1561,818668159889,5,2,Mouse,67.70600830056695,20
1629,841781280934,5,2,Trackpad,9.926653053229389,20
1665,856257066596,5,2,Trackpad,9.663437397754642,20
1729,881636635866,5,2,Mouse,44.58996460036448,20
1821,928185260389,5,2,Mouse,7.312396614387887,20
1897,982309131650,5,2,Trackpad,6.490501258399226,20
1909,993634722428,5,2,Trackpad,6.340760745710329,20
70,141579159069,7,2,Trackpad,5.62227128149258,20
94,157286867732,7,2,Trackpad,8.902530694255011,20
142,18545178463,7,2,Trackpad,9.780767176414068,20
246,244346351129,7,2,Mouse,49.4633328056802,20
326,281449537957,7,2,Trackpad,8.400021182979293,20
342,286533593898,7,2,Mouse,6.177052130423363,20
382,307390059111,7,2,Mouse,26.895789550202014,20
410,314751828555,7,2,Trackpad,5.961077563947529,20
450,340447094989,7,2,Mouse,18.15111035910209,20
490,363396258093,7,2,Mouse,9.200432888511703,20
514,372881010640,7,2,Mouse,8.697275030129937,20
606,413611575961,7,2,Trackpad,19.429208899960113,20
622,42404767125,7,2,Trackpad,4.538426478575933,20
626,424813729943,7,2,Mouse,81.41430448530006,20
674,450325436890,7,2,Mouse,6.17813779072735,20
682,453578034881,7,2,Mouse,25.38152035252531,20
686,455088283633,7,2,Trackpad,7.718991996194709,20
718,47219052677,7,2,Trackpad,7.112336233519143,20
770,485655207419,7,2,Mouse,15.81534105922618,20
786,490372725762,7,2,Trackpad,40.24142529019013,20
806,497830706648,7,2,Trackpad,84.39168542239419,20
818,499781516147,7,2,Mouse,12.571928655690854,20
842,514699809951,7,2,Mouse,5.755281696024317,20
870,524084624601,7,2,Mouse,19.91961384587474,20
882,526591815054,7,2,Mouse,6.004604247900605,20
978,560719192726,7,2,Trackpad,3.5529919892329116,20
994,568911038571,7,2,Mouse,34.40088909051307,20
998,571510386420,7,2,Mouse,8.627688550985464,20
1062,607190310023,7,2,Mouse,8.716287330075083,20
1078,610091723036,7,2,Mouse,11.06739639537116,20
1086,616859448142,7,2,Mouse,12.214914516969616,20
1190,662896639900,7,2,Mouse,5.188294800196906,20
1198,665972822112,7,2,Mouse,34.93821441977698,20
1290,706570674898,7,2,Trackpad,8.936761719330002,20
1310,711049351608,7,2,Trackpad,4.522722166953188,20
1378,747682140674,7,2,Trackpad,12.062912331191857,20
1410,75254959287,7,2,Trackpad,13.24369550219329,20
1434,758610083023,7,2,Trackpad,42.599755095549604,20
1450,764955634018,7,2,Mouse,12.448849272747639,20
1474,781632843660,7,2,Mouse,77.74415368506607,20
1498,788534438470,7,2,Trackpad,45.003404350729994,20
1522,802470273105,7,2,Trackpad,60.87904742530258,20
1562,818668159889,7,2,Mouse,47.835675531363236,20
1630,841781280934,7,2,Trackpad,8.82488029595223,20
1666,856257066596,7,2,Trackpad,7.301624553271219,20
1730,881636635866,7,2,Mouse,33.720733712377786,20
1822,928185260389,7,2,Mouse,6.8364445845237185,20
1898,982309131650,7,2,Trackpad,5.814026502468067,20
1910,993634722428,7,2,Trackpad,9.974781424849999,20
71,141579159069,10,2,Trackpad,7.745148563399728,20
95,157286867732,10,2,Trackpad,9.424998077727118,20
143,18545178463,10,2,Trackpad,9.441362051914812,20
247,244346351129,10,2,Mouse,76.36806185806299,20
327,281449537957,10,2,Trackpad,10.844763304259455,20
343,286533593898,10,2,Mouse,10.49009491108561,20
383,307390059111,10,2,Mouse,11.88200706881462,20
411,314751828555,10,2,Trackpad,10.249532755393272,20
451,340447094989,10,2,Mouse,20.79204818418369,20
491,363396258093,10,2,Mouse,9.206119773776013,20
515,372881010640,10,2,Mouse,10.879898141254584,20
607,413611575961,10,2,Trackpad,5.966325953796734,20
623,42404767125,10,2,Trackpad,4.587683293709875,20
627,424813729943,10,2,Mouse,84.06870123969021,20
675,450325436890,10,2,Mouse,7.11599849491486,20
683,453578034881,10,2,Mouse,26.510676637121446,20
687,455088283633,10,2,Trackpad,13.399626615847318,20
719,47219052677,10,2,Trackpad,4.7444628176556165,20
771,485655207419,10,2,Mouse,15.274702987051382,20
787,490372725762,10,2,Trackpad,11.335974550472244,20
807,497830706648,10,2,Trackpad,71.79702977647132,20
819,499781516147,10,2,Mouse,22.483367172122097,20
843,514699809951,10,2,Mouse,7.4356139737635445,20
871,524084624601,10,2,Mouse,9.70025738273763,20
883,526591815054,10,2,Mouse,7.811144222969869,20
979,560719192726,10,2,Trackpad,6.239711484082798,20
995,568911038571,10,2,Mouse,55.83471703454475,20
999,571510386420,10,2,Mouse,3.041456292030435,20
1063,607190310023,10,2,Mouse,49.08284520604047,20
1079,610091723036,10,2,Mouse,14.10388593872964,20
1087,616859448142,10,2,Mouse,19.650771680987273,20
1191,662896639900,10,2,Mouse,41.19131429210651,20
1199,665972822112,10,2,Mouse,11.849061929242119,20
1291,706570674898,10,2,Trackpad,20.074177205205054,20
1311,711049351608,10,2,Trackpad,5.364420081197041,20
1379,747682140674,10,2,Trackpad,6.848959891677051,20
1411,75254959287,10,2,Trackpad,5.0857809660422015,20
1435,758610083023,10,2,Trackpad,8.70915252764973,20
1451,764955634018,10,2,Mouse,6.8773119982629485,20
1475,781632843660,10,2,Mouse,97.27206940616965,20
1499,788534438470,10,2,Trackpad,47.22742496448023,20
1523,802470273105,10,2,Trackpad,70.65151433476407,20
1563,818668159889,10,2,Mouse,41.01983330979393,20
1631,841781280934,10,2,Trackpad,13.439554698466427,20
1667,856257066596,10,2,Trackpad,40.24555953036915,20
1731,881636635866,10,2,Mouse,51.310183654100854,20
1823,928185260389,10,2,Mouse,7.539068150732471,20
1899,982309131650,10,2,Trackpad,10.949596064460382,20
1911,993634722428,10,2,Trackpad,8.922266970035666,20
56,139654613099,15,3,Mouse,36.10722031654178,20
64,141351339407,15,3,Trackpad,5.0191540239492145,20
96,158240405377,15,3,Mouse,28.536998426555844,20
148,193100401433,15,3,Mouse,7.135554671665697,20
200,219942741794,15,3,Mouse,10.976206706239605,20
296,263290655799,15,3,Trackpad,16.600816425820963,20
344,287971476791,15,3,Mouse,76.68114850941693,17
376,306810469599,15,3,Mouse,7.262320979194589,20
384,311279476853,15,3,Mouse,7.225807389102987,20
388,311518904287,15,3,Mouse,9.322891079314626,20
504,37013057852,15,3,Mouse,6.430186951217816,20
508,370640644570,15,3,Mouse,85.4503729151322,20
544,383627469185,15,3,Trackpad,39.15217841689834,20
556,390771680977,15,3,Trackpad,76.08837387731957,20
572,398109816713,15,3,Mouse,90.82538027096612,20
584,401611892739,15,3,Trackpad,150.4369729847648,20
644,435751852346,15,3,Trackpad,28.076234464702008,20
692,456157590029,15,3,Mouse,12.459301820129513,20
708,466178274480,15,3,Trackpad,4.963067061565763,20
836,510743529302,15,3,Trackpad,7.666845783923521,20
852,519645490683,15,3,Mouse,64.29179547873119,20
936,549389360938,15,3,Trackpad,7.564265602353359,20
984,564938298193,15,3,Trackpad,12.968364257880381,20
1000,572670224355,15,3,Mouse,19.53049137838908,20
1012,577084825607,15,3,Trackpad,5.092177223625186,20
1036,591787668410,15,3,Mouse,95.92303588882012,20
1100,624015980400,15,3,Trackpad,5.6511669356909096,20
1108,62472867313,15,3,Mouse,11.609628936595582,20
1112,625553694320,15,3,Mouse,3.869640417123048,20
1172,657277573598,15,3,Trackpad,8.040786203647816,20
1216,669404158834,15,3,Trackpad,7.586576911565787,20
1228,676818776410,15,3,Trackpad,4.510897886643147,20
1348,726770222419,15,3,Trackpad,13.760876607338034,20
1384,748730017803,15,3,Mouse,5.056470790350641,20
1452,767939159879,15,3,Mouse,4.660745899481553,20
1460,774480707012,15,3,Mouse,4.835604679833775,20
1488,787634621141,15,3,Mouse,37.780471805794406,20
1508,797606508946,15,3,Mouse,36.42809700984883,20
1552,81350229447,15,3,Trackpad,8.150074663428784,20
1576,822554411599,15,3,Mouse,7.460058469322562,20
1696,871067946078,15,3,Trackpad,19.01258645427425,20
1784,914192695869,15,3,Trackpad,42.71359885557651,20
1800,917476948583,15,3,Trackpad,16.290578188218895,20
1804,922666165279,15,3,Trackpad,5.690192102577574,20
1808,924573419382,15,3,Trackpad,3.371082940277935,20
1824,928426922298,15,3,Trackpad,4.359747323024584,20
1868,950401282636,15,3,Mouse,9.182495805989278,20
1880,964304241118,15,3,Mouse,28.692646056374453,20
1884,96435749437,15,3,Mouse,11.586494507871228,20
1904,986917736241,15,3,Mouse,13.286860367091617,20
57,139654613099,25,3,Mouse,16.99040201941637,20
65,141351339407,25,3,Trackpad,6.811583583936879,20
97,158240405377,25,3,Mouse,36.14079771329005,20
149,193100401433,25,3,Mouse,11.010608329561467,20
201,219942741794,25,3,Mouse,9.394881094753018,20
297,263290655799,25,3,Trackpad,15.963917283646888,20
345,287971476791,25,3,Mouse,41.68714470878469,18
377,306810469599,25,3,Mouse,4.8790052352923965,20
385,311279476853,25,3,Mouse,16.31797343466263,20
389,311518904287,25,3,Mouse,40.72342514828326,20
505,37013057852,25,3,Mouse,10.533367340938524,20
509,370640644570,25,3,Mouse,65.55447770161037,20
545,383627469185,25,3,Trackpad,35.63168434097805,20
557,390771680977,25,3,Trackpad,81.67489396637394,20
573,398109816713,25,3,Mouse,92.07438907092464,20
585,401611892739,25,3,Trackpad,108.81471460761423,20
645,435751852346,25,3,Trackpad,7.6314341321779136,20
693,456157590029,25,3,Mouse,10.20601064868583,20
709,466178274480,25,3,Trackpad,9.028348861547839,20
837,510743529302,25,3,Trackpad,4.4944403689651935,20
853,519645490683,25,3,Mouse,80.90790565977457,20
937,549389360938,25,3,Trackpad,7.373212821912046,20
985,564938298193,25,3,Trackpad,10.644448730360374,20
1001,572670224355,25,3,Mouse,10.71086820362826,20
1013,577084825607,25,3,Trackpad,3.273104380222704,20
1037,591787668410,25,3,Mouse,86.53518067288803,20
1101,624015980400,25,3,Trackpad,14.52443934149903,20
1109,62472867313,25,3,Mouse,11.231297095610472,20
1113,625553694320,25,3,Mouse,6.166823184533774,20
1173,657277573598,25,3,Trackpad,8.162523681037511,20
1217,669404158834,25,3,Trackpad,7.334101897849382,20
1229,676818776410,25,3,Trackpad,4.377225420838866,20
1349,726770222419,25,3,Trackpad,17.39001147468932,20
1385,748730017803,25,3,Mouse,6.665563927456035,20
1453,767939159879,25,3,Mouse,12.325859057401246,20
1461,774480707012,25,3,Mouse,15.94000264807541,20
1489,787634621141,25,3,Mouse,38.982116511673574,20
1509,797606508946,25,3,Mouse,38.90565462985721,20
1553,81350229447,25,3,Trackpad,6.146954975481083,20
1577,822554411599,25,3,Mouse,3.972692979789806,20
1697,871067946078,25,3,Trackpad,64.79046085128749,20
1785,914192695869,25,3,Trackpad,16.609434097603476,20
1801,917476948583,25,3,Trackpad,27.026217954675182,20
1805,922666165279,25,3,Trackpad,4.834047591475687,20
1809,924573419382,25,3,Trackpad,59.97192009539649,20
1825,928426922298,25,3,Trackpad,5.857814450299692,20
1869,950401282636,25,3,Mouse,7.920660762649838,20
1881,964304241118,25,3,Mouse,42.3656198912171,20
1885,96435749437,25,3,Mouse,32.01730005248887,20
1905,986917736241,25,3,Mouse,9.292199919220801,20
58,139654613099,35,3,Mouse,25.066298436924743,20
66,141351339407,35,3,Trackpad,5.645479346509011,20
98,158240405377,35,3,Mouse,59.079726028920824,20
150,193100401433,35,3,Mouse,8.682501242563818,20
202,219942741794,35,3,Mouse,9.74280148027351,20
298,263290655799,35,3,Trackpad,48.81963992890493,20
346,287971476791,35,3,Mouse,16.206650714546,17
378,306810469599,35,3,Mouse,40.216691889928605,20
386,311279476853,35,3,Mouse,10.635204555625085,20
390,311518904287,35,3,Mouse,59.79695500544915,20
506,37013057852,35,3,Mouse,11.081334123775651,20
510,370640644570,35,3,Mouse,91.23194435526996,20
546,383627469185,35,3,Trackpad,9.976161822684244,20
558,390771680977,35,3,Trackpad,88.54289500507281,20
574,398109816713,35,3,Mouse,84.08517306517301,20
586,401611892739,35,3,Trackpad,106.77630227481369,20
646,435751852346,35,3,Trackpad,41.11791143552559,20
694,456157590029,35,3,Mouse,9.119497848233578,20
710,466178274480,35,3,Trackpad,11.370998014067373,20
838,510743529302,35,3,Trackpad,4.682041790027335,20
854,519645490683,35,3,Mouse,84.48852465464056,20
938,549389360938,35,3,Trackpad,39.96205439734908,20
986,564938298193,35,3,Trackpad,10.69662128667829,20
1002,572670224355,35,3,Mouse,12.681577914371866,20
1014,577084825607,35,3,Trackpad,3.1653127577565314,20
1038,591787668410,35,3,Mouse,77.7447902961677,20
1102,624015980400,35,3,Trackpad,14.989381660947677,20
1110,62472867313,35,3,Mouse,6.2302023780941775,20
1114,625553694320,35,3,Mouse,7.068454248364936,20
1174,657277573598,35,3,Trackpad,6.24170639758203,20
1218,669404158834,35,3,Trackpad,36.727452661864724,20
1230,676818776410,35,3,Trackpad,5.225753658096184,20
1350,726770222419,35,3,Trackpad,11.268025086217817,20
1386,748730017803,35,3,Mouse,4.561544793813421,20
1454,767939159879,35,3,Mouse,7.989483222579446,20
1462,774480707012,35,3,Mouse,4.857151984660118,20
1490,787634621141,35,3,Mouse,52.90294446259324,20
1510,797606508946,35,3,Mouse,47.09315114157291,20
1554,81350229447,35,3,Trackpad,9.230061622695063,20
1578,822554411599,35,3,Mouse,4.834501282886604,20
1698,871067946078,35,3,Trackpad,38.74539737531878,20
1786,914192695869,35,3,Trackpad,77.36903498939171,20
1802,917476948583,35,3,Trackpad,19.497589879289897,20
1806,922666165279,35,3,Trackpad,3.7303173641056886,20
1810,924573419382,35,3,Trackpad,3.2610102333969504,20
1826,928426922298,35,3,Trackpad,7.768665563835307,20
1870,950401282636,35,3,Mouse,18.52908795653502,20
1882,964304241118,35,3,Mouse,32.463497456202575,20
1886,96435749437,35,3,Mouse,26.216449655529264,20
1906,986917736241,35,3,Mouse,8.783543472374838,20
59,139654613099,45,3,Mouse,48.74862360842637,20
67,141351339407,45,3,Trackpad,6.188352782118881,20
99,158240405377,45,3,Mouse,25.81229714322765,20
151,193100401433,45,3,Mouse,6.971916575257893,20
203,219942741794,45,3,Mouse,16.101083801122122,20
299,263290655799,45,3,Trackpad,13.982417172372337,20
347,287971476791,45,3,Mouse,56.643728134507725,17
379,306810469599,45,3,Mouse,6.40745356752311,20
387,311279476853,45,3,Mouse,4.513516401032996,20
391,311518904287,45,3,Mouse,12.677670090527782,20
507,37013057852,45,3,Mouse,8.360546300338312,20
511,370640644570,45,3,Mouse,89.97886723709952,20
547,383627469185,45,3,Trackpad,36.776897153006615,20
559,390771680977,45,3,Trackpad,87.2150342376517,20
575,398109816713,45,3,Mouse,68.80766495671551,20
587,401611892739,45,3,Trackpad,163.24839408478863,20
647,435751852346,45,3,Trackpad,53.73387970726011,20
695,456157590029,45,3,Mouse,35.514748810149904,20
711,466178274480,45,3,Trackpad,11.220733870441135,20
839,510743529302,45,3,Trackpad,4.849213204469286,20
855,519645490683,45,3,Mouse,72.20620525034339,20
939,549389360938,45,3,Trackpad,9.651572309989636,20
987,564938298193,45,3,Trackpad,11.797889966773011,20
1003,572670224355,45,3,Mouse,9.496060294815297,20
1015,577084825607,45,3,Trackpad,4.580183520505114,20
1039,591787668410,45,3,Mouse,106.27724075967019,20
1103,624015980400,45,3,Trackpad,4.23903472945547,20
1111,62472867313,45,3,Mouse,6.237687304427976,20
1115,625553694320,45,3,Mouse,7.52451936659047,20
1175,657277573598,45,3,Trackpad,5.576688293041949,20
1219,669404158834,45,3,Trackpad,4.099019222728527,20
1231,676818776410,45,3,Trackpad,5.893355398934917,20
1351,726770222419,45,3,Trackpad,14.400347333905732,20
1387,748730017803,45,3,Mouse,4.769749439336114,20
1455,767939159879,45,3,Mouse,5.485937952554872,20
1463,774480707012,45,3,Mouse,14.642156094088438,20
1491,787634621141,45,3,Mouse,39.66751161836028,20
1511,797606508946,45,3,Mouse,47.07153511047603,20
1555,81350229447,45,3,Trackpad,9.09202101328512,20
1579,822554411599,45,3,Mouse,3.2776528084332432,20
1699,871067946078,45,3,Trackpad,51.196700962230246,20
1787,914192695869,45,3,Trackpad,40.46097600539849,20
1803,917476948583,45,3,Trackpad,38.52688936811094,20
1807,922666165279,45,3,Trackpad,3.1530681650984413,20
1811,924573419382,45,3,Trackpad,67.71333989214925,20
1827,928426922298,45,3,Trackpad,8.022704312376838,20
1871,950401282636,45,3,Mouse,8.160371904546672,20
1883,964304241118,45,3,Mouse,23.321402949278873,20
1887,96435749437,45,3,Mouse,17.416825674785546,20
1907,986917736241,45,3,Mouse,7.288838626718128,20
8,112768063321,20,4,,6.13622714411273,20
52,134751847945,20,4,Trackpad,5.856859299686245,20
88,156593167223,20,4,Mouse,48.7944214115934,20
160,204680910799,20,4,Mouse,8.755891801857146,20
176,211178143741,20,4,Mouse,59.907329429513474,20
180,211349502438,20,4,Mouse,18.960165833462117,20
196,219666297547,20,4,Trackpad,6.982264680266195,20
212,230918759014,20,4,Trackpad,4.85317608643988,20
216,23243432166,20,4,Mouse,32.17030724511874,20
392,312810119008,20,4,Mouse,32.13441324935777,20
428,326328627765,20,4,Trackpad,4.60383023192851,20
456,342998198233,20,4,Trackpad,13.615796723620331,20
468,3512277966,20,4,Mouse,21.45554088868151,20
524,375371629837,20,4,Trackpad,8.927583430809534,20
560,394487149082,20,4,Trackpad,8.902573506904753,20
628,425971333170,20,4,Trackpad,14.736336658124246,20
640,432379164500,20,4,Mouse,7.450363189405084,20
712,466315876226,20,4,Trackpad,9.391423065444599,20
800,496473497245,20,4,Trackpad,11.743331074059006,20
812,498719011200,20,4,Mouse,10.143806156367296,20
832,507283287821,20,4,Trackpad,13.296893159372837,20
944,554310866631,20,4,Mouse,8.325177510768428,20
948,554483397398,20,4,Mouse,7.363871688770184,9
972,559884942136,20,4,Trackpad,4.386547370985165,20
1008,575425482820,20,4,Mouse,33.71454109125912,20
1016,577336943708,20,4,Trackpad,15.025995149994756,20
1052,60516332508,20,4,Trackpad,11.12422810371271,20
1072,609066119184,20,4,Trackpad,56.832600524766185,20
1144,643459252314,20,4,Trackpad,13.886368301961296,20
1160,65172413131,20,4,Mouse,13.10686202090611,20
1168,654411478666,20,4,Mouse,34.42679794002035,20
1184,660965892719,20,4,Trackpad,20.404209982006627,20
1192,664917210582,20,4,Mouse,8.155332105770057,20
1208,667250633006,20,4,Trackpad,9.309358061450757,20
1244,68466946249,20,4,Trackpad,58.990963783119845,20
1456,769001317210,20,4,Mouse,29.84767343342964,20
1464,777654116973,20,4,Trackpad,28.8108391228564,20
1468,780990068335,20,4,Trackpad,3.249004918628254,20
1660,853101398795,20,4,Trackpad,6.065427864093085,20
1692,86995724355,20,4,Mouse,3.028347064026862,20
1708,875036525540,20,4,Trackpad,5.352224595449469,20
1736,890093759633,20,4,Mouse,11.829079030231506,20
1740,890450031962,20,4,Trackpad,40.30620761972542,20
1748,894260352710,20,4,Trackpad,3.8306108736710196,20
1752,894596827216,20,4,Mouse,157.2841554895094,20
1812,92512405244,20,4,Trackpad,7.1783136791012865,20
1848,942172447685,20,4,Mouse,5.965449887560822,20
1852,942594251362,20,4,Mouse,13.597195945686272,20
1912,993857921566,20,4,Mouse,5.568094540982674,20
1924,995622965740,20,4,Mouse,12.084613715154097,20
9,112768063321,30,4,,5.488116326439635,20
53,134751847945,30,4,Trackpad,4.659322364800895,20
89,156593167223,30,4,Mouse,37.00467691726468,20
161,204680910799,30,4,Mouse,34.297136306831035,20
177,211178143741,30,4,Mouse,65.92576285468436,20
181,211349502438,30,4,Mouse,45.36324878793912,20
197,219666297547,30,4,Trackpad,4.342914861485592,20
213,230918759014,30,4,Trackpad,13.088295191946559,20
217,23243432166,30,4,Mouse,56.72420963664252,20
393,312810119008,30,4,Mouse,19.948766602426485,20
429,326328627765,30,4,Trackpad,5.28908338283571,20
457,342998198233,30,4,Trackpad,7.29536206252172,20
469,3512277966,30,4,Mouse,15.431236778331513,20
525,375371629837,30,4,Trackpad,10.207312644035317,20
561,394487149082,30,4,Trackpad,5.386366550245898,20
629,425971333170,30,4,Trackpad,13.247423848682443,20
641,432379164500,30,4,Mouse,6.378965761496489,20
713,466315876226,30,4,Trackpad,5.362631588921907,20
801,496473497245,30,4,Trackpad,9.83505814944276,20
813,498719011200,30,4,Mouse,12.34610274040616,20
833,507283287821,30,4,Trackpad,69.56123473805064,20
945,554310866631,30,4,Mouse,10.213277741932824,20
949,554483397398,30,4,Mouse,9.795490989321134,9
973,559884942136,30,4,Trackpad,7.256676941506783,20
1009,575425482820,30,4,Mouse,42.68796189274423,20
1017,577336943708,30,4,Trackpad,7.314096903132871,20
1053,60516332508,30,4,Trackpad,9.995694530350011,20
1073,609066119184,30,4,Trackpad,13.405045436690518,20
1145,643459252314,30,4,Trackpad,7.6726652666087265,20
1161,65172413131,30,4,Mouse,6.258444305800939,20
1169,654411478666,30,4,Mouse,6.723995340723845,20
1185,660965892719,30,4,Trackpad,19.639101997405206,20
1193,664917210582,30,4,Mouse,9.329571328855192,20
1209,667250633006,30,4,Trackpad,23.79851143408757,20
1245,68466946249,30,4,Trackpad,37.83120344248786,20
1457,769001317210,30,4,Mouse,34.23342787340076,20
1465,777654116973,30,4,Trackpad,10.574134419848328,20
1469,780990068335,30,4,Trackpad,7.458844264440823,20
1661,853101398795,30,4,Trackpad,3.393928274583738,20
1693,86995724355,30,4,Mouse,7.290774881868441,20
1709,875036525540,30,4,Trackpad,6.645100557666652,20
1737,890093759633,30,4,Mouse,7.875908066402903,20
1741,890450031962,30,4,Trackpad,12.67897453196303,20
1749,894260352710,30,4,Trackpad,3.2147862039214363,20
1753,894596827216,30,4,Mouse,8.127877277857982,20
1813,92512405244,30,4,Trackpad,4.810217335331878,20
1849,942172447685,30,4,Mouse,5.548271964107268,20
1853,942594251362,30,4,Mouse,13.335141025957405,20
1913,993857921566,30,4,Mouse,6.001701665355252,20
1925,995622965740,30,4,Mouse,14.054220635355035,20
10,112768063321,40,4,,4.571837481276222,20
54,134751847945,40,4,Trackpad,3.907240327042494,20
90,156593167223,40,4,Mouse,48.653342675975,20
162,204680910799,40,4,Mouse,9.977907041279702,20
178,211178143741,40,4,Mouse,51.844519867067,20
182,211349502438,40,4,Mouse,20.373482286969523,20
198,219666297547,40,4,Trackpad,7.221055590573632,20
214,230918759014,40,4,Trackpad,5.429452378737824,20
218,23243432166,40,4,Mouse,27.765297854151072,20
394,312810119008,40,4,Mouse,17.801189969572114,20
430,326328627765,40,4,Trackpad,7.56369883236673,20
458,342998198233,40,4,Trackpad,18.612001746525017,20
470,3512277966,40,4,Mouse,19.64991046096005,20
526,375371629837,40,4,Trackpad,6.42038327047531,20
562,394487149082,40,4,Trackpad,7.82497637487054,20
630,425971333170,40,4,Trackpad,16.678383075159733,20
642,432379164500,40,4,Mouse,6.5678681282882465,20
714,466315876226,40,4,Trackpad,11.988398111329374,20
802,496473497245,40,4,Trackpad,7.45736247454156,20
814,498719011200,40,4,Mouse,35.02337839914238,20
834,507283287821,40,4,Trackpad,59.10363442393315,20
946,554310866631,40,4,Mouse,5.5058737991391125,20
950,554483397398,40,4,Mouse,6.523751749802674,9
974,559884942136,40,4,Trackpad,6.077874845302183,20
1010,575425482820,40,4,Mouse,20.93009949243148,20
1018,577336943708,40,4,Trackpad,5.152625287147484,20
1054,60516332508,40,4,Trackpad,6.932808246492864,20
1074,609066119184,40,4,Trackpad,15.472279133288165,20
1146,643459252314,40,4,Trackpad,5.892804845316327,20
1162,65172413131,40,4,Mouse,6.705855344790544,20
1170,654411478666,40,4,Mouse,44.49169093432379,20
1186,660965892719,40,4,Trackpad,10.934560642489132,20
1194,664917210582,40,4,Mouse,6.5994226361662625,20
1210,667250633006,40,4,Trackpad,6.162112286401884,20
1246,68466946249,40,4,Trackpad,31.946502640729157,20
1458,769001317210,40,4,Mouse,3.4293395600116763,20
1466,777654116973,40,4,Trackpad,7.6203295900060635,20
1470,780990068335,40,4,Trackpad,8.400507306234676,20
1662,853101398795,40,4,Trackpad,3.9591910286222705,20
1694,86995724355,40,4,Mouse,5.01563893373153,20
1710,875036525540,40,4,Trackpad,7.264148173582222,20
1738,890093759633,40,4,Mouse,10.804635718279277,20
1742,890450031962,40,4,Trackpad,13.077123940233689,20
1750,894260352710,40,4,Trackpad,5.362951497964343,20
1754,894596827216,40,4,Mouse,76.66958097203528,20
1814,92512405244,40,4,Trackpad,4.721270778455194,20
1850,942172447685,40,4,Mouse,3.908118332493141,20
1854,942594251362,40,4,Mouse,44.731295219075136,20
1914,993857921566,40,4,Mouse,8.731593792633738,20
1926,995622965740,40,4,Mouse,41.116004173130975,20
11,112768063321,50,4,,4.988275443842403,20
55,134751847945,50,4,Trackpad,5.372962964833902,20
91,156593167223,50,4,Mouse,43.16718101727973,20
163,204680910799,50,4,Mouse,10.365328687243101,20
179,211178143741,50,4,Mouse,49.0996773556589,20
183,211349502438,50,4,Mouse,27.003483094119076,20
199,219666297547,50,4,Trackpad,5.229997911783353,20
215,230918759014,50,4,Trackpad,12.594390787838847,20
219,23243432166,50,4,Mouse,57.660938587380016,20
395,312810119008,50,4,Mouse,23.391660013787774,20
431,326328627765,50,4,Trackpad,11.469097862072203,20
459,342998198233,50,4,Trackpad,38.34031989102223,20
471,3512277966,50,4,Mouse,26.458735930287283,20
527,375371629837,50,4,Trackpad,7.15759446031299,20
563,394487149082,50,4,Trackpad,7.962661634349507,20
631,425971333170,50,4,Trackpad,10.71792825212302,20
643,432379164500,50,4,Mouse,5.651655901133117,20
715,466315876226,50,4,Trackpad,16.861152049525323,20
803,496473497245,50,4,Trackpad,11.884016427639247,20
815,498719011200,50,4,Mouse,46.627980546193086,20
835,507283287821,50,4,Trackpad,49.792765918248215,20
947,554310866631,50,4,Mouse,10.273567839699949,20
951,554483397398,50,4,Mouse,6.424560588657951,9
975,559884942136,50,4,Trackpad,7.422973407557732,20
1011,575425482820,50,4,Mouse,8.20572667972025,20
1019,577336943708,50,4,Trackpad,13.209032407012865,20
1055,60516332508,50,4,Trackpad,7.432902035066814,20
1075,609066119184,50,4,Trackpad,22.579202602061443,20
1147,643459252314,50,4,Trackpad,7.50859457664579,20
1163,65172413131,50,4,Mouse,15.611677128635831,20
1171,654411478666,50,4,Mouse,19.195828541486488,20
1187,660965892719,50,4,Trackpad,12.380848774450474,20
1195,664917210582,50,4,Mouse,40.56216727675536,20
1211,667250633006,50,4,Trackpad,11.442053307001734,20
1247,68466946249,50,4,Trackpad,39.29962115517355,20
1459,769001317210,50,4,Mouse,7.022428506324635,20
1467,777654116973,50,4,Trackpad,9.551800053893624,20
1471,780990068335,50,4,Trackpad,3.395655845018039,20
1663,853101398795,50,4,Trackpad,3.31450303141724,20
1695,86995724355,50,4,Mouse,6.8661849544947025,20
1711,875036525540,50,4,Trackpad,6.503860678096889,20
1739,890093759633,50,4,Mouse,6.164191273406666,20
1743,890450031962,50,4,Trackpad,11.03204508931013,20
1751,894260352710,50,4,Trackpad,6.362262097569123,20
1755,894596827216,50,4,Mouse,75.7529789891221,20
1815,92512405244,50,4,Trackpad,4.629198546836862,20
1851,942172447685,50,4,Mouse,3.4071337465980616,20
1855,942594251362,50,4,Mouse,35.35031416933064,20
1915,993857921566,50,4,Mouse,4.9846266674268005,20
1927,995622965740,50,4,Mouse,53.979426438382994,20
16,115921796998,55,5,Mouse,57.110487925578354,20
80,149687730008,55,5,Mouse,51.385006582837455,20
128,175094375154,55,5,Mouse,53.33035048313422,20
132,177578993607,55,5,Trackpad,8.691783387757823,20
152,19706308376,55,5,Mouse,4.175547414294613,20
164,205160485114,55,5,Trackpad,42.416019133338885,20
220,232699431944,55,5,Mouse,16.635395033233543,20
228,234950867248,55,5,Mouse,3.8176467200951394,20
232,238396474858,55,5,Trackpad,8.472570177187048,20
240,242302735568,55,5,Mouse,4.4250995283107954,20
252,245267280377,55,5,Trackpad,3.647003993796213,20
332,284887481713,55,5,Mouse,15.51441412630369,20
416,320314205950,55,5,Mouse,6.868509280350433,20
432,329580827848,55,5,Mouse,69.35233894394305,20
476,353520557284,55,5,Mouse,14.581742297707867,20
496,366977208759,55,5,Trackpad,17.352599049201384,20
540,381467347498,55,5,Mouse,8.773572439056885,20
588,406984957400,55,5,Mouse,22.921331427503883,20
608,415114416275,55,5,Mouse,3.3399599321791085,20
648,437488567084,55,5,Mouse,6.830896183476393,20
700,46445406973,55,5,Mouse,12.841261975910939,20
704,466064047068,55,5,Mouse,7.857453874687299,20
780,488543499493,55,5,Mouse,6.037212610253379,20
824,501492992509,55,5,Trackpad,7.9460039271473955,20
860,52190313348,55,5,Mouse,5.768673226362116,20
876,526302751153,55,5,Mouse,87.52416743584962,20
888,529103524750,55,5,Trackpad,22.031914522023676,20
980,563003797782,55,5,Mouse,4.061753859032569,20
1004,57334981393,55,5,Mouse,11.169539544489107,20
1040,593610742595,55,5,Mouse,12.386498959609327,20
1088,618976041208,55,5,Mouse,12.419916245309235,20
1248,686622809385,55,5,Mouse,7.453642350699752,20
1328,716171277686,55,5,Trackpad,4.882019783644453,20
1332,720725221093,55,5,Trackpad,3.760850803277649,20
1368,740180686814,55,5,Mouse,5.061299783746892,20
1420,75524589512,55,5,Trackpad,11.15340748055121,20
1476,782467008568,55,5,Trackpad,4.485293096530911,20
1500,789176471764,55,5,Mouse,14.20639738615449,20
1536,808518082136,55,5,Trackpad,6.998455436987949,20
1556,814708099700,55,5,Trackpad,3.7505450148726682,20
1608,836360013578,55,5,Mouse,17.185569784535645,20
1636,843157436931,55,5,Mouse,45.502104256997725,20
1676,863832141505,55,5,Trackpad,13.465726755565315,20
1684,866262106690,55,5,Trackpad,10.135049221305666,20
1716,879327289061,55,5,Mouse,6.771750221633358,20
1792,91531718848,55,5,Mouse,24.14269573665348,20
1888,965587163344,55,5,Mouse,91.09968327309099,20
1920,994898098986,55,5,Trackpad,9.485482836020502,20
17,115921796998,65,5,Mouse,8.768039561675362,20
81,149687730008,65,5,Mouse,37.188123148961026,20
129,175094375154,65,5,Mouse,47.074446240920025,20
133,177578993607,65,5,Trackpad,37.86699418187335,20
153,19706308376,65,5,Mouse,7.358947310993553,20
165,205160485114,65,5,Trackpad,4.804194187469246,20
221,232699431944,65,5,Mouse,39.05081462109009,20
229,234950867248,65,5,Mouse,6.1203580781843545,20
233,238396474858,65,5,Trackpad,15.814999169195703,20
241,242302735568,65,5,Mouse,5.994587214082416,20
253,245267280377,65,5,Trackpad,5.577172798945141,20
333,284887481713,65,5,Mouse,8.89667613254836,20
417,320314205950,65,5,Mouse,11.080310225200794,20
433,329580827848,65,5,Mouse,31.42431782466965,20
477,353520557284,65,5,Mouse,3.901596584891622,20
497,366977208759,65,5,Trackpad,11.698266233912534,20
541,381467347498,65,5,Mouse,8.982607255134544,20
589,406984957400,65,5,Mouse,10.198735044005785,20
609,415114416275,65,5,Mouse,3.808357887966393,20
649,437488567084,65,5,Mouse,5.293918263529723,20
701,46445406973,65,5,Mouse,35.66715410397848,20
705,466064047068,65,5,Mouse,4.570706371702662,20
781,488543499493,65,5,Mouse,7.981414582682057,20
825,501492992509,65,5,Trackpad,7.238902591564098,20
861,52190313348,65,5,Mouse,4.276764759672356,20
877,526302751153,65,5,Mouse,106.18588970102302,20
889,529103524750,65,5,Trackpad,18.068591415206754,20
981,563003797782,65,5,Mouse,5.549312549378125,20
1005,57334981393,65,5,Mouse,7.465943601713059,20
1041,593610742595,65,5,Mouse,23.52897280798186,20
1089,618976041208,65,5,Mouse,7.273639503091988,20
1249,686622809385,65,5,Mouse,40.294920978343065,20
1329,716171277686,65,5,Trackpad,4.311926887292035,20
1333,720725221093,65,5,Trackpad,5.374015189998643,20
1369,740180686814,65,5,Mouse,24.53544168637134,20
1421,75524589512,65,5,Trackpad,3.5178943282098243,20
1477,782467008568,65,5,Trackpad,5.108252715633312,20
1501,789176471764,65,5,Mouse,4.921134402375698,20
1537,808518082136,65,5,Trackpad,5.976348028620912,20
1557,814708099700,65,5,Trackpad,4.520573735298874,20
1609,836360013578,65,5,Mouse,34.25325858009865,20
1637,843157436931,65,5,Mouse,29.075040335331003,20
1677,863832141505,65,5,Trackpad,31.634417583846034,20
1685,866262106690,65,5,Trackpad,7.50199466150905,20
1717,879327289061,65,5,Mouse,5.109827430412072,20
1793,91531718848,65,5,Mouse,47.67539374237055,20
1889,965587163344,65,5,Mouse,93.44322247340995,20
1921,994898098986,65,5,Trackpad,2.7844725401551034,20
18,115921796998,75,5,Mouse,52.3542084418882,20
82,149687730008,75,5,Mouse,16.65601102938585,20
130,175094375154,75,5,Mouse,51.3064154748061,20
134,177578993607,75,5,Trackpad,6.055714811044747,20
154,19706308376,75,5,Mouse,6.112437210737953,20
166,205160485114,75,5,Trackpad,4.621837381289983,20
222,232699431944,75,5,Mouse,28.98209322375403,20
230,234950867248,75,5,Mouse,7.671203554178123,20
234,238396474858,75,5,Trackpad,8.450509767228349,20
242,242302735568,75,5,Mouse,6.94121245097735,20
254,245267280377,75,5,Trackpad,11.010061883090321,20
334,284887481713,75,5,Mouse,9.892862457433164,20
418,320314205950,75,5,Mouse,56.69921898681324,20
434,329580827848,75,5,Mouse,21.90997967483216,20
478,353520557284,75,5,Mouse,6.235956549535238,20
498,366977208759,75,5,Trackpad,12.37454868207051,20
542,381467347498,75,5,Mouse,13.104918939740939,20
590,406984957400,75,5,Mouse,21.1256142849155,20
610,415114416275,75,5,Mouse,7.634652051721954,20
650,437488567084,75,5,Mouse,7.164233745897661,20
702,46445406973,75,5,Mouse,34.72974979556493,20
706,466064047068,75,5,Mouse,4.928707127418069,20
782,488543499493,75,5,Mouse,5.116903271180965,20
826,501492992509,75,5,Trackpad,7.521426242893093,20
862,52190313348,75,5,Mouse,11.675340021156916,20
878,526302751153,75,5,Mouse,108.64214236941349,20
890,529103524750,75,5,Trackpad,38.286135096126365,20
982,563003797782,75,5,Mouse,46.6927807721105,20
1006,57334981393,75,5,Mouse,18.671823263412268,20
1042,593610742595,75,5,Mouse,7.664763859112669,20
1090,618976041208,75,5,Mouse,8.522242851187796,20
1250,686622809385,75,5,Mouse,20.942981855068222,20
1330,716171277686,75,5,Trackpad,3.995070349683417,20
1334,720725221093,75,5,Trackpad,40.200272233035605,20
1370,740180686814,75,5,Mouse,37.28550762555845,20
1422,75524589512,75,5,Trackpad,8.085283706120878,20
1478,782467008568,75,5,Trackpad,3.7041339928807604,20
1502,789176471764,75,5,Mouse,65.05193969096055,20
1538,808518082136,75,5,Trackpad,4.051806272424815,20
1558,814708099700,75,5,Trackpad,5.262438638833849,20
1610,836360013578,75,5,Mouse,8.870986226834175,20
1638,843157436931,75,5,Mouse,10.79313770187173,20
1678,863832141505,75,5,Trackpad,21.81699350597364,20
1686,866262106690,75,5,Trackpad,6.179965757736248,20
1718,879327289061,75,5,Mouse,7.261192535691402,20
1794,91531718848,75,5,Mouse,16.128540014104487,20
1890,965587163344,75,5,Mouse,88.4904071375073,20
1922,994898098986,75,5,Trackpad,5.276244495923315,20
19,115921796998,85,5,Mouse,35.11773994149453,20
83,149687730008,85,5,Mouse,44.91815867724735,20
131,175094375154,85,5,Mouse,5.22415345614582,20
135,177578993607,85,5,Trackpad,4.917553469030732,20
155,19706308376,85,5,Mouse,4.915366725050565,20
167,205160485114,85,5,Trackpad,5.732346030450489,20
223,232699431944,85,5,Mouse,14.392284845435338,20
231,234950867248,85,5,Mouse,4.817730675620993,20
235,238396474858,85,5,Trackpad,10.481318331941416,20
243,242302735568,85,5,Mouse,7.490292548260194,20
255,245267280377,85,5,Trackpad,7.483970859790072,20
335,284887481713,85,5,Mouse,9.975398143865798,20
419,320314205950,85,5,Mouse,11.60523035000318,20
435,329580827848,85,5,Mouse,48.653432980973534,20
479,353520557284,85,5,Mouse,5.30803099300866,20
499,366977208759,85,5,Trackpad,7.492706406148794,20
543,381467347498,85,5,Mouse,6.64416611117633,20
591,406984957400,85,5,Mouse,16.094297116518636,20
611,415114416275,85,5,Mouse,12.639187769161522,20
651,437488567084,85,5,Mouse,36.25367972629189,20
703,46445406973,85,5,Mouse,45.36203682362208,20
707,466064047068,85,5,Mouse,6.745209507273425,20
783,488543499493,85,5,Mouse,7.3152521114273625,20
827,501492992509,85,5,Trackpad,6.299235097907563,20
863,52190313348,85,5,Mouse,7.3428895442064706,20
879,526302751153,85,5,Mouse,100.1103849239377,20
891,529103524750,85,5,Trackpad,9.724674099484817,20
983,563003797782,85,5,Mouse,5.848762143557431,20
1007,57334981393,85,5,Mouse,22.585466138055835,20
1043,593610742595,85,5,Mouse,6.205036931806905,20
1091,618976041208,85,5,Mouse,8.620671157848772,20
1251,686622809385,85,5,Mouse,12.86449804449103,20
1331,716171277686,85,5,Trackpad,3.3590038242658866,20
1335,720725221093,85,5,Trackpad,6.5610465441242045,20
1371,740180686814,85,5,Mouse,10.413071496794613,20
1423,75524589512,85,5,Trackpad,7.891963194467504,20
1479,782467008568,85,5,Trackpad,3.411219630524687,20
1503,789176471764,85,5,Mouse,11.10711025774463,20
1539,808518082136,85,5,Trackpad,4.730207569057226,20
1559,814708099700,85,5,Trackpad,3.416199909328852,20
1611,836360013578,85,5,Mouse,41.553050565808704,20
1639,843157436931,85,5,Mouse,13.579048093596517,20
1679,863832141505,85,5,Trackpad,11.955944963451756,20
1687,866262106690,85,5,Trackpad,7.218919513802948,20
1719,879327289061,85,5,Mouse,16.20277140642226,20
1795,91531718848,85,5,Mouse,7.707472942054223,20
1891,965587163344,85,5,Mouse,91.6285080249115,20
1923,994898098986,85,5,Trackpad,5.952765479306319,20
0,104274630779,60,6,Mouse,49.02013265318601,20
20,11866547632,60,6,Trackpad,16.584156651417743,20
36,131377047859,60,6,Trackpad,6.763036751730764,20
48,132760789943,60,6,Mouse,5.894232182513408,20
100,163470105268,60,6,Trackpad,38.768374106815116,20
108,164780952734,60,6,Trackpad,4.686687991689815,20
116,170080221025,60,6,Mouse,38.16417786566239,20
172,208917626878,60,6,Trackpad,28.582042025586095,20
224,232846173923,60,6,Trackpad,4.538063048368326,20
236,239901129854,60,6,Mouse,65.47044441125927,20
288,261405949946,60,6,Mouse,5.512596361176397,20
336,285770176909,60,6,Mouse,8.12601343394034,20
412,31763185048,60,6,Mouse,14.890674803564103,20
464,349368817172,60,6,Mouse,12.984853478377634,20
580,400006499374,60,6,Trackpad,6.285443830539351,20
612,416004814207,60,6,Mouse,6.95850852845601,20
660,448455020785,60,6,Mouse,6.255289485282247,20
720,472660400671,60,6,Mouse,12.230703767821412,20
752,479445978766,60,6,Mouse,27.1780660273057,20
772,486883807927,60,6,Mouse,22.5155316433542,20
828,503219471313,60,6,Mouse,18.796453484582106,20
848,516834058798,60,6,Trackpad,6.454617070057329,20
856,520643238443,60,6,Mouse,4.673903820404218,20
864,522924106102,60,6,Mouse,7.841069406439285,20
884,526791953481,60,6,Trackpad,5.024002737608125,20
956,554797971853,60,6,Trackpad,3.0362972142053852,20
988,56767792906,60,6,Mouse,4.742252906905304,20
1064,607647950528,60,6,Trackpad,6.534558752326612,20
1164,653112237341,60,6,Mouse,11.201700490315584,20
1260,690112326992,60,6,Mouse,39.58548645782916,20
1272,698263481259,60,6,Mouse,13.035494717993103,20
1276,698323606979,60,6,Mouse,14.685172995512538,20
1284,70501195034,60,6,Mouse,23.343399849339924,20
1316,712610918562,60,6,Mouse,5.678964542957779,20
1336,720964792417,60,6,Mouse,14.66434568514315,20
1344,72586384601,60,6,Mouse,33.838732029358525,20
1356,73180105537,60,6,Mouse,23.199422895835966,20
1372,74249908328,60,6,Mouse,5.391503667155187,20
1428,75729007134,60,6,Trackpad,78.24612780518821,20
1528,804624028969,60,6,Mouse,42.219980666133175,20
1544,812418627319,60,6,Mouse,10.834946797748978,20
1596,830310877645,60,6,Mouse,9.942109476637519,20
1620,837611209368,60,6,Trackpad,16.19490322483973,20
1772,906737203476,60,6,Trackpad,6.863444998064899,20
1916,994716872461,60,6,Trackpad,5.164674179573527,20
1936,998236395651,60,6,Mouse,85.84150747806183,20
1,104274630779,70,6,Mouse,19.428647543797897,20
21,11866547632,70,6,Trackpad,3.881693768027441,20
37,131377047859,70,6,Trackpad,4.723561245088976,20
49,132760789943,70,6,Mouse,5.976778041270767,20
101,163470105268,70,6,Trackpad,6.136418126286311,20
109,164780952734,70,6,Trackpad,5.943581578659897,20
117,170080221025,70,6,Mouse,16.120795056060807,20
173,208917626878,70,6,Trackpad,37.33983527449072,20
225,232846173923,70,6,Trackpad,4.067788383350416,20
237,239901129854,70,6,Mouse,86.44704712138325,20
289,261405949946,70,6,Mouse,7.51075926734191,20
337,285770176909,70,6,Mouse,14.03786296100171,20
413,31763185048,70,6,Mouse,6.1063013487051725,20
465,349368817172,70,6,Mouse,8.647668526422798,20
581,400006499374,70,6,Trackpad,42.06679159681827,20
613,416004814207,70,6,Mouse,6.727885826047636,20
661,448455020785,70,6,Mouse,7.666590923629891,20
721,472660400671,70,6,Mouse,7.313736078582571,20
753,479445978766,70,6,Mouse,40.16595650397427,20
773,486883807927,70,6,Mouse,8.924238885020912,20
829,503219471313,70,6,Mouse,20.407831156883123,20
849,516834058798,70,6,Trackpad,7.229598115433658,20
857,520643238443,70,6,Mouse,3.79118034488984,20
865,522924106102,70,6,Mouse,8.559809063674969,20
885,526791953481,70,6,Trackpad,6.227865749341572,20
957,554797971853,70,6,Trackpad,3.868809020886416,20
989,56767792906,70,6,Mouse,5.29481050505471,20
1065,607647950528,70,6,Trackpad,23.890556388284725,20
1165,653112237341,70,6,Mouse,9.470630409269232,20
1261,690112326992,70,6,Mouse,6.976549158385954,20
1273,698263481259,70,6,Mouse,13.895978178197831,20
1277,698323606979,70,6,Mouse,16.244397468125538,20
1285,70501195034,70,6,Mouse,8.413469759417366,20
1317,712610918562,70,6,Mouse,5.352003020128653,20
1337,720964792417,70,6,Mouse,5.80582152788917,20
1345,72586384601,70,6,Mouse,10.192890742087895,20
1357,73180105537,70,6,Mouse,19.139377187746565,20
1373,74249908328,70,6,Mouse,7.5232779264054646,20
1429,75729007134,70,6,Trackpad,97.66476887245915,20
1529,804624028969,70,6,Mouse,9.315403727509157,20
1545,812418627319,70,6,Mouse,27.400997415732107,20
1597,830310877645,70,6,Mouse,16.127461725308166,20
1621,837611209368,70,6,Trackpad,4.844218323935236,20
1773,906737203476,70,6,Trackpad,8.32893161137995,20
1917,994716872461,70,6,Trackpad,6.007732312524068,20
1937,998236395651,70,6,Mouse,82.9280806881587,20
2,104274630779,80,6,Mouse,17.06616825767365,20
22,11866547632,80,6,Trackpad,5.599836466144378,20
38,131377047859,80,6,Trackpad,6.027487989730206,20
50,132760789943,80,6,Mouse,5.384693915391731,20
102,163470105268,80,6,Trackpad,12.655784374056617,20
110,164780952734,80,6,Trackpad,5.037729074449728,20
118,170080221025,80,6,Mouse,19.337694596938938,20
174,208917626878,80,6,Trackpad,41.25447701020438,20
226,232846173923,80,6,Trackpad,9.268050799817289,20
238,239901129854,80,6,Mouse,78.72752109990567,20
290,261405949946,80,6,Mouse,5.953487131109497,20
338,285770176909,80,6,Mouse,6.6214025300398,20
414,31763185048,80,6,Mouse,5.250263543780226,20
466,349368817172,80,6,Mouse,14.6681358288456,20
582,400006499374,80,6,Trackpad,6.758474389422652,20
614,416004814207,80,6,Mouse,6.80716309876523,20
662,448455020785,80,6,Mouse,5.446563861925084,20
722,472660400671,80,6,Mouse,4.903154751932823,20
754,479445978766,80,6,Mouse,19.06483882499852,20
774,486883807927,80,6,Mouse,12.445969485933176,20
830,503219471313,80,6,Mouse,15.919214095007545,20
850,516834058798,80,6,Trackpad,11.770134744005249,20
858,520643238443,80,6,Mouse,4.810455126334867,20
866,522924106102,80,6,Mouse,9.353157163848865,20
886,526791953481,80,6,Trackpad,15.365172277802682,20
958,554797971853,80,6,Trackpad,2.615074440703582,20
990,56767792906,80,6,Mouse,6.2724683768263425,20
1066,607647950528,80,6,Trackpad,3.4518370296423484,20
1166,653112237341,80,6,Mouse,6.852214133547362,20
1262,690112326992,80,6,Mouse,13.03292779251337,20
1274,698263481259,80,6,Mouse,20.925713089312,20
1278,698323606979,80,6,Mouse,4.829619935183664,20
1286,70501195034,80,6,Mouse,6.818606703025341,20
1318,712610918562,80,6,Mouse,6.871327706982361,20
1338,720964792417,80,6,Mouse,5.674125463007677,20
1346,72586384601,80,6,Mouse,11.076028067453658,20
1358,73180105537,80,6,Mouse,24.600469373036404,20
1374,74249908328,80,6,Mouse,5.83590596893327,20
1430,75729007134,80,6,Trackpad,70.73729788628606,20
1530,804624028969,80,6,Mouse,14.19071639487796,20
1546,812418627319,80,6,Mouse,18.356168027240944,20
1598,830310877645,80,6,Mouse,6.514795309119159,20
1622,837611209368,80,6,Trackpad,4.036791532949798,20
1774,906737203476,80,6,Trackpad,4.371322034435521,20
1918,994716872461,80,6,Trackpad,16.18826338259496,20
1938,998236395651,80,6,Mouse,81.38498230289972,20
3,104274630779,90,6,Mouse,20.380587104752806,20
23,11866547632,90,6,Trackpad,4.689164125486465,20
39,131377047859,90,6,Trackpad,6.045628561235348,20
51,132760789943,90,6,Mouse,3.2538747567790347,20
103,163470105268,90,6,Trackpad,24.164099044489397,20
111,164780952734,90,6,Trackpad,10.909515254511849,20
119,170080221025,90,6,Mouse,10.119585869384274,20
175,208917626878,90,6,Trackpad,10.093116422896127,20
227,232846173923,90,6,Trackpad,10.209607288861351,20
239,239901129854,90,6,Mouse,86.75155670225048,20
291,261405949946,90,6,Mouse,5.106743509813771,20
339,285770176909,90,6,Mouse,5.502204430326989,20
415,31763185048,90,6,Mouse,5.2669393261791875,20
467,349368817172,90,6,Mouse,10.170157546286898,20
583,400006499374,90,6,Trackpad,6.496510397927242,20
615,416004814207,90,6,Mouse,5.853845259059916,20
663,448455020785,90,6,Mouse,13.816412480109074,20
723,472660400671,90,6,Mouse,4.9223175978574965,20
755,479445978766,90,6,Mouse,32.4521592668813,20
775,486883807927,90,6,Mouse,12.552115947050792,20
831,503219471313,90,6,Mouse,3.2505678802268108,20
851,516834058798,90,6,Trackpad,9.710298576483364,20
859,520643238443,90,6,Mouse,3.863345585722508,20
867,522924106102,90,6,Mouse,19.031651033874898,20
887,526791953481,90,6,Trackpad,29.00856340066332,20
959,554797971853,90,6,Trackpad,4.1982045920936475,20
991,56767792906,90,6,Mouse,5.622616330478595,20
1067,607647950528,90,6,Trackpad,3.7725273609963987,20
1167,653112237341,90,6,Mouse,9.555744702887766,20
1263,690112326992,90,6,Mouse,16.26209149664543,20
1275,698263481259,90,6,Mouse,8.315842512308375,20
1279,698323606979,90,6,Mouse,5.216541422725614,20
1287,70501195034,90,6,Mouse,11.520030806216841,20
1319,712610918562,90,6,Mouse,6.349194242886829,20
1339,720964792417,90,6,Mouse,7.177638781012729,20
1347,72586384601,90,6,Mouse,29.024890887757344,20
1359,73180105537,90,6,Mouse,19.058184312757845,20
1375,74249908328,90,6,Mouse,6.747705116772255,20
1431,75729007134,90,6,Trackpad,91.74998043807629,20
1531,804624028969,90,6,Mouse,6.015993504610685,20
1547,812418627319,90,6,Mouse,27.5731625420792,20
1599,830310877645,90,6,Mouse,6.965496896292854,20
1623,837611209368,90,6,Trackpad,4.732579501990623,20
1775,906737203476,90,6,Trackpad,5.34175636730248,20
1919,994716872461,90,6,Trackpad,4.420584087904977,20
1939,998236395651,90,6,Mouse,57.60231746371802,20
24,119388378225,95,7,Trackpad,3.070654686581709,20
72,142243756214,95,7,Trackpad,6.047784329270087,20
84,154695465695,95,7,Trackpad,4.449116419024451,20
124,172440417576,95,7,Mouse,5.082404776842927,20
168,206032965332,95,7,Trackpad,9.150551526963202,20
280,258433481445,95,7,Trackpad,17.541403179029157,20
312,270836319308,95,7,Trackpad,10.228748814310713,20
364,295092569896,95,7,Mouse,9.685691170164619,20
372,300018938491,95,7,Mouse,4.688472320918868,20
400,314153794897,95,7,Mouse,10.140103228360834,20
516,372902434784,95,7,Mouse,11.410896852201235,20
520,374362493632,95,7,Trackpad,24.527498406020086,20
568,395156049868,95,7,Trackpad,7.201153345759065,20
600,412116680061,95,7,Mouse,25.847341886039807,20
632,426775530911,95,7,Mouse,10.810239808899409,20
688,455411954782,95,7,Mouse,6.709436719781011,20
756,482715387130,95,7,Mouse,2.31042462469672,20
788,491690849186,95,7,Trackpad,4.743513594404971,20
820,500659405486,95,7,Trackpad,5.423789377627703,20
844,515614103525,95,7,Trackpad,6.66537316213952,20
892,529356644721,95,7,Mouse,47.33933748846883,20
920,538891392759,95,7,Mouse,19.17544483936189,20
1028,588954061502,95,7,Mouse,81.07631485245363,20
1096,621998446062,95,7,Trackpad,5.577872625887656,20
1104,624326525488,95,7,Trackpad,10.656144901596308,20
1128,630191511008,95,7,Mouse,11.109810414643732,20
1156,650598146952,95,7,Mouse,31.342779555992696,20
1232,678681607125,95,7,Trackpad,10.124240316541533,20
1240,679935650900,95,7,Trackpad,5.983158527929629,20
1264,69378932239,95,7,Trackpad,9.193252419653966,20
1292,707165035419,95,7,Trackpad,9.20833770529765,20
1300,709011816186,95,7,Trackpad,5.426281344262001,20
1304,710075415438,95,7,Trackpad,5.751278417220758,20
1396,750330077949,95,7,Trackpad,29.77213669253141,20
1548,813273714622,95,7,Mouse,6.463573872897835,20
1588,826551196165,95,7,Mouse,11.927779806046773,20
1640,84703686414,95,7,Mouse,10.052849632327678,20
1644,850329221459,95,7,Trackpad,7.477600356069883,20
1648,851634270977,95,7,Mouse,14.138879180135216,20
1652,852150209946,95,7,Mouse,6.235061721713319,20
1656,852626928128,95,7,Mouse,8.664502760148622,20
1712,876915090018,95,7,Trackpad,118.64495744369705,20
1776,911029371665,95,7,Mouse,4.131514999959619,20
1780,914010886568,95,7,Trackpad,5.634742684491594,20
1788,91524953255,95,7,Trackpad,15.388621749999617,20
1796,915339582134,95,7,Mouse,6.037137163090076,20
1836,933626258280,95,7,Mouse,3.846052218121771,20
1844,94212257303,95,7,Mouse,9.147931079697633,20
1928,996413567103,95,7,,6.3005403139417915,16
1940,99897861946,95,7,Mouse,10.730709842367919,20
25,119388378225,105,7,Trackpad,3.3676031392135646,20
73,142243756214,105,7,Trackpad,4.695467532097589,20
85,154695465695,105,7,Trackpad,5.592555418856353,20
125,172440417576,105,7,Mouse,6.25098980303689,20
169,206032965332,105,7,Trackpad,24.108578226593885,20
281,258433481445,105,7,Trackpad,24.283427193624043,20
313,270836319308,105,7,Trackpad,16.62751460708915,20
365,295092569896,105,7,Mouse,5.580981395494798,20
373,300018938491,105,7,Mouse,11.846193519190436,20
401,314153794897,105,7,Mouse,8.483955450544208,20
517,372902434784,105,7,Mouse,43.38557938349216,20
521,374362493632,105,7,Trackpad,73.12251616930271,20
569,395156049868,105,7,Trackpad,8.901411712138781,20
601,412116680061,105,7,Mouse,13.435721574237409,20
633,426775530911,105,7,Mouse,21.743471490311997,20
689,455411954782,105,7,Mouse,12.146621268047284,20
757,482715387130,105,7,Mouse,5.548407559570983,20
789,491690849186,105,7,Trackpad,5.495122185312823,20
821,500659405486,105,7,Trackpad,4.13291987049043,20
845,515614103525,105,7,Trackpad,21.346794447531185,20
893,529356644721,105,7,Mouse,8.631870703972705,20
921,538891392759,105,7,Mouse,14.798819662435259,20
1029,588954061502,105,7,Mouse,71.58694586515813,20
1097,621998446062,105,7,Trackpad,7.514069963465271,20
1105,624326525488,105,7,Trackpad,5.127439159360843,20
1129,630191511008,105,7,Mouse,10.567995677382797,20
1157,650598146952,105,7,Mouse,41.81516398372242,20
1233,678681607125,105,7,Trackpad,10.948185919232726,20
1241,679935650900,105,7,Trackpad,5.230993165143989,20
1265,69378932239,105,7,Trackpad,6.0694850649703715,20
1293,707165035419,105,7,Trackpad,9.888254877463767,20
1301,709011816186,105,7,Trackpad,4.474814374135386,20
1305,710075415438,105,7,Trackpad,12.262029299245366,20
1397,750330077949,105,7,Trackpad,17.41430256829788,20
1549,813273714622,105,7,Mouse,6.8567114285733775,20
1589,826551196165,105,7,Mouse,14.891088161002706,20
1641,84703686414,105,7,Mouse,5.09477829640016,20
1645,850329221459,105,7,Trackpad,6.656489484496237,20
1649,851634270977,105,7,Mouse,18.853023095441213,20
1653,852150209946,105,7,Mouse,23.611172030869774,20
1657,852626928128,105,7,Mouse,13.735011885142494,20
1713,876915090018,105,7,Trackpad,72.38968861339795,20
1777,911029371665,105,7,Mouse,9.61186474917637,20
1781,914010886568,105,7,Trackpad,5.474156949100059,20
1789,91524953255,105,7,Trackpad,34.70171304112508,20
1797,915339582134,105,7,Mouse,4.486789783760167,20
1837,933626258280,105,7,Mouse,20.783259947535115,20
1845,94212257303,105,7,Mouse,8.959042832068247,20
1929,996413567103,105,7,,3.581059497268914,15
1941,99897861946,105,7,Mouse,8.177737531570559,20
26,119388378225,115,7,Trackpad,5.106289162186237,20
74,142243756214,115,7,Trackpad,3.0778464883244356,20
86,154695465695,115,7,Trackpad,8.474587485828529,20
126,172440417576,115,7,Mouse,4.1953627360790415,20
170,206032965332,115,7,Trackpad,9.62930699516593,20
282,258433481445,115,7,Trackpad,15.415598748173611,20
314,270836319308,115,7,Trackpad,4.212325033447127,20
366,295092569896,115,7,Mouse,22.050179889532327,20
374,300018938491,115,7,Mouse,4.369392729912675,20
402,314153794897,115,7,Mouse,9.734408317868246,20
518,372902434784,115,7,Mouse,23.81316422705794,20
522,374362493632,115,7,Trackpad,43.57646073514078,20
570,395156049868,115,7,Trackpad,5.379938802964946,20
602,412116680061,115,7,Mouse,8.4321139878125,20
634,426775530911,115,7,Mouse,5.376739912979057,20
690,455411954782,115,7,Mouse,14.5177375212256,20
758,482715387130,115,7,Mouse,8.552542936335037,20
790,491690849186,115,7,Trackpad,4.517727576654416,20
822,500659405486,115,7,Trackpad,3.9007167350713248,20
846,515614103525,115,7,Trackpad,39.398716809292694,20
894,529356644721,115,7,Mouse,51.683296611555036,20
922,538891392759,115,7,Mouse,9.741703022949686,20
1030,588954061502,115,7,Mouse,5.759673873455796,20
1098,621998446062,115,7,Trackpad,4.2369384055418005,20
1106,624326525488,115,7,Trackpad,9.101111420044706,20
1130,630191511008,115,7,Mouse,9.112745758262298,20
1158,650598146952,115,7,Mouse,19.905173881910116,20
1234,678681607125,115,7,Trackpad,8.969431435061512,20
1242,679935650900,115,7,Trackpad,5.471272269817925,20
1266,69378932239,115,7,Trackpad,7.933391571466427,20
1294,707165035419,115,7,Trackpad,10.403492721712173,20
1302,709011816186,115,7,Trackpad,5.7660455861169995,20
1306,710075415438,115,7,Trackpad,38.96391244930079,20
1398,750330077949,115,7,Trackpad,9.857476588070375,20
1550,813273714622,115,7,Mouse,5.99565820674908,20
1590,826551196165,115,7,Mouse,8.583405753907838,20
1642,84703686414,115,7,Mouse,13.934140373319291,20
1646,850329221459,115,7,Trackpad,11.835926196978134,20
1650,851634270977,115,7,Mouse,6.923949521818447,20
1654,852150209946,115,7,Mouse,7.864189734583459,20
1658,852626928128,115,7,Mouse,5.444034897302922,20
1714,876915090018,115,7,Trackpad,28.913943946671147,20
1778,911029371665,115,7,Mouse,10.442354639708594,20
1782,914010886568,115,7,Trackpad,6.509074886594505,20
1790,91524953255,115,7,Trackpad,6.532179796559292,20
1798,915339582134,115,7,Mouse,5.279467527165576,20
1838,933626258280,115,7,Mouse,3.181572074013527,20
1846,94212257303,115,7,Mouse,152.49916142165054,20
1930,996413567103,115,7,,5.040805137274375,15
1942,99897861946,115,7,Mouse,11.809015117234992,20
27,119388378225,125,7,Trackpad,8.312615400948088,20
75,142243756214,125,7,Trackpad,5.286508413518674,20
87,154695465695,125,7,Trackpad,6.229911551308794,20
127,172440417576,125,7,Mouse,7.607788024981042,20
171,206032965332,125,7,Trackpad,20.98375118187612,20
283,258433481445,125,7,Trackpad,10.354127754597847,20
315,270836319308,125,7,Trackpad,4.181282191968977,20
367,295092569896,125,7,Mouse,9.059974435484436,20
375,300018938491,125,7,Mouse,8.764752102391375,20
403,314153794897,125,7,Mouse,8.461618739554378,20
519,372902434784,125,7,Mouse,11.470716292462733,20
523,374362493632,125,7,Trackpad,63.85114293758577,20
571,395156049868,125,7,Trackpad,8.82904430774209,20
603,412116680061,125,7,Mouse,9.154500563926005,20
635,426775530911,125,7,Mouse,7.210730763794551,20
691,455411954782,125,7,Mouse,21.157581160310333,20
759,482715387130,125,7,Mouse,2.9824165408516956,20
791,491690849186,125,7,Trackpad,22.492711980818633,20
823,500659405486,125,7,Trackpad,5.304751918213235,20
847,515614103525,125,7,Trackpad,6.710452030928894,20
895,529356644721,125,7,Mouse,18.016557203211356,20
923,538891392759,125,7,Mouse,10.166133465228842,20
1031,588954061502,125,7,Mouse,67.22463558833094,20
1099,621998446062,125,7,Trackpad,7.781972876547787,20
1107,624326525488,125,7,Trackpad,18.751784969465376,20
1131,630191511008,125,7,Mouse,12.64407375487916,20
1159,650598146952,125,7,Mouse,13.96895931864676,20
1235,678681607125,125,7,Trackpad,24.0583208567279,20
1243,679935650900,125,7,Trackpad,7.062342079748487,20
1267,69378932239,125,7,Trackpad,5.402953183582662,20
1295,707165035419,125,7,Trackpad,8.945196158296929,20
1303,709011816186,125,7,Trackpad,3.3617035378737805,20
1307,710075415438,125,7,Trackpad,21.574037522866885,20
1399,750330077949,125,7,Trackpad,9.644592521469743,20
1551,813273714622,125,7,Mouse,8.920262443346674,20
1591,826551196165,125,7,Mouse,7.430857039117336,20
1643,84703686414,125,7,Mouse,9.903599202165477,20
1647,850329221459,125,7,Trackpad,6.399275626421834,20
1651,851634270977,125,7,Mouse,9.845648051070834,20
1655,852150209946,125,7,Mouse,6.610770668581021,20
1659,852626928128,125,7,Mouse,8.366689769835128,20
1715,876915090018,125,7,Trackpad,61.55133005342171,20
1779,911029371665,125,7,Mouse,29.208580485224743,20
1783,914010886568,125,7,Trackpad,13.630565374592123,20
1791,91524953255,125,7,Trackpad,8.474965091101945,20
1799,915339582134,125,7,Mouse,4.1966940330962075,20
1839,933626258280,125,7,Mouse,1.729140819200296,20
1847,94212257303,125,7,Mouse,8.51420678886598,20
1931,996413567103,125,7,,5.317599461289825,15
1943,99897861946,125,7,Mouse,10.988745060792475,20
4,108424307545,100,8,Mouse,8.818890831994537,20
44,132109080906,100,8,Mouse,5.757604351535217,20
60,140384659403,100,8,Mouse,10.008607538147885,20
76,146859203465,100,8,Trackpad,28.200317518208166,20
144,186217949958,100,8,Mouse,7.397784055243105,20
184,211445384891,100,8,Mouse,11.125807870355812,20
204,220885766670,100,8,Mouse,4.400314570891824,20
256,245556890498,100,8,Mouse,9.981515953553044,20
268,251308053499,100,8,Trackpad,8.555098598237684,20
276,25723101804,100,8,Mouse,8.368005819178832,20
284,260547727346,100,8,Trackpad,4.997133774978401,20
292,263123473152,100,8,Trackpad,5.47907479453763,20
304,264130884315,100,8,Mouse,7.949055830306674,20
320,277495261980,100,8,Mouse,55.86261426915492,20
348,288731469074,100,8,Mouse,28.329353739392705,20
440,334186456864,100,8,Mouse,5.825602079525228,20
484,35938706947,100,8,Mouse,5.164808654547859,20
532,37822414888,100,8,Mouse,13.05131212279168,20
664,448933199979,100,8,Mouse,14.156317761929838,20
732,47769424039,100,8,Trackpad,20.54039129138921,20
764,484121365239,100,8,Mouse,69.68645533459517,20
796,49237847328,100,8,Mouse,11.443723232739956,20
808,498265361879,100,8,Trackpad,6.4073017996995745,20
872,525743780657,100,8,Mouse,10.19820496665243,20
900,530361538287,100,8,Trackpad,7.59745916525987,20
912,536445911973,100,8,Mouse,12.095409441851144,20
928,543766975635,100,8,Trackpad,5.867536406474618,20
932,549097653944,100,8,Mouse,4.2219532835138125,20
960,555482115829,100,8,Mouse,5.465297313879329,20
968,558537738863,100,8,Trackpad,10.718670994650017,20
1116,625957949785,100,8,Trackpad,5.792398041754234,20
1136,637138033052,100,8,Mouse,22.673299324533232,20
1236,67981741856,100,8,Mouse,4.83486445027993,20
1268,694313736399,100,8,Trackpad,4.768829710514411,20
1296,708731377264,100,8,Mouse,5.259206993095869,20
1340,724549951264,100,8,Mouse,5.28759687065302,20
1360,735366842709,100,8,Mouse,16.903134459372765,20
1484,786308519775,100,8,Mouse,99.72022616512953,20
1564,81991281593,100,8,Trackpad,7.933020666214763,20
1624,837816405575,100,8,Trackpad,5.7928354472830295,20
1724,881354056065,100,8,Trackpad,7.42044931543803,20
1732,883556332206,100,8,Mouse,7.850168298679374,20
1744,891532907728,100,8,Trackpad,3.887402484443959,20
1760,897928518708,100,8,Mouse,7.3620760001472805,20
1764,898031750461,100,8,Trackpad,7.547594168770305,20
1768,905631664907,100,8,Trackpad,4.306835230297512,20
1828,929164172383,100,8,Mouse,11.163012227889032,20
1872,952593450434,100,8,Trackpad,3.6705251670448122,20
5,108424307545,110,8,Mouse,7.158345354551256,20
45,132109080906,110,8,Mouse,7.193859459591915,20
61,140384659403,110,8,Mouse,12.163156469441052,20
77,146859203465,110,8,Trackpad,3.893691539948309,20
145,186217949958,110,8,Mouse,5.313846217607551,20
185,211445384891,110,8,Mouse,14.732112984902876,20
205,220885766670,110,8,Mouse,6.504539700030518,20
257,245556890498,110,8,Mouse,16.833359678669314,20
269,251308053499,110,8,Trackpad,7.122544233304922,20
277,25723101804,110,8,Mouse,6.214534912428848,20
285,260547727346,110,8,Trackpad,5.058341553149083,20
293,263123473152,110,8,Trackpad,7.646995690629081,20
305,264130884315,110,8,Mouse,11.222447045660195,20
321,277495261980,110,8,Mouse,3.746981576254836,20
349,288731469074,110,8,Mouse,13.175324504933448,20
441,334186456864,110,8,Mouse,6.651123966750764,20
485,35938706947,110,8,Mouse,10.934927164219891,20
533,37822414888,110,8,Mouse,8.467180843045245,20
665,448933199979,110,8,Mouse,12.54560363073104,20
733,47769424039,110,8,Trackpad,4.733669592596375,20
765,484121365239,110,8,Mouse,68.98504282885193,20
797,49237847328,110,8,Mouse,48.360685643350024,20
809,498265361879,110,8,Trackpad,5.405768463126864,20
873,525743780657,110,8,Mouse,5.633248480431004,20
901,530361538287,110,8,Trackpad,6.552842096755477,20
913,536445911973,110,8,Mouse,15.307338569813863,20
929,543766975635,110,8,Trackpad,6.768173174357629,20
933,549097653944,110,8,Mouse,6.370924731049462,20
961,555482115829,110,8,Mouse,6.091097444662921,20
969,558537738863,110,8,Trackpad,16.949193309956442,20
1117,625957949785,110,8,Trackpad,4.847162183765267,20
1137,637138033052,110,8,Mouse,9.836008072585619,20
1237,67981741856,110,8,Mouse,5.813430420826076,20
1269,694313736399,110,8,Trackpad,5.195039891711109,20
1297,708731377264,110,8,Mouse,4.08363276569497,20
1341,724549951264,110,8,Mouse,7.5047295907631915,20
1361,735366842709,110,8,Mouse,10.230700470533556,20
1485,786308519775,110,8,Mouse,115.22983784946915,20
1565,81991281593,110,8,Trackpad,6.708290985287308,20
1625,837816405575,110,8,Trackpad,3.9383361534020085,20
1725,881354056065,110,8,Trackpad,6.320150273102729,20
1733,883556332206,110,8,Mouse,13.411926239608206,20
1745,891532907728,110,8,Trackpad,4.214546478440004,20
1761,897928518708,110,8,Mouse,5.834050255943987,20
1765,898031750461,110,8,Trackpad,10.790994372098234,20
1769,905631664907,110,8,Trackpad,7.001956749781177,20
1829,929164172383,110,8,Mouse,15.179015818546437,20
1873,952593450434,110,8,Trackpad,3.9075428832949193,20
6,108424307545,120,8,Mouse,5.393081588430371,20
46,132109080906,120,8,Mouse,17.66146970871468,20
62,140384659403,120,8,Mouse,5.609332581464721,20
78,146859203465,120,8,Trackpad,6.64434652225408,20
146,186217949958,120,8,Mouse,6.6920068608881715,20
186,211445384891,120,8,Mouse,10.928853883417467,20
206,220885766670,120,8,Mouse,6.181091231614166,20
258,245556890498,120,8,Mouse,11.20507749513135,20
270,251308053499,120,8,Trackpad,17.089633966153684,20
278,25723101804,120,8,Mouse,8.15058374176887,20
286,260547727346,120,8,Trackpad,17.664068331789423,20
294,263123473152,120,8,Trackpad,6.364269447575867,20
306,264130884315,120,8,Mouse,30.874150603815455,20
322,277495261980,120,8,Mouse,6.043707420108991,20
350,288731469074,120,8,Mouse,6.266308333095053,20
442,334186456864,120,8,Mouse,8.142571075013203,20
486,35938706947,120,8,Mouse,6.42031800905253,20
534,37822414888,120,8,Mouse,7.115357091244178,20
666,448933199979,120,8,Mouse,8.618902256393136,20
734,47769424039,120,8,Trackpad,24.382350295498075,20
766,484121365239,120,8,Mouse,66.8268567560987,20
798,49237847328,120,8,Mouse,9.45836144320824,20
810,498265361879,120,8,Trackpad,6.826003226026989,20
874,525743780657,120,8,Mouse,8.65206891315656,20
902,530361538287,120,8,Trackpad,5.8748722598116885,20
914,536445911973,120,8,Mouse,7.088734353271645,20
930,543766975635,120,8,Trackpad,34.258721689536614,20
934,549097653944,120,8,Mouse,6.229772741840449,20
962,555482115829,120,8,Mouse,7.4871693255738725,20
970,558537738863,120,8,Trackpad,47.18362659893199,20
1118,625957949785,120,8,Trackpad,5.27924812734856,20
1138,637138033052,120,8,Mouse,18.626587660227862,20
1238,67981741856,120,8,Mouse,4.683593763761316,20
1270,694313736399,120,8,Trackpad,4.687201389334785,20
1298,708731377264,120,8,Mouse,3.8626500647390856,20
1342,724549951264,120,8,Mouse,14.96340338844694,20
1362,735366842709,120,8,Mouse,18.83875661543839,20
1486,786308519775,120,8,Mouse,60.60746554803382,20
1566,81991281593,120,8,Trackpad,8.748957236906557,20
1626,837816405575,120,8,Trackpad,6.774379821115798,20
1726,881354056065,120,8,Trackpad,6.582652951099038,20
1734,883556332206,120,8,Mouse,8.813813112815732,20
1746,891532907728,120,8,Trackpad,38.351983778897605,20
1762,897928518708,120,8,Mouse,5.25651672286267,20
1766,898031750461,120,8,Trackpad,7.7969133331262,20
1770,905631664907,120,8,Trackpad,4.6886529974640485,20
1830,929164172383,120,8,Mouse,23.740420957496234,20
1874,952593450434,120,8,Trackpad,5.165053064186945,20
7,108424307545,130,8,Mouse,5.994283225393949,20
47,132109080906,130,8,Mouse,12.630277921974088,20
63,140384659403,130,8,Mouse,7.07826050925805,20
79,146859203465,130,8,Trackpad,7.534268337790611,20
147,186217949958,130,8,Mouse,10.08263877412637,20
187,211445384891,130,8,Mouse,13.210892001820072,20
207,220885766670,130,8,Mouse,6.46967969638476,20
259,245556890498,130,8,Mouse,7.401447680655329,20
271,251308053499,130,8,Trackpad,3.7097964364662186,20
279,25723101804,130,8,Mouse,8.625213115000344,20
287,260547727346,130,8,Trackpad,21.75390368197874,20
295,263123473152,130,8,Trackpad,5.625139488432078,20
307,264130884315,130,8,Mouse,7.489443819210877,20
323,277495261980,130,8,Mouse,5.870189790070455,20
351,288731469074,130,8,Mouse,33.083418824979866,20
443,334186456864,130,8,Mouse,4.02287293871373,20
487,35938706947,130,8,Mouse,17.80793867491513,20
535,37822414888,130,8,Mouse,9.691528091844939,20
667,448933199979,130,8,Mouse,12.56273853555322,20
735,47769424039,130,8,Trackpad,5.6475673975831375,20
767,484121365239,130,8,Mouse,55.166878080078895,20
799,49237847328,130,8,Mouse,10.8093767838968,20
811,498265361879,130,8,Trackpad,8.931186919311862,20
875,525743780657,130,8,Mouse,7.446652771148113,20
903,530361538287,130,8,Trackpad,18.414545710840063,20
915,536445911973,130,8,Mouse,11.657520881157977,20
931,543766975635,130,8,Trackpad,14.662270102283413,20
935,549097653944,130,8,Mouse,78.6011655102491,20
963,555482115829,130,8,Mouse,6.480842952336455,20
971,558537738863,130,8,Trackpad,32.147528692861215,20
1119,625957949785,130,8,Trackpad,6.779149987105559,20
1139,637138033052,130,8,Mouse,13.70345366515012,20
1239,67981741856,130,8,Mouse,7.504383370393049,20
1271,694313736399,130,8,Trackpad,6.596743336912023,20
1299,708731377264,130,8,Mouse,6.153478124879857,20
1343,724549951264,130,8,Mouse,9.319211796711771,20
1363,735366842709,130,8,Mouse,44.819009462449245,20
1487,786308519775,130,8,Mouse,66.80241508238984,20
1567,81991281593,130,8,Trackpad,4.767594658487817,20
1627,837816405575,130,8,Trackpad,7.633954262889536,20
1727,881354056065,130,8,Trackpad,8.086836918492919,20
1735,883556332206,130,8,Mouse,14.408296133607761,20
1747,891532907728,130,8,Trackpad,4.533292927356365,20
1763,897928518708,130,8,Mouse,5.585406405101912,20
1767,898031750461,130,8,Trackpad,30.126439218622476,20
1771,905631664907,130,8,Trackpad,6.273366525358176,20
1831,929164172383,130,8,Mouse,10.063018325222606,20
1875,952593450434,130,8,Trackpad,5.098703043016985,20
120,1721418462,135,9,Trackpad,11.955400666326847,20
192,214060187805,135,9,Mouse,6.614195542241162,20
208,230769543210,135,9,Mouse,9.567754701235792,20
260,247101632412,135,9,Mouse,6.031848631668236,20
352,290626679547,135,9,Mouse,8.731290437184617,20
356,290656034369,135,9,Trackpad,6.584938597179812,20
360,292629866395,135,9,Trackpad,4.28615758456642,20
396,313978052698,135,9,Trackpad,6.510018719111861,20
404,314581190701,135,9,Trackpad,6.414556250145893,20
436,333479267545,135,9,Trackpad,9.735959780653532,20
444,33616929547,135,9,Mouse,13.827007364456176,20
536,381056854035,135,9,Trackpad,39.759927905842,20
564,395056795561,135,9,Trackpad,6.0865040816426506,20
592,408276378177,135,9,Mouse,22.251644613631328,20
616,418817504309,135,9,Mouse,18.120211024653504,20
636,427979396888,135,9,Mouse,60.43363281271256,20
652,439513294491,135,9,Trackpad,5.9212548441094395,20
668,450251729693,135,9,Mouse,5.87517071479895,20
676,451075873570,135,9,Mouse,10.690118124142087,20
748,479406978469,135,9,Mouse,5.670951126507673,20
760,482947064097,135,9,Mouse,6.799418264603279,20
776,488179284147,135,9,Mouse,5.761380726869915,20
904,530454018851,135,9,Mouse,50.55603688514071,20
1020,587319151731,135,9,Trackpad,6.184095055055595,20
1056,606417353264,135,9,Trackpad,75.95252094761987,20
1080,611182001186,135,9,Mouse,11.689785225491082,20
1132,631329533178,135,9,Mouse,97.81904987673956,20
1224,672964076977,135,9,Trackpad,9.70022402479331,20
1256,689640711294,135,9,Mouse,7.253639234655903,20
1380,747798201628,135,9,Mouse,5.913051863078306,20
1436,759023618418,135,9,Trackpad,9.70364470046229,20
1504,794821160379,135,9,Trackpad,4.167698505076125,20
1568,821109032956,135,9,Mouse,7.6727205093541055,20
1580,823657240718,135,9,Trackpad,5.264161346705739,20
1592,828356987563,135,9,Trackpad,13.629829834117988,20
1604,831461226101,135,9,Mouse,23.328175057747238,20
1612,836667074589,135,9,Mouse,10.219649280111415,20
1616,836677602492,135,9,Mouse,10.42244336186214,20
1632,842916191322,135,9,Mouse,7.4460427912019505,20
1668,857258294243,135,9,Mouse,7.990984660299308,20
1672,863045202801,135,9,Mouse,41.65305691521449,20
1704,87299142964,135,9,Mouse,16.25830629069164,20
1720,879490296822,135,9,Trackpad,6.298029733505703,20
1840,934420693200,135,9,Mouse,5.764236531208615,20
1856,942895571934,135,9,Mouse,8.910681317617284,20
1860,945312269032,135,9,Mouse,9.687647767743124,20
1876,952949011931,135,9,Mouse,17.776585317360926,20
1900,982415887992,135,9,Mouse,3.6073483947104616,20
121,1721418462,145,9,Trackpad,6.9105539729697005,20
193,214060187805,145,9,Mouse,8.2327293913866,20
209,230769543210,145,9,Mouse,11.581154731796314,20
261,247101632412,145,9,Mouse,7.052756282105548,20
353,290626679547,145,9,Mouse,20.04289795720113,20
357,290656034369,145,9,Trackpad,13.265852794629778,20
361,292629866395,145,9,Trackpad,4.441023409055419,20
397,313978052698,145,9,Trackpad,6.071247391710511,20
405,314581190701,145,9,Trackpad,3.4565929967795435,20
437,333479267545,145,9,Trackpad,8.37280931456768,20
445,33616929547,145,9,Mouse,29.25180213561858,20
537,381056854035,145,9,Trackpad,24.99971531788567,20
565,395056795561,145,9,Trackpad,3.833967832688139,20
593,408276378177,145,9,Mouse,8.213705019333904,20
617,418817504309,145,9,Mouse,29.95217130325545,20
637,427979396888,145,9,Mouse,46.63756696020169,20
653,439513294491,145,9,Trackpad,9.277372300213019,20
669,450251729693,145,9,Mouse,24.48195576908751,20
677,451075873570,145,9,Mouse,23.337369654679435,20
749,479406978469,145,9,Mouse,6.2377951824095215,20
761,482947064097,145,9,Mouse,7.59493064067443,20
777,488179284147,145,9,Mouse,7.107539616490335,20
905,530454018851,145,9,Mouse,40.27252693557316,20
1021,587319151731,145,9,Trackpad,5.977539094861536,20
1057,606417353264,145,9,Trackpad,43.6676506327516,20
1081,611182001186,145,9,Mouse,8.260420347765722,20
1133,631329533178,145,9,Mouse,70.14369080396989,20
1225,672964076977,145,9,Trackpad,7.189375366926824,20
1257,689640711294,145,9,Mouse,8.837455696266291,20
1381,747798201628,145,9,Mouse,7.216807783170563,20
1437,759023618418,145,9,Trackpad,11.569366920440222,20
1505,794821160379,145,9,Trackpad,6.571259942591705,20
1569,821109032956,145,9,Mouse,55.84328565305261,20
1581,823657240718,145,9,Trackpad,8.817489140646213,20
1593,828356987563,145,9,Trackpad,9.226010605246008,20
1605,831461226101,145,9,Mouse,8.134193237724562,20
1613,836667074589,145,9,Mouse,3.580103225003829,20
1617,836677602492,145,9,Mouse,8.886405583184034,20
1633,842916191322,145,9,Mouse,6.8074383459278875,20
1669,857258294243,145,9,Mouse,5.299421243040485,20
1673,863045202801,145,9,Mouse,11.879615078404862,20
1705,87299142964,145,9,Mouse,24.51202978811527,20
1721,879490296822,145,9,Trackpad,10.039833633467097,20
1841,934420693200,145,9,Mouse,5.190412585143004,20
1857,942895571934,145,9,Mouse,9.284510836930897,20
1861,945312269032,145,9,Mouse,6.410162949303945,20
1877,952949011931,145,9,Mouse,12.874254432057448,20
1901,982415887992,145,9,Mouse,2.961843984311365,20
122,1721418462,155,9,Trackpad,21.853653508160562,20
194,214060187805,155,9,Mouse,3.2005078867008887,20
210,230769543210,155,9,Mouse,6.193102290262267,20
262,247101632412,155,9,Mouse,7.853487061349819,20
354,290626679547,155,9,Mouse,7.117339631405057,20
358,290656034369,155,9,Trackpad,6.4851095185980245,20
362,292629866395,155,9,Trackpad,6.3032682664697,20
398,313978052698,155,9,Trackpad,7.578785261864416,20
406,314581190701,155,9,Trackpad,4.297197083544348,20
438,333479267545,155,9,Trackpad,10.308585729675478,20
446,33616929547,155,9,Mouse,15.886341789672478,20
538,381056854035,155,9,Trackpad,10.882543929553432,20
566,395056795561,155,9,Trackpad,7.854499524482869,20
594,408276378177,155,9,Mouse,17.956724014135208,20
618,418817504309,155,9,Mouse,52.52544009033297,20
638,427979396888,155,9,Mouse,111.24333772936751,20
654,439513294491,155,9,Trackpad,5.794918615479638,20
670,450251729693,155,9,Mouse,7.010247118599511,20
678,451075873570,155,9,Mouse,19.348299178081888,20
750,479406978469,155,9,Mouse,8.552528497510986,20
762,482947064097,155,9,Mouse,6.252127361394275,20
778,488179284147,155,9,Mouse,6.045886042332606,20
906,530454018851,155,9,Mouse,11.020394905701988,20
1022,587319151731,155,9,Trackpad,4.989778516854507,20
1058,606417353264,155,9,Trackpad,97.54323203146554,20
1082,611182001186,155,9,Mouse,4.921207361927112,20
1134,631329533178,155,9,Mouse,76.48410364621535,20
1226,672964076977,155,9,Trackpad,8.571856657850592,20
1258,689640711294,155,9,Mouse,8.478834704600592,20
1382,747798201628,155,9,Mouse,5.618621153891908,20
1438,759023618418,155,9,Trackpad,7.804854768087275,20
1506,794821160379,155,9,Trackpad,7.525033820332335,20
1570,821109032956,155,9,Mouse,52.13117058634512,20
1582,823657240718,155,9,Trackpad,6.096401408445885,20
1594,828356987563,155,9,Trackpad,6.722517226101852,20
1606,831461226101,155,9,Mouse,6.147683738237283,20
1614,836667074589,155,9,Mouse,14.434116778868663,20
1618,836677602492,155,9,Mouse,8.97267612077137,20
1634,842916191322,155,9,Mouse,12.975374521750092,20
1670,857258294243,155,9,Mouse,12.592331457144319,20
1674,863045202801,155,9,Mouse,35.89683518588073,20
1706,87299142964,155,9,Mouse,9.899524687507794,20
1722,879490296822,155,9,Trackpad,8.63679222166137,20
1842,934420693200,155,9,Mouse,5.924997803894199,20
1858,942895571934,155,9,Mouse,9.346734621085075,20
1862,945312269032,155,9,Mouse,14.459776997300262,20
1878,952949011931,155,9,Mouse,8.917345412914335,20
1902,982415887992,155,9,Mouse,3.6898535468451623,20
123,1721418462,165,9,Trackpad,4.410912856112089,20
195,214060187805,165,9,Mouse,7.596553936293297,20
211,230769543210,165,9,Mouse,19.059353567607737,20
263,247101632412,165,9,Mouse,6.062299939335984,20
355,290626679547,165,9,Mouse,6.206686342625935,20
359,290656034369,165,9,Trackpad,7.748049936136202,20
363,292629866395,165,9,Trackpad,3.993319253186909,20
399,313978052698,165,9,Trackpad,4.228221230192804,20
407,314581190701,165,9,Trackpad,7.050035825093793,20
439,333479267545,165,9,Trackpad,7.67296121769934,20
447,33616929547,165,9,Mouse,39.68464881159156,20
539,381056854035,165,9,Trackpad,44.14188250279037,20
567,395056795561,165,9,Trackpad,13.087769983038024,20
595,408276378177,165,9,Mouse,18.110292302790494,20
619,418817504309,165,9,Mouse,39.33691967860818,20
639,427979396888,165,9,Mouse,53.824995666918134,20
655,439513294491,165,9,Trackpad,5.1596652158268705,20
671,450251729693,165,9,Mouse,7.603104492752038,20
679,451075873570,165,9,Mouse,15.438974261090344,20
751,479406978469,165,9,Mouse,4.698250297394778,20
763,482947064097,165,9,Mouse,20.942952136639967,20
779,488179284147,165,9,Mouse,6.973334917802505,20
907,530454018851,165,9,Mouse,37.697961748667666,20
1023,587319151731,165,9,Trackpad,5.215604083461371,20
1059,606417353264,165,9,Trackpad,76.01805751149405,20
1083,611182001186,165,9,Mouse,7.714010363197993,20
1135,631329533178,165,9,Mouse,54.66563014482638,20
1227,672964076977,165,9,Trackpad,24.151224548702597,20
1259,689640711294,165,9,Mouse,9.416663762150154,20
1383,747798201628,165,9,Mouse,11.489131816660196,20
1439,759023618418,165,9,Trackpad,28.12197292106763,20
1507,794821160379,165,9,Trackpad,5.252412641791076,20
1571,821109032956,165,9,Mouse,51.43672465369257,20
1583,823657240718,165,9,Trackpad,6.424462151956468,20
1595,828356987563,165,9,Trackpad,7.339382400601503,20
1607,831461226101,165,9,Mouse,6.838851076271268,20
1615,836667074589,165,9,Mouse,9.760449465625493,20
1619,836677602492,165,9,Mouse,14.822298792495186,20
1635,842916191322,165,9,Mouse,10.118745349966874,20
1671,857258294243,165,9,Mouse,14.356597178949103,20
1675,863045202801,165,9,Mouse,17.739590242028157,20
1707,87299142964,165,9,Mouse,14.643378728439808,20
1723,879490296822,165,9,Trackpad,5.892534963426677,20
1843,934420693200,165,9,Mouse,8.232317130053346,20
1859,942895571934,165,9,Mouse,5.026807621403468,20
1863,945312269032,165,9,Mouse,8.86720635005197,20
1879,952949011931,165,9,Mouse,6.148297833537716,20
1903,982415887992,165,9,Mouse,3.762307253771693,20
12,114463583799,140,10,Trackpad,3.4095384243336238,20
40,132102677831,140,10,Mouse,10.147659766799217,20
112,16847613267,140,10,Mouse,8.614795091932942,20
136,183824516134,140,10,Mouse,9.4950865996299,20
156,199718243908,140,10,Trackpad,23.92378511071427,20
188,211914503015,140,10,Trackpad,7.080573645951501,20
264,248674978269,140,10,Trackpad,53.0657590770702,20
272,252662312705,140,10,Trackpad,4.9441032240544995,20
424,326031055534,140,10,Mouse,3.6460673390647824,20
452,340899273753,140,10,Trackpad,18.102403527089987,20
460,347401194740,140,10,Trackpad,4.661284335090155,20
480,357323471689,140,10,Mouse,9.595498902985371,20
492,366712725954,140,10,Mouse,9.617775679261555,20
576,399793741991,140,10,Mouse,6.3298415965635035,20
596,409510251833,140,10,Mouse,22.56831512433321,20
696,460031946655,140,10,Mouse,43.85760941431332,20
728,477302741259,140,10,Trackpad,37.571578862312336,20
736,478219331707,140,10,Trackpad,3.09551295978219,20
792,491837100125,140,10,Trackpad,7.481720948341407,20
896,529569773934,140,10,Mouse,16.74333877412124,20
908,535793054616,140,10,Trackpad,10.718389542790321,20
940,549661439377,140,10,Trackpad,6.583031043863232,20
952,554783556843,140,10,Mouse,6.027963360676159,20
1032,589106590719,140,10,Trackpad,7.001384649609406,20
1044,594008709769,140,10,Trackpad,4.690462503955956,20
1092,6196976173,140,10,Trackpad,5.351263435918962,20
1120,627511081285,140,10,Trackpad,11.743192442267837,20
1148,644298611907,140,10,Mouse,11.640687989887873,20
1176,65927738090,140,10,Mouse,28.368943123161174,20
1180,660482772393,140,10,Trackpad,5.323885724953027,20
1252,688420796301,140,10,Mouse,5.611276132194825,20
1320,713283016113,140,10,Mouse,6.737551312657817,20
1352,730041648726,140,10,Mouse,6.094294795378064,20
1388,749603402102,140,10,Trackpad,12.747645902728104,20
1392,749614232918,140,10,Mouse,8.388662703901165,20
1404,75201456900,140,10,Mouse,27.125284825218582,20
1412,753638975787,140,10,Mouse,7.34175466641859,20
1492,78828420490,140,10,Mouse,23.849369374042194,20
1512,801419172901,140,10,Mouse,5.468278208812973,20
1516,801640937104,140,10,Mouse,11.015037149244247,20
1532,804923957446,140,10,Mouse,38.62083610408352,20
1540,810153302503,140,10,Trackpad,6.696863673996018,20
1584,825555997667,140,10,Mouse,13.476548352737755,20
1600,830764988902,140,10,Trackpad,6.887537380225855,20
1688,868766423314,140,10,Mouse,74.87065517312476,20
1700,871249367017,140,10,Trackpad,5.882479038435894,20
1756,89758134912,140,10,Mouse,5.968324924250889,20
1816,925397637533,140,10,Mouse,5.158032190413167,20
1832,93308798968,140,10,Trackpad,4.304431791710401,20
13,114463583799,150,10,Trackpad,4.044138433524059,20
41,132102677831,150,10,Mouse,8.549996274496657,20
113,16847613267,150,10,Mouse,6.504242420928297,20
137,183824516134,150,10,Mouse,11.727093202859043,20
157,199718243908,150,10,Trackpad,9.457288939120673,20
189,211914503015,150,10,Trackpad,4.297460535304125,20
265,248674978269,150,10,Trackpad,5.027051852483304,20
273,252662312705,150,10,Trackpad,3.78532481548054,20
425,326031055534,150,10,Mouse,8.220290018178321,20
453,340899273753,150,10,Trackpad,8.736832623961789,20
461,347401194740,150,10,Trackpad,8.059550612553588,20
481,357323471689,150,10,Mouse,8.587350769135153,20
493,366712725954,150,10,Mouse,7.7658916139543965,20
577,399793741991,150,10,Mouse,6.9083185075306,20
597,409510251833,150,10,Mouse,38.331736677972785,20
697,460031946655,150,10,Mouse,81.34854558912086,20
729,477302741259,150,10,Trackpad,6.054676949533209,20
737,478219331707,150,10,Trackpad,3.4459019909630726,20
793,491837100125,150,10,Trackpad,6.29093227417019,20
897,529569773934,150,10,Mouse,13.874512762842967,20
909,535793054616,150,10,Trackpad,19.426764806348658,20
941,549661439377,150,10,Trackpad,3.93030393965169,20
953,554783556843,150,10,Mouse,7.086105122316036,20
1033,589106590719,150,10,Trackpad,6.29652982174886,20
1045,594008709769,150,10,Trackpad,4.137347795176342,20
1093,6196976173,150,10,Trackpad,7.837284221708974,20
1121,627511081285,150,10,Trackpad,6.936235312479611,20
1149,644298611907,150,10,Mouse,8.967803988396437,20
1177,65927738090,150,10,Mouse,20.51144416835098,20
1181,660482772393,150,10,Trackpad,5.357835753694928,20
1253,688420796301,150,10,Mouse,7.590174594501701,20
1321,713283016113,150,10,Mouse,5.543045444534248,20
1353,730041648726,150,10,Mouse,5.754666530860823,20
1389,749603402102,150,10,Trackpad,9.183682531741919,20
1393,749614232918,150,10,Mouse,13.17577229143711,20
1405,75201456900,150,10,Mouse,31.25838319525857,20
1413,753638975787,150,10,Mouse,9.437889276467534,20
1493,78828420490,150,10,Mouse,23.05551735974495,20
1513,801419172901,150,10,Mouse,4.456078285546596,20
1517,801640937104,150,10,Mouse,8.56333778900594,20
1533,804923957446,150,10,Mouse,25.747984031130457,20
1541,810153302503,150,10,Trackpad,4.197535467721989,20
1585,825555997667,150,10,Mouse,11.566658725702162,20
1601,830764988902,150,10,Trackpad,6.775944362658913,20
1689,868766423314,150,10,Mouse,70.73779410245467,20
1701,871249367017,150,10,Trackpad,7.867474118612004,20
1757,89758134912,150,10,Mouse,5.0761141391303335,20
1817,925397637533,150,10,Mouse,7.9125019590888765,20
1833,93308798968,150,10,Trackpad,6.043730586457993,20
14,114463583799,160,10,Trackpad,5.156834834168723,20
42,132102677831,160,10,Mouse,17.383149549955505,20
114,16847613267,160,10,Mouse,21.180129620172607,20
138,183824516134,160,10,Mouse,17.283229829286554,20
158,199718243908,160,10,Trackpad,5.980657526580185,20
190,211914503015,160,10,Trackpad,6.789124519543173,20
266,248674978269,160,10,Trackpad,40.51279480379142,20
274,252662312705,160,10,Trackpad,3.3897527844162845,20
426,326031055534,160,10,Mouse,5.051998795253068,20
454,340899273753,160,10,Trackpad,9.80770300262908,20
462,347401194740,160,10,Trackpad,3.836646591651668,20
482,357323471689,160,10,Mouse,6.382383691136652,20
494,366712725954,160,10,Mouse,9.453168587731762,20
578,399793741991,160,10,Mouse,8.04981572002174,20
598,409510251833,160,10,Mouse,44.40861369532475,20
698,460031946655,160,10,Mouse,70.44956653237139,20
730,477302741259,160,10,Trackpad,8.805304018076336,20
738,478219331707,160,10,Trackpad,8.624361193106882,20
794,491837100125,160,10,Trackpad,6.2971044055052205,20
898,529569773934,160,10,Mouse,8.21883336691237,20
910,535793054616,160,10,Trackpad,10.793671748363906,20
942,549661439377,160,10,Trackpad,16.63211274218417,20
954,554783556843,160,10,Mouse,21.423274791949872,20
1034,589106590719,160,10,Trackpad,4.207595460112755,20
1046,594008709769,160,10,Trackpad,6.674110585288699,20
1094,6196976173,160,10,Trackpad,5.879720773184904,20
1122,627511081285,160,10,Trackpad,11.129357660311758,20
1150,644298611907,160,10,Mouse,47.21705663938152,20
1178,65927738090,160,10,Mouse,12.516141880629089,20
1182,660482772393,160,10,Trackpad,8.922801926037476,20
1254,688420796301,160,10,Mouse,6.268498649721561,20
1322,713283016113,160,10,Mouse,7.151552164101047,20
1354,730041648726,160,10,Mouse,8.314901096881247,20
1390,749603402102,160,10,Trackpad,24.173049500503602,20
1394,749614232918,160,10,Mouse,12.341559093591568,20
1406,75201456900,160,10,Mouse,26.769528359820065,20
1414,753638975787,160,10,Mouse,9.391758625795255,20
1494,78828420490,160,10,Mouse,24.39480914606832,20
1514,801419172901,160,10,Mouse,5.044958241490365,20
1518,801640937104,160,10,Mouse,10.49869697797223,20
1534,804923957446,160,10,Mouse,43.460883727056235,20
1542,810153302503,160,10,Trackpad,4.707527781441121,20
1586,825555997667,160,10,Mouse,10.169243773021778,20
1602,830764988902,160,10,Trackpad,7.073211816309455,20
1690,868766423314,160,10,Mouse,77.08567314609465,20
1702,871249367017,160,10,Trackpad,6.44851322132359,20
1758,89758134912,160,10,Mouse,6.811652404851995,20
1818,925397637533,160,10,Mouse,30.539157809458526,20
1834,93308798968,160,10,Trackpad,4.044054303571415,20
15,114463583799,170,10,Trackpad,6.308483055029338,20
43,132102677831,170,10,Mouse,9.157907299272663,20
115,16847613267,170,10,Mouse,5.821077813195118,20
139,183824516134,170,10,Mouse,8.843263768945425,20
159,199718243908,170,10,Trackpad,4.796632368166091,20
191,211914503015,170,10,Trackpad,6.406094217502804,20
267,248674978269,170,10,Trackpad,6.1337257814455075,20
275,252662312705,170,10,Trackpad,4.105246944054499,20
427,326031055534,170,10,Mouse,4.188912580984336,20
455,340899273753,170,10,Trackpad,30.141719536463704,20
463,347401194740,170,10,Trackpad,6.752936174299794,20
483,357323471689,170,10,Mouse,8.963888700612987,20
495,366712725954,170,10,Mouse,20.473267350546863,20
579,399793741991,170,10,Mouse,6.987587678993219,20
599,409510251833,170,10,Mouse,18.459971343985067,20
699,460031946655,170,10,Mouse,38.25644962582344,20
731,477302741259,170,10,Trackpad,9.696840566591453,20
739,478219331707,170,10,Trackpad,7.41249393853605,20
795,491837100125,170,10,Trackpad,5.148546667172174,20
899,529569773934,170,10,Mouse,36.33509241857341,20
911,535793054616,170,10,Trackpad,39.93971145395256,20
943,549661439377,170,10,Trackpad,6.741878750580019,20
955,554783556843,170,10,Mouse,11.960036262949965,20
1035,589106590719,170,10,Trackpad,7.5988824550618785,20
1047,594008709769,170,10,Trackpad,7.2692163602346325,20
1095,6196976173,170,10,Trackpad,7.394756728180203,20
1123,627511081285,170,10,Trackpad,6.491276624338492,20
1151,644298611907,170,10,Mouse,16.68621156087326,20
1179,65927738090,170,10,Mouse,26.734730335179773,20
1183,660482772393,170,10,Trackpad,4.990263969412102,20
1255,688420796301,170,10,Mouse,6.25257867507398,20
1323,713283016113,170,10,Mouse,7.719216742711554,20
1355,730041648726,170,10,Mouse,7.001758252885359,20
1391,749603402102,170,10,Trackpad,9.134904073866862,20
1395,749614232918,170,10,Mouse,17.477908446878743,20
1407,75201456900,170,10,Mouse,30.95160566013725,20
1415,753638975787,170,10,Mouse,6.234687193487227,20
1495,78828420490,170,10,Mouse,28.494433284169418,20
1515,801419172901,170,10,Mouse,4.725662469143865,20
1519,801640937104,170,10,Mouse,39.22763633441571,20
1535,804923957446,170,10,Mouse,19.807472753178043,20
1543,810153302503,170,10,Trackpad,39.05491998536543,20
1587,825555997667,170,10,Mouse,31.498646103344388,20
1603,830764988902,170,10,Trackpad,4.407368025337548,20
1691,868766423314,170,10,Mouse,67.20986034304399,20
1703,871249367017,170,10,Trackpad,5.025653641663768,20
1759,89758134912,170,10,Mouse,26.58242187463216,20
1819,925397637533,170,10,Mouse,6.387527061131686,20
1835,93308798968,170,10,Trackpad,6.723049434842748,20
