index,ppid,clamp_magnitude,group,pointer,value,n_trials
24,123183469520,2,1,Mouse,10.294673290646207,10
28,12978613609,2,1,Mouse,37.52971456100432,10
100,163796231616,2,1,Mouse,32.62034016338342,10
244,244418469024,2,1,Mouse,17.356592402014414,10
296,263992263004,2,1,Mouse,20.38440638932002,10
304,266126640839,2,1,Mouse,8.455093037420795,10
364,299489942844,2,1,Mouse,10.379571375520472,10
524,376660312758,2,1,Mouse,4.913455570511203,10
544,385475812479,2,1,Mouse,9.207661332862793,10
652,441084582125,2,1,Mouse,11.950632050145279,10
720,475080016767,2,1,Mouse,9.19708518257009,10
736,478867326164,2,1,Mouse,10.044740843756399,10
920,542684882646,2,1,Mouse,38.29934281214171,10
960,557130941888,2,1,Mouse,7.79925076955228,10
1020,58796474477,2,1,Mouse,10.18198744825206,10
1044,595595653867,2,1,Mouse,13.419952189107192,10
1148,645686800824,2,1,Mouse,18.66635549223053,10
1196,666880505392,2,1,Mouse,6.0697378007575535,10
1208,668861049227,2,1,Mouse,14.511038238102982,10
1216,671348925214,2,1,Mouse,4.817359883912924,10
1276,701099609956,2,1,Mouse,12.60378404463143,10
1308,712406286736,2,1,Mouse,22.91665452253768,10
1360,737828750163,2,1,Mouse,10.233255426042783,10
1412,754786406643,2,1,Mouse,12.663941418648728,10
1440,761518668150,2,1,Mouse,14.624744686329285,10
1520,803522135131,2,1,Mouse,6.622490651698552,10
1568,822205019881,2,1,Mouse,4.950307195622434,10
1860,945346587337,2,1,Mouse,17.30997256811628,10
1888,968425765400,2,1,Mouse,15.721240760196217,10
1924,996553590521,2,1,Mouse,6.736713306253806,10
240,244346351129,3,2,Mouse,30.182933817584882,10
336,286533593898,3,2,Mouse,33.44840660032613,10
376,307390059111,3,2,Mouse,13.871874293579861,10
444,340447094989,3,2,Mouse,7.281472803244991,10
484,363396258093,3,2,Mouse,10.246750508425805,10
508,372881010640,3,2,Mouse,5.778279717050289,10
620,424813729943,3,2,Mouse,10.445277680266338,10
668,450325436890,3,2,Mouse,20.27689954532012,10
676,453578034881,3,2,Mouse,80.44467482095925,10
764,485655207419,3,2,Mouse,13.36340929583478,10
812,499781516147,3,2,Mouse,11.458657526576877,10
836,514699809951,3,2,Mouse,4.99695233773225,10
864,524084624601,3,2,Mouse,10.707409081655118,10
876,526591815054,3,2,Mouse,7.962812963657027,10
988,568911038571,3,2,Mouse,9.790778839942728,10
992,571510386420,3,2,Mouse,7.644825942628211,10
1056,607190310023,3,2,Mouse,9.652643102450712,10
1072,610091723036,3,2,Mouse,12.682550053363608,10
1080,616859448142,3,2,Mouse,36.20721203145144,10
1184,662896639900,3,2,Mouse,14.755913012180443,10
1192,665972822112,3,2,Mouse,8.634832916984692,10
1444,764955634018,3,2,Mouse,14.477689948882366,10
1468,781632843660,3,2,Mouse,49.68535798514162,10
1556,818668159889,3,2,Mouse,10.402034345375663,10
1724,881636635866,3,2,Mouse,17.20715637111445,10
1816,928185260389,3,2,Mouse,7.8325429820218355,10
25,123183469520,4,1,Mouse,7.234997902620346,10
29,12978613609,4,1,Mouse,13.120457371968449,10
101,163796231616,4,1,Mouse,62.626953436279564,10
245,244418469024,4,1,Mouse,17.200342325168176,10
297,263992263004,4,1,Mouse,31.704727977973487,10
305,266126640839,4,1,Mouse,6.8637337771677895,10
365,299489942844,4,1,Mouse,10.238331992041257,10
525,376660312758,4,1,Mouse,4.392335789818715,10
545,385475812479,4,1,Mouse,15.424470975959853,10
653,441084582125,4,1,Mouse,11.082746913664188,10
721,475080016767,4,1,Mouse,9.728783847808991,10
737,478867326164,4,1,Mouse,19.95870150834671,10
921,542684882646,4,1,Mouse,31.032618256423525,10
961,557130941888,4,1,Mouse,5.232472100470101,10
1021,58796474477,4,1,Mouse,13.67546067367205,10
1045,595595653867,4,1,Mouse,13.664897341848532,10
1149,645686800824,4,1,Mouse,17.86149098612563,10
1197,666880505392,4,1,Mouse,7.015378060196654,10
1209,668861049227,4,1,Mouse,7.727465006418583,10
1217,671348925214,4,1,Mouse,5.347837028318243,10
1277,701099609956,4,1,Mouse,45.074282829002385,10
1309,712406286736,4,1,Mouse,31.570295652310158,10
1361,737828750163,4,1,Mouse,17.81936938738316,10
1413,754786406643,4,1,Mouse,7.24577929188958,10
1441,761518668150,4,1,Mouse,21.785169344023963,10
1521,803522135131,4,1,Mouse,8.480387198092409,10
1569,822205019881,4,1,Mouse,4.166674665330671,10
1861,945346587337,4,1,Mouse,9.054859713807437,10
1889,968425765400,4,1,Mouse,14.68134118644813,10
1925,996553590521,4,1,Mouse,9.583551280400615,10
241,244346351129,5,2,Mouse,34.17412274696243,10
337,286533593898,5,2,Mouse,22.85845892837674,10
377,307390059111,5,2,Mouse,12.497195560437252,10
445,340447094989,5,2,Mouse,6.481581604950825,10
485,363396258093,5,2,Mouse,43.96926492675754,10
509,372881010640,5,2,Mouse,7.344377445989002,10
621,424813729943,5,2,Mouse,13.320022983553832,10
669,450325436890,5,2,Mouse,33.72862300351586,10
677,453578034881,5,2,Mouse,16.61632934337943,10
765,485655207419,5,2,Mouse,11.358084445549164,10
813,499781516147,5,2,Mouse,25.853428382894776,10
837,514699809951,5,2,Mouse,14.706373959193135,10
865,524084624601,5,2,Mouse,16.139876202427306,10
877,526591815054,5,2,Mouse,9.00997323740018,10
989,568911038571,5,2,Mouse,54.3361778057918,10
993,571510386420,5,2,Mouse,6.302851163312711,10
1057,607190310023,5,2,Mouse,5.847235537097688,10
1073,610091723036,5,2,Mouse,16.925992245214648,10
1081,616859448142,5,2,Mouse,35.44373417148252,10
1185,662896639900,5,2,Mouse,11.813349905181603,10
1193,665972822112,5,2,Mouse,15.038976467689116,10
1445,764955634018,5,2,Mouse,7.099731252746072,10
1469,781632843660,5,2,Mouse,49.07503454326465,10
1557,818668159889,5,2,Mouse,3.090607902162809,10
1725,881636635866,5,2,Mouse,76.9612120474023,10
1817,928185260389,5,2,Mouse,7.038363961748116,10
26,123183469520,6,1,Mouse,9.427402076259185,10
30,12978613609,6,1,Mouse,10.249568636740506,10
102,163796231616,6,1,Mouse,63.06756114898711,10
246,244418469024,6,1,Mouse,12.999503736372889,10
298,263992263004,6,1,Mouse,17.077060088751722,10
306,266126640839,6,1,Mouse,9.844121655948339,10
366,299489942844,6,1,Mouse,11.125980796700812,10
526,376660312758,6,1,Mouse,3.1527013814070846,10
546,385475812479,6,1,Mouse,90.74580479454296,10
654,441084582125,6,1,Mouse,11.048716869757236,10
722,475080016767,6,1,Mouse,5.056208804775135,10
738,478867326164,6,1,Mouse,12.18964382727511,10
922,542684882646,6,1,Mouse,13.937587017462862,10
962,557130941888,6,1,Mouse,6.969264720618136,10
1022,58796474477,6,1,Mouse,13.592586719618419,10
1046,595595653867,6,1,Mouse,41.40028912693298,10
1150,645686800824,6,1,Mouse,14.010117434405098,10
1198,666880505392,6,1,Mouse,9.027354408092274,10
1210,668861049227,6,1,Mouse,8.471531125149214,10
1218,671348925214,6,1,Mouse,4.752452456256629,10
1278,701099609956,6,1,Mouse,40.02545728534227,10
1310,712406286736,6,1,Mouse,41.55736810738312,10
1362,737828750163,6,1,Mouse,9.623975145657221,10
1414,754786406643,6,1,Mouse,10.685484801567819,10
1442,761518668150,6,1,Mouse,20.026616223548356,10
1522,803522135131,6,1,Mouse,6.052723724617456,10
1570,822205019881,6,1,Mouse,3.8821813125705997,10
1862,945346587337,6,1,Mouse,9.219562487220383,10
1890,968425765400,6,1,Mouse,17.37533163478302,10
1926,996553590521,6,1,Mouse,15.195550447522201,10
242,244346351129,7,2,Mouse,28.126141498005254,10
338,286533593898,7,2,Mouse,12.673685844234987,10
378,307390059111,7,2,Mouse,10.261537601709442,10
446,340447094989,7,2,Mouse,9.166141453689093,10
486,363396258093,7,2,Mouse,12.578133477470749,10
510,372881010640,7,2,Mouse,7.213215918508461,10
622,424813729943,7,2,Mouse,13.133113096515666,10
670,450325436890,7,2,Mouse,13.194979055605986,10
678,453578034881,7,2,Mouse,11.669201621369604,10
766,485655207419,7,2,Mouse,10.009726908192281,10
814,499781516147,7,2,Mouse,8.54980866094478,10
838,514699809951,7,2,Mouse,8.35552127152924,10
866,524084624601,7,2,Mouse,86.01800362317441,10
878,526591815054,7,2,Mouse,2.7695694726252054,10
990,568911038571,7,2,Mouse,27.318994279956875,10
994,571510386420,7,2,Mouse,3.854533482611054,10
1058,607190310023,7,2,Mouse,14.280906900175477,10
1074,610091723036,7,2,Mouse,10.614010884416283,10
1082,616859448142,7,2,Mouse,15.082129913928812,10
1186,662896639900,7,2,Mouse,7.943941231754851,10
1194,665972822112,7,2,Mouse,30.87352250476865,10
1446,764955634018,7,2,Mouse,14.409018581634001,10
1470,781632843660,7,2,Mouse,34.3574148340194,10
1558,818668159889,7,2,Mouse,6.54907891822059,10
1726,881636635866,7,2,Mouse,61.009561707752034,10
1818,928185260389,7,2,Mouse,5.920597876951527,10
27,123183469520,8,1,Mouse,8.879891767031413,10
31,12978613609,8,1,Mouse,13.400101972317007,10
103,163796231616,8,1,Mouse,52.995930758445155,10
247,244418469024,8,1,Mouse,22.975875133436418,10
299,263992263004,8,1,Mouse,23.491300113299708,10
307,266126640839,8,1,Mouse,4.970876119633257,10
367,299489942844,8,1,Mouse,18.93878935227391,10
527,376660312758,8,1,Mouse,5.4668610321810895,10
547,385475812479,8,1,Mouse,74.71641136423607,10
655,441084582125,8,1,Mouse,17.501411407781973,10
723,475080016767,8,1,Mouse,5.1578470421446685,10
739,478867326164,8,1,Mouse,8.484069112405933,10
923,542684882646,8,1,Mouse,61.70402835759136,10
963,557130941888,8,1,Mouse,6.732036202847724,10
1023,58796474477,8,1,Mouse,14.30987384544537,10
1047,595595653867,8,1,Mouse,69.58311748441456,10
1151,645686800824,8,1,Mouse,11.49548322970289,10
1199,666880505392,8,1,Mouse,12.571248204614,10
1211,668861049227,8,1,Mouse,6.066678257879493,10
1219,671348925214,8,1,Mouse,8.73848964526224,10
1279,701099609956,8,1,Mouse,83.07918513164104,10
1311,712406286736,8,1,Mouse,43.000209194542116,10
1363,737828750163,8,1,Mouse,12.379450638491189,10
1415,754786406643,8,1,Mouse,8.503628404646701,10
1443,761518668150,8,1,Mouse,20.242958274606558,10
1523,803522135131,8,1,Mouse,6.169805373538206,10
1571,822205019881,8,1,Mouse,6.420689445593864,10
1863,945346587337,8,1,Mouse,8.474254448909674,10
1891,968425765400,8,1,Mouse,18.185113507890318,10
1927,996553590521,8,1,Mouse,10.285060367842284,10
243,244346351129,10,2,Mouse,18.727206215447577,10
339,286533593898,10,2,Mouse,21.867679515249296,10
379,307390059111,10,2,Mouse,16.66526853504565,10
447,340447094989,10,2,Mouse,12.854778844850303,10
487,363396258093,10,2,Mouse,20.44687091636876,10
511,372881010640,10,2,Mouse,3.988010511610369,10
623,424813729943,10,2,Mouse,10.925949216631809,10
671,450325436890,10,2,Mouse,24.403466178651854,10
679,453578034881,10,2,Mouse,11.394984623595017,10
767,485655207419,10,2,Mouse,22.82508982906039,10
815,499781516147,10,2,Mouse,10.292972180785855,10
839,514699809951,10,2,Mouse,3.404093829696383,10
867,524084624601,10,2,Mouse,10.149601152262527,10
879,526591815054,10,2,Mouse,10.464586229952584,10
991,568911038571,10,2,Mouse,47.45073285419728,10
995,571510386420,10,2,Mouse,6.879341438823184,10
1059,607190310023,10,2,Mouse,10.04371288560337,10
1075,610091723036,10,2,Mouse,10.997905278712496,10
1083,616859448142,10,2,Mouse,17.88551180330933,10
1187,662896639900,10,2,Mouse,12.714555809498195,10
1195,665972822112,10,2,Mouse,6.288838670305151,10
1447,764955634018,10,2,Mouse,7.773362322850608,10
1471,781632843660,10,2,Mouse,55.60064244438858,10
1559,818668159889,10,2,Mouse,80.63232205402099,10
1727,881636635866,10,2,Mouse,73.52644391846086,10
1819,928185260389,10,2,Mouse,8.515631624350558,10
52,139654613099,15,3,Mouse,83.05509036931966,10
92,158240405377,15,3,Mouse,19.130324789278482,10
144,193100401433,15,3,Mouse,9.396846666975067,10
196,219942741794,15,3,Mouse,22.25952548888375,10
340,287971476791,15,3,Mouse,22.871089435932937,10
372,306810469599,15,3,Mouse,21.343875291297426,10
380,311279476853,15,3,Mouse,31.619287020639913,10
384,311518904287,15,3,Mouse,12.894479968975546,10
500,37013057852,15,3,Mouse,7.213179891608015,10
504,370640644570,15,3,Mouse,20.159947872809624,10
568,398109816713,15,3,Mouse,14.234180968268172,10
688,456157590029,15,3,Mouse,22.652331291137507,10
848,519645490683,15,3,Mouse,16.785562823498964,10
996,572670224355,15,3,Mouse,13.781019045100328,10
1032,591787668410,15,3,Mouse,87.84608590104497,10
1104,62472867313,15,3,Mouse,10.328496715222796,10
1108,625553694320,15,3,Mouse,10.223002209181269,10
1380,748730017803,15,3,Mouse,6.667833748361272,10
1448,767939159879,15,3,Mouse,27.294709292968935,10
1456,774480707012,15,3,Mouse,11.952964455324091,10
1484,787634621141,15,3,Mouse,14.289551528172678,10
1504,797606508946,15,3,Mouse,9.81860896432401,10
1572,822554411599,15,3,Mouse,4.243238747601219,10
1864,950401282636,15,3,Mouse,10.583318485713507,10
1876,964304241118,15,3,Mouse,15.678410306531214,10
1880,96435749437,15,3,Mouse,23.51527441424374,10
1900,986917736241,15,3,Mouse,9.163319518344295,10
84,156593167223,20,4,Mouse,26.913996062186026,10
156,204680910799,20,4,Mouse,14.08440732464724,10
172,211178143741,20,4,Mouse,25.63218966723431,10
176,211349502438,20,4,Mouse,27.602306101929383,10
212,23243432166,20,4,Mouse,8.288468712369601,10
388,312810119008,20,4,Mouse,15.241514215136338,10
464,3512277966,20,4,Mouse,20.270167336678426,10
636,432379164500,20,4,Mouse,8.590363366619574,10
808,498719011200,20,4,Mouse,17.179303032925045,10
940,554310866631,20,4,Mouse,13.24504311824917,10
944,554483397398,20,4,Mouse,7.477441660370929,10
1004,575425482820,20,4,Mouse,5.899936293376697,10
1156,65172413131,20,4,Mouse,42.28975917713342,10
1164,654411478666,20,4,Mouse,18.68266273476039,10
1188,664917210582,20,4,Mouse,13.200103661989676,10
1452,769001317210,20,4,Mouse,12.936955639308954,10
1688,86995724355,20,4,Mouse,17.081710530103674,10
1732,890093759633,20,4,Mouse,11.128503031736594,10
1748,894596827216,20,4,Mouse,303.38433671088546,10
1844,942172447685,20,4,Mouse,12.932726839174116,10
1848,942594251362,20,4,Mouse,15.873381346032327,10
1908,993857921566,20,4,Mouse,10.778942874089783,10
1920,995622965740,20,4,Mouse,28.45967755505066,10
53,139654613099,25,3,Mouse,21.962540804379646,10
93,158240405377,25,3,Mouse,13.731245670295671,10
145,193100401433,25,3,Mouse,8.038672447250656,10
197,219942741794,25,3,Mouse,6.5175853121514065,10
341,287971476791,25,3,Mouse,15.36454505550235,10
373,306810469599,25,3,Mouse,55.69793726600138,10
381,311279476853,25,3,Mouse,79.42088208708529,10
385,311518904287,25,3,Mouse,8.331602596606238,10
501,37013057852,25,3,Mouse,28.276907888861558,10
505,370640644570,25,3,Mouse,24.84513648043606,10
569,398109816713,25,3,Mouse,29.016704237438603,10
689,456157590029,25,3,Mouse,85.15713907817202,10
849,519645490683,25,3,Mouse,47.08118053747228,10
997,572670224355,25,3,Mouse,10.910639313412574,10
1033,591787668410,25,3,Mouse,126.25950480385919,10
1105,62472867313,25,3,Mouse,11.85119607528434,10
1109,625553694320,25,3,Mouse,6.7979101984022785,10
1381,748730017803,25,3,Mouse,2.6031179144030396,10
1449,767939159879,25,3,Mouse,12.148174924787298,10
1457,774480707012,25,3,Mouse,17.89054728386828,10
1485,787634621141,25,3,Mouse,50.21465845729549,10
1505,797606508946,25,3,Mouse,8.174224563364168,10
1573,822554411599,25,3,Mouse,7.480292571428324,10
1865,950401282636,25,3,Mouse,6.901417818997488,10
1877,964304241118,25,3,Mouse,22.565462317636474,10
1881,96435749437,25,3,Mouse,18.012453960988434,10
1901,986917736241,25,3,Mouse,9.303195785583496,10
85,156593167223,30,4,Mouse,11.750121323209736,10
157,204680910799,30,4,Mouse,34.689289319828106,10
173,211178143741,30,4,Mouse,16.679346607360067,10
177,211349502438,30,4,Mouse,32.08843679563966,10
213,23243432166,30,4,Mouse,18.128439159045787,10
389,312810119008,30,4,Mouse,14.843636276535621,10
465,3512277966,30,4,Mouse,69.93578918942279,10
637,432379164500,30,4,Mouse,6.452774516677516,10
809,498719011200,30,4,Mouse,11.888764334840785,10
941,554310866631,30,4,Mouse,12.465533319546449,10
945,554483397398,30,4,Mouse,11.390272516539813,10
1005,575425482820,30,4,Mouse,14.233253350913959,10
1157,65172413131,30,4,Mouse,9.695931462591478,10
1165,654411478666,30,4,Mouse,8.18822725207547,10
1189,664917210582,30,4,Mouse,8.98040764944759,10
1453,769001317210,30,4,Mouse,18.580911994329554,10
1689,86995724355,30,4,Mouse,8.689945659948672,10
1733,890093759633,30,4,Mouse,16.53410387190753,10
1749,894596827216,30,4,Mouse,258.07068913674,10
1845,942172447685,30,4,Mouse,11.886939642932592,10
1849,942594251362,30,4,Mouse,16.20908428344336,10
1909,993857921566,30,4,Mouse,32.87283654564714,10
1921,995622965740,30,4,Mouse,77.17951976266717,10
54,139654613099,35,3,Mouse,23.476115743993297,10
94,158240405377,35,3,Mouse,32.28109628237898,10
146,193100401433,35,3,Mouse,6.449731023514814,10
198,219942741794,35,3,Mouse,17.626566446781233,10
342,287971476791,35,3,Mouse,33.10773623973111,10
374,306810469599,35,3,Mouse,170.35398877198423,10
382,311279476853,35,3,Mouse,87.62241420457701,10
386,311518904287,35,3,Mouse,14.937621456614119,10
502,37013057852,35,3,Mouse,19.71598663026936,10
506,370640644570,35,3,Mouse,23.355121041311342,10
570,398109816713,35,3,Mouse,15.97472641352169,10
690,456157590029,35,3,Mouse,14.747111177323902,10
850,519645490683,35,3,Mouse,83.43927365807068,10
998,572670224355,35,3,Mouse,14.844054612604321,10
1034,591787668410,35,3,Mouse,124.737007788835,10
1106,62472867313,35,3,Mouse,7.629087490882491,10
1110,625553694320,35,3,Mouse,6.600544800802383,10
1382,748730017803,35,3,Mouse,8.366794606410176,10
1450,767939159879,35,3,Mouse,11.51052536789205,10
1458,774480707012,35,3,Mouse,14.101220242586367,10
1486,787634621141,35,3,Mouse,91.96690005724969,10
1506,797606508946,35,3,Mouse,12.533169682110653,10
1574,822554411599,35,3,Mouse,5.4406380067449245,10
1866,950401282636,35,3,Mouse,5.901836861418642,10
1878,964304241118,35,3,Mouse,36.958916843308934,10
1882,96435749437,35,3,Mouse,15.231207608397984,10
1902,986917736241,35,3,Mouse,6.431320319254501,10
86,156593167223,40,4,Mouse,6.780771416273744,10
158,204680910799,40,4,Mouse,14.354471699021454,10
174,211178143741,40,4,Mouse,65.99468986944304,10
178,211349502438,40,4,Mouse,21.740234218160477,10
214,23243432166,40,4,Mouse,15.340671179002342,10
390,312810119008,40,4,Mouse,12.468120191261093,10
466,3512277966,40,4,Mouse,17.36555283662418,10
638,432379164500,40,4,Mouse,10.429878119163256,10
810,498719011200,40,4,Mouse,11.334416780405263,10
942,554310866631,40,4,Mouse,8.716567574925733,10
946,554483397398,40,4,Mouse,16.15886111269846,10
1006,575425482820,40,4,Mouse,7.213297947334524,10
1158,65172413131,40,4,Mouse,14.457653642540476,10
1166,654411478666,40,4,Mouse,15.399114019637121,10
1190,664917210582,40,4,Mouse,10.033675740803876,10
1454,769001317210,40,4,Mouse,12.24453381902023,10
1690,86995724355,40,4,Mouse,5.957565019322875,10
1734,890093759633,40,4,Mouse,13.805783020764094,10
1750,894596827216,40,4,Mouse,198.7904740255699,10
1846,942172447685,40,4,Mouse,8.673006867428768,10
1850,942594251362,40,4,Mouse,11.898083675325756,10
1910,993857921566,40,4,Mouse,13.580666671777577,10
1922,995622965740,40,4,Mouse,31.959674927624476,10
55,139654613099,45,3,Mouse,21.99680762629844,10
95,158240405377,45,3,Mouse,21.58533074233936,10
147,193100401433,45,3,Mouse,9.469695490876948,10
199,219942741794,45,3,Mouse,10.632406582537316,10
343,287971476791,45,3,Mouse,16.079761048294074,10
375,306810469599,45,3,Mouse,192.4634170168362,10
383,311279476853,45,3,Mouse,59.27309366145909,10
387,311518904287,45,3,Mouse,35.670287111725216,10
503,37013057852,45,3,Mouse,7.285294730198001,10
507,370640644570,45,3,Mouse,19.135241809135216,10
571,398109816713,45,3,Mouse,11.891023051280827,10
691,456157590029,45,3,Mouse,24.377164159330047,10
851,519645490683,45,3,Mouse,23.663163581696423,10
999,572670224355,45,3,Mouse,12.881608921029901,10
1035,591787668410,45,3,Mouse,80.90407593714657,10
1107,62472867313,45,3,Mouse,11.586029038763227,10
1111,625553694320,45,3,Mouse,3.2501624105341147,10
1383,748730017803,45,3,Mouse,6.95598988749334,10
1451,767939159879,45,3,Mouse,5.362373908816248,10
1459,774480707012,45,3,Mouse,8.555929646700486,10
1487,787634621141,45,3,Mouse,25.744246136737335,10
1507,797606508946,45,3,Mouse,12.624652511066357,10
1575,822554411599,45,3,Mouse,10.385011235180084,10
1867,950401282636,45,3,Mouse,7.243890537917359,10
1879,964304241118,45,3,Mouse,21.353576692682868,10
1883,96435749437,45,3,Mouse,12.937056463124343,10
1903,986917736241,45,3,Mouse,7.504433537745523,10
87,156593167223,50,4,Mouse,14.204714289802222,10
159,204680910799,50,4,Mouse,34.132198474766426,10
175,211178143741,50,4,Mouse,19.27851134589866,10
179,211349502438,50,4,Mouse,24.117146023089205,10
215,23243432166,50,4,Mouse,17.921112393699804,10
391,312810119008,50,4,Mouse,11.699848373262386,10
467,3512277966,50,4,Mouse,43.78625608904257,10
639,432379164500,50,4,Mouse,5.352594305432847,10
811,498719011200,50,4,Mouse,20.640212174067056,10
943,554310866631,50,4,Mouse,8.146058904068921,10
947,554483397398,50,4,Mouse,15.128000647820775,10
1007,575425482820,50,4,Mouse,9.622174471094864,10
1159,65172413131,50,4,Mouse,13.543205379881188,10
1167,654411478666,50,4,Mouse,17.649962250412074,10
1191,664917210582,50,4,Mouse,13.046685023265079,10
1455,769001317210,50,4,Mouse,6.664452907409324,10
1691,86995724355,50,4,Mouse,6.018041692790926,10
1735,890093759633,50,4,Mouse,12.282588311202788,10
1751,894596827216,50,4,Mouse,164.3442892073336,10
1847,942172447685,50,4,Mouse,8.90225777723752,10
1851,942594251362,50,4,Mouse,17.505215736137295,10
1911,993857921566,50,4,Mouse,7.272154884455598,10
1923,995622965740,50,4,Mouse,22.811211977685204,10
12,115921796998,55,5,Mouse,14.510471044692693,10
76,149687730008,55,5,Mouse,25.03484671525139,10
124,175094375154,55,5,Mouse,6.791192418247386,10
148,19706308376,55,5,Mouse,7.407148858283741,10
216,232699431944,55,5,Mouse,20.295664897506764,10
224,234950867248,55,5,Mouse,6.823399593382546,10
236,242302735568,55,5,Mouse,4.3886434559049885,10
328,284887481713,55,5,Mouse,5.841098163990661,10
412,320314205950,55,5,Mouse,13.788572167768283,10
428,329580827848,55,5,Mouse,13.78669417472684,10
472,353520557284,55,5,Mouse,9.987451106940558,10
536,381467347498,55,5,Mouse,20.105436621833242,10
584,406984957400,55,5,Mouse,47.179684181250636,10
604,415114416275,55,5,Mouse,12.891288620924088,10
644,437488567084,55,5,Mouse,5.323404629714918,10
696,46445406973,55,5,Mouse,27.68090319732975,10
700,466064047068,55,5,Mouse,16.414134106929094,10
776,488543499493,55,5,Mouse,12.728686423670997,10
856,52190313348,55,5,Mouse,11.084767373644391,10
872,526302751153,55,5,Mouse,156.91123522254918,10
976,563003797782,55,5,Mouse,7.087097919738942,10
1000,57334981393,55,5,Mouse,24.794270290150102,10
1036,593610742595,55,5,Mouse,5.29851146027577,10
1084,618976041208,55,5,Mouse,47.35713853417076,10
1244,686622809385,55,5,Mouse,5.346341167330872,10
1364,740180686814,55,5,Mouse,27.704734710436185,10
1496,789176471764,55,5,Mouse,242.44814223828337,10
1604,836360013578,55,5,Mouse,170.03169218625993,10
1632,843157436931,55,5,Mouse,32.53013227155798,10
1712,879327289061,55,5,Mouse,11.172296014266433,10
1788,91531718848,55,5,Mouse,49.665071591751385,10
1884,965587163344,55,5,Mouse,130.16340582470283,10
0,104274630779,60,6,Mouse,91.1010795944222,10
44,132760789943,60,6,Mouse,5.923035640034303,10
112,170080221025,60,6,Mouse,48.73844221948874,10
232,239901129854,60,6,Mouse,9.42252051422085,10
284,261405949946,60,6,Mouse,6.006587367496402,10
332,285770176909,60,6,Mouse,11.039160487473813,10
408,31763185048,60,6,Mouse,5.121296315131937,10
460,349368817172,60,6,Mouse,19.62615905501385,10
608,416004814207,60,6,Mouse,8.327392856285217,10
656,448455020785,60,6,Mouse,14.450828724859981,10
716,472660400671,60,6,Mouse,7.32367851411165,10
748,479445978766,60,6,Mouse,20.254236720542725,10
768,486883807927,60,6,Mouse,12.88421128843105,10
824,503219471313,60,6,Mouse,13.821839420598566,10
852,520643238443,60,6,Mouse,4.945378373378799,10
860,522924106102,60,6,Mouse,8.272037786457002,10
984,56767792906,60,6,Mouse,7.171277747326235,10
1160,653112237341,60,6,Mouse,26.288547727664543,10
1256,690112326992,60,6,Mouse,8.531888181678418,10
1268,698263481259,60,6,Mouse,20.452434794615804,10
1272,698323606979,60,6,Mouse,13.492907096842405,10
1280,70501195034,60,6,Mouse,14.421947642161333,10
1312,712610918562,60,6,Mouse,10.666460977217492,10
1332,720964792417,60,6,Mouse,26.44966118638958,10
1340,72586384601,60,6,Mouse,21.432575071633867,10
1352,73180105537,60,6,Mouse,20.551889472535148,10
1368,74249908328,60,6,Mouse,10.88244085863818,10
1524,804624028969,60,6,Mouse,41.87071769341979,10
1540,812418627319,60,6,Mouse,83.87524781309105,10
1592,830310877645,60,6,Mouse,12.29610374190744,10
1928,998236395651,60,6,Mouse,62.15871253551889,10
13,115921796998,65,5,Mouse,15.653973401532628,10
77,149687730008,65,5,Mouse,15.894142402636485,10
125,175094375154,65,5,Mouse,6.036651268227543,10
149,19706308376,65,5,Mouse,14.746307694144516,10
217,232699431944,65,5,Mouse,10.451775802855883,10
225,234950867248,65,5,Mouse,15.104020905643129,10
237,242302735568,65,5,Mouse,9.233514960807977,10
329,284887481713,65,5,Mouse,5.474589490534964,10
413,320314205950,65,5,Mouse,14.43711335627121,10
429,329580827848,65,5,Mouse,25.55150894556942,10
473,353520557284,65,5,Mouse,11.418293701156706,10
537,381467347498,65,5,Mouse,17.13124188961401,10
585,406984957400,65,5,Mouse,12.22511356863018,10
605,415114416275,65,5,Mouse,5.712741675808926,10
645,437488567084,65,5,Mouse,5.499955837241148,10
697,46445406973,65,5,Mouse,59.82527977236264,10
701,466064047068,65,5,Mouse,8.035304879861835,10
777,488543499493,65,5,Mouse,7.2174042820323505,10
857,52190313348,65,5,Mouse,11.447392759036424,10
873,526302751153,65,5,Mouse,134.174701702567,10
977,563003797782,65,5,Mouse,7.208079885187849,10
1001,57334981393,65,5,Mouse,36.147130717290715,10
1037,593610742595,65,5,Mouse,10.117448100878802,10
1085,618976041208,65,5,Mouse,12.28646514979352,10
1245,686622809385,65,5,Mouse,10.435002552750166,10
1365,740180686814,65,5,Mouse,25.364559574076356,10
1497,789176471764,65,5,Mouse,218.1699458330905,10
1605,836360013578,65,5,Mouse,84.09520365976364,10
1633,843157436931,65,5,Mouse,22.079186054604136,10
1713,879327289061,65,5,Mouse,10.641097362515783,10
1789,91531718848,65,5,Mouse,25.49038558076185,10
1885,965587163344,65,5,Mouse,174.78441431263565,10
1,104274630779,70,6,Mouse,71.35066843373141,10
45,132760789943,70,6,Mouse,9.550073123127795,10
113,170080221025,70,6,Mouse,35.608672838755524,10
233,239901129854,70,6,Mouse,11.229294886049434,10
285,261405949946,70,6,Mouse,9.119190067176115,10
333,285770176909,70,6,Mouse,4.75033807066123,10
409,31763185048,70,6,Mouse,9.882185193616529,10
461,349368817172,70,6,Mouse,18.02770869182457,10
609,416004814207,70,6,Mouse,8.417930109083526,10
657,448455020785,70,6,Mouse,10.570167339291313,10
717,472660400671,70,6,Mouse,6.326650051824038,10
749,479445978766,70,6,Mouse,18.549828288476117,10
769,486883807927,70,6,Mouse,13.670010457205926,10
825,503219471313,70,6,Mouse,12.914442988275214,10
853,520643238443,70,6,Mouse,4.5231321336494466,10
861,522924106102,70,6,Mouse,18.12250606380421,10
985,56767792906,70,6,Mouse,11.582734918734399,10
1161,653112237341,70,6,Mouse,42.15875409398361,10
1257,690112326992,70,6,Mouse,26.213020091717606,10
1269,698263481259,70,6,Mouse,11.518269335597461,10
1273,698323606979,70,6,Mouse,14.60285047142305,10
1281,70501195034,70,6,Mouse,40.75065236588703,10
1313,712610918562,70,6,Mouse,9.49421880841111,10
1333,720964792417,70,6,Mouse,83.47749310117607,10
1341,72586384601,70,6,Mouse,10.193837325267992,10
1353,73180105537,70,6,Mouse,10.600078621986254,10
1369,74249908328,70,6,Mouse,24.104338342913838,10
1525,804624028969,70,6,Mouse,116.99933585229233,10
1541,812418627319,70,6,Mouse,96.98962691222727,10
1593,830310877645,70,6,Mouse,10.539911549861444,10
1929,998236395651,70,6,Mouse,85.7400003398021,10
14,115921796998,75,5,Mouse,28.426762576285192,10
78,149687730008,75,5,Mouse,17.76038378645824,10
126,175094375154,75,5,Mouse,12.229454276136341,10
150,19706308376,75,5,Mouse,13.184241192535419,10
218,232699431944,75,5,Mouse,14.987512052166357,10
226,234950867248,75,5,Mouse,12.444464493661584,10
238,242302735568,75,5,Mouse,12.507035369401128,10
330,284887481713,75,5,Mouse,6.593578399839495,10
414,320314205950,75,5,Mouse,35.77568722941788,10
430,329580827848,75,5,Mouse,30.869408839007118,10
474,353520557284,75,5,Mouse,80.54151361197714,10
538,381467347498,75,5,Mouse,21.836114571467895,10
586,406984957400,75,5,Mouse,25.9891336220095,10
606,415114416275,75,5,Mouse,10.864440641565013,10
646,437488567084,75,5,Mouse,5.208851854601336,10
698,46445406973,75,5,Mouse,25.697955261923525,10
702,466064047068,75,5,Mouse,13.60881737354038,10
778,488543499493,75,5,Mouse,14.596312523163414,10
858,52190313348,75,5,Mouse,8.91624116716607,10
874,526302751153,75,5,Mouse,141.09737828348335,10
978,563003797782,75,5,Mouse,6.6241048638997775,10
1002,57334981393,75,5,Mouse,11.958345923546247,10
1038,593610742595,75,5,Mouse,15.581158416948954,10
1086,618976041208,75,5,Mouse,19.57744516944054,10
1246,686622809385,75,5,Mouse,9.595965107299758,10
1366,740180686814,75,5,Mouse,19.56307877729384,10
1498,789176471764,75,5,Mouse,127.37204183529822,10
1606,836360013578,75,5,Mouse,94.98842694457248,10
1634,843157436931,75,5,Mouse,23.69738845089574,10
1714,879327289061,75,5,Mouse,14.40420553336807,10
1790,91531718848,75,5,Mouse,18.44993339242806,10
1886,965587163344,75,5,Mouse,199.63114975862547,10
2,104274630779,80,6,Mouse,116.74751187820331,10
46,132760789943,80,6,Mouse,9.33957138149441,10
114,170080221025,80,6,Mouse,34.781087943143234,10
234,239901129854,80,6,Mouse,13.662903100001246,10
286,261405949946,80,6,Mouse,10.294146592489177,10
334,285770176909,80,6,Mouse,28.63347712394312,10
410,31763185048,80,6,Mouse,7.3061048821673324,10
462,349368817172,80,6,Mouse,24.23538509771817,10
610,416004814207,80,6,Mouse,6.083925894591793,10
658,448455020785,80,6,Mouse,6.101464265386039,10
718,472660400671,80,6,Mouse,4.213926131096642,10
750,479445978766,80,6,Mouse,27.941442404209813,10
770,486883807927,80,6,Mouse,17.462266058994892,10
826,503219471313,80,6,Mouse,12.636255859553222,10
854,520643238443,80,6,Mouse,8.847747218178693,10
862,522924106102,80,6,Mouse,7.455160678942449,10
986,56767792906,80,6,Mouse,7.975397070353621,10
1162,653112237341,80,6,Mouse,20.238395521413786,10
1258,690112326992,80,6,Mouse,10.006520618050306,10
1270,698263481259,80,6,Mouse,12.314670900119525,10
1274,698323606979,80,6,Mouse,9.550490165779257,10
1282,70501195034,80,6,Mouse,8.046419592255978,10
1314,712610918562,80,6,Mouse,7.017144223039399,10
1334,720964792417,80,6,Mouse,83.09263267577754,10
1342,72586384601,80,6,Mouse,27.186856397627306,10
1354,73180105537,80,6,Mouse,48.098028299543266,10
1370,74249908328,80,6,Mouse,17.60927367459807,10
1526,804624028969,80,6,Mouse,25.041647619870197,10
1542,812418627319,80,6,Mouse,112.48151711499011,10
1594,830310877645,80,6,Mouse,10.03363104339309,10
1930,998236395651,80,6,Mouse,44.767043468440164,10
15,115921796998,85,5,Mouse,9.807276175200446,10
79,149687730008,85,5,Mouse,39.857361352451186,10
127,175094375154,85,5,Mouse,12.632614503902378,10
151,19706308376,85,5,Mouse,8.782604227550008,10
219,232699431944,85,5,Mouse,10.346458109665901,10
227,234950867248,85,5,Mouse,8.426580073149822,10
239,242302735568,85,5,Mouse,9.570545337066783,10
331,284887481713,85,5,Mouse,7.32676490098881,10
415,320314205950,85,5,Mouse,20.91534157283797,10
431,329580827848,85,5,Mouse,8.35946507416061,10
475,353520557284,85,5,Mouse,12.029496982344204,10
539,381467347498,85,5,Mouse,24.4744423523868,10
587,406984957400,85,5,Mouse,13.759668383618338,10
607,415114416275,85,5,Mouse,8.72469576461692,10
647,437488567084,85,5,Mouse,11.096195292549806,10
699,46445406973,85,5,Mouse,32.3133357885523,10
703,466064047068,85,5,Mouse,19.404079308746528,10
779,488543499493,85,5,Mouse,16.52978878603692,10
859,52190313348,85,5,Mouse,8.460986752653783,10
875,526302751153,85,5,Mouse,149.91416848988294,10
979,563003797782,85,5,Mouse,6.272130455274941,10
1003,57334981393,85,5,Mouse,23.037368475483188,10
1039,593610742595,85,5,Mouse,17.830171024532955,10
1087,618976041208,85,5,Mouse,12.888027294017945,10
1247,686622809385,85,5,Mouse,39.36916898611684,10
1367,740180686814,85,5,Mouse,38.02335294447534,10
1499,789176471764,85,5,Mouse,160.8892792542369,10
1607,836360013578,85,5,Mouse,144.4226211576884,10
1635,843157436931,85,5,Mouse,8.423118540089732,10
1715,879327289061,85,5,Mouse,12.244800490626643,10
1791,91531718848,85,5,Mouse,30.77552629534546,10
1887,965587163344,85,5,Mouse,156.5482828730345,10
3,104274630779,90,6,Mouse,25.28430679222555,10
47,132760789943,90,6,Mouse,7.732244603117771,10
115,170080221025,90,6,Mouse,35.59427248797812,10
235,239901129854,90,6,Mouse,11.042356291629572,10
287,261405949946,90,6,Mouse,5.064645916258424,10
335,285770176909,90,6,Mouse,9.695252713887303,10
411,31763185048,90,6,Mouse,6.34179934768646,10
463,349368817172,90,6,Mouse,21.292011895616614,10
611,416004814207,90,6,Mouse,11.625059217870804,10
659,448455020785,90,6,Mouse,9.51949700202546,10
719,472660400671,90,6,Mouse,9.699949029350124,10
751,479445978766,90,6,Mouse,22.660236754111207,10
771,486883807927,90,6,Mouse,11.609908534429985,10
827,503219471313,90,6,Mouse,6.777315954706542,10
855,520643238443,90,6,Mouse,3.158282434503991,10
863,522924106102,90,6,Mouse,9.001789943106349,10
987,56767792906,90,6,Mouse,7.48934777321888,10
1163,653112237341,90,6,Mouse,21.921809188917585,10
1259,690112326992,90,6,Mouse,9.21386567501417,10
1271,698263481259,90,6,Mouse,12.374203852246067,10
1275,698323606979,90,6,Mouse,14.274079768962206,10
1283,70501195034,90,6,Mouse,9.419416214492337,10
1315,712610918562,90,6,Mouse,7.090560883433298,10
1335,720964792417,90,6,Mouse,39.08761715015989,10
1343,72586384601,90,6,Mouse,26.09094323081569,10
1355,73180105537,90,6,Mouse,9.940824355258687,10
1371,74249908328,90,6,Mouse,11.016650809592834,10
1527,804624028969,90,6,Mouse,108.96403983926423,10
1543,812418627319,90,6,Mouse,81.39901725062293,10
1595,830310877645,90,6,Mouse,6.898244424016392,10
1931,998236395651,90,6,Mouse,87.66016888848192,10
120,172440417576,95,7,Mouse,6.280126421316658,10
360,295092569896,95,7,Mouse,18.39149631303792,10
368,300018938491,95,7,Mouse,17.660275371575544,10
396,314153794897,95,7,Mouse,14.495967725081835,10
512,372902434784,95,7,Mouse,140.93059925596017,10
596,412116680061,95,7,Mouse,56.049825841999926,10
628,426775530911,95,7,Mouse,8.000818423007912,10
684,455411954782,95,7,Mouse,50.201157096838195,10
752,482715387130,95,7,Mouse,34.07918160491363,10
888,529356644721,95,7,Mouse,35.049069068169175,10
916,538891392759,95,7,Mouse,25.16752653094771,10
1024,588954061502,95,7,Mouse,37.535330213453705,10
1124,630191511008,95,7,Mouse,13.483650008233369,10
1152,650598146952,95,7,Mouse,37.67591794100404,10
1544,813273714622,95,7,Mouse,8.404589223789765,10
1584,826551196165,95,7,Mouse,6.573702052081346,10
1636,84703686414,95,7,Mouse,13.907549568161818,10
1644,851634270977,95,7,Mouse,14.762570424893658,10
1648,852150209946,95,7,Mouse,35.658805066628744,10
1652,852626928128,95,7,Mouse,8.426577068839787,10
1772,911029371665,95,7,Mouse,6.5643746329050785,10
1792,915339582134,95,7,Mouse,5.470889345455455,10
1832,933626258280,95,7,Mouse,3.7485307874865756,10
1840,94212257303,95,7,Mouse,88.17750341202614,10
1932,99897861946,95,7,Mouse,67.8534122150957,10
4,108424307545,100,8,Mouse,21.671337506420947,10
40,132109080906,100,8,Mouse,6.537361625202282,10
56,140384659403,100,8,Mouse,16.465363186916317,10
140,186217949958,100,8,Mouse,18.57303936577784,10
180,211445384891,100,8,Mouse,19.506553056721753,10
200,220885766670,100,8,Mouse,13.037567404791343,10
252,245556890498,100,8,Mouse,18.367822588609485,10
272,25723101804,100,8,Mouse,6.7695021766769115,10
300,264130884315,100,8,Mouse,88.24377623422829,10
316,277495261980,100,8,Mouse,9.884605312626482,10
344,288731469074,100,8,Mouse,138.9759786353533,10
436,334186456864,100,8,Mouse,14.764524026813497,10
480,35938706947,100,8,Mouse,58.941054921457166,10
528,37822414888,100,8,Mouse,5.273484151207063,10
660,448933199979,100,8,Mouse,8.448715380520236,10
760,484121365239,100,8,Mouse,10.66065850129727,10
792,49237847328,100,8,Mouse,24.109950044741186,10
868,525743780657,100,8,Mouse,62.124835408586165,10
908,536445911973,100,8,Mouse,9.634898749114448,10
928,549097653944,100,8,Mouse,13.263197537711692,10
956,555482115829,100,8,Mouse,5.724943074871493,10
1132,637138033052,100,8,Mouse,10.47696226980638,10
1232,67981741856,100,8,Mouse,5.123614247615479,10
1292,708731377264,100,8,Mouse,9.19364408898308,10
1336,724549951264,100,8,Mouse,14.481078018453633,10
1356,735366842709,100,8,Mouse,28.060848071854302,10
1480,786308519775,100,8,Mouse,83.29170499334052,10
1728,883556332206,100,8,Mouse,11.744493879749678,10
1756,897928518708,100,8,Mouse,5.77848297369837,10
1824,929164172383,100,8,Mouse,17.831867944215627,10
121,172440417576,105,7,Mouse,8.975631213733152,10
361,295092569896,105,7,Mouse,15.771180947710842,10
369,300018938491,105,7,Mouse,14.23116656201572,10
397,314153794897,105,7,Mouse,14.138313402402563,10
513,372902434784,105,7,Mouse,116.44169743523916,10
597,412116680061,105,7,Mouse,67.54043410388293,10
629,426775530911,105,7,Mouse,11.259921191776504,10
685,455411954782,105,7,Mouse,31.33219347000715,10
753,482715387130,105,7,Mouse,30.635964593710916,10
889,529356644721,105,7,Mouse,13.450506033301865,10
917,538891392759,105,7,Mouse,7.6668316299542845,10
1025,588954061502,105,7,Mouse,12.483030461561563,10
1125,630191511008,105,7,Mouse,8.948835503353278,10
1153,650598146952,105,7,Mouse,86.03957482636285,10
1545,813273714622,105,7,Mouse,13.713566536767415,10
1585,826551196165,105,7,Mouse,56.42309024380871,10
1637,84703686414,105,7,Mouse,17.026547940040505,10
1645,851634270977,105,7,Mouse,10.535000014864575,10
1649,852150209946,105,7,Mouse,17.767725192875037,10
1653,852626928128,105,7,Mouse,7.532022069515955,10
1773,911029371665,105,7,Mouse,5.057381082423493,10
1793,915339582134,105,7,Mouse,5.261071743218347,10
1833,933626258280,105,7,Mouse,6.962412950045258,10
1841,94212257303,105,7,Mouse,87.00627847409027,10
1933,99897861946,105,7,Mouse,14.972609186364576,10
5,108424307545,110,8,Mouse,9.513927767880435,10
41,132109080906,110,8,Mouse,4.902709274668541,10
57,140384659403,110,8,Mouse,10.511174644953385,10
141,186217949958,110,8,Mouse,12.255959722016277,10
181,211445384891,110,8,Mouse,16.138307380083663,10
201,220885766670,110,8,Mouse,11.608850289658225,10
253,245556890498,110,8,Mouse,11.704741366447506,10
273,25723101804,110,8,Mouse,6.364549929820707,10
301,264130884315,110,8,Mouse,14.573929988686697,10
317,277495261980,110,8,Mouse,10.260457951233521,10
345,288731469074,110,8,Mouse,148.62170679515634,10
437,334186456864,110,8,Mouse,12.70871037032942,10
481,35938706947,110,8,Mouse,39.83625305663891,10
529,37822414888,110,8,Mouse,4.6523435326952365,10
661,448933199979,110,8,Mouse,7.408672721380016,10
761,484121365239,110,8,Mouse,15.084521684020629,10
793,49237847328,110,8,Mouse,21.982659252738998,10
869,525743780657,110,8,Mouse,12.149886313002117,10
909,536445911973,110,8,Mouse,17.933381283425135,10
929,549097653944,110,8,Mouse,256.4718765368593,10
957,555482115829,110,8,Mouse,8.617944166928474,10
1133,637138033052,110,8,Mouse,16.4887604540238,10
1233,67981741856,110,8,Mouse,5.7168777212383235,10
1293,708731377264,110,8,Mouse,6.387579472646057,10
1337,724549951264,110,8,Mouse,18.71860837193178,10
1357,735366842709,110,8,Mouse,60.51849897024914,10
1481,786308519775,110,8,Mouse,28.695874758205523,10
1729,883556332206,110,8,Mouse,9.904984145837044,10
1757,897928518708,110,8,Mouse,14.277385591781076,10
1825,929164172383,110,8,Mouse,14.03451673687906,10
122,172440417576,115,7,Mouse,8.339230022619432,10
362,295092569896,115,7,Mouse,25.057472020862132,10
370,300018938491,115,7,Mouse,8.453949229315741,10
398,314153794897,115,7,Mouse,18.106205578635514,10
514,372902434784,115,7,Mouse,129.98051009943876,10
598,412116680061,115,7,Mouse,44.44511414857088,10
630,426775530911,115,7,Mouse,27.529972868769935,10
686,455411954782,115,7,Mouse,93.18355356977365,10
754,482715387130,115,7,Mouse,68.74029718227841,10
890,529356644721,115,7,Mouse,17.97463543102784,10
918,538891392759,115,7,Mouse,12.34707431940549,10
1026,588954061502,115,7,Mouse,186.9039283454629,10
1126,630191511008,115,7,Mouse,10.279476155612993,10
1154,650598146952,115,7,Mouse,28.40763071009112,10
1546,813273714622,115,7,Mouse,12.915101634617171,10
1586,826551196165,115,7,Mouse,3.9119366993417115,10
1638,84703686414,115,7,Mouse,16.932214350583077,10
1646,851634270977,115,7,Mouse,9.81435644819516,10
1650,852150209946,115,7,Mouse,30.092810191302405,10
1654,852626928128,115,7,Mouse,10.54377498957526,10
1774,911029371665,115,7,Mouse,7.2322088148151265,10
1794,915339582134,115,7,Mouse,6.2255030397446465,10
1834,933626258280,115,7,Mouse,3.4009264596854387,10
1842,94212257303,115,7,Mouse,83.12352484859278,10
1934,99897861946,115,7,Mouse,5.325334580653522,10
6,108424307545,120,8,Mouse,9.14848283310809,10
42,132109080906,120,8,Mouse,6.790639697771981,10
58,140384659403,120,8,Mouse,39.853463570770025,10
142,186217949958,120,8,Mouse,17.669161390000475,10
182,211445384891,120,8,Mouse,11.9268810651892,10
202,220885766670,120,8,Mouse,46.360919819097624,10
254,245556890498,120,8,Mouse,18.080023684628994,10
274,25723101804,120,8,Mouse,6.68470638834968,10
302,264130884315,120,8,Mouse,10.156338567335359,10
318,277495261980,120,8,Mouse,6.581994516464025,10
346,288731469074,120,8,Mouse,144.14024983599168,10
438,334186456864,120,8,Mouse,7.818818673184998,10
482,35938706947,120,8,Mouse,91.0951289547299,10
530,37822414888,120,8,Mouse,6.362589087167858,10
662,448933199979,120,8,Mouse,3.9499198953138515,10
762,484121365239,120,8,Mouse,16.90224025599274,10
794,49237847328,120,8,Mouse,16.43093929280835,10
870,525743780657,120,8,Mouse,115.8680016848421,10
910,536445911973,120,8,Mouse,12.79749992321398,10
930,549097653944,120,8,Mouse,8.593806336268349,10
958,555482115829,120,8,Mouse,6.51325035919253,10
1134,637138033052,120,8,Mouse,17.030026521503107,10
1234,67981741856,120,8,Mouse,5.309387668224578,10
1294,708731377264,120,8,Mouse,5.881549648945534,10
1338,724549951264,120,8,Mouse,14.683567315138205,10
1358,735366842709,120,8,Mouse,31.709106138784875,10
1482,786308519775,120,8,Mouse,11.97915809129533,10
1730,883556332206,120,8,Mouse,8.651482358664053,10
1758,897928518708,120,8,Mouse,9.462727097134158,10
1826,929164172383,120,8,Mouse,19.344604764210626,10
123,172440417576,125,7,Mouse,9.584440393257832,10
363,295092569896,125,7,Mouse,13.345250905041375,10
371,300018938491,125,7,Mouse,14.413990116073027,10
399,314153794897,125,7,Mouse,18.746021094104897,10
515,372902434784,125,7,Mouse,130.5955792005272,10
599,412116680061,125,7,Mouse,86.11674071063715,10
631,426775530911,125,7,Mouse,12.316095240717566,10
687,455411954782,125,7,Mouse,27.112057760262285,10
755,482715387130,125,7,Mouse,9.091458577579111,10
891,529356644721,125,7,Mouse,8.38295177398503,10
919,538891392759,125,7,Mouse,9.221455004219969,10
1027,588954061502,125,7,Mouse,101.33766878910555,10
1127,630191511008,125,7,Mouse,8.990058251072298,10
1155,650598146952,125,7,Mouse,30.35267347939315,10
1547,813273714622,125,7,Mouse,5.715582935204762,10
1587,826551196165,125,7,Mouse,5.052900951363595,10
1639,84703686414,125,7,Mouse,10.429485924437587,10
1647,851634270977,125,7,Mouse,13.797294375368356,10
1651,852150209946,125,7,Mouse,8.509924617791095,10
1655,852626928128,125,7,Mouse,6.852804229565871,10
1775,911029371665,125,7,Mouse,10.535312119325194,10
1795,915339582134,125,7,Mouse,9.77251804164651,10
1835,933626258280,125,7,Mouse,7.410314998782593,10
1843,94212257303,125,7,Mouse,82.35383236612104,10
1935,99897861946,125,7,Mouse,14.81436742062698,10
7,108424307545,130,8,Mouse,3.5875730685469596,10
43,132109080906,130,8,Mouse,7.1385721193441976,10
59,140384659403,130,8,Mouse,14.926185618003478,10
143,186217949958,130,8,Mouse,11.462080721647443,10
183,211445384891,130,8,Mouse,6.947517870234033,10
203,220885766670,130,8,Mouse,19.84480056685827,10
255,245556890498,130,8,Mouse,10.834135104438884,10
275,25723101804,130,8,Mouse,6.163277021611713,10
303,264130884315,130,8,Mouse,12.726677312904608,10
319,277495261980,130,8,Mouse,7.355360487377686,10
347,288731469074,130,8,Mouse,133.69490132784225,10
439,334186456864,130,8,Mouse,13.728775061994089,10
483,35938706947,130,8,Mouse,16.071395145570914,10
531,37822414888,130,8,Mouse,3.7747842942471874,10
663,448933199979,130,8,Mouse,6.955663499206935,10
763,484121365239,130,8,Mouse,20.84791779070374,10
795,49237847328,130,8,Mouse,15.49578541039673,10
871,525743780657,130,8,Mouse,25.529347738951813,10
911,536445911973,130,8,Mouse,41.65991479548315,10
931,549097653944,130,8,Mouse,10.369330818734916,10
959,555482115829,130,8,Mouse,6.396502270693735,10
1135,637138033052,130,8,Mouse,20.77848870213749,10
1235,67981741856,130,8,Mouse,7.707143695451641,10
1295,708731377264,130,8,Mouse,4.224344359452581,10
1339,724549951264,130,8,Mouse,16.80371729686666,10
1359,735366842709,130,8,Mouse,19.11538576788433,10
1483,786308519775,130,8,Mouse,51.82201323537615,10
1731,883556332206,130,8,Mouse,9.36348552139317,10
1759,897928518708,130,8,Mouse,6.306828509008201,10
1827,929164172383,130,8,Mouse,16.733495677174066,10
188,214060187805,135,9,Mouse,9.62759326526278,10
204,230769543210,135,9,Mouse,5.379794396684524,10
256,247101632412,135,9,Mouse,8.765362035651519,10
348,290626679547,135,9,Mouse,17.546296970492417,10
440,33616929547,135,9,Mouse,14.55194404142779,10
588,408276378177,135,9,Mouse,12.784781406094574,10
612,418817504309,135,9,Mouse,119.40166143525306,10
632,427979396888,135,9,Mouse,7.746649755456647,10
664,450251729693,135,9,Mouse,7.798084522562932,10
672,451075873570,135,9,Mouse,22.317541772050422,10
744,479406978469,135,9,Mouse,10.540239813427611,10
756,482947064097,135,9,Mouse,13.102388777855849,10
772,488179284147,135,9,Mouse,6.628003192939291,10
900,530454018851,135,9,Mouse,11.274167242705918,10
1076,611182001186,135,9,Mouse,19.759031559237375,10
1128,631329533178,135,9,Mouse,17.735734411311554,10
1252,689640711294,135,9,Mouse,8.837066544014078,10
1376,747798201628,135,9,Mouse,10.337729854464436,10
1564,821109032956,135,9,Mouse,8.071191750084235,10
1600,831461226101,135,9,Mouse,38.64602433446697,10
1608,836667074589,135,9,Mouse,9.407777808302944,10
1612,836677602492,135,9,Mouse,15.583575937383332,10
1628,842916191322,135,9,Mouse,7.99527307435586,10
1664,857258294243,135,9,Mouse,15.137213332754015,10
1668,863045202801,135,9,Mouse,17.91363027985638,10
1700,87299142964,135,9,Mouse,52.33219048091232,10
1836,934420693200,135,9,Mouse,8.420099325302857,10
1852,942895571934,135,9,Mouse,10.5925615854458,10
1856,945312269032,135,9,Mouse,5.211164677035499,10
1872,952949011931,135,9,Mouse,12.338969165758044,10
1896,982415887992,135,9,Mouse,5.119926538770721,10
36,132102677831,140,10,Mouse,8.172859896176531,10
108,16847613267,140,10,Mouse,17.90744431648965,10
132,183824516134,140,10,Mouse,26.54083602701542,10
420,326031055534,140,10,Mouse,4.48240354781004,10
476,357323471689,140,10,Mouse,14.15044257095671,10
488,366712725954,140,10,Mouse,11.41524556099186,10
572,399793741991,140,10,Mouse,6.849629141579394,10
592,409510251833,140,10,Mouse,27.26512258304793,10
692,460031946655,140,10,Mouse,9.787697086763371,10
892,529569773934,140,10,Mouse,9.620271040991026,10
948,554783556843,140,10,Mouse,82.09807447829691,10
1144,644298611907,140,10,Mouse,11.745256863196023,10
1172,65927738090,140,10,Mouse,12.908874674053475,10
1248,688420796301,140,10,Mouse,9.807613580117586,10
1316,713283016113,140,10,Mouse,7.5063484750993945,10
1348,730041648726,140,10,Mouse,19.262632395338393,10
1388,749614232918,140,10,Mouse,8.961591991825763,10
1400,75201456900,140,10,Mouse,9.885251459562662,10
1408,753638975787,140,10,Mouse,7.720583560980149,10
1488,78828420490,140,10,Mouse,10.204480101646793,10
1508,801419172901,140,10,Mouse,7.4241702853763005,10
1512,801640937104,140,10,Mouse,16.330051676645336,10
1528,804923957446,140,10,Mouse,7.7719806650976375,10
1580,825555997667,140,10,Mouse,20.91913241259651,10
1684,868766423314,140,10,Mouse,90.92839547418001,10
1752,89758134912,140,10,Mouse,24.701482523395,10
1812,925397637533,140,10,Mouse,10.479250728878894,10
189,214060187805,145,9,Mouse,13.654592889806162,10
205,230769543210,145,9,Mouse,4.464354999430925,10
257,247101632412,145,9,Mouse,16.676594560295165,10
349,290626679547,145,9,Mouse,16.177283122839526,10
441,33616929547,145,9,Mouse,10.269961950218118,10
589,408276378177,145,9,Mouse,9.375788381787125,10
613,418817504309,145,9,Mouse,5.569812301571405,10
633,427979396888,145,9,Mouse,5.3236988841130675,10
665,450251729693,145,9,Mouse,9.488600730046151,10
673,451075873570,145,9,Mouse,10.508685373115233,10
745,479406978469,145,9,Mouse,87.5178148795041,10
757,482947064097,145,9,Mouse,8.098580990635813,10
773,488179284147,145,9,Mouse,11.907639886463011,10
901,530454018851,145,9,Mouse,12.039129183547113,10
1077,611182001186,145,9,Mouse,16.118539459438413,10
1129,631329533178,145,9,Mouse,19.175954087696567,10
1253,689640711294,145,9,Mouse,8.3964865070439,10
1377,747798201628,145,9,Mouse,14.891746814349291,10
1565,821109032956,145,9,Mouse,11.190404911736428,10
1601,831461226101,145,9,Mouse,101.30704473644681,10
1609,836667074589,145,9,Mouse,8.419378653558347,10
1613,836677602492,145,9,Mouse,16.651072859149462,10
1629,842916191322,145,9,Mouse,8.705609643200516,10
1665,857258294243,145,9,Mouse,6.117279870009429,10
1669,863045202801,145,9,Mouse,17.052887462206886,10
1701,87299142964,145,9,Mouse,20.44798779529823,10
1837,934420693200,145,9,Mouse,8.402293235065496,10
1853,942895571934,145,9,Mouse,8.264749163059818,10
1857,945312269032,145,9,Mouse,9.61457257132406,10
1873,952949011931,145,9,Mouse,22.493150400269254,10
1897,982415887992,145,9,Mouse,5.194788966501905,10
37,132102677831,150,10,Mouse,11.818484692355788,10
109,16847613267,150,10,Mouse,39.38603947299957,10
133,183824516134,150,10,Mouse,15.463441147524213,10
421,326031055534,150,10,Mouse,5.555007665803706,10
477,357323471689,150,10,Mouse,8.662679119547708,10
489,366712725954,150,10,Mouse,9.161364350649322,10
573,399793741991,150,10,Mouse,22.366975475859928,10
593,409510251833,150,10,Mouse,66.44976504374863,10
693,460031946655,150,10,Mouse,29.946766856634813,10
893,529569773934,150,10,Mouse,15.141703312872046,10
949,554783556843,150,10,Mouse,73.10425068895917,10
1145,644298611907,150,10,Mouse,14.425431303830047,10
1173,65927738090,150,10,Mouse,44.18952700538351,10
1249,688420796301,150,10,Mouse,16.01930862526311,10
1317,713283016113,150,10,Mouse,8.189636678919179,10
1349,730041648726,150,10,Mouse,12.078424405681888,10
1389,749614232918,150,10,Mouse,8.653288247542182,10
1401,75201456900,150,10,Mouse,9.653899293082038,10
1409,753638975787,150,10,Mouse,7.8050903447539834,10
1489,78828420490,150,10,Mouse,7.130125028326982,10
1509,801419172901,150,10,Mouse,10.785212868112374,10
1513,801640937104,150,10,Mouse,43.46513634336065,10
1529,804923957446,150,10,Mouse,44.7416648835461,10
1581,825555997667,150,10,Mouse,21.712268676869712,10
1685,868766423314,150,10,Mouse,148.37495879086106,10
1753,89758134912,150,10,Mouse,16.260616035092788,10
1813,925397637533,150,10,Mouse,7.606197441244504,10
190,214060187805,155,9,Mouse,11.759145162748931,10
206,230769543210,155,9,Mouse,6.884974669652822,10
258,247101632412,155,9,Mouse,12.693037233853275,10
350,290626679547,155,9,Mouse,11.686002812562862,10
442,33616929547,155,9,Mouse,9.22921688153873,10
590,408276378177,155,9,Mouse,12.071182739704145,10
614,418817504309,155,9,Mouse,86.55694210094056,10
634,427979396888,155,9,Mouse,6.317024339237921,10
666,450251729693,155,9,Mouse,5.188550001115266,10
674,451075873570,155,9,Mouse,10.926307671511028,10
746,479406978469,155,9,Mouse,7.134303074942501,10
758,482947064097,155,9,Mouse,3.9155995401887673,10
774,488179284147,155,9,Mouse,11.96200775822279,10
902,530454018851,155,9,Mouse,13.103829646572002,10
1078,611182001186,155,9,Mouse,13.403630981590204,10
1130,631329533178,155,9,Mouse,86.40743689170895,10
1254,689640711294,155,9,Mouse,9.104225589099391,10
1378,747798201628,155,9,Mouse,10.564716204760066,10
1566,821109032956,155,9,Mouse,20.170394693868232,10
1602,831461226101,155,9,Mouse,23.647535155645052,10
1610,836667074589,155,9,Mouse,9.581063822984184,10
1614,836677602492,155,9,Mouse,50.73920790570373,10
1630,842916191322,155,9,Mouse,15.227223774448516,10
1666,857258294243,155,9,Mouse,12.61790476892061,10
1670,863045202801,155,9,Mouse,20.316352627437038,10
1702,87299142964,155,9,Mouse,31.27600174693952,10
1838,934420693200,155,9,Mouse,6.835658822659813,10
1854,942895571934,155,9,Mouse,9.50262901312683,10
1858,945312269032,155,9,Mouse,7.885628185948849,10
1874,952949011931,155,9,Mouse,81.60361378696935,10
1898,982415887992,155,9,Mouse,7.070483097699153,10
38,132102677831,160,10,Mouse,15.708290760262528,10
110,16847613267,160,10,Mouse,20.888370769048095,10
134,183824516134,160,10,Mouse,13.410004073728926,10
422,326031055534,160,10,Mouse,4.960292453734761,10
478,357323471689,160,10,Mouse,9.606391694393878,10
490,366712725954,160,10,Mouse,14.549498484653006,10
574,399793741991,160,10,Mouse,6.201014076184465,10
594,409510251833,160,10,Mouse,20.325347344941115,10
694,460031946655,160,10,Mouse,34.86972241575761,10
894,529569773934,160,10,Mouse,17.280432140442066,10
950,554783556843,160,10,Mouse,88.9059855416563,10
1146,644298611907,160,10,Mouse,12.042304088051083,10
1174,65927738090,160,10,Mouse,11.785785992307403,10
1250,688420796301,160,10,Mouse,13.708677494832726,10
1318,713283016113,160,10,Mouse,5.6205007168383245,10
1350,730041648726,160,10,Mouse,6.33696447758895,10
1390,749614232918,160,10,Mouse,9.109028360361332,10
1402,75201456900,160,10,Mouse,16.44065703607673,10
1410,753638975787,160,10,Mouse,12.97196958644831,10
1490,78828420490,160,10,Mouse,15.351664904575205,10
1510,801419172901,160,10,Mouse,2.7651892994363365,10
1514,801640937104,160,10,Mouse,11.51234433670257,10
1530,804923957446,160,10,Mouse,8.91423006194081,10
1582,825555997667,160,10,Mouse,28.588654237077428,10
1686,868766423314,160,10,Mouse,55.99077713878357,10
1754,89758134912,160,10,Mouse,30.968430434346605,10
1814,925397637533,160,10,Mouse,11.404696480344045,10
191,214060187805,165,9,Mouse,7.271258006190751,10
207,230769543210,165,9,Mouse,9.006581168001894,10
259,247101632412,165,9,Mouse,14.946472342838828,10
351,290626679547,165,9,Mouse,8.75541602421643,10
443,33616929547,165,9,Mouse,12.195579253544919,10
591,408276378177,165,9,Mouse,19.53663892662349,10
615,418817504309,165,9,Mouse,17.530495787716585,10
635,427979396888,165,9,Mouse,83.858617510392,10
667,450251729693,165,9,Mouse,6.289602598388455,10
675,451075873570,165,9,Mouse,16.86096163603081,10
747,479406978469,165,9,Mouse,143.3799877697054,10
759,482947064097,165,9,Mouse,13.863742249839259,10
775,488179284147,165,9,Mouse,7.938866727112157,10
903,530454018851,165,9,Mouse,8.613469507073944,10
1079,611182001186,165,9,Mouse,18.25701474986576,10
1131,631329533178,165,9,Mouse,20.198397050699313,10
1255,689640711294,165,9,Mouse,8.61764772128873,10
1379,747798201628,165,9,Mouse,8.6434584477321,10
1567,821109032956,165,9,Mouse,8.125140075502664,10
1603,831461226101,165,9,Mouse,9.241988046160671,10
1611,836667074589,165,9,Mouse,4.748478282333179,10
1615,836677602492,165,9,Mouse,14.40375811960486,10
1631,842916191322,165,9,Mouse,12.22417519482169,10
1667,857258294243,165,9,Mouse,17.154278467828632,10
1671,863045202801,165,9,Mouse,16.557163265483887,10
1703,87299142964,165,9,Mouse,30.786550025595204,10
1839,934420693200,165,9,Mouse,7.471636577955997,10
1855,942895571934,165,9,Mouse,4.884934665006201,10
1859,945312269032,165,9,Mouse,15.649722517113915,10
1875,952949011931,165,9,Mouse,9.11716011983295,10
1899,982415887992,165,9,Mouse,3.348131307341806,10
39,132102677831,170,10,Mouse,18.505889708565203,10
111,16847613267,170,10,Mouse,16.551383342273713,10
135,183824516134,170,10,Mouse,10.841370957766054,10
423,326031055534,170,10,Mouse,2.993931755724489,10
479,357323471689,170,10,Mouse,11.815835254698737,10
491,366712725954,170,10,Mouse,11.287306477968432,10
575,399793741991,170,10,Mouse,8.520443005395192,10
595,409510251833,170,10,Mouse,17.843545005248007,10
695,460031946655,170,10,Mouse,9.655349615053504,10
895,529569773934,170,10,Mouse,55.23738567284607,10
951,554783556843,170,10,Mouse,117.05493428381425,10
1147,644298611907,170,10,Mouse,20.440120151656654,10
1175,65927738090,170,10,Mouse,23.469934804204794,10
1251,688420796301,170,10,Mouse,8.216240492888545,10
1319,713283016113,170,10,Mouse,4.95704795142304,10
1351,730041648726,170,10,Mouse,10.079010500018914,10
1391,749614232918,170,10,Mouse,9.031306218962794,10
1403,75201456900,170,10,Mouse,11.746326787150098,10
1411,753638975787,170,10,Mouse,9.794336152675214,10
1491,78828420490,170,10,Mouse,20.503299417635972,10
1511,801419172901,170,10,Mouse,9.31094480917973,10
1515,801640937104,170,10,Mouse,4.479981652075028,10
1531,804923957446,170,10,Mouse,14.877281779535691,10
1583,825555997667,170,10,Mouse,15.534721725596818,10
1687,868766423314,170,10,Mouse,12.700289207983474,10
1755,89758134912,170,10,Mouse,20.04490843446638,10
1815,925397637533,170,10,Mouse,12.055257215407066,10
312,272993694525,2,1,Trackpad,12.489115386314348,10
324,283817955758,2,1,Trackpad,4.328292769436629,10
416,326018211431,2,1,Trackpad,4.997476105882263,10
468,353267429629,2,1,Trackpad,9.91976938625847,10
496,368230630876,2,1,Trackpad,85.24382932591453,10
548,38639956153,2,1,Trackpad,66.85474827944054,10
740,479103788267,2,1,Trackpad,53.57712208510056,10
912,537187849171,2,1,Trackpad,7.0331148933595555,10
1064,608781518181,2,1,Trackpad,11.316944498278419,10
1120,628253346774,2,1,Trackpad,81.10095988435488,10
1136,641972036799,2,1,Trackpad,32.7203353496016,10
1200,666909089777,2,1,Trackpad,96.38593324880696,10
1320,71419700048,2,1,Trackpad,113.49169166594099,10
1396,750626990804,2,1,Trackpad,9.188983278674652,10
1420,756482156459,2,1,Trackpad,8.12840800707672,10
1436,760820905212,2,1,Trackpad,4.715149061417617,10
1476,785879140021,2,1,Trackpad,5.9331589126960305,10
1676,865611255867,2,1,Trackpad,6.793821529851206,10
64,141579159069,3,2,Trackpad,3.062098301907518,10
88,157286867732,3,2,Trackpad,3.1289964479235204,10
136,18545178463,3,2,Trackpad,23.340740532736923,10
320,281449537957,3,2,Trackpad,7.295753523973379,10
404,314751828555,3,2,Trackpad,3.57161985328836,10
600,413611575961,3,2,Trackpad,6.90278941243464,10
616,42404767125,3,2,Trackpad,11.588507130386558,10
680,455088283633,3,2,Trackpad,10.202433585462584,10
712,47219052677,3,2,Trackpad,5.469715367784406,10
780,490372725762,3,2,Trackpad,62.061148036353934,10
800,497830706648,3,2,Trackpad,9.654366261027985,10
972,560719192726,3,2,Trackpad,5.634184613488764,10
1284,706570674898,3,2,Trackpad,4.176212374167438,10
1304,711049351608,3,2,Trackpad,17.07328639307577,10
1372,747682140674,3,2,Trackpad,16.89137897724009,10
1404,75254959287,3,2,Trackpad,8.431661936481781,10
1428,758610083023,3,2,Trackpad,41.60373941440411,10
1492,788534438470,3,2,Trackpad,30.794430365624017,10
1516,802470273105,3,2,Trackpad,1.9867914014192654,10
1624,841781280934,3,2,Trackpad,6.607485849128167,10
1660,856257066596,3,2,Trackpad,9.203148283834079,10
1892,982309131650,3,2,Trackpad,6.676582340616866,10
1904,993634722428,3,2,Trackpad,6.234376869805358,10
313,272993694525,4,1,Trackpad,20.487263033197767,10
325,283817955758,4,1,Trackpad,6.271541009941517,10
417,326018211431,4,1,Trackpad,18.091655270742518,10
469,353267429629,4,1,Trackpad,9.230797744741535,10
497,368230630876,4,1,Trackpad,223.6997437719814,10
549,38639956153,4,1,Trackpad,79.70535255457015,10
741,479103788267,4,1,Trackpad,94.00937016484681,10
913,537187849171,4,1,Trackpad,6.075543819215091,10
1065,608781518181,4,1,Trackpad,44.58946377751028,10
1121,628253346774,4,1,Trackpad,26.726594539147204,10
1137,641972036799,4,1,Trackpad,6.436064099548834,10
1201,666909089777,4,1,Trackpad,132.24374207450543,10
1321,71419700048,4,1,Trackpad,62.752508353579145,10
1397,750626990804,4,1,Trackpad,6.488471126678358,10
1421,756482156459,4,1,Trackpad,9.002704004761476,10
1437,760820905212,4,1,Trackpad,8.854553023539275,10
1477,785879140021,4,1,Trackpad,4.657073068981185,10
1677,865611255867,4,1,Trackpad,10.31147161916846,10
65,141579159069,5,2,Trackpad,7.799221097136216,10
89,157286867732,5,2,Trackpad,3.7378749443289787,10
137,18545178463,5,2,Trackpad,7.700444562720933,10
321,281449537957,5,2,Trackpad,7.312059034596909,10
405,314751828555,5,2,Trackpad,7.755827272648287,10
601,413611575961,5,2,Trackpad,5.572939370831899,10
617,42404767125,5,2,Trackpad,6.621649547185537,10
681,455088283633,5,2,Trackpad,4.319235044432211,10
713,47219052677,5,2,Trackpad,10.005909919652991,10
781,490372725762,5,2,Trackpad,13.078063973027376,10
801,497830706648,5,2,Trackpad,44.28892681677005,10
973,560719192726,5,2,Trackpad,6.914440361412737,10
1285,706570674898,5,2,Trackpad,10.598994528152529,10
1305,711049351608,5,2,Trackpad,14.849728498996516,10
1373,747682140674,5,2,Trackpad,13.267346267221162,10
1405,75254959287,5,2,Trackpad,12.028717550890605,10
1429,758610083023,5,2,Trackpad,8.468664108591478,10
1493,788534438470,5,2,Trackpad,13.130026480239962,10
1517,802470273105,5,2,Trackpad,2.935873873374326,10
1625,841781280934,5,2,Trackpad,12.810541745085258,10
1661,856257066596,5,2,Trackpad,11.241435595008314,10
1893,982309131650,5,2,Trackpad,7.826434655154476,10
1905,993634722428,5,2,Trackpad,6.100218929037216,10
314,272993694525,6,1,Trackpad,7.723132415916139,10
326,283817955758,6,1,Trackpad,6.795968127695409,10
418,326018211431,6,1,Trackpad,11.459557392114586,10
470,353267429629,6,1,Trackpad,5.2731129688992775,10
498,368230630876,6,1,Trackpad,205.9052736220554,10
550,38639956153,6,1,Trackpad,53.10486190177325,10
742,479103788267,6,1,Trackpad,56.64282866796437,10
914,537187849171,6,1,Trackpad,10.913545618249778,10
1066,608781518181,6,1,Trackpad,9.80198526839018,10
1122,628253346774,6,1,Trackpad,7.805726496900447,10
1138,641972036799,6,1,Trackpad,7.072158988837284,10
1202,666909089777,6,1,Trackpad,145.2235557850999,10
1322,71419700048,6,1,Trackpad,94.70133528766722,10
1398,750626990804,6,1,Trackpad,17.699723824222747,10
1422,756482156459,6,1,Trackpad,61.48548106883043,10
1438,760820905212,6,1,Trackpad,6.187823244353058,10
1478,785879140021,6,1,Trackpad,8.619550955094295,10
1678,865611255867,6,1,Trackpad,10.507129924716391,10
66,141579159069,7,2,Trackpad,4.764048738059948,10
90,157286867732,7,2,Trackpad,5.378393159714016,10
138,18545178463,7,2,Trackpad,32.56469899862877,10
322,281449537957,7,2,Trackpad,5.014650239750159,10
406,314751828555,7,2,Trackpad,5.564462001367482,10
602,413611575961,7,2,Trackpad,8.338597967506328,10
618,42404767125,7,2,Trackpad,5.04867701574461,10
682,455088283633,7,2,Trackpad,9.310244581424744,10
714,47219052677,7,2,Trackpad,6.42811562383946,10
782,490372725762,7,2,Trackpad,18.29245950629841,10
802,497830706648,7,2,Trackpad,15.544806591600482,10
974,560719192726,7,2,Trackpad,4.949633781595545,10
1286,706570674898,7,2,Trackpad,16.752112063376213,10
1306,711049351608,7,2,Trackpad,11.267047730115623,10
1374,747682140674,7,2,Trackpad,17.47310994286839,10
1406,75254959287,7,2,Trackpad,37.45335055566608,10
1430,758610083023,7,2,Trackpad,10.52547030163826,10
1494,788534438470,7,2,Trackpad,5.7547428879100035,10
1518,802470273105,7,2,Trackpad,198.83968604471568,10
1626,841781280934,7,2,Trackpad,18.795280856034054,10
1662,856257066596,7,2,Trackpad,16.49035994225365,10
1894,982309131650,7,2,Trackpad,3.9047194788758923,10
1906,993634722428,7,2,Trackpad,8.183458889280836,10
315,272993694525,8,1,Trackpad,6.7799667134608015,10
327,283817955758,8,1,Trackpad,5.918154691308031,10
419,326018211431,8,1,Trackpad,5.9473057444096105,10
471,353267429629,8,1,Trackpad,5.189701688923831,10
499,368230630876,8,1,Trackpad,85.25553843598877,10
551,38639956153,8,1,Trackpad,23.253028021312414,10
743,479103788267,8,1,Trackpad,12.355707488203004,10
915,537187849171,8,1,Trackpad,7.514649783990791,10
1067,608781518181,8,1,Trackpad,11.846405788336707,10
1123,628253346774,8,1,Trackpad,6.354971927648972,10
1139,641972036799,8,1,Trackpad,12.065601180404325,10
1203,666909089777,8,1,Trackpad,142.0692489922862,10
1323,71419700048,8,1,Trackpad,65.6735696980477,10
1399,750626990804,8,1,Trackpad,5.871701654659716,10
1423,756482156459,8,1,Trackpad,81.04678441921573,10
1439,760820905212,8,1,Trackpad,6.9016423261767414,10
1479,785879140021,8,1,Trackpad,2.954810408440532,10
1679,865611255867,8,1,Trackpad,12.88059106764662,10
67,141579159069,10,2,Trackpad,6.776614595636556,10
91,157286867732,10,2,Trackpad,5.327766355076097,10
139,18545178463,10,2,Trackpad,11.823066447249888,10
323,281449537957,10,2,Trackpad,8.867595399865321,10
407,314751828555,10,2,Trackpad,6.901914523847011,10
603,413611575961,10,2,Trackpad,6.850368998844696,10
619,42404767125,10,2,Trackpad,4.053937691125389,10
683,455088283633,10,2,Trackpad,9.143487533382963,10
715,47219052677,10,2,Trackpad,9.884240989476023,10
783,490372725762,10,2,Trackpad,121.00370089438799,10
803,497830706648,10,2,Trackpad,18.931414555578492,10
975,560719192726,10,2,Trackpad,5.843833025321421,10
1287,706570674898,10,2,Trackpad,21.1837945650589,10
1307,711049351608,10,2,Trackpad,20.018183589221504,10
1375,747682140674,10,2,Trackpad,25.81377788879635,10
1407,75254959287,10,2,Trackpad,4.407306390861365,10
1431,758610083023,10,2,Trackpad,6.641103777006053,10
1495,788534438470,10,2,Trackpad,18.78341875277162,10
1519,802470273105,10,2,Trackpad,201.92100046929926,10
1627,841781280934,10,2,Trackpad,5.996972873214835,10
1663,856257066596,10,2,Trackpad,14.098373753377384,10
1895,982309131650,10,2,Trackpad,7.268956392083015,10
1907,993634722428,10,2,Trackpad,9.799191841649515,10
60,141351339407,15,3,Trackpad,13.517667677768939,10
292,263290655799,15,3,Trackpad,53.77408817862041,10
540,383627469185,15,3,Trackpad,8.177567670471047,10
552,390771680977,15,3,Trackpad,118.70426414758037,10
580,401611892739,15,3,Trackpad,149.95347942291633,10
640,435751852346,15,3,Trackpad,11.124772254776495,10
704,466178274480,15,3,Trackpad,35.72464615249774,10
832,510743529302,15,3,Trackpad,8.21769896501741,10
932,549389360938,15,3,Trackpad,25.01909739489056,10
980,564938298193,15,3,Trackpad,8.686021580880483,10
1008,577084825607,15,3,Trackpad,2.588309823510578,10
1096,624015980400,15,3,Trackpad,6.086968956604312,10
1168,657277573598,15,3,Trackpad,7.2549218185049655,10
1212,669404158834,15,3,Trackpad,8.05048186135409,10
1224,676818776410,15,3,Trackpad,31.823353022842724,10
1344,726770222419,15,3,Trackpad,19.76364487321218,10
1548,81350229447,15,3,Trackpad,12.876228695369818,10
1692,871067946078,15,3,Trackpad,46.67046554066876,10
1780,914192695869,15,3,Trackpad,164.83769948278368,10
1796,917476948583,15,3,Trackpad,23.90476138755035,10
1800,922666165279,15,3,Trackpad,7.790818907036625,10
1804,924573419382,15,3,Trackpad,181.25801524812798,10
1820,928426922298,15,3,Trackpad,8.861875523924176,10
48,134751847945,20,4,Trackpad,7.576998424852809,10
192,219666297547,20,4,Trackpad,15.072204028836145,10
208,230918759014,20,4,Trackpad,5.592101643101569,10
424,326328627765,20,4,Trackpad,12.47626908837522,10
452,342998198233,20,4,Trackpad,15.279037783556449,10
520,375371629837,20,4,Trackpad,22.623785463250705,10
556,394487149082,20,4,Trackpad,8.983796266576583,10
624,425971333170,20,4,Trackpad,285.49102803330555,10
708,466315876226,20,4,Trackpad,3.7950504579287787,10
796,496473497245,20,4,Trackpad,12.331645206644554,10
828,507283287821,20,4,Trackpad,164.78418342208315,10
968,559884942136,20,4,Trackpad,8.461758903083796,10
1012,577336943708,20,4,Trackpad,18.888087069719052,10
1048,60516332508,20,4,Trackpad,5.757861483981825,10
1068,609066119184,20,4,Trackpad,10.709107464098059,10
1140,643459252314,20,4,Trackpad,8.199762023595893,10
1180,660965892719,20,4,Trackpad,9.072327948050386,10
1204,667250633006,20,4,Trackpad,16.570779970864564,10
1240,68466946249,20,4,Trackpad,47.790793211800256,10
1460,777654116973,20,4,Trackpad,14.642671959975097,10
1464,780990068335,20,4,Trackpad,4.574223895090244,10
1656,853101398795,20,4,Trackpad,10.03567271216145,10
1704,875036525540,20,4,Trackpad,4.902489420659853,10
1736,890450031962,20,4,Trackpad,9.525559790918042,10
1744,894260352710,20,4,Trackpad,8.658341978333414,10
1808,92512405244,20,4,Trackpad,10.610681033820773,10
61,141351339407,25,3,Trackpad,9.294094735281679,10
293,263290655799,25,3,Trackpad,40.33304597923123,10
541,383627469185,25,3,Trackpad,7.692311107843887,10
553,390771680977,25,3,Trackpad,226.2601083413402,10
581,401611892739,25,3,Trackpad,142.12126722747678,10
641,435751852346,25,3,Trackpad,6.33917188941781,10
705,466178274480,25,3,Trackpad,16.857790611128966,10
833,510743529302,25,3,Trackpad,9.162424322933402,10
933,549389360938,25,3,Trackpad,37.61834162679223,10
981,564938298193,25,3,Trackpad,13.687378564960138,10
1009,577084825607,25,3,Trackpad,4.321159743924946,10
1097,624015980400,25,3,Trackpad,11.719197743242688,10
1169,657277573598,25,3,Trackpad,9.786970319420151,10
1213,669404158834,25,3,Trackpad,5.761849961146364,10
1225,676818776410,25,3,Trackpad,7.615556338479574,10
1345,726770222419,25,3,Trackpad,25.25668345613424,10
1549,81350229447,25,3,Trackpad,7.206653166565373,10
1693,871067946078,25,3,Trackpad,10.835267032595743,10
1781,914192695869,25,3,Trackpad,124.88666333502324,10
1797,917476948583,25,3,Trackpad,86.49724994018528,10
1801,922666165279,25,3,Trackpad,6.152087418455,10
1805,924573419382,25,3,Trackpad,223.3640348681967,10
1821,928426922298,25,3,Trackpad,8.236809768273703,10
49,134751847945,30,4,Trackpad,7.613269184146369,10
193,219666297547,30,4,Trackpad,5.908543013537964,10
209,230918759014,30,4,Trackpad,7.012732947791187,10
425,326328627765,30,4,Trackpad,7.031060193920418,10
453,342998198233,30,4,Trackpad,36.83770761128385,10
521,375371629837,30,4,Trackpad,17.309280028260826,10
557,394487149082,30,4,Trackpad,15.668712824621721,10
625,425971333170,30,4,Trackpad,200.4938823338455,10
709,466315876226,30,4,Trackpad,10.077728418737772,10
797,496473497245,30,4,Trackpad,20.763552175247916,10
829,507283287821,30,4,Trackpad,8.660733715308343,10
969,559884942136,30,4,Trackpad,6.913957039663416,10
1013,577336943708,30,4,Trackpad,14.704026598455329,10
1049,60516332508,30,4,Trackpad,7.919846243164204,10
1069,609066119184,30,4,Trackpad,4.583997796804376,10
1141,643459252314,30,4,Trackpad,12.306016985588991,10
1181,660965892719,30,4,Trackpad,6.669523172052915,10
1205,667250633006,30,4,Trackpad,12.534191726156106,10
1241,68466946249,30,4,Trackpad,54.30121923142327,10
1461,777654116973,30,4,Trackpad,14.327967057107692,10
1465,780990068335,30,4,Trackpad,5.004982778017099,10
1657,853101398795,30,4,Trackpad,6.243069484290608,10
1705,875036525540,30,4,Trackpad,4.963229536345617,10
1737,890450031962,30,4,Trackpad,7.749952359588636,10
1745,894260352710,30,4,Trackpad,5.171504748317959,10
1809,92512405244,30,4,Trackpad,5.620469204435079,10
62,141351339407,35,3,Trackpad,80.80138674491401,10
294,263290655799,35,3,Trackpad,19.641561181058684,10
542,383627469185,35,3,Trackpad,6.1681861966934735,10
554,390771680977,35,3,Trackpad,47.40548054122648,10
582,401611892739,35,3,Trackpad,201.6549809605734,10
642,435751852346,35,3,Trackpad,8.894711075700826,10
706,466178274480,35,3,Trackpad,79.47677849387334,10
834,510743529302,35,3,Trackpad,7.78878694791086,10
934,549389360938,35,3,Trackpad,16.220873186199753,10
982,564938298193,35,3,Trackpad,16.406511714695988,10
1010,577084825607,35,3,Trackpad,9.318583790493486,10
1098,624015980400,35,3,Trackpad,10.444558118177396,10
1170,657277573598,35,3,Trackpad,10.307467759214978,10
1214,669404158834,35,3,Trackpad,21.19769724664727,10
1226,676818776410,35,3,Trackpad,8.540192174860309,10
1346,726770222419,35,3,Trackpad,37.155823916966035,10
1550,81350229447,35,3,Trackpad,11.289968088383137,10
1694,871067946078,35,3,Trackpad,7.351376273849706,10
1782,914192695869,35,3,Trackpad,122.59433126364583,10
1798,917476948583,35,3,Trackpad,32.51975632250505,10
1802,922666165279,35,3,Trackpad,5.466835273575738,10
1806,924573419382,35,3,Trackpad,240.78338011191045,10
1822,928426922298,35,3,Trackpad,8.848444623213746,10
50,134751847945,40,4,Trackpad,7.9275369755528855,10
194,219666297547,40,4,Trackpad,6.729572560502951,10
210,230918759014,40,4,Trackpad,10.318947668817898,10
426,326328627765,40,4,Trackpad,8.522852896893765,10
454,342998198233,40,4,Trackpad,15.495423223824076,10
522,375371629837,40,4,Trackpad,25.827118179665607,10
558,394487149082,40,4,Trackpad,27.866881676440503,10
626,425971333170,40,4,Trackpad,163.4002019270812,10
710,466315876226,40,4,Trackpad,2.837875170485855,10
798,496473497245,40,4,Trackpad,12.390315911876526,10
830,507283287821,40,4,Trackpad,158.78524211880028,10
970,559884942136,40,4,Trackpad,6.9121915811796,10
1014,577336943708,40,4,Trackpad,13.61341294574875,10
1050,60516332508,40,4,Trackpad,8.316431833834526,10
1070,609066119184,40,4,Trackpad,8.741178525009897,10
1142,643459252314,40,4,Trackpad,7.637638498438441,10
1182,660965892719,40,4,Trackpad,9.384684508590366,10
1206,667250633006,40,4,Trackpad,9.844027214247046,10
1242,68466946249,40,4,Trackpad,46.8861334720184,10
1462,777654116973,40,4,Trackpad,16.855040883429794,10
1466,780990068335,40,4,Trackpad,7.444755411444119,10
1658,853101398795,40,4,Trackpad,3.9489304898077355,10
1706,875036525540,40,4,Trackpad,8.050215717501171,10
1738,890450031962,40,4,Trackpad,5.440726933423544,10
1746,894260352710,40,4,Trackpad,10.634465150051355,10
1810,92512405244,40,4,Trackpad,9.972794153960036,10
63,141351339407,45,3,Trackpad,11.400799922254567,10
295,263290655799,45,3,Trackpad,9.792605379023836,10
543,383627469185,45,3,Trackpad,8.67023208458851,10
555,390771680977,45,3,Trackpad,162.85134978216328,10
583,401611892739,45,3,Trackpad,13.999565971949306,10
643,435751852346,45,3,Trackpad,10.416133755720553,10
707,466178274480,45,3,Trackpad,14.402011540614875,10
835,510743529302,45,3,Trackpad,40.78865875103647,10
935,549389360938,45,3,Trackpad,9.06648707794881,10
983,564938298193,45,3,Trackpad,10.170767623504535,10
1011,577084825607,45,3,Trackpad,4.545326248554539,10
1099,624015980400,45,3,Trackpad,3.9638596280301512,10
1171,657277573598,45,3,Trackpad,12.01706536348631,10
1215,669404158834,45,3,Trackpad,11.102403349494875,10
1227,676818776410,45,3,Trackpad,8.775435909528,10
1347,726770222419,45,3,Trackpad,22.935209510835385,10
1551,81350229447,45,3,Trackpad,11.153745816289169,10
1695,871067946078,45,3,Trackpad,14.039271496450985,10
1783,914192695869,45,3,Trackpad,105.00143461110505,10
1799,917476948583,45,3,Trackpad,13.056151603212863,10
1803,922666165279,45,3,Trackpad,5.529487345337526,10
1807,924573419382,45,3,Trackpad,219.91680724477413,10
1823,928426922298,45,3,Trackpad,6.886445723256878,10
51,134751847945,50,4,Trackpad,13.312749158576182,10
195,219666297547,50,4,Trackpad,6.018789950723917,10
211,230918759014,50,4,Trackpad,11.96370883491405,10
427,326328627765,50,4,Trackpad,38.16108665772299,10
455,342998198233,50,4,Trackpad,9.872834804267878,10
523,375371629837,50,4,Trackpad,12.84879125268567,10
559,394487149082,50,4,Trackpad,13.208129670988294,10
627,425971333170,50,4,Trackpad,259.72991749794977,10
711,466315876226,50,4,Trackpad,10.243818863891633,10
799,496473497245,50,4,Trackpad,9.311414377380327,10
831,507283287821,50,4,Trackpad,259.66759656287877,10
971,559884942136,50,4,Trackpad,6.379226549453566,10
1015,577336943708,50,4,Trackpad,40.36677804044218,10
1051,60516332508,50,4,Trackpad,7.788899179215538,10
1071,609066119184,50,4,Trackpad,4.760944695045321,10
1143,643459252314,50,4,Trackpad,7.741388723423953,10
1183,660965892719,50,4,Trackpad,8.747745188788151,10
1207,667250633006,50,4,Trackpad,7.2862362815329496,10
1243,68466946249,50,4,Trackpad,75.99252672234114,10
1463,777654116973,50,4,Trackpad,11.079341794633633,10
1467,780990068335,50,4,Trackpad,6.242091151058588,10
1659,853101398795,50,4,Trackpad,2.3620189250644903,10
1707,875036525540,50,4,Trackpad,7.15656444532093,10
1739,890450031962,50,4,Trackpad,9.001698557857969,10
1747,894260352710,50,4,Trackpad,7.048489648833667,10
1811,92512405244,50,4,Trackpad,11.194949226571767,10
128,177578993607,55,5,Trackpad,5.676515603952597,10
160,205160485114,55,5,Trackpad,10.638952645218987,10
228,238396474858,55,5,Trackpad,9.442081671764637,10
248,245267280377,55,5,Trackpad,11.355681920391783,10
492,366977208759,55,5,Trackpad,8.948732856683398,10
820,501492992509,55,5,Trackpad,23.123131660614742,10
884,529103524750,55,5,Trackpad,27.327856755762767,10
1324,716171277686,55,5,Trackpad,6.652668657106806,10
1328,720725221093,55,5,Trackpad,8.956548327754867,10
1416,75524589512,55,5,Trackpad,4.4674722422481725,10
1472,782467008568,55,5,Trackpad,12.765021689383408,10
1532,808518082136,55,5,Trackpad,7.84004270521586,10
1552,814708099700,55,5,Trackpad,5.459752115066455,10
1672,863832141505,55,5,Trackpad,8.041005876592909,10
1680,866262106690,55,5,Trackpad,17.396829255368058,10
1916,994898098986,55,5,Trackpad,12.397326161439643,10
16,11866547632,60,6,Trackpad,11.180524355330459,10
32,131377047859,60,6,Trackpad,5.41685930723261,10
96,163470105268,60,6,Trackpad,9.844016452154735,10
104,164780952734,60,6,Trackpad,8.969221032204096,10
168,208917626878,60,6,Trackpad,4.534201517286957,10
220,232846173923,60,6,Trackpad,7.862082528453839,10
576,400006499374,60,6,Trackpad,6.125620598675481,10
844,516834058798,60,6,Trackpad,15.758751926918915,10
880,526791953481,60,6,Trackpad,10.379486229100227,10
952,554797971853,60,6,Trackpad,7.087512757654066,10
1060,607647950528,60,6,Trackpad,9.079715668628541,10
1424,75729007134,60,6,Trackpad,118.631246966907,10
1616,837611209368,60,6,Trackpad,11.667004812689544,10
1768,906737203476,60,6,Trackpad,5.554056658625019,10
1912,994716872461,60,6,Trackpad,8.525623364506917,10
129,177578993607,65,5,Trackpad,4.418608731365933,10
161,205160485114,65,5,Trackpad,10.896021725646202,10
229,238396474858,65,5,Trackpad,7.071025819375108,10
249,245267280377,65,5,Trackpad,10.03348033827171,10
493,366977208759,65,5,Trackpad,25.386345401296666,10
821,501492992509,65,5,Trackpad,14.69129334597371,10
885,529103524750,65,5,Trackpad,19.07811728895527,10
1325,716171277686,65,5,Trackpad,5.655892716598974,10
1329,720725221093,65,5,Trackpad,6.749688192929723,10
1417,75524589512,65,5,Trackpad,5.429651070551862,10
1473,782467008568,65,5,Trackpad,9.270152088441874,10
1533,808518082136,65,5,Trackpad,7.668268418990117,10
1553,814708099700,65,5,Trackpad,8.430134320164964,10
1673,863832141505,65,5,Trackpad,13.969345284394464,10
1681,866262106690,65,5,Trackpad,12.089672828598328,10
1917,994898098986,65,5,Trackpad,6.356698487804212,10
17,11866547632,70,6,Trackpad,52.38437235748149,10
33,131377047859,70,6,Trackpad,7.751658258308883,10
97,163470105268,70,6,Trackpad,9.867282783165836,10
105,164780952734,70,6,Trackpad,8.207733012908932,10
169,208917626878,70,6,Trackpad,4.278919848489645,10
221,232846173923,70,6,Trackpad,7.0122009389147175,10
577,400006499374,70,6,Trackpad,7.625212212132744,10
845,516834058798,70,6,Trackpad,10.402135499179993,10
881,526791953481,70,6,Trackpad,15.903009191652284,10
953,554797971853,70,6,Trackpad,4.822641736538466,10
1061,607647950528,70,6,Trackpad,7.474026797522015,10
1425,75729007134,70,6,Trackpad,127.95151825890072,10
1617,837611209368,70,6,Trackpad,5.550819451142997,10
1769,906737203476,70,6,Trackpad,7.206709253977927,10
1913,994716872461,70,6,Trackpad,41.597183217649295,10
130,177578993607,75,5,Trackpad,10.539925136018267,10
162,205160485114,75,5,Trackpad,8.551492510169973,10
230,238396474858,75,5,Trackpad,6.569041201498412,10
250,245267280377,75,5,Trackpad,3.0327257099194815,10
494,366977208759,75,5,Trackpad,10.85901413226481,10
822,501492992509,75,5,Trackpad,9.830279658150065,10
886,529103524750,75,5,Trackpad,25.286265300998313,10
1326,716171277686,75,5,Trackpad,3.839150031993093,10
1330,720725221093,75,5,Trackpad,3.7629493840874684,10
1418,75524589512,75,5,Trackpad,3.42841294700511,10
1474,782467008568,75,5,Trackpad,6.104306519184872,10
1534,808518082136,75,5,Trackpad,6.513642538782614,10
1554,814708099700,75,5,Trackpad,3.8821079581330706,10
1674,863832141505,75,5,Trackpad,14.668543696444573,10
1682,866262106690,75,5,Trackpad,9.472207390604888,10
1918,994898098986,75,5,Trackpad,9.105716063995008,10
18,11866547632,80,6,Trackpad,9.997934694990905,10
34,131377047859,80,6,Trackpad,3.9429737404809866,10
98,163470105268,80,6,Trackpad,10.63319420810872,10
106,164780952734,80,6,Trackpad,33.18567527417456,10
170,208917626878,80,6,Trackpad,6.393579592868375,10
222,232846173923,80,6,Trackpad,11.639448213791027,10
578,400006499374,80,6,Trackpad,8.109169737659018,10
846,516834058798,80,6,Trackpad,14.343045558740286,10
882,526791953481,80,6,Trackpad,11.617436850222635,10
954,554797971853,80,6,Trackpad,5.599659587633824,10
1062,607647950528,80,6,Trackpad,12.877962954259432,10
1426,75729007134,80,6,Trackpad,109.94732893770193,10
1618,837611209368,80,6,Trackpad,3.1676460041849186,10
1770,906737203476,80,6,Trackpad,8.448205454814527,10
1914,994716872461,80,6,Trackpad,7.721436360119008,10
131,177578993607,85,5,Trackpad,4.648839449337715,10
163,205160485114,85,5,Trackpad,8.627966423105784,10
231,238396474858,85,5,Trackpad,8.873262062555703,10
251,245267280377,85,5,Trackpad,6.075200628618151,10
495,366977208759,85,5,Trackpad,7.424949486707406,10
823,501492992509,85,5,Trackpad,49.21479350442797,10
887,529103524750,85,5,Trackpad,33.82690858241402,10
1327,716171277686,85,5,Trackpad,6.349909980900146,10
1331,720725221093,85,5,Trackpad,5.414026871199405,10
1419,75524589512,85,5,Trackpad,11.61785583618659,10
1475,782467008568,85,5,Trackpad,8.515133858355693,10
1535,808518082136,85,5,Trackpad,5.786051172939119,10
1555,814708099700,85,5,Trackpad,2.655245447563222,10
1675,863832141505,85,5,Trackpad,9.64717104169987,10
1683,866262106690,85,5,Trackpad,44.35344721952839,10
1919,994898098986,85,5,Trackpad,5.7759243285780455,10
19,11866547632,90,6,Trackpad,11.163679443307883,10
35,131377047859,90,6,Trackpad,4.514827599060407,10
99,163470105268,90,6,Trackpad,16.174729919827616,10
107,164780952734,90,6,Trackpad,61.36250568611455,10
171,208917626878,90,6,Trackpad,7.527133238040311,10
223,232846173923,90,6,Trackpad,7.438475963658355,10
579,400006499374,90,6,Trackpad,3.3657340508312563,10
847,516834058798,90,6,Trackpad,5.743959659072355,10
883,526791953481,90,6,Trackpad,24.036892586238434,10
955,554797971853,90,6,Trackpad,5.145122275734196,10
1063,607647950528,90,6,Trackpad,7.650448965919007,10
1427,75729007134,90,6,Trackpad,132.23787697223003,10
1619,837611209368,90,6,Trackpad,4.040476856629842,10
1771,906737203476,90,6,Trackpad,8.156096876286208,10
1915,994716872461,90,6,Trackpad,5.976892852406405,10
20,119388378225,95,7,Trackpad,5.795543991377456,10
68,142243756214,95,7,Trackpad,11.984452136831234,10
80,154695465695,95,7,Trackpad,5.532637136727567,10
164,206032965332,95,7,Trackpad,16.710798441560684,10
276,258433481445,95,7,Trackpad,40.872646453667855,10
308,270836319308,95,7,Trackpad,20.870012927330304,10
516,374362493632,95,7,Trackpad,11.2285489842116,10
564,395156049868,95,7,Trackpad,10.390973601837965,10
784,491690849186,95,7,Trackpad,4.7962637161956145,10
816,500659405486,95,7,Trackpad,6.256712585062232,10
840,515614103525,95,7,Trackpad,7.653387424357601,10
1092,621998446062,95,7,Trackpad,19.071418571601633,10
1100,624326525488,95,7,Trackpad,11.575489338632105,10
1228,678681607125,95,7,Trackpad,258.5297963373713,10
1236,679935650900,95,7,Trackpad,11.38705478351601,10
1260,69378932239,95,7,Trackpad,82.12887607140327,10
1288,707165035419,95,7,Trackpad,16.253417291104387,10
1296,709011816186,95,7,Trackpad,5.998097859909602,10
1300,710075415438,95,7,Trackpad,11.304710911752686,10
1392,750330077949,95,7,Trackpad,17.6404862454081,10
1640,850329221459,95,7,Trackpad,16.956733359518267,10
1708,876915090018,95,7,Trackpad,82.10652724029174,10
1776,914010886568,95,7,Trackpad,5.7562455891066335,10
1784,91524953255,95,7,Trackpad,82.57680765075405,10
72,146859203465,100,8,Trackpad,7.048698393496889,10
264,251308053499,100,8,Trackpad,16.60217171577343,10
280,260547727346,100,8,Trackpad,3.6954764879915953,10
288,263123473152,100,8,Trackpad,22.036411333076952,10
728,47769424039,100,8,Trackpad,6.1455004984743775,10
804,498265361879,100,8,Trackpad,6.563336315900998,10
896,530361538287,100,8,Trackpad,15.081723108620231,10
924,543766975635,100,8,Trackpad,12.88032680483432,10
964,558537738863,100,8,Trackpad,7.7757783620291185,10
1112,625957949785,100,8,Trackpad,10.558976909220291,10
1264,694313736399,100,8,Trackpad,6.69234580468851,10
1560,81991281593,100,8,Trackpad,17.366278490901788,10
1620,837816405575,100,8,Trackpad,18.6317829485116,10
1720,881354056065,100,8,Trackpad,8.372958610485252,10
1740,891532907728,100,8,Trackpad,4.333073560333483,10
1760,898031750461,100,8,Trackpad,8.463889719045701,10
1764,905631664907,100,8,Trackpad,5.227822744673977,10
1868,952593450434,100,8,Trackpad,7.191415550297279,10
21,119388378225,105,7,Trackpad,6.3032809994963435,10
69,142243756214,105,7,Trackpad,15.720031172333755,10
81,154695465695,105,7,Trackpad,43.8759270841291,10
165,206032965332,105,7,Trackpad,12.769365982983862,10
277,258433481445,105,7,Trackpad,13.889373679325121,10
309,270836319308,105,7,Trackpad,6.0691188679679,10
517,374362493632,105,7,Trackpad,7.675458876792962,10
565,395156049868,105,7,Trackpad,6.906047049890654,10
785,491690849186,105,7,Trackpad,8.504730012741973,10
817,500659405486,105,7,Trackpad,7.733192173958182,10
841,515614103525,105,7,Trackpad,4.110071685448599,10
1093,621998446062,105,7,Trackpad,4.744544394918349,10
1101,624326525488,105,7,Trackpad,9.572272086863194,10
1229,678681607125,105,7,Trackpad,11.43132647638098,10
1237,679935650900,105,7,Trackpad,7.365975752073632,10
1261,69378932239,105,7,Trackpad,5.484229840000938,10
1289,707165035419,105,7,Trackpad,6.691819835837736,10
1297,709011816186,105,7,Trackpad,8.617246892741253,10
1301,710075415438,105,7,Trackpad,12.23462027950018,10
1393,750330077949,105,7,Trackpad,21.87896252636705,10
1641,850329221459,105,7,Trackpad,7.035817157204325,10
1709,876915090018,105,7,Trackpad,54.49018527310085,10
1777,914010886568,105,7,Trackpad,7.846722813105893,10
1785,91524953255,105,7,Trackpad,12.173984201200874,10
73,146859203465,110,8,Trackpad,5.55316174621963,10
265,251308053499,110,8,Trackpad,7.195672187327505,10
281,260547727346,110,8,Trackpad,13.232797064137737,10
289,263123473152,110,8,Trackpad,13.741583395303271,10
729,47769424039,110,8,Trackpad,6.056931177871452,10
805,498265361879,110,8,Trackpad,6.1928515298279665,10
897,530361538287,110,8,Trackpad,9.533366564861364,10
925,543766975635,110,8,Trackpad,92.01485300116758,10
965,558537738863,110,8,Trackpad,46.83885234533904,10
1113,625957949785,110,8,Trackpad,4.7560217554221,10
1265,694313736399,110,8,Trackpad,5.615597068348335,10
1561,81991281593,110,8,Trackpad,7.347228909652619,10
1621,837816405575,110,8,Trackpad,5.839105723051954,10
1721,881354056065,110,8,Trackpad,5.925990749858224,10
1741,891532907728,110,8,Trackpad,6.100525967664022,10
1761,898031750461,110,8,Trackpad,6.813360133115737,10
1765,905631664907,110,8,Trackpad,8.729589288382552,10
1869,952593450434,110,8,Trackpad,9.61918767105077,10
22,119388378225,115,7,Trackpad,7.864910457452587,10
70,142243756214,115,7,Trackpad,11.300308534963749,10
82,154695465695,115,7,Trackpad,13.939295483700963,10
166,206032965332,115,7,Trackpad,6.431665848351473,10
278,258433481445,115,7,Trackpad,33.5787661944383,10
310,270836319308,115,7,Trackpad,13.152992116310505,10
518,374362493632,115,7,Trackpad,8.475976636644019,10
566,395156049868,115,7,Trackpad,8.213425567035387,10
786,491690849186,115,7,Trackpad,3.924068215321326,10
818,500659405486,115,7,Trackpad,7.484866954598315,10
842,515614103525,115,7,Trackpad,3.8526320322485343,10
1094,621998446062,115,7,Trackpad,52.61375529171903,10
1102,624326525488,115,7,Trackpad,6.336431758739026,10
1230,678681607125,115,7,Trackpad,7.106833389575861,10
1238,679935650900,115,7,Trackpad,5.162757160440599,10
1262,69378932239,115,7,Trackpad,4.724397182534816,10
1290,707165035419,115,7,Trackpad,6.832439194828244,10
1298,709011816186,115,7,Trackpad,3.9621323914579722,10
1302,710075415438,115,7,Trackpad,9.549125693254142,10
1394,750330077949,115,7,Trackpad,9.527845326670564,10
1642,850329221459,115,7,Trackpad,15.258235028439346,10
1710,876915090018,115,7,Trackpad,108.3562244796244,10
1778,914010886568,115,7,Trackpad,5.906375848878588,10
1786,91524953255,115,7,Trackpad,6.08627632419402,10
74,146859203465,120,8,Trackpad,4.784353743578639,10
266,251308053499,120,8,Trackpad,9.249052150054375,10
282,260547727346,120,8,Trackpad,6.074252799679922,10
290,263123473152,120,8,Trackpad,14.845449864638733,10
730,47769424039,120,8,Trackpad,6.575119643001455,10
806,498265361879,120,8,Trackpad,12.539303317274465,10
898,530361538287,120,8,Trackpad,10.353418103145735,10
926,543766975635,120,8,Trackpad,35.44277508139621,10
966,558537738863,120,8,Trackpad,9.635545976640616,10
1114,625957949785,120,8,Trackpad,5.010117732556785,10
1266,694313736399,120,8,Trackpad,8.482534650748946,10
1562,81991281593,120,8,Trackpad,15.084634753072052,10
1622,837816405575,120,8,Trackpad,10.009820648852232,10
1722,881354056065,120,8,Trackpad,9.349021935321195,10
1742,891532907728,120,8,Trackpad,7.259170855659714,10
1762,898031750461,120,8,Trackpad,12.229574320903236,10
1766,905631664907,120,8,Trackpad,5.501761167168879,10
1870,952593450434,120,8,Trackpad,10.951628948602272,10
23,119388378225,125,7,Trackpad,9.968061125131154,10
71,142243756214,125,7,Trackpad,4.9163014564491885,10
83,154695465695,125,7,Trackpad,9.565312405740757,10
167,206032965332,125,7,Trackpad,6.98033291591734,10
279,258433481445,125,7,Trackpad,28.63508192793014,10
311,270836319308,125,7,Trackpad,5.8106507228837385,10
519,374362493632,125,7,Trackpad,7.470735495736475,10
567,395156049868,125,7,Trackpad,28.04142936265495,10
787,491690849186,125,7,Trackpad,3.5901814302683817,10
819,500659405486,125,7,Trackpad,6.92499852081068,10
843,515614103525,125,7,Trackpad,8.155345756656466,10
1095,621998446062,125,7,Trackpad,14.923243109741849,10
1103,624326525488,125,7,Trackpad,7.554076715044585,10
1231,678681607125,125,7,Trackpad,110.0535259191706,10
1239,679935650900,125,7,Trackpad,8.480973276610959,10
1263,69378932239,125,7,Trackpad,5.522406814869126,10
1291,707165035419,125,7,Trackpad,8.649421471376094,10
1299,709011816186,125,7,Trackpad,10.528666714234742,10
1303,710075415438,125,7,Trackpad,4.934551789097387,10
1395,750330077949,125,7,Trackpad,16.195516382816077,10
1643,850329221459,125,7,Trackpad,10.213801036895411,10
1711,876915090018,125,7,Trackpad,38.95066725051523,10
1779,914010886568,125,7,Trackpad,6.170852539171651,10
1787,91524953255,125,7,Trackpad,5.140559163873942,10
75,146859203465,130,8,Trackpad,8.747308144677111,10
267,251308053499,130,8,Trackpad,17.269733380406983,10
283,260547727346,130,8,Trackpad,4.980287891465886,10
291,263123473152,130,8,Trackpad,16.100719505836324,10
731,47769424039,130,8,Trackpad,5.021192903036607,10
807,498265361879,130,8,Trackpad,10.034530032928323,10
899,530361538287,130,8,Trackpad,5.576412659266262,10
927,543766975635,130,8,Trackpad,8.209913192572714,10
967,558537738863,130,8,Trackpad,41.37118544537885,10
1115,625957949785,130,8,Trackpad,12.046792310532354,10
1267,694313736399,130,8,Trackpad,9.29483466737969,10
1563,81991281593,130,8,Trackpad,8.470403443515227,10
1623,837816405575,130,8,Trackpad,4.842905985962496,10
1723,881354056065,130,8,Trackpad,11.030981378831815,10
1743,891532907728,130,8,Trackpad,83.19213211828811,10
1763,898031750461,130,8,Trackpad,6.573414461281155,10
1767,905631664907,130,8,Trackpad,2.9880076722749758,10
1871,952593450434,130,8,Trackpad,11.551201268342098,10
116,1721418462,135,9,Trackpad,30.544831053909352,10
352,290656034369,135,9,Trackpad,4.423119721657201,10
356,292629866395,135,9,Trackpad,7.132596241166253,10
392,313978052698,135,9,Trackpad,8.339182959774316,10
400,314581190701,135,9,Trackpad,9.374796797398472,10
432,333479267545,135,9,Trackpad,7.588150866785598,10
532,381056854035,135,9,Trackpad,6.126954468746763,10
560,395056795561,135,9,Trackpad,5.572548621248463,10
648,439513294491,135,9,Trackpad,5.973403037526935,10
1016,587319151731,135,9,Trackpad,7.945967264732257,10
1052,606417353264,135,9,Trackpad,6.36115185169166,10
1220,672964076977,135,9,Trackpad,9.071839534722761,10
1432,759023618418,135,9,Trackpad,9.043116834376978,10
1500,794821160379,135,9,Trackpad,4.336242390655146,10
1576,823657240718,135,9,Trackpad,83.92436903384396,10
1588,828356987563,135,9,Trackpad,52.97832058456911,10
1716,879490296822,135,9,Trackpad,15.142521142091784,10
8,114463583799,140,10,Trackpad,4.948677056150092,10
152,199718243908,140,10,Trackpad,5.237226791288786,10
184,211914503015,140,10,Trackpad,6.327837139167376,10
260,248674978269,140,10,Trackpad,4.459757924401148,10
268,252662312705,140,10,Trackpad,7.343672181879944,10
448,340899273753,140,10,Trackpad,10.891004636586128,10
456,347401194740,140,10,Trackpad,8.197870560717721,10
724,477302741259,140,10,Trackpad,10.813541853413437,10
732,478219331707,140,10,Trackpad,7.296069953460628,10
788,491837100125,140,10,Trackpad,12.731073409786235,10
904,535793054616,140,10,Trackpad,11.90039643428691,10
936,549661439377,140,10,Trackpad,9.410214909996778,10
1028,589106590719,140,10,Trackpad,10.384538256744738,10
1040,594008709769,140,10,Trackpad,6.827646230285001,10
1088,6196976173,140,10,Trackpad,12.547938600823663,10
1116,627511081285,140,10,Trackpad,8.272137359231039,10
1176,660482772393,140,10,Trackpad,5.631557521380509,10
1384,749603402102,140,10,Trackpad,7.082126514523668,10
1536,810153302503,140,10,Trackpad,38.991750702458546,10
1596,830764988902,140,10,Trackpad,38.85706449999646,10
1696,871249367017,140,10,Trackpad,5.197878449759711,10
1828,93308798968,140,10,Trackpad,11.443879261788283,10
117,1721418462,145,9,Trackpad,7.887004759957712,10
353,290656034369,145,9,Trackpad,12.73272635487134,10
357,292629866395,145,9,Trackpad,7.288163436998142,10
393,313978052698,145,9,Trackpad,11.990274039647945,10
401,314581190701,145,9,Trackpad,7.477559569409173,10
433,333479267545,145,9,Trackpad,6.161787818836454,10
533,381056854035,145,9,Trackpad,10.727562666822642,10
561,395056795561,145,9,Trackpad,7.629703645119396,10
649,439513294491,145,9,Trackpad,9.212152561137296,10
1017,587319151731,145,9,Trackpad,4.987326510733713,10
1053,606417353264,145,9,Trackpad,16.63032909972706,10
1221,672964076977,145,9,Trackpad,4.619932968150715,10
1433,759023618418,145,9,Trackpad,47.67493124264908,10
1501,794821160379,145,9,Trackpad,6.654339284381373,10
1577,823657240718,145,9,Trackpad,28.907810379385346,10
1589,828356987563,145,9,Trackpad,179.32714118875194,10
1717,879490296822,145,9,Trackpad,7.992142111637179,10
9,114463583799,150,10,Trackpad,6.189016827972978,10
153,199718243908,150,10,Trackpad,9.834675817551267,10
185,211914503015,150,10,Trackpad,9.511926061980873,10
261,248674978269,150,10,Trackpad,8.033801247201252,10
269,252662312705,150,10,Trackpad,6.7172842994666215,10
449,340899273753,150,10,Trackpad,12.250185564795853,10
457,347401194740,150,10,Trackpad,9.607200817217796,10
725,477302741259,150,10,Trackpad,5.280466644629079,10
733,478219331707,150,10,Trackpad,13.067982339217114,10
789,491837100125,150,10,Trackpad,9.567785326287302,10
905,535793054616,150,10,Trackpad,10.284790459844082,10
937,549661439377,150,10,Trackpad,6.586978236649228,10
1029,589106590719,150,10,Trackpad,7.139998767987459,10
1041,594008709769,150,10,Trackpad,9.817872257757998,10
1089,6196976173,150,10,Trackpad,7.141103921772922,10
1117,627511081285,150,10,Trackpad,5.423171696998202,10
1177,660482772393,150,10,Trackpad,5.1256730952015115,10
1385,749603402102,150,10,Trackpad,13.19734060903594,10
1537,810153302503,150,10,Trackpad,4.892517405897982,10
1597,830764988902,150,10,Trackpad,12.748644052098989,10
1697,871249367017,150,10,Trackpad,9.725772058938047,10
1829,93308798968,150,10,Trackpad,5.708306124331866,10
118,1721418462,155,9,Trackpad,51.84602109968499,10
354,290656034369,155,9,Trackpad,4.49816541284583,10
358,292629866395,155,9,Trackpad,9.120778808645811,10
394,313978052698,155,9,Trackpad,7.751147221952011,10
402,314581190701,155,9,Trackpad,3.512758209649476,10
434,333479267545,155,9,Trackpad,9.755368407181123,10
534,381056854035,155,9,Trackpad,8.691510198915832,10
562,395056795561,155,9,Trackpad,6.319679103307331,10
650,439513294491,155,9,Trackpad,7.030233258158778,10
1018,587319151731,155,9,Trackpad,7.226776161917446,10
1054,606417353264,155,9,Trackpad,86.24140134836952,10
1222,672964076977,155,9,Trackpad,6.809871822914923,10
1434,759023618418,155,9,Trackpad,12.005168618007998,10
1502,794821160379,155,9,Trackpad,9.789342882520227,10
1578,823657240718,155,9,Trackpad,10.160314517209398,10
1590,828356987563,155,9,Trackpad,130.70979940528954,10
1718,879490296822,155,9,Trackpad,11.733318903878775,10
10,114463583799,160,10,Trackpad,5.504577876884586,10
154,199718243908,160,10,Trackpad,5.914403933285654,10
186,211914503015,160,10,Trackpad,9.722198063016199,10
262,248674978269,160,10,Trackpad,6.060623106860537,10
270,252662312705,160,10,Trackpad,36.116888769684344,10
450,340899273753,160,10,Trackpad,6.972491426146352,10
458,347401194740,160,10,Trackpad,7.494505314225728,10
726,477302741259,160,10,Trackpad,8.678516798070202,10
734,478219331707,160,10,Trackpad,6.664479385402103,10
790,491837100125,160,10,Trackpad,13.967514401906747,10
906,535793054616,160,10,Trackpad,16.61744654924029,10
938,549661439377,160,10,Trackpad,9.40653427634,10
1030,589106590719,160,10,Trackpad,6.2253566521984895,10
1042,594008709769,160,10,Trackpad,12.787401667263357,10
1090,6196976173,160,10,Trackpad,7.969199258838239,10
1118,627511081285,160,10,Trackpad,43.82141331759538,10
1178,660482772393,160,10,Trackpad,9.66445899251661,10
1386,749603402102,160,10,Trackpad,14.598221427738304,10
1538,810153302503,160,10,Trackpad,4.422131457125889,10
1598,830764988902,160,10,Trackpad,5.617256572748361,10
1698,871249367017,160,10,Trackpad,9.66770307023374,10
1830,93308798968,160,10,Trackpad,5.361867171325276,10
119,1721418462,165,9,Trackpad,62.834358055706325,10
355,290656034369,165,9,Trackpad,8.390632560296355,10
359,292629866395,165,9,Trackpad,9.882165545809888,10
395,313978052698,165,9,Trackpad,7.963838809275662,10
403,314581190701,165,9,Trackpad,8.257803378864027,10
435,333479267545,165,9,Trackpad,15.3875732926889,10
535,381056854035,165,9,Trackpad,11.949026050560864,10
563,395056795561,165,9,Trackpad,5.371456284512324,10
651,439513294491,165,9,Trackpad,9.340701460318428,10
1019,587319151731,165,9,Trackpad,11.477716565039167,10
1055,606417353264,165,9,Trackpad,82.45832075222123,10
1223,672964076977,165,9,Trackpad,7.497696301897976,10
1435,759023618418,165,9,Trackpad,13.549177714236729,10
1503,794821160379,165,9,Trackpad,39.552346914517784,10
1579,823657240718,165,9,Trackpad,6.417841739572222,10
1591,828356987563,165,9,Trackpad,109.21937110890329,10
1719,879490296822,165,9,Trackpad,14.100954986303062,10
11,114463583799,170,10,Trackpad,8.489671566648866,10
155,199718243908,170,10,Trackpad,3.49555187277836,10
187,211914503015,170,10,Trackpad,9.154494607226567,10
263,248674978269,170,10,Trackpad,10.941345680147498,10
271,252662312705,170,10,Trackpad,5.159980858494532,10
451,340899273753,170,10,Trackpad,7.633095544508325,10
459,347401194740,170,10,Trackpad,6.633850553497674,10
727,477302741259,170,10,Trackpad,8.994447198697271,10
735,478219331707,170,10,Trackpad,11.509958752134445,10
791,491837100125,170,10,Trackpad,5.280861649889463,10
907,535793054616,170,10,Trackpad,4.946149863879887,10
939,549661439377,170,10,Trackpad,24.462239168313978,10
1031,589106590719,170,10,Trackpad,6.548952142708608,10
1043,594008709769,170,10,Trackpad,7.257574428981945,10
1091,6196976173,170,10,Trackpad,9.49755489950405,10
1119,627511081285,170,10,Trackpad,15.261271324102346,10
1179,660482772393,170,10,Trackpad,12.488463240043986,10
1387,749603402102,170,10,Trackpad,50.16043744583579,10
1539,810153302503,170,10,Trackpad,2.9709474129395614,10
1599,830764988902,170,10,Trackpad,5.068283732534156,10
1699,871249367017,170,10,Trackpad,4.823345040417871,10
1831,93308798968,170,10,Trackpad,14.769469892693394,10
