group,perturbSize,sub,trialType,cycleNum,handangle
1,2,1,0,1,6.60397422986923
1,2,1,0,2,0.0633377410270158
1,2,1,0,3,1.60434346026282
1,2,1,0,4,-1.31318504252322
1,2,1,0,5,-1.25160173563425
1,2,1,0,6,1.54828171563
1,2,1,0,7,0.139519155683711
1,2,1,0,8,1.45662677994429
1,2,1,0,9,4.89882932972222
1,2,1,0,10,-0.394433609457532
1,2,1,0,11,0.236351818312117
1,2,1,0,12,6.16495305581784
1,2,1,0,13,-0.466509213176205
1,2,1,0,14,-4.19205532895031
1,2,1,0,15,-0.994894482900577
1,2,1,0,16,-1.46434398661596
1,2,1,0,17,-2.05564277401757
1,2,1,0,18,-0.840643717212788
1,2,1,0,19,-0.717418508861295
1,2,1,0,20,-3.69131463915448
1,2,1,0,21,-1.65043281577675
1,2,1,0,22,-0.882813778676375
1,2,1,0,23,-1.71449797581012
1,2,1,0,24,-1.02687486664166
1,2,1,0,25,1.04275295647777
1,2,1,0,26,0.61837655423337
1,2,1,0,27,-1.21525582550269
1,2,1,0,28,0.425372801751668
1,2,1,0,29,1.04073340193129
1,2,1,0,30,1.24068384297214
1,2,1,1,31,0.422307574071242
1,2,1,1,32,-1.30721941083715
1,2,1,1,33,0.359891053855297
1,2,1,1,34,0.554100584659165
1,2,1,1,35,1.34783100341497
1,2,1,1,36,-0.649680890327068
1,2,1,1,37,4.54109079978436
1,2,1,1,38,4.98731817316465
1,2,1,1,39,2.04063511479666
1,2,1,1,40,3.08420578296078
1,2,1,1,41,4.85999296207324
1,2,1,1,42,3.78371065234612
1,2,1,1,43,5.64595897275663
1,2,1,1,44,5.4195258094781
1,2,1,1,45,4.21108576788275
1,2,1,1,46,4.73155345319467
1,2,1,1,47,6.00794545739707
1,2,1,1,48,5.23849890845758
1,2,1,1,49,6.40417991938067
1,2,1,1,50,5.07961198024192
1,2,1,1,51,5.20156724178869
1,2,1,1,52,5.34808040826736
1,2,1,1,53,6.77825835510606
1,2,1,1,54,7.25629184439246
1,2,1,1,55,4.53375119461329
1,2,1,1,56,4.80717606011799
1,2,1,1,57,7.49462631313811
1,2,1,1,58,5.34104467197953
1,2,1,1,59,5.32433367080566
1,2,1,1,60,9.98158248630426
1,2,1,1,61,5.8610290037337
1,2,1,1,62,4.43532611634788
1,2,1,1,63,8.603153281458
1,2,1,1,64,9.5815259328318
1,2,1,1,65,6.95528446311693
1,2,1,1,66,8.67009285048103
1,2,1,1,67,4.17999003073114
1,2,1,1,68,9.58210122690626
1,2,1,1,69,8.56160167757735
1,2,1,1,70,10.3510737680764
1,2,1,1,71,10.0337205752714
1,2,1,1,72,7.98993054831635
1,2,1,1,73,9.86945076425427
1,2,1,1,74,12.6515169161282
1,2,1,1,75,5.26663870999501
1,2,1,1,76,9.02596392196297
1,2,1,1,77,8.65619776033669
1,2,1,1,78,8.14366405554599
1,2,1,1,79,7.16833236438834
1,2,1,1,80,9.35298525801961
1,2,1,1,81,6.68319060182864
1,2,1,1,82,9.14201231426381
1,2,1,1,83,11.2148137611467
1,2,1,1,84,10.8267092471464
1,2,1,1,85,12.6616080335486
1,2,1,1,86,9.26789788588621
1,2,1,1,87,10.7562766765818
1,2,1,1,88,10.7982833517827
1,2,1,1,89,8.02686374551229
1,2,1,1,90,11.9511603167416
1,2,1,1,91,11.9156751505714
1,2,1,1,92,11.6921253395285
1,2,1,1,93,11.0467003932412
1,2,1,1,94,10.0731669054127
1,2,1,1,95,11.5371137766786
1,2,1,1,96,11.4494224890423
1,2,1,1,97,8.53996504418027
1,2,1,1,98,11.6233322304731
1,2,1,1,99,11.2554148288283
1,2,1,1,100,11.2011276609679
1,2,1,1,101,14.5277343705664
1,2,1,1,102,11.4884967513658
1,2,1,1,103,12.2450476170028
1,2,1,1,104,13.7578413719054
1,2,1,1,105,13.034850222351
1,2,1,1,106,13.6773236154228
1,2,1,1,107,17.301782683672
1,2,1,1,108,13.2069840686204
1,2,1,1,109,11.2299049934166
1,2,1,1,110,13.9914036651775
1,2,1,2,111,9.49978611654137
1,2,1,2,112,10.7603510526281
1,2,1,2,113,9.64602849515576
1,2,1,2,114,9.05392895848429
1,2,1,2,115,9.64580517438684
1,2,1,2,116,12.4821981601946
1,2,1,2,117,10.0912678109281
1,2,1,2,118,10.6074084874148
1,2,1,2,119,9.59207341002501
1,2,1,2,120,8.07160971585421
1,2,2,0,1,-4.76637146965354
1,2,2,0,2,-0.433396629064134
1,2,2,0,3,-2.24327340446969
1,2,2,0,4,-2.80763895715699
1,2,2,0,5,-3.34308200109381
1,2,2,0,6,-0.90649012639077
1,2,2,0,7,-1.58186579786527
1,2,2,0,8,-0.85441633365493
1,2,2,0,9,-1.36057522252054
1,2,2,0,10,-1.34048389931391
1,2,2,0,11,-2.79377076189289
1,2,2,0,12,-2.77748037988806
1,2,2,0,13,-0.606710708929336
1,2,2,0,14,-0.995829871093152
1,2,2,0,15,-2.55433652319459
1,2,2,0,16,-0.273398983209302
1,2,2,0,17,-2.41982149330394
1,2,2,0,18,-2.44111995804365
1,2,2,0,19,-0.681127553965888
1,2,2,0,20,-3.77977113401238
1,2,2,0,21,1.15014186122548
1,2,2,0,22,-0.51306111199069
1,2,2,0,23,-2.46648574697952
1,2,2,0,24,1.95332515633374
1,2,2,0,25,0.229288644709785
1,2,2,0,26,-0.707093379178883
1,2,2,0,27,-1.47341722219577
1,2,2,0,28,-1.34453512616933
1,2,2,0,29,0.889294246912391
1,2,2,0,30,-2.58612379168261
1,2,2,1,31,2.47061799007925
1,2,2,1,32,3.5911155420977
1,2,2,1,33,2.8990832177688
1,2,2,1,34,0.821367933762865
1,2,2,1,35,5.10696861286868
1,2,2,1,36,1.75968779207532
1,2,2,1,37,1.68753855513899
1,2,2,1,38,0.67553642938913
1,2,2,1,39,2.38144243405277
1,2,2,1,40,3.61858938286789
1,2,2,1,41,5.2899594405572
1,2,2,1,42,2.00299121143729
1,2,2,1,43,2.64479905734888
1,2,2,1,44,1.92670499421455
1,2,2,1,45,5.88411697444679
1,2,2,1,46,6.12082158473031
1,2,2,1,47,0.257613791096012
1,2,2,1,48,2.44329083119386
1,2,2,1,49,4.03420889921901
1,2,2,1,50,2.63921107743089
1,2,2,1,51,4.30978581670088
1,2,2,1,52,4.88741900897249
1,2,2,1,53,6.38062701876458
1,2,2,1,54,3.92435441515009
1,2,2,1,55,4.43672100936256
1,2,2,1,56,5.73632961643806
1,2,2,1,57,3.92799179335303
1,2,2,1,58,4.83341200497422
1,2,2,1,59,6.41506104938265
1,2,2,1,60,6.25634898730886
1,2,2,1,61,5.08388719296565
1,2,2,1,62,4.8207212753457
1,2,2,1,63,7.44889070115249
1,2,2,1,64,5.87529670767238
1,2,2,1,65,7.84457105676785
1,2,2,1,66,8.83375469672022
1,2,2,1,67,8.49160727403728
1,2,2,1,68,6.2335289494778
1,2,2,1,69,4.39557996221028
1,2,2,1,70,6.42240990718369
1,2,2,1,71,8.83993007529773
1,2,2,1,72,6.69418937459049
1,2,2,1,73,4.86205086615483
1,2,2,1,74,7.59782483630469
1,2,2,1,75,7.32661658963758
1,2,2,1,76,8.45433579425765
1,2,2,1,77,5.9245371035124
1,2,2,1,78,7.55505718750344
1,2,2,1,79,9.39368586804104
1,2,2,1,80,9.55542500132552
1,2,2,1,81,9.37655386921718
1,2,2,1,82,9.79659061625727
1,2,2,1,83,8.62193000563314
1,2,2,1,84,9.29407772608434
1,2,2,1,85,6.35073165972278
1,2,2,1,86,8.88359999689579
1,2,2,1,87,7.18955991666335
1,2,2,1,88,7.55999714030151
1,2,2,1,89,9.50069494691135
1,2,2,1,90,5.13935287076772
1,2,2,1,91,6.16002773144081
1,2,2,1,92,8.33279214390454
1,2,2,1,93,8.34837371513598
1,2,2,1,94,11.0316119354439
1,2,2,1,95,8.69395769401179
1,2,2,1,96,10.2344185573835
1,2,2,1,97,9.34787444852674
1,2,2,1,98,7.32001819322118
1,2,2,1,99,11.6306640981641
1,2,2,1,100,8.35204453381615
1,2,2,1,101,8.13622424195257
1,2,2,1,102,9.92212137311446
1,2,2,1,103,9.28719328492176
1,2,2,1,104,11.246889504811
1,2,2,1,105,11.2252304292154
1,2,2,1,106,6.46800876775041
1,2,2,1,107,8.46551567387802
1,2,2,1,108,8.59643908974035
1,2,2,1,109,7.05621104234905
1,2,2,1,110,7.52352309675392
1,2,2,2,111,11.3844321554147
1,2,2,2,112,7.74239721724708
1,2,2,2,113,5.27305292383199
1,2,2,2,114,8.38608326025235
1,2,2,2,115,7.26357509133338
1,2,2,2,116,8.50173280189035
1,2,2,2,117,6.324216750819
1,2,2,2,118,4.27123220834351
1,2,2,2,119,8.94015339181929
1,2,2,2,120,11.8237493596971
1,2,3,0,1,-0.427014214714698
1,2,3,0,2,-6.6128144553772
1,2,3,0,3,-0.24526452542302
1,2,3,0,4,-1.23788256671882
1,2,3,0,5,2.53958497913721
1,2,3,0,6,2.96903146052046
1,2,3,0,7,-0.601260684430628
1,2,3,0,8,-1.57412869828896
1,2,3,0,9,0.32373669122824
1,2,3,0,10,0.50729288812891
1,2,3,0,11,0.105984613427475
1,2,3,0,12,0.814060547071594
1,2,3,0,13,1.54844239740598
1,2,3,0,14,-1.50123412327363
1,2,3,0,15,-1.86320381995039
1,2,3,0,16,0.0746293642129381
1,2,3,0,17,-0.331324951408439
1,2,3,0,18,1.76874132421212
1,2,3,0,19,4.7356969113407
1,2,3,0,20,-0.922670281560581
1,2,3,0,21,0.673593493078249
1,2,3,0,22,0.866260959684775
1,2,3,0,23,3.56662334202095
1,2,3,0,24,-0.891606508597654
1,2,3,0,25,-0.21431580815756
1,2,3,0,26,1.08216834873641
1,2,3,0,27,2.98301490461414
1,2,3,0,28,2.76553748389177
1,2,3,0,29,4.13107126572363
1,2,3,0,30,2.97643704222818
1,2,3,1,31,-1.1255843236687
1,2,3,1,32,3.83214069093266
1,2,3,1,33,0.572373849355791
1,2,3,1,34,-0.191874719635807
1,2,3,1,35,1.10600207789717
1,2,3,1,36,3.52860524696162
1,2,3,1,37,4.7809644024115
1,2,3,1,38,4.2002694717919
1,2,3,1,39,2.37125894106989
1,2,3,1,40,4.06882848745474
1,2,3,1,41,6.41939549081977
1,2,3,1,42,4.942249375361
1,2,3,1,43,3.12627447065678
1,2,3,1,44,5.70694405877021
1,2,3,1,45,6.15181059387366
1,2,3,1,46,3.9066726313154
1,2,3,1,47,6.82959824549225
1,2,3,1,48,4.34264538636817
1,2,3,1,49,3.95024626355736
1,2,3,1,50,6.25710709686186
1,2,3,1,51,2.70987646974446
1,2,3,1,52,5.58774979495403
1,2,3,1,53,7.81846255859157
1,2,3,1,54,4.00708292632414
1,2,3,1,55,6.90416901266707
1,2,3,1,56,3.92607921130628
1,2,3,1,57,3.84242524262862
1,2,3,1,58,3.3471560019878
1,2,3,1,59,0.795397357998062
1,2,3,1,60,0.85479420327657
1,2,3,1,61,4.98244642284927
1,2,3,1,62,5.76623669418449
1,2,3,1,63,4.56176634761084
1,2,3,1,64,3.47099858089598
1,2,3,1,65,5.47340435659216
1,2,3,1,66,8.35469161736632
1,2,3,1,67,5.15876046786275
1,2,3,1,68,9.26304224639212
1,2,3,1,69,3.96664885453562
1,2,3,1,70,2.81976308604576
1,2,3,1,71,5.55627499085972
1,2,3,1,72,5.61217387603943
1,2,3,1,73,3.67930085220753
1,2,3,1,74,6.51843270825404
1,2,3,1,75,6.13153487848015
1,2,3,1,76,6.63585219752121
1,2,3,1,77,10.4003990897505
1,2,3,1,78,9.95701548858939
1,2,3,1,79,15.8669100901673
1,2,3,1,80,5.74660688085217
1,2,3,1,81,6.26991985873864
1,2,3,1,82,9.9306028965442
1,2,3,1,83,6.27823866033189
1,2,3,1,84,10.0559114173473
1,2,3,1,85,9.47013719709257
1,2,3,1,86,11.1911246422485
1,2,3,1,87,10.7489667280956
1,2,3,1,88,8.29396829049423
1,2,3,1,89,12.8720794127023
1,2,3,1,90,9.28784602659331
1,2,3,1,91,13.232753797082
1,2,3,1,92,11.5778218893022
1,2,3,1,93,10.2519050124115
1,2,3,1,94,9.29767404666747
1,2,3,1,95,8.98339743611612
1,2,3,1,96,8.01629370167697
1,2,3,1,97,9.93521380950613
1,2,3,1,98,9.63278930172635
1,2,3,1,99,7.62711702567912
1,2,3,1,100,12.3801303516513
1,2,3,1,101,8.94023377035632
1,2,3,1,102,7.63528277336581
1,2,3,1,103,9.16239390571224
1,2,3,1,104,12.2822015680981
1,2,3,1,105,14.6128196288373
1,2,3,1,106,13.8905203272808
1,2,3,1,107,8.29206788553135
1,2,3,1,108,14.0449996612264
1,2,3,1,109,9.75945050945318
1,2,3,1,110,12.9808023837545
1,2,3,2,111,10.5164005270238
1,2,3,2,112,15.075889373816
1,2,3,2,113,15.808976950893
1,2,3,2,114,17.5245987397966
1,2,3,2,115,13.6456410075891
1,2,3,2,116,15.3638418363407
1,2,3,2,117,8.97372540142858
1,2,3,2,118,11.7272393560418
1,2,3,2,119,11.6283271342602
1,2,3,2,120,11.8494740464075
1,2,4,0,1,1.23794101067816
1,2,4,0,2,3.76645586556451
1,2,4,0,3,-3.3200350112778
1,2,4,0,4,-2.88977959283513
1,2,4,0,5,-3.02819269076091
1,2,4,0,6,-7.02814005583087
1,2,4,0,7,-4.75474249405656
1,2,4,0,8,0.0205619761592817
1,2,4,0,9,-4.24680641174127
1,2,4,0,10,-4.66435682278514
1,2,4,0,11,-3.25552234837113
1,2,4,0,12,-0.781795976554856
1,2,4,0,13,-1.29909013967906
1,2,4,0,14,-1.7988852914865
1,2,4,0,15,-1.62170867660496
1,2,4,0,16,-0.983037795508661
1,2,4,0,17,-0.718509578366213
1,2,4,0,18,-4.59106069057645
1,2,4,0,19,-1.29908018886684
1,2,4,0,20,1.14291198089436
1,2,4,0,21,-1.09007673785938
1,2,4,0,22,-1.97277568621727
1,2,4,0,23,-1.5792294469894
1,2,4,0,24,-2.05189121656268
1,2,4,0,25,-3.93624181515174
1,2,4,0,26,-3.37377837421221
1,2,4,0,27,-2.86715246026054
1,2,4,0,28,-1.91803028454971
1,2,4,0,29,-3.51603462830391
1,2,4,0,30,-2.78394882633249
1,2,4,1,31,1.62884452988088
1,2,4,1,32,-2.01907146217516
1,2,4,1,33,-0.473698151405613
1,2,4,1,34,-0.411038682524913
1,2,4,1,35,1.18394735884436
1,2,4,1,36,-2.66582049272074
1,2,4,1,37,-1.27559797795552
1,2,4,1,38,0.432167917886444
1,2,4,1,39,-0.256737179920688
1,2,4,1,40,-0.343643182722239
1,2,4,1,41,2.48987579657698
1,2,4,1,42,2.67392252319543
1,2,4,1,43,1.34893472706079
1,2,4,1,44,3.55697607813385
1,2,4,1,45,1.08568245665321
1,2,4,1,46,3.57019493252828
1,2,4,1,47,0.923195987960434
1,2,4,1,48,1.45151148774266
1,2,4,1,49,2.4124532224605
1,2,4,1,50,3.15099645584328
1,2,4,1,51,3.08716988581312
1,2,4,1,52,3.67691929734914
1,2,4,1,53,4.3850208218868
1,2,4,1,54,4.34027769815899
1,2,4,1,55,5.56967807542337
1,2,4,1,56,6.05017580398341
1,2,4,1,57,7.82066279218548
1,2,4,1,58,5.84810026217791
1,2,4,1,59,2.09977015394952
1,2,4,1,60,3.14100412254286
1,2,4,1,61,1.84291237128401
1,2,4,1,62,5.51033714379539
1,2,4,1,63,5.35668794299687
1,2,4,1,64,7.84059549817669
1,2,4,1,65,6.06807241985519
1,2,4,1,66,7.12876036638533
1,2,4,1,67,6.55697065881186
1,2,4,1,68,6.85188838334994
1,2,4,1,69,6.18377212139158
1,2,4,1,70,3.90497623075801
1,2,4,1,71,8.82514298329163
1,2,4,1,72,7.16537734053922
1,2,4,1,73,8.59801666363158
1,2,4,1,74,9.47444502540251
1,2,4,1,75,7.07022687081486
1,2,4,1,76,12.4976220947385
1,2,4,1,77,9.93731495390588
1,2,4,1,78,8.95449951297526
1,2,4,1,79,10.4257447006644
1,2,4,1,80,8.42991459012262
1,2,4,1,81,9.17729981223308
1,2,4,1,82,9.18267332121985
1,2,4,1,83,9.73360726073547
1,2,4,1,84,11.8225025184576
1,2,4,1,85,10.1852298271131
1,2,4,1,86,14.4360543087257
1,2,4,1,87,10.8571226580328
1,2,4,1,88,14.5423628592129
1,2,4,1,89,8.6377120114398
1,2,4,1,90,10.1574121360097
1,2,4,1,91,9.12066714379192
1,2,4,1,92,8.57366177995921
1,2,4,1,93,11.5291338221341
1,2,4,1,94,10.1050785390466
1,2,4,1,95,10.4587759805545
1,2,4,1,96,12.4522424955673
1,2,4,1,97,11.2155135399164
1,2,4,1,98,9.47378164348931
1,2,4,1,99,10.9925235999913
1,2,4,1,100,13.4198780283547
1,2,4,1,101,11.5874047086182
1,2,4,1,102,7.13126600955634
1,2,4,1,103,14.2705876927995
1,2,4,1,104,14.7107372433999
1,2,4,1,105,13.9109407386573
1,2,4,1,106,13.4120293935678
1,2,4,1,107,10.2824700333528
1,2,4,1,108,10.4026989286355
1,2,4,1,109,13.9616772438058
1,2,4,1,110,9.62884593163664
1,2,4,2,111,10.2005544507929
1,2,4,2,112,10.7567291544999
1,2,4,2,113,6.09723930737727
1,2,4,2,114,8.82596982008369
1,2,4,2,115,4.78293404582659
1,2,4,2,116,9.6327900995518
1,2,4,2,117,7.6024107579599
1,2,4,2,118,5.89948418736534
1,2,4,2,119,5.00026206369978
1,2,4,2,120,7.28321160073327
1,2,5,0,1,-7.92454682173771
1,2,5,0,2,3.37879109371059
1,2,5,0,3,-4.82586954998477
1,2,5,0,4,2.53066666880394
1,2,5,0,5,-3.68524323872281
1,2,5,0,6,-1.13358120287492
1,2,5,0,7,-1.43438315144456
1,2,5,0,8,-2.04183791589625
1,2,5,0,9,-2.05739313838035
1,2,5,0,10,0.824122834333921
1,2,5,0,11,-0.339597088476285
1,2,5,0,12,-1.5926089366412
1,2,5,0,13,-2.97918533407545
1,2,5,0,14,-2.00559962059149
1,2,5,0,15,-1.90006478793978
1,2,5,0,16,0.338389640822279
1,2,5,0,17,-3.44330275748425
1,2,5,0,18,-2.41307246445022
1,2,5,0,19,-2.99415241935603
1,2,5,0,20,-4.77515510373496
1,2,5,0,21,0.641266623428922
1,2,5,0,22,-1.81552562977648
1,2,5,0,23,0.62348462210264
1,2,5,0,24,0.567657486580819
1,2,5,0,25,-0.585353274685596
1,2,5,0,26,0.692179483915636
1,2,5,0,27,4.9006297144846
1,2,5,0,28,0.247481156533512
1,2,5,0,29,1.23765549277691
1,2,5,0,30,3.50862783136072
1,2,5,1,31,-1.61144456124542
1,2,5,1,32,0.368948147323456
1,2,5,1,33,2.18863423919039
1,2,5,1,34,-2.28829124788511
1,2,5,1,35,-1.08439468260844
1,2,5,1,36,1.11610512692302
1,2,5,1,37,-0.36981782874847
1,2,5,1,38,0.549884211171605
1,2,5,1,39,4.16133370944652
1,2,5,1,40,0.656248968710135
1,2,5,1,41,1.83480942274903
1,2,5,1,42,0.944840319143023
1,2,5,1,43,2.79045551040728
1,2,5,1,44,1.31375185621074
1,2,5,1,45,6.66662405244019
1,2,5,1,46,6.12578818885073
1,2,5,1,47,2.28513282237175
1,2,5,1,48,1.65490327527145
1,2,5,1,49,4.0575946424883
1,2,5,1,50,6.32078483757526
1,2,5,1,51,4.79966159227149
1,2,5,1,52,5.05460973318834
1,2,5,1,53,6.80342272290324
1,2,5,1,54,7.44151715583431
1,2,5,1,55,4.65082876336762
1,2,5,1,56,6.93085851587773
1,2,5,1,57,5.34448390410345
1,2,5,1,58,10.5297094266254
1,2,5,1,59,8.68102443844557
1,2,5,1,60,9.96691701364087
1,2,5,1,61,9.31046631085713
1,2,5,1,62,5.84220139160289
1,2,5,1,63,9.15386429641022
1,2,5,1,64,6.28741675353256
1,2,5,1,65,9.31069717345454
1,2,5,1,66,4.52585912276642
1,2,5,1,67,5.4361634345224
1,2,5,1,68,6.08545062166979
1,2,5,1,69,11.8199426357824
1,2,5,1,70,10.0404081684405
1,2,5,1,71,4.55821835180851
1,2,5,1,72,8.8321093287957
1,2,5,1,73,14.1578971391713
1,2,5,1,74,13.6380715429554
1,2,5,1,75,11.6699466612416
1,2,5,1,76,10.8725089805506
1,2,5,1,77,12.2246356725709
1,2,5,1,78,12.8217844402957
1,2,5,1,79,11.613075296801
1,2,5,1,80,12.6516128046156
1,2,5,1,81,14.5338863979207
1,2,5,1,82,9.44353080719529
1,2,5,1,83,12.7763085196155
1,2,5,1,84,15.5021992117999
1,2,5,1,85,17.3839494794354
1,2,5,1,86,14.4108704423348
1,2,5,1,87,18.3950918472256
1,2,5,1,88,16.3726461944539
1,2,5,1,89,12.6491781083091
1,2,5,1,90,12.2367430204158
1,2,5,1,91,17.1257071753848
1,2,5,1,92,16.6793420530188
1,2,5,1,93,13.2456048939998
1,2,5,1,94,14.0479887554038
1,2,5,1,95,16.3015116809068
1,2,5,1,96,15.5031195894535
1,2,5,1,97,16.5245725144599
1,2,5,1,98,17.5482021002224
1,2,5,1,99,18.4611607304245
1,2,5,1,100,18.2331808011186
1,2,5,1,101,13.5013546462462
1,2,5,1,102,14.9947851264994
1,2,5,1,103,14.5346253565689
1,2,5,1,104,16.5797587231588
1,2,5,1,105,18.5037510172251
1,2,5,1,106,10.5129907668721
1,2,5,1,107,6.6753278721476
1,2,5,1,108,5.62042790582645
1,2,5,1,109,8.97989158853148
1,2,5,1,110,16.8993885690858
1,2,5,2,111,9.14630312483478
1,2,5,2,112,14.8434717230214
1,2,5,2,113,10.8278148860646
1,2,5,2,114,8.8863695996866
1,2,5,2,115,1.83730990124926
1,2,5,2,116,10.2468289948527
1,2,5,2,117,7.60390182961738
1,2,5,2,118,13.3783730758246
1,2,5,2,119,10.5342515314126
1,2,5,2,120,8.96222244222825
1,2,6,0,1,-0.0953005570107424
1,2,6,0,2,-2.67775159696107
1,2,6,0,3,0.0391468369988498
1,2,6,0,4,0.0252928440935205
1,2,6,0,5,-1.85816454963174
1,2,6,0,6,-0.458266185088661
1,2,6,0,7,-1.23974499674775
1,2,6,0,8,-1.14345897761821
1,2,6,0,9,0.461201611708785
1,2,6,0,10,-0.256333327779041
1,2,6,0,11,-3.5642613548156
1,2,6,0,12,3.54144674545433
1,2,6,0,13,-6.57098875150397
1,2,6,0,14,-1.27496931785102
1,2,6,0,15,-4.12467257568986
1,2,6,0,16,-0.222295259540421
1,2,6,0,17,-2.62668879604717
1,2,6,0,18,-0.106278011985834
1,2,6,0,19,-1.20824541859759
1,2,6,0,20,-1.25787182610877
1,2,6,0,21,0.251517577868612
1,2,6,0,22,-0.467736134863005
1,2,6,0,23,-0.0807775276107927
1,2,6,0,24,-0.258444247621756
1,2,6,0,25,0.724844235268842
1,2,6,0,26,2.83927901161768
1,2,6,0,27,-1.93653585476615
1,2,6,0,28,-0.0983556815163726
1,2,6,0,29,3.01810822525
1,2,6,0,30,-0.305691944890096
1,2,6,1,31,-0.493330238525115
1,2,6,1,32,2.14676476624231
1,2,6,1,33,-1.78356323243494
1,2,6,1,34,-0.543992819011515
1,2,6,1,35,0.555179261011156
1,2,6,1,36,1.67186866652729
1,2,6,1,37,0.396966196321075
1,2,6,1,38,4.29738019136383
1,2,6,1,39,0.760483412638692
1,2,6,1,40,1.90124775175343
1,2,6,1,41,-0.626757971397228
1,2,6,1,42,5.40867042294061
1,2,6,1,43,3.30721552457986
1,2,6,1,44,0.678537094350267
1,2,6,1,45,1.07311763488
1,2,6,1,46,0.0743066022870944
1,2,6,1,47,1.52889192633459
1,2,6,1,48,1.95201037938336
1,2,6,1,49,1.25517012092542
1,2,6,1,50,-1.47683571949583
1,2,6,1,51,2.22911794174725
1,2,6,1,52,2.44959322539051
1,2,6,1,53,2.21124773659782
1,2,6,1,54,1.66924233322577
1,2,6,1,55,0.379447275826725
1,2,6,1,56,1.5476632540532
1,2,6,1,57,1.5485548269797
1,2,6,1,58,1.49645253477715
1,2,6,1,59,3.6864140560129
1,2,6,1,60,0.783638092190664
1,2,6,1,61,0.971802634367381
1,2,6,1,62,2.65735239677296
1,2,6,1,63,3.29220775839929
1,2,6,1,64,2.94040385403353
1,2,6,1,65,0.581341000448911
1,2,6,1,66,3.30839198238916
1,2,6,1,67,3.61948731835348
1,2,6,1,68,1.11432653289104
1,2,6,1,69,-1.28335908706315
1,2,6,1,70,-1.0471677779903
1,2,6,1,71,2.48203522023512
1,2,6,1,72,4.83131300805019
1,2,6,1,73,4.81702760586536
1,2,6,1,74,0.986424747408969
1,2,6,1,75,0.691952065374257
1,2,6,1,76,5.92303343892072
1,2,6,1,77,3.53373710776893
1,2,6,1,78,2.75363498460744
1,2,6,1,79,6.3873100438738
1,2,6,1,80,1.7704231643165
1,2,6,1,81,3.82209523501711
1,2,6,1,82,7.1685929585965
1,2,6,1,83,5.91702879631024
1,2,6,1,84,3.8086418903564
1,2,6,1,85,7.28671131153779
1,2,6,1,86,5.50298668339992
1,2,6,1,87,8.27134478579087
1,2,6,1,88,4.26005939605341
1,2,6,1,89,4.99929481405399
1,2,6,1,90,5.53535523696248
1,2,6,1,91,8.64111249116258
1,2,6,1,92,5.36452500197412
1,2,6,1,93,6.2523201585953
1,2,6,1,94,5.65384495031625
1,2,6,1,95,3.73147468972543
1,2,6,1,96,4.86805837923027
1,2,6,1,97,5.42121738125742
1,2,6,1,98,5.49219966430053
1,2,6,1,99,2.47856298136242
1,2,6,1,100,6.07232820891122
1,2,6,1,101,5.0915542683139
1,2,6,1,102,7.68002976418122
1,2,6,1,103,2.75662344339958
1,2,6,1,104,3.02382041728204
1,2,6,1,105,2.861703896803
1,2,6,1,106,6.91017906236302
1,2,6,1,107,7.3712333795411
1,2,6,1,108,4.58123756957802
1,2,6,1,109,5.59762711801095
1,2,6,1,110,4.23288107456862
1,2,6,2,111,6.18182722583273
1,2,6,2,112,7.91614495199248
1,2,6,2,113,5.29853634991921
1,2,6,2,114,4.80176138276723
1,2,6,2,115,6.70735314269349
1,2,6,2,116,8.30209921036745
1,2,6,2,117,3.73731273376196
1,2,6,2,118,5.95849566359523
1,2,6,2,119,1.92805762501254
1,2,6,2,120,2.9325924841135
1,2,7,0,1,-4.59443438153972
1,2,7,0,2,-2.11990104641872
1,2,7,0,3,-1.56874178104399
1,2,7,0,4,-0.395005234565738
1,2,7,0,5,-2.40908335817707
1,2,7,0,6,-3.23720466349083
1,2,7,0,7,-0.18764560745482
1,2,7,0,8,-2.40096743798068
1,2,7,0,9,-4.67603200314937
1,2,7,0,10,-3.73153203292841
1,2,7,0,11,3.17474961409061
1,2,7,0,12,-0.105711891247157
1,2,7,0,13,0.137222319303593
1,2,7,0,14,-6.60679266825532
1,2,7,0,15,-1.38512115462616
1,2,7,0,16,-1.63406539541859
1,2,7,0,17,-5.87603114152532
1,2,7,0,18,-1.76765062859047
1,2,7,0,19,-0.602704167107813
1,2,7,0,20,-2.75875917470209
1,2,7,0,21,-3.36798631189707
1,2,7,0,22,3.0719291911477
1,2,7,0,23,-0.200878295787287
1,2,7,0,24,4.52238195636767
1,2,7,0,25,1.25129973629816
1,2,7,0,26,1.0404814513886
1,2,7,0,27,-1.66726459706609
1,2,7,0,28,3.47485800387168
1,2,7,0,29,0.607298705520381
1,2,7,0,30,-0.052608148979485
1,2,7,1,31,-0.423582162107836
1,2,7,1,32,2.38903117704817
1,2,7,1,33,1.18215401688954
1,2,7,1,34,1.15572269460696
1,2,7,1,35,1.47240261413324
1,2,7,1,36,0.584977054105119
1,2,7,1,37,1.76776380446464
1,2,7,1,38,2.49865771100591
1,2,7,1,39,-0.41893475611203
1,2,7,1,40,6.62497488456787
1,2,7,1,41,4.80653642673243
1,2,7,1,42,4.3870302867609
1,2,7,1,43,10.4800172406544
1,2,7,1,44,1.4541682709545
1,2,7,1,45,-2.60236635374949
1,2,7,1,46,-6.68742898857736
1,2,7,1,47,-1.70320398724902
1,2,7,1,48,7.37414936169829
1,2,7,1,49,7.84660548205982
1,2,7,1,50,1.21112893463909
1,2,7,1,51,9.19182225778282
1,2,7,1,52,8.85216917912046
1,2,7,1,53,11.312694369013
1,2,7,1,54,10.056527684361
1,2,7,1,55,8.13533391191222
1,2,7,1,56,7.80743677520346
1,2,7,1,57,7.81882843230015
1,2,7,1,58,11.2854408413492
1,2,7,1,59,10.1234776822582
1,2,7,1,60,7.87679144200685
1,2,7,1,61,12.521094232819
1,2,7,1,62,5.82428392496396
1,2,7,1,63,6.77914327565131
1,2,7,1,64,6.58763925114887
1,2,7,1,65,5.21963208713743
1,2,7,1,66,7.55348951711398
1,2,7,1,67,10.4291794672261
1,2,7,1,68,6.52996475783933
1,2,7,1,69,9.69960025061027
1,2,7,1,70,8.29513924586772
1,2,7,1,71,14.268062406498
1,2,7,1,72,6.96921571252299
1,2,7,1,73,4.23017125125519
1,2,7,1,74,4.85832455590483
1,2,7,1,75,7.62013210894309
1,2,7,1,76,2.23011939536395
1,2,7,1,77,13.9939197261682
1,2,7,1,78,14.3496497938437
1,2,7,1,79,14.5732711210307
1,2,7,1,80,8.29462047245927
1,2,7,1,81,5.67546693229373
1,2,7,1,82,7.69825768044025
1,2,7,1,83,8.94681120639549
1,2,7,1,84,5.11995552804377
1,2,7,1,85,12.4104964710964
1,2,7,1,86,5.94354019873653
1,2,7,1,87,10.2194765884864
1,2,7,1,88,0.967638030873877
1,2,7,1,89,8.91836139379737
1,2,7,1,90,9.46349462992741
1,2,7,1,91,7.95957551119971
1,2,7,1,92,9.51862510660417
1,2,7,1,93,11.2418907637889
1,2,7,1,94,7.96633246046729
1,2,7,1,95,9.22825323732311
1,2,7,1,96,5.30848050587709
1,2,7,1,97,3.31711756313009
1,2,7,1,98,6.74601731935378
1,2,7,1,99,4.26520988127466
1,2,7,1,100,7.28509176893876
1,2,7,1,101,8.48210112061785
1,2,7,1,102,5.92494928289846
1,2,7,1,103,6.33990982145649
1,2,7,1,104,6.06529606504746
1,2,7,1,105,6.89320560722021
1,2,7,1,106,9.58309829186634
1,2,7,1,107,6.01876417582066
1,2,7,1,108,8.99349478384284
1,2,7,1,109,10.8222607348912
1,2,7,1,110,6.92460317522595
1,2,7,2,111,5.79831932455764
1,2,7,2,112,11.1638947069054
1,2,7,2,113,7.6752740194384
1,2,7,2,114,7.89407573654073
1,2,7,2,115,7.07123675638419
1,2,7,2,116,9.28050934333039
1,2,7,2,117,5.53254892723619
1,2,7,2,118,6.74452744349293
1,2,7,2,119,14.7660240220306
1,2,7,2,120,4.54523649734932
1,2,8,0,1,-7.69163459765591
1,2,8,0,2,-8.22172287229399
1,2,8,0,3,-0.645326344554837
1,2,8,0,4,0.438807355467502
1,2,8,0,5,-5.75314089100681
1,2,8,0,6,-3.58204293381883
1,2,8,0,7,-9.27741197684273
1,2,8,0,8,0.570249452873681
1,2,8,0,9,1.27457236374986
1,2,8,0,10,2.73056496174464
1,2,8,0,11,-6.11324861908713
1,2,8,0,12,-3.14246876999278
1,2,8,0,13,0.324981091607581
1,2,8,0,14,-2.18393690298371
1,2,8,0,15,-0.713772136242011
1,2,8,0,16,-3.1312384868288
1,2,8,0,17,-3.19791794508635
1,2,8,0,18,1.60361037465287
1,2,8,0,19,-6.32457713337633
1,2,8,0,20,-2.39587867482384
1,2,8,0,21,1.78536973767741
1,2,8,0,22,-2.54719318420792
1,2,8,0,23,-2.5284030058965
1,2,8,0,24,-4.16576433606495
1,2,8,0,25,0.000929604521894112
1,2,8,0,26,4.39782035887508
1,2,8,0,27,-2.9143874693019
1,2,8,0,28,-0.418849058793775
1,2,8,0,29,-4.40388446408517
1,2,8,0,30,-5.59450593647659
1,2,8,1,31,1.6247274176088
1,2,8,1,32,-3.05881525031855
1,2,8,1,33,-4.51939779177049
1,2,8,1,34,-3.90148612083574
1,2,8,1,35,-1.69136060424833
1,2,8,1,36,2.12192551198489
1,2,8,1,37,-0.0745749849622283
1,2,8,1,38,1.27321821215931
1,2,8,1,39,-1.54073406866268
1,2,8,1,40,1.47630395412418
1,2,8,1,41,-3.64928210802072
1,2,8,1,42,-1.96363965999727
1,2,8,1,43,-6.85418406444049
1,2,8,1,44,-8.63026412240755
1,2,8,1,45,1.98757873235583
1,2,8,1,46,5.20285418256816
1,2,8,1,47,2.01937761738346
1,2,8,1,48,-0.313916700882965
1,2,8,1,49,3.38578851186025
1,2,8,1,50,0.285941417090372
1,2,8,1,51,1.45426286443142
1,2,8,1,52,-1.97246381915807
1,2,8,1,53,-4.80021928641185
1,2,8,1,54,-0.0266823910293066
1,2,8,1,55,-0.60477437054864
1,2,8,1,56,0.759542994712802
1,2,8,1,57,0.751398332011036
1,2,8,1,58,5.42868112139052
1,2,8,1,59,-1.1315740599438
1,2,8,1,60,-2.32185374160765
1,2,8,1,61,3.34988979892018
1,2,8,1,62,-12.682805424889
1,2,8,1,63,-2.44142723579614
1,2,8,1,64,-2.07494659887317
1,2,8,1,65,-3.00134125937692
1,2,8,1,66,-1.64140048071854
1,2,8,1,67,-1.14002090614099
1,2,8,1,68,3.18553800613328
1,2,8,1,69,-2.80654012089499
1,2,8,1,70,3.16393562600623
1,2,8,1,71,-0.826200949929155
1,2,8,1,72,-2.25719978617491
1,2,8,1,73,6.2984357367676
1,2,8,1,74,4.27739186770709
1,2,8,1,75,-0.910043569486024
1,2,8,1,76,3.25999279493414
1,2,8,1,77,1.27928160211543
1,2,8,1,78,1.72390492448361
1,2,8,1,79,-0.592631865430693
1,2,8,1,80,3.69717557656349
1,2,8,1,81,0.725582508759586
1,2,8,1,82,0.26411085745282
1,2,8,1,83,1.84894270220801
1,2,8,1,84,-8.11010201901833
1,2,8,1,85,2.49667980646033
1,2,8,1,86,-3.60397557830865
1,2,8,1,87,8.9696368749983
1,2,8,1,88,-2.00430798679121
1,2,8,1,89,-3.6124191726269
1,2,8,1,90,0.310000965676813
1,2,8,1,91,-0.705642698055751
1,2,8,1,92,-0.895758979084859
1,2,8,1,93,-0.439301739287103
1,2,8,1,94,7.27127749219313
1,2,8,1,95,2.16078110963115
1,2,8,1,96,5.79333460979056
1,2,8,1,97,2.5946132179583
1,2,8,1,98,0.813747585251018
1,2,8,1,99,0.815521997358742
1,2,8,1,100,-0.304854062940057
1,2,8,1,101,4.39285393736664
1,2,8,1,102,3.91637315961185
1,2,8,1,103,2.54603735210375
1,2,8,1,104,4.55056813033356
1,2,8,1,105,9.94606425441345
1,2,8,1,106,5.03689256743994
1,2,8,1,107,-8.84998013089458
1,2,8,1,108,5.733028968566
1,2,8,1,109,-4.10973937591589
1,2,8,1,110,11.8465041904694
1,2,8,2,111,2.7802642755262
1,2,8,2,112,3.65406249195946
1,2,8,2,113,4.09881158602666
1,2,8,2,114,1.38401577424323
1,2,8,2,115,-1.49481307033238
1,2,8,2,116,3.64280006676493
1,2,8,2,117,4.46866548304065
1,2,8,2,118,2.0293738684874
1,2,8,2,119,-2.0950166826256
1,2,8,2,120,7.28761877231616
1,2,9,0,1,-8.65939680369064
1,2,9,0,2,0.379168715282267
1,2,9,0,3,-7.7436354268238
1,2,9,0,4,-0.278776219896823
1,2,9,0,5,-2.67119237584411
1,2,9,0,6,1.14954726026275
1,2,9,0,7,-5.10765583149364
1,2,9,0,8,-2.82283854177598
1,2,9,0,9,0.477128249868296
1,2,9,0,10,0.96284168764184
1,2,9,0,11,3.38145347270911
1,2,9,0,12,-3.85733568287153
1,2,9,0,13,-4.53030415603995
1,2,9,0,14,-2.7817496007208
1,2,9,0,15,3.16124662254711
1,2,9,0,16,0.232903596142044
1,2,9,0,17,-3.81109684573319
1,2,9,0,18,-1.75297840718931
1,2,9,0,19,-4.56972642213433
1,2,9,0,20,-1.90663183207966
1,2,9,0,21,-0.402901991907113
1,2,9,0,22,-0.765596930157981
1,2,9,0,23,2.96539411026499
1,2,9,0,24,-0.10942771235612
1,2,9,0,25,-1.57703985912645
1,2,9,0,26,-1.28518265809588
1,2,9,0,27,-0.92498147197865
1,2,9,0,28,1.78181811052484
1,2,9,0,29,0.306294344045887
1,2,9,0,30,-2.37590558256758
1,2,9,1,31,-4.411597238135
1,2,9,1,32,-1.04250936781823
1,2,9,1,33,-1.11641033152355
1,2,9,1,34,0.143917300970863
1,2,9,1,35,-0.60215538890977
1,2,9,1,36,0.660545423704401
1,2,9,1,37,5.1491251041043
1,2,9,1,38,5.16106144667854
1,2,9,1,39,2.68424144502678
1,2,9,1,40,6.11157059454313
1,2,9,1,41,3.91266521672661
1,2,9,1,42,4.12723000591435
1,2,9,1,43,2.74393632165494
1,2,9,1,44,5.06281961561752
1,2,9,1,45,4.49685552343859
1,2,9,1,46,-0.41894030690218
1,2,9,1,47,5.64683508518373
1,2,9,1,48,7.6001947646354
1,2,9,1,49,6.26767669873842
1,2,9,1,50,3.36669772818069
1,2,9,1,51,9.21778387483963
1,2,9,1,52,10.6680381086815
1,2,9,1,53,11.378192637308
1,2,9,1,54,10.088499226017
1,2,9,1,55,8.4498404820287
1,2,9,1,56,9.0418902605895
1,2,9,1,57,5.29594077710814
1,2,9,1,58,10.7756106620902
1,2,9,1,59,14.3944216005758
1,2,9,1,60,10.8941683507014
1,2,9,1,61,10.1611062996973
1,2,9,1,62,9.78805712945337
1,2,9,1,63,8.65917773660832
1,2,9,1,64,10.6903435198019
1,2,9,1,65,8.12174037275437
1,2,9,1,66,9.76667653478305
1,2,9,1,67,11.807016431859
1,2,9,1,68,7.12182522635587
1,2,9,1,69,12.420225992897
1,2,9,1,70,10.7688738612793
1,2,9,1,71,11.0764617466339
1,2,9,1,72,9.91307821379369
1,2,9,1,73,9.16219921209762
1,2,9,1,74,12.8846617004885
1,2,9,1,75,14.6964901304787
1,2,9,1,76,15.1537502608488
1,2,9,1,77,11.0497332609361
1,2,9,1,78,17.1222166904447
1,2,9,1,79,16.5437964569497
1,2,9,1,80,7.14032879655082
1,2,9,1,81,12.4682551200572
1,2,9,1,82,13.9333866887043
1,2,9,1,83,10.7744726086978
1,2,9,1,84,15.52192974398
1,2,9,1,85,10.0006512592453
1,2,9,1,86,10.6271255697282
1,2,9,1,87,11.6608871650913
1,2,9,1,88,12.6298396844726
1,2,9,1,89,14.9793719611984
1,2,9,1,90,10.7238004223962
1,2,9,1,91,7.3342897986216
1,2,9,1,92,11.8170363273793
1,2,9,1,93,12.828077732909
1,2,9,1,94,11.6283239841201
1,2,9,1,95,16.065147482045
1,2,9,1,96,15.4995764419108
1,2,9,1,97,14.3007771182589
1,2,9,1,98,18.0050421535141
1,2,9,1,99,15.2558837879504
1,2,9,1,100,17.5767903158181
1,2,9,1,101,15.6632890081906
1,2,9,1,102,18.2819212711652
1,2,9,1,103,16.5949092423866
1,2,9,1,104,21.2403487987968
1,2,9,1,105,19.7446604131459
1,2,9,1,106,16.5391998318839
1,2,9,1,107,15.0492022984459
1,2,9,1,108,15.9717177945144
1,2,9,1,109,18.5995801497666
1,2,9,1,110,17.799988115809
1,2,9,2,111,12.2597007340117
1,2,9,2,112,15.0825028099623
1,2,9,2,113,11.3333333385469
1,2,9,2,114,11.2298059016602
1,2,9,2,115,11.2048612223318
1,2,9,2,116,9.28294671380687
1,2,9,2,117,9.74749380625428
1,2,9,2,118,8.72670136263135
1,2,9,2,119,9.55315802279958
1,2,9,2,120,9.15549560124203
1,2,10,0,1,3.77588417147585
1,2,10,0,2,-0.808982834856229
1,2,10,0,3,-2.17866739977607
1,2,10,0,4,0.0683911309560847
1,2,10,0,5,-1.75290737721185
1,2,10,0,6,4.45870728685665
1,2,10,0,7,0.7903710935675
1,2,10,0,8,1.73240496961767
1,2,10,0,9,-1.10986977051636
1,2,10,0,10,2.18390985529936
1,2,10,0,11,-2.54344173365746
1,2,10,0,12,-3.31003554835979
1,2,10,0,13,0.366521920374427
1,2,10,0,14,-0.00591428427473166
1,2,10,0,15,-1.87609453210213
1,2,10,0,16,-3.53952773956641
1,2,10,0,17,5.84968785728389
1,2,10,0,18,-1.3208529657732
1,2,10,0,19,0.273011840241794
1,2,10,0,20,-1.5407604522837
1,2,10,0,21,-2.83292550181623
1,2,10,0,22,3.8519451706548
1,2,10,0,23,0.434427956389726
1,2,10,0,24,-1.18056942309983
1,2,10,0,25,2.9166189638012
1,2,10,0,26,-1.73523103742183
1,2,10,0,27,1.33074078576369
1,2,10,0,28,0.800037934743782
1,2,10,0,29,0.677545799754112
1,2,10,0,30,0.826233686502763
1,2,10,1,31,3.24774756318082
1,2,10,1,32,-3.49258977913689
1,2,10,1,33,-0.498230117204276
1,2,10,1,34,1.62421177825223
1,2,10,1,35,3.10538298013372
1,2,10,1,36,2.52449376730586
1,2,10,1,37,4.85116710823326
1,2,10,1,38,5.12913340360995
1,2,10,1,39,5.21456027439608
1,2,10,1,40,1.27981391695532
1,2,10,1,41,0.109344485742804
1,2,10,1,42,4.87096538621925
1,2,10,1,43,4.99426004714429
1,2,10,1,44,3.38300053532451
1,2,10,1,45,4.11452184784373
1,2,10,1,46,2.30579395899482
1,2,10,1,47,4.56224100151944
1,2,10,1,48,6.47659925095053
1,2,10,1,49,4.00319283947187
1,2,10,1,50,4.54399606133105
1,2,10,1,51,2.61280252378295
1,2,10,1,52,5.3531506654525
1,2,10,1,53,5.27289253199947
1,2,10,1,54,9.28057977589898
1,2,10,1,55,8.22313173389418
1,2,10,1,56,3.21570266358504
1,2,10,1,57,7.44973302121645
1,2,10,1,58,8.45171353974573
1,2,10,1,59,6.66882111063409
1,2,10,1,60,7.88557582721305
1,2,10,1,61,7.5956498948123
1,2,10,1,62,2.69279078868289
1,2,10,1,63,8.92190010318665
1,2,10,1,64,9.30786369567105
1,2,10,1,65,10.3053410057661
1,2,10,1,66,7.444088977458
1,2,10,1,67,10.7235670635708
1,2,10,1,68,10.5802753638658
1,2,10,1,69,11.4193854187748
1,2,10,1,70,9.5398844479794
1,2,10,1,71,11.5949436917975
1,2,10,1,72,11.2196034718524
1,2,10,1,73,13.7142465065747
1,2,10,1,74,10.9170543710292
1,2,10,1,75,10.3027636861716
1,2,10,1,76,10.9739740276107
1,2,10,1,77,13.4461650425611
1,2,10,1,78,12.4845646102453
1,2,10,1,79,13.283766218822
1,2,10,1,80,9.53623513322326
1,2,10,1,81,14.5038341063148
1,2,10,1,82,12.6644211843169
1,2,10,1,83,13.2806835925349
1,2,10,1,84,12.8962055221558
1,2,10,1,85,8.48571159353398
1,2,10,1,86,15.0576903754655
1,2,10,1,87,13.914130104452
1,2,10,1,88,12.9109006878237
1,2,10,1,89,13.8966614263798
1,2,10,1,90,14.1201566387983
1,2,10,1,91,11.3455525326698
1,2,10,1,92,14.8566106063936
1,2,10,1,93,16.6906199237788
1,2,10,1,94,16.0083964315272
1,2,10,1,95,16.1893865183224
1,2,10,1,96,14.5822355746101
1,2,10,1,97,16.7045087163842
1,2,10,1,98,17.0652347610674
1,2,10,1,99,13.5904701370935
1,2,10,1,100,12.5604853718782
1,2,10,1,101,5.44567981828864
1,2,10,1,102,15.7151681893018
1,2,10,1,103,16.6328458512639
1,2,10,1,104,11.6188460002611
1,2,10,1,105,16.2787881513103
1,2,10,1,106,14.499010044369
1,2,10,1,107,15.2199609745016
1,2,10,1,108,13.3748274743255
1,2,10,1,109,17.2839624259668
1,2,10,1,110,18.3404299962653
1,2,10,2,111,12.9175854632281
1,2,10,2,112,14.869858191021
1,2,10,2,113,13.6494327872305
1,2,10,2,114,12.2130197094692
1,2,10,2,115,11.414533395578
1,2,10,2,116,10.7279218059647
1,2,10,2,117,10.6440800172439
1,2,10,2,118,9.61809759471892
1,2,10,2,119,9.82952927901896
1,2,10,2,120,9.18870311084657
1,2,11,0,1,-3.84962652106832
1,2,11,0,2,4.29378090837559
1,2,11,0,3,-3.76317759254801
1,2,11,0,4,-0.043339279515029
1,2,11,0,5,0.547047670148301
1,2,11,0,6,-0.729834865313034
1,2,11,0,7,-3.33567692142866
1,2,11,0,8,1.74968067069006
1,2,11,0,9,0.916950936664268
1,2,11,0,10,1.37297894267692
1,2,11,0,11,-0.51958144132896
1,2,11,0,12,-1.51333570556543
1,2,11,0,13,-1.88790516326749
1,2,11,0,14,0.380909334501759
1,2,11,0,15,-3.97458867736484
1,2,11,0,16,-1.36329576686488
1,2,11,0,17,0.515701764787995
1,2,11,0,18,-0.547784206805136
1,2,11,0,19,-0.0563393957362497
1,2,11,0,20,-0.79761807979468
1,2,11,0,21,-1.94927770198559
1,2,11,0,22,3.60639281852669
1,2,11,0,23,-0.78414525762906
1,2,11,0,24,-0.0909405650920632
1,2,11,0,25,-3.94582841348635
1,2,11,0,26,0.237416078441948
1,2,11,0,27,-0.278827617152273
1,2,11,0,28,-1.01281100085457
1,2,11,0,29,-0.079833359283735
1,2,11,0,30,0.154336812294074
1,2,11,1,31,-3.61626835958023
1,2,11,1,32,-3.39467037985076
1,2,11,1,33,-2.30535261566904
1,2,11,1,34,-1.51724051264561
1,2,11,1,35,-1.79670657283145
1,2,11,1,36,3.0726249646866
1,2,11,1,37,-0.978194781857637
1,2,11,1,38,4.02198238249615
1,2,11,1,39,0.202978367697426
1,2,11,1,40,0.927915458630589
1,2,11,1,41,2.35915351072707
1,2,11,1,42,1.4663289198136
1,2,11,1,43,3.51001855590791
1,2,11,1,44,0.149794100142423
1,2,11,1,45,1.24994260768143
1,2,11,1,46,0.155151593534015
1,2,11,1,47,0.200044531090641
1,2,11,1,48,0.774596711861545
1,2,11,1,49,0.600109264000382
1,2,11,1,50,0.710667432111159
1,2,11,1,51,1.45539889197466
1,2,11,1,52,2.54462207306458
1,2,11,1,53,3.1596541930124
1,2,11,1,54,2.97632389378844
1,2,11,1,55,2.40026627466511
1,2,11,1,56,3.47445117178573
1,2,11,1,57,0.778193386723917
1,2,11,1,58,1.00549551190073
1,2,11,1,59,2.80798292918857
1,2,11,1,60,5.02207513288558
1,2,11,1,61,2.38493642333451
1,2,11,1,62,4.24595908962353
1,2,11,1,63,0.605020267518636
1,2,11,1,64,4.23747738329073
1,2,11,1,65,4.32587979281252
1,2,11,1,66,2.79990999900472
1,2,11,1,67,2.01893096809942
1,2,11,1,68,5.0300664481122
1,2,11,1,69,1.67549288624079
1,2,11,1,70,2.69345738563404
1,2,11,1,71,1.86377343712775
1,2,11,1,72,5.70678397085784
1,2,11,1,73,4.35978637775829
1,2,11,1,74,2.73977511394599
1,2,11,1,75,4.09991012102767
1,2,11,1,76,3.68337930446237
1,2,11,1,77,2.20069586157289
1,2,11,1,78,3.62140909137699
1,2,11,1,79,6.77026677681896
1,2,11,1,80,5.52770149369113
1,2,11,1,81,2.62042786114303
1,2,11,1,82,6.85066943580047
1,2,11,1,83,5.27307125813126
1,2,11,1,84,3.11208786812968
1,2,11,1,85,2.89145629873803
1,2,11,1,86,3.33933543976489
1,2,11,1,87,6.11431206599093
1,2,11,1,88,8.03457889611324
1,2,11,1,89,5.60448297519757
1,2,11,1,90,7.13725054020849
1,2,11,1,91,4.58157370537969
1,2,11,1,92,4.86398024223926
1,2,11,1,93,6.04417475097973
1,2,11,1,94,6.43647177573274
1,2,11,1,95,3.67867915075168
1,2,11,1,96,5.3811887784025
1,2,11,1,97,1.20931836559711
1,2,11,1,98,6.73181849242406
1,2,11,1,99,3.88460769857519
1,2,11,1,100,7.51697316166493
1,2,11,1,101,6.18832271955023
1,2,11,1,102,7.78991465687596
1,2,11,1,103,9.72824286675128
1,2,11,1,104,5.29551317377577
1,2,11,1,105,6.95308121954027
1,2,11,1,106,1.48149493750427
1,2,11,1,107,8.06196741078046
1,2,11,1,108,7.10643038523706
1,2,11,1,109,9.07371250562568
1,2,11,1,110,5.65136830652638
1,2,11,2,111,3.98251827172259
1,2,11,2,112,5.08172962757529
1,2,11,2,113,8.60803454328037
1,2,11,2,114,4.16265137653705
1,2,11,2,115,5.49496525626679
1,2,11,2,116,5.84098739936473
1,2,11,2,117,-0.0200489652046908
1,2,11,2,118,4.52992126199012
1,2,11,2,119,2.30883616443548
1,2,11,2,120,3.44183083496037
1,2,12,0,1,-7.47757430965586
1,2,12,0,2,-5.45804822999831
1,2,12,0,3,-2.18193139061598
1,2,12,0,4,-0.00584830348517595
1,2,12,0,5,-3.04345566320448
1,2,12,0,6,-0.0786687669830233
1,2,12,0,7,-1.96404236788634
1,2,12,0,8,-3.72574909922129
1,2,12,0,9,0.580817539297967
1,2,12,0,10,-3.16956779211642
1,2,12,0,11,-0.473291603718299
1,2,12,0,12,-3.55368953113594
1,2,12,0,13,-3.95326799908009
1,2,12,0,14,0.142998627890562
1,2,12,0,15,-0.915572745449163
1,2,12,0,16,1.27976556326028
1,2,12,0,17,-7.03457039338988
1,2,12,0,18,-1.42013821481734
1,2,12,0,19,-4.8291627315548
1,2,12,0,20,1.15743415804358
1,2,12,0,21,-0.990192110891697
1,2,12,0,22,-2.28519588550458
1,2,12,0,23,-2.02137065044198
1,2,12,0,24,5.54640174732203
1,2,12,0,25,-1.54473974384977
1,2,12,0,26,-0.490594125209777
1,2,12,0,27,-2.67623293434928
1,2,12,0,28,-2.11980514662944
1,2,12,0,29,-3.42173038595533
1,2,12,0,30,-2.29011815916362
1,2,12,1,31,0.854645072864097
1,2,12,1,32,-1.6161305326752
1,2,12,1,33,-0.966209569252253
1,2,12,1,34,1.70808604864191
1,2,12,1,35,0.90362274783706
1,2,12,1,36,-2.42286551143397
1,2,12,1,37,-0.487036463351414
1,2,12,1,38,1.98791582971017
1,2,12,1,39,-0.868514174668118
1,2,12,1,40,1.08264824654566
1,2,12,1,41,2.43163832470184
1,2,12,1,42,1.57800332282299
1,2,12,1,43,4.65648199711928
1,2,12,1,44,3.67422268173523
1,2,12,1,45,4.4880181250547
1,2,12,1,46,4.89962291457957
1,2,12,1,47,6.03045326959258
1,2,12,1,48,0.523909535488817
1,2,12,1,49,2.44313408999673
1,2,12,1,50,0.0388548632802781
1,2,12,1,51,2.81685066022133
1,2,12,1,52,2.16295037195069
1,2,12,1,53,3.94858466145269
1,2,12,1,54,4.2504931878901
1,2,12,1,55,4.64239481059465
1,2,12,1,56,4.76358817673596
1,2,12,1,57,4.90198401149811
1,2,12,1,58,6.36819542860313
1,2,12,1,59,6.21571079190193
1,2,12,1,60,4.42184782605166
1,2,12,1,61,3.59177573534719
1,2,12,1,62,3.48199770148076
1,2,12,1,63,2.92988297897378
1,2,12,1,64,3.57067458713392
1,2,12,1,65,5.29556060710281
1,2,12,1,66,6.67605413200634
1,2,12,1,67,5.17851148127947
1,2,12,1,68,6.03127222736156
1,2,12,1,69,1.8278807013795
1,2,12,1,70,5.69775225806578
1,2,12,1,71,6.3521224759869
1,2,12,1,72,4.01710846429908
1,2,12,1,73,9.6656952954369
1,2,12,1,74,4.754163987375
1,2,12,1,75,10.7072702562217
1,2,12,1,76,6.40325108161965
1,2,12,1,77,6.68386076686067
1,2,12,1,78,5.72786358623851
1,2,12,1,79,4.76605366311449
1,2,12,1,80,12.3768328072907
1,2,12,1,81,9.82192041859175
1,2,12,1,82,5.975784457719
1,2,12,1,83,7.45467915488349
1,2,12,1,84,4.86503674574677
1,2,12,1,85,9.53660823428007
1,2,12,1,86,5.94114175279224
1,2,12,1,87,3.25425497793111
1,2,12,1,88,8.41753116331571
1,2,12,1,89,12.4051789635878
1,2,12,1,90,0.924921947528524
1,2,12,1,91,10.9253510934396
1,2,12,1,92,8.44086948827658
1,2,12,1,93,4.3493696903176
1,2,12,1,94,6.75431130337645
1,2,12,1,95,7.73351879652614
1,2,12,1,96,9.2458589217969
1,2,12,1,97,7.52945424583921
1,2,12,1,98,4.31479336492305
1,2,12,1,99,5.99132776637549
1,2,12,1,100,8.48851256415142
1,2,12,1,101,7.14438108198968
1,2,12,1,102,10.2629449799642
1,2,12,1,103,12.0209354183409
1,2,12,1,104,9.35931246599224
1,2,12,1,105,8.21132075535233
1,2,12,1,106,7.57941858863892
1,2,12,1,107,11.1321174120755
1,2,12,1,108,7.38716417097217
1,2,12,1,109,7.5984376815355
1,2,12,1,110,9.67072970106063
1,2,12,2,111,6.65820566533229
1,2,12,2,112,8.41168519350087
1,2,12,2,113,12.3633269088232
1,2,12,2,114,8.34973959625922
1,2,12,2,115,7.7687257313741
1,2,12,2,116,12.3578770703722
1,2,12,2,117,5.19990518980305
1,2,12,2,118,9.93188992963251
1,2,12,2,119,5.46578658051414
1,2,12,2,120,5.7169113907812
2,4,13,0,1,-2.65655821600895
2,4,13,0,2,0.707035558642427
2,4,13,0,3,4.20080508504623
2,4,13,0,4,1.14239815137808
2,4,13,0,5,2.29974059291749
2,4,13,0,6,2.6239896909968
2,4,13,0,7,1.50340738887933
2,4,13,0,8,-0.702019882534242
2,4,13,0,9,1.68592225711594
2,4,13,0,10,-0.0643318940551822
2,4,13,0,11,-2.01989185440053
2,4,13,0,12,5.06431508042235
2,4,13,0,13,0.0851906028970083
2,4,13,0,14,0.505072208463458
2,4,13,0,15,-0.506319615865455
2,4,13,0,16,-0.767866118157031
2,4,13,0,17,2.28875363703733
2,4,13,0,18,4.84335785665369
2,4,13,0,19,3.33078843630372
2,4,13,0,20,2.4297252356914
2,4,13,0,21,-2.60541308910054
2,4,13,0,22,-1.97921310363203
2,4,13,0,23,-0.937151268050825
2,4,13,0,24,-1.80566118784698
2,4,13,0,25,0.800363974259946
2,4,13,0,26,0.524539879567401
2,4,13,0,27,-0.934525324504385
2,4,13,0,28,-2.71755743858816
2,4,13,0,29,0.300252331587454
2,4,13,0,30,0.869260186656106
2,4,13,1,31,-0.296289426362678
2,4,13,1,32,-3.04009709140875
2,4,13,1,33,-4.51426404778133
2,4,13,1,34,-3.47935174557204
2,4,13,1,35,1.21151153804751
2,4,13,1,36,-0.196142432227354
2,4,13,1,37,-2.57789788254898
2,4,13,1,38,1.60528212094182
2,4,13,1,39,1.1783367807364
2,4,13,1,40,1.3934782074413
2,4,13,1,41,4.55139315941406
2,4,13,1,42,6.85130846407117
2,4,13,1,43,3.35208542246394
2,4,13,1,44,6.93542795897535
2,4,13,1,45,5.29300882478875
2,4,13,1,46,7.62808961230163
2,4,13,1,47,8.9806242555559
2,4,13,1,48,4.64625708210322
2,4,13,1,49,4.85403696462803
2,4,13,1,50,4.63114906057396
2,4,13,1,51,6.10766279086212
2,4,13,1,52,7.24476477075446
2,4,13,1,53,8.08156936027353
2,4,13,1,54,8.413435242756
2,4,13,1,55,8.76848342310657
2,4,13,1,56,6.73305346362953
2,4,13,1,57,7.43140726766946
2,4,13,1,58,6.27756708042009
2,4,13,1,59,10.7085662806279
2,4,13,1,60,6.67952249666269
2,4,13,1,61,8.64294829158768
2,4,13,1,62,9.03915454405086
2,4,13,1,63,15.6859518711453
2,4,13,1,64,12.9677448319885
2,4,13,1,65,13.4523987757839
2,4,13,1,66,11.5658744335026
2,4,13,1,67,12.2249238528376
2,4,13,1,68,13.2983157117708
2,4,13,1,69,12.4568648671685
2,4,13,1,70,12.2571721194954
2,4,13,1,71,13.004519634418
2,4,13,1,72,11.4872791069426
2,4,13,1,73,15.1236882681549
2,4,13,1,74,15.562939304253
2,4,13,1,75,12.7498746162572
2,4,13,1,76,13.1594325213594
2,4,13,1,77,17.7724821081292
2,4,13,1,78,14.349163604734
2,4,13,1,79,13.3355756906903
2,4,13,1,80,12.3735259388838
2,4,13,1,81,15.6628577942599
2,4,13,1,82,10.6351311141563
2,4,13,1,83,12.8582942256116
2,4,13,1,84,18.2862443419077
2,4,13,1,85,14.1804771859803
2,4,13,1,86,14.6070764976506
2,4,13,1,87,17.6107782261757
2,4,13,1,88,17.2150467203922
2,4,13,1,89,16.9682966089572
2,4,13,1,90,18.0974262608938
2,4,13,1,91,17.3800875449153
2,4,13,1,92,17.3443798034434
2,4,13,1,93,15.7329126744374
2,4,13,1,94,17.44149532723
2,4,13,1,95,11.6071263140758
2,4,13,1,96,20.2048214369515
2,4,13,1,97,18.499011895735
2,4,13,1,98,15.8105254979529
2,4,13,1,99,15.1247738512176
2,4,13,1,100,14.2663093424797
2,4,13,1,101,13.5027455852139
2,4,13,1,102,21.3028382793439
2,4,13,1,103,18.0651530842286
2,4,13,1,104,18.1211814215107
2,4,13,1,105,20.7950336847917
2,4,13,1,106,19.5379845629928
2,4,13,1,107,20.248279263744
2,4,13,1,108,16.6603576621828
2,4,13,1,109,18.6160014416372
2,4,13,1,110,14.8837372486173
2,4,13,2,111,11.7183178883467
2,4,13,2,112,12.4061281607364
2,4,13,2,113,16.2609352840033
2,4,13,2,114,12.674247420567
2,4,13,2,115,12.0711377686147
2,4,13,2,116,8.95633760734754
2,4,13,2,117,16.30998271564
2,4,13,2,118,10.6022748714944
2,4,13,2,119,14.1722727080652
2,4,13,2,120,11.6008104203517
2,4,14,0,1,-0.763459831427722
2,4,14,0,2,0.221686243991975
2,4,14,0,3,-2.6099668190136
2,4,14,0,4,-1.52333806772405
2,4,14,0,5,-1.65550442544486
2,4,14,0,6,-2.58179980831911
2,4,14,0,7,-0.92372087403881
2,4,14,0,8,-1.2000162738258
2,4,14,0,9,-0.483081477818583
2,4,14,0,10,2.04332202865309
2,4,14,0,11,-1.12682340745664
2,4,14,0,12,-4.23399090759902
2,4,14,0,13,-5.02229776587119
2,4,14,0,14,3.97707372766336
2,4,14,0,15,-3.8743053437607
2,4,14,0,16,1.59956208618877
2,4,14,0,17,0.70579439723727
2,4,14,0,18,-1.32139238549805
2,4,14,0,19,-2.06808519478339
2,4,14,0,20,-2.42125984012887
2,4,14,0,21,0.021775563661917
2,4,14,0,22,0.530419777282009
2,4,14,0,23,-3.42467513687947
2,4,14,0,24,-5.02256795903321
2,4,14,0,25,-8.6503888940416
2,4,14,0,26,-3.82419994560782
2,4,14,0,27,-4.44856729702976
2,4,14,0,28,-3.93168281970625
2,4,14,0,29,-2.85619281298679
2,4,14,0,30,-2.08903145243719
2,4,14,1,31,-4.22705282417881
2,4,14,1,32,-0.851787246570315
2,4,14,1,33,-3.07150500564986
2,4,14,1,34,3.95468070456951
2,4,14,1,35,4.52577397358988
2,4,14,1,36,0.298568066410441
2,4,14,1,37,1.88050009051259
2,4,14,1,38,1.24903756566812
2,4,14,1,39,2.21863872315893
2,4,14,1,40,4.20234928388889
2,4,14,1,41,4.44139441335265
2,4,14,1,42,1.70783934708023
2,4,14,1,43,3.24023287933787
2,4,14,1,44,3.93021628674308
2,4,14,1,45,3.37948123430754
2,4,14,1,46,5.68883590260864
2,4,14,1,47,6.26880554501038
2,4,14,1,48,6.05014738428578
2,4,14,1,49,8.00700462681944
2,4,14,1,50,6.34436952303079
2,4,14,1,51,8.18395747496836
2,4,14,1,52,8.37122925982677
2,4,14,1,53,7.22551446798802
2,4,14,1,54,9.41665890352968
2,4,14,1,55,8.27231255003534
2,4,14,1,56,7.12227469507523
2,4,14,1,57,9.49527844693211
2,4,14,1,58,13.9054421026897
2,4,14,1,59,12.2504308953586
2,4,14,1,60,17.2910729985317
2,4,14,1,61,11.7693860208866
2,4,14,1,62,11.1617973968969
2,4,14,1,63,7.84763035247444
2,4,14,1,64,12.4127875285472
2,4,14,1,65,10.6330967019044
2,4,14,1,66,10.4560725893616
2,4,14,1,67,12.8490016961674
2,4,14,1,68,10.8546892069853
2,4,14,1,69,13.1744978172849
2,4,14,1,70,12.5616507908351
2,4,14,1,71,15.4313194444376
2,4,14,1,72,19.0032959518796
2,4,14,1,73,12.477269949
2,4,14,1,74,18.789066792548
2,4,14,1,75,17.0994783810349
2,4,14,1,76,16.2091096011877
2,4,14,1,77,18.9830987411935
2,4,14,1,78,17.4311730639315
2,4,14,1,79,12.7484291328373
2,4,14,1,80,20.7181443196354
2,4,14,1,81,19.0890792809449
2,4,14,1,82,13.3808775046635
2,4,14,1,83,15.8190194857106
2,4,14,1,84,17.9660439938535
2,4,14,1,85,16.7862324404745
2,4,14,1,86,17.4808095919012
2,4,14,1,87,18.4247519008584
2,4,14,1,88,19.4284402406654
2,4,14,1,89,16.5421053150684
2,4,14,1,90,20.3961468114063
2,4,14,1,91,22.7667543330773
2,4,14,1,92,18.6450409582838
2,4,14,1,93,17.997567078007
2,4,14,1,94,21.6316527007527
2,4,14,1,95,16.7951848210623
2,4,14,1,96,16.98221063979
2,4,14,1,97,19.6038803528048
2,4,14,1,98,17.4806165381036
2,4,14,1,99,22.0858775381608
2,4,14,1,100,19.6595095864843
2,4,14,1,101,20.5850015883604
2,4,14,1,102,18.8480110529939
2,4,14,1,103,18.1785950270727
2,4,14,1,104,21.8207196130314
2,4,14,1,105,22.6520292691365
2,4,14,1,106,19.7016836383184
2,4,14,1,107,19.6405200326573
2,4,14,1,108,21.0021404484719
2,4,14,1,109,21.2523687112364
2,4,14,1,110,20.7668218180809
2,4,14,2,111,15.2933519078094
2,4,14,2,112,18.1899639996045
2,4,14,2,113,15.5958241387592
2,4,14,2,114,12.9231141482011
2,4,14,2,115,16.3536889277756
2,4,14,2,116,16.8753738749301
2,4,14,2,117,11.2400400733549
2,4,14,2,118,11.0636468229262
2,4,14,2,119,13.1071370980528
2,4,14,2,120,13.3755427393814
2,4,15,0,1,3.55027334886345
2,4,15,0,2,1.47139020720961
2,4,15,0,3,6.76198027385122
2,4,15,0,4,0.606603159578655
2,4,15,0,5,2.4162827822504
2,4,15,0,6,1.84041995656392
2,4,15,0,7,0.942241267704246
2,4,15,0,8,2.21647755632342
2,4,15,0,9,0.175720464071361
2,4,15,0,10,0.492683386798135
2,4,15,0,11,-2.89279369162263
2,4,15,0,12,0.758475748210139
2,4,15,0,13,2.84458954033738
2,4,15,0,14,2.01279282262143
2,4,15,0,15,-1.45995253660397
2,4,15,0,16,-0.633808920527182
2,4,15,0,17,1.97722705597667
2,4,15,0,18,2.42801183421011
2,4,15,0,19,1.80322023737792
2,4,15,0,20,3.70473108698874
2,4,15,0,21,-1.48518477671611
2,4,15,0,22,1.96377579193369
2,4,15,0,23,-3.22205516220115
2,4,15,0,24,-2.32426935194435
2,4,15,0,25,-1.33419005738115
2,4,15,0,26,-0.706330609562153
2,4,15,0,27,3.70343676311674
2,4,15,0,28,2.37171079076419
2,4,15,0,29,-0.0182482887116469
2,4,15,0,30,1.17275933706324
2,4,15,1,31,-1.61069225265696
2,4,15,1,32,3.70969489654018
2,4,15,1,33,1.98397832767841
2,4,15,1,34,0.753608066988754
2,4,15,1,35,4.03445815958751
2,4,15,1,36,3.26581721675707
2,4,15,1,37,5.22336653874919
2,4,15,1,38,2.9693611041166
2,4,15,1,39,4.56127544205596
2,4,15,1,40,3.39239765615917
2,4,15,1,41,6.92285669384272
2,4,15,1,42,7.54842424207337
2,4,15,1,43,11.4801066437888
2,4,15,1,44,10.4733190492763
2,4,15,1,45,9.2083617423939
2,4,15,1,46,9.23763695376828
2,4,15,1,47,8.80697225579095
2,4,15,1,48,7.22273879050586
2,4,15,1,49,10.5652604029236
2,4,15,1,50,8.99641117834721
2,4,15,1,51,8.44676996178222
2,4,15,1,52,7.25906305162022
2,4,15,1,53,8.8400406040765
2,4,15,1,54,7.33908785595571
2,4,15,1,55,8.37197168872282
2,4,15,1,56,7.40250027701519
2,4,15,1,57,7.62201221686538
2,4,15,1,58,10.5102238991216
2,4,15,1,59,8.37968747584603
2,4,15,1,60,11.9165876345766
2,4,15,1,61,7.29718891537932
2,4,15,1,62,10.4644625609197
2,4,15,1,63,10.4086313560444
2,4,15,1,64,9.73894692620557
2,4,15,1,65,9.90567621685515
2,4,15,1,66,8.29236260904602
2,4,15,1,67,8.6940141512919
2,4,15,1,68,10.8995882322125
2,4,15,1,69,13.1265346518225
2,4,15,1,70,12.1962229071781
2,4,15,1,71,11.9390281733232
2,4,15,1,72,13.7995379322892
2,4,15,1,73,15.4958178764009
2,4,15,1,74,9.36072423633765
2,4,15,1,75,8.37441370213755
2,4,15,1,76,11.9441981116399
2,4,15,1,77,10.2956580617755
2,4,15,1,78,16.8435153132838
2,4,15,1,79,10.4645643119274
2,4,15,1,80,10.4939822043572
2,4,15,1,81,10.4639380700113
2,4,15,1,82,10.3885794505672
2,4,15,1,83,11.3830114019936
2,4,15,1,84,11.5766176710205
2,4,15,1,85,11.4577376885065
2,4,15,1,86,11.7561541824284
2,4,15,1,87,13.9622062735798
2,4,15,1,88,9.55740415700042
2,4,15,1,89,15.5140419270095
2,4,15,1,90,12.5422715911787
2,4,15,1,91,11.2926866859369
2,4,15,1,92,18.2465628499373
2,4,15,1,93,11.1363802259847
2,4,15,1,94,13.4049379932377
2,4,15,1,95,17.6304309382904
2,4,15,1,96,13.9561020671698
2,4,15,1,97,14.2400660008102
2,4,15,1,98,14.8224694815856
2,4,15,1,99,16.5071726673015
2,4,15,1,100,13.5166303881347
2,4,15,1,101,11.1741689274303
2,4,15,1,102,13.8121901670893
2,4,15,1,103,10.074022195039
2,4,15,1,104,14.55807323138
2,4,15,1,105,15.1688057849944
2,4,15,1,106,12.425364981421
2,4,15,1,107,18.6900433656457
2,4,15,1,108,12.226277202304
2,4,15,1,109,14.6443855766174
2,4,15,1,110,18.4326160957294
2,4,15,2,111,10.5507363112333
2,4,15,2,112,13.7126911732137
2,4,15,2,113,10.4651748597162
2,4,15,2,114,13.0370640986698
2,4,15,2,115,11.8971956983398
2,4,15,2,116,10.8435168542918
2,4,15,2,117,10.9332664214265
2,4,15,2,118,5.73717761752018
2,4,15,2,119,12.7625003219526
2,4,15,2,120,6.83547594761355
2,4,16,0,1,-2.18347025129236
2,4,16,0,2,-1.91848574690411
2,4,16,0,3,-2.65028292041607
2,4,16,0,4,-1.30053172328047
2,4,16,0,5,-3.11284610368846
2,4,16,0,6,-0.126026830107972
2,4,16,0,7,0.0628343874695458
2,4,16,0,8,-3.35965589265849
2,4,16,0,9,-1.09574329162712
2,4,16,0,10,0.57132313995248
2,4,16,0,11,-4.0526504223751
2,4,16,0,12,1.47411144321985
2,4,16,0,13,-0.976775080753772
2,4,16,0,14,2.33713454694752
2,4,16,0,15,-3.13514593099813
2,4,16,0,16,-2.11333307952714
2,4,16,0,17,1.74736942892124
2,4,16,0,18,1.68368655931851
2,4,16,0,19,-0.374179437852918
2,4,16,0,20,-4.00615500943375
2,4,16,0,21,-0.402233852602743
2,4,16,0,22,-0.0213627568636234
2,4,16,0,23,0.430073472236992
2,4,16,0,24,-0.413930822833185
2,4,16,0,25,0.460553306554945
2,4,16,0,26,-2.2844787830616
2,4,16,0,27,-3.37286047752286
2,4,16,0,28,-0.300329081327356
2,4,16,0,29,0.822132566387147
2,4,16,0,30,0.510978969953319
2,4,16,1,31,-2.26589532938326
2,4,16,1,32,-1.72169178484141
2,4,16,1,33,0.630999046627012
2,4,16,1,34,-0.949193942816987
2,4,16,1,35,1.14897988781599
2,4,16,1,36,-0.555384186362892
2,4,16,1,37,3.88618175960346
2,4,16,1,38,5.18501761870157
2,4,16,1,39,2.69727966068048
2,4,16,1,40,4.71201310794183
2,4,16,1,41,8.15526143948087
2,4,16,1,42,6.86132178100375
2,4,16,1,43,6.0847714044533
2,4,16,1,44,4.9059709040043
2,4,16,1,45,9.70348749519652
2,4,16,1,46,6.96724350200092
2,4,16,1,47,7.50975025656833
2,4,16,1,48,3.48609557306499
2,4,16,1,49,6.96846003140779
2,4,16,1,50,5.12220651436159
2,4,16,1,51,9.16983708790605
2,4,16,1,52,9.95550527755578
2,4,16,1,53,7.43393069420747
2,4,16,1,54,7.97248120923917
2,4,16,1,55,6.95653100468889
2,4,16,1,56,14.1883663030057
2,4,16,1,57,6.97656821936878
2,4,16,1,58,9.14768192561584
2,4,16,1,59,5.2240026706497
2,4,16,1,60,9.17811747672673
2,4,16,1,61,3.8547887403896
2,4,16,1,62,6.21027442437247
2,4,16,1,63,3.17666739703548
2,4,16,1,64,6.37661100152211
2,4,16,1,65,5.39416208901558
2,4,16,1,66,7.93683847240506
2,4,16,1,67,4.89522529227443
2,4,16,1,68,7.01430467204475
2,4,16,1,69,4.93676883699412
2,4,16,1,70,5.632400151521
2,4,16,1,71,7.39269255485678
2,4,16,1,72,8.83791449440602
2,4,16,1,73,9.33788247112243
2,4,16,1,74,10.910505642706
2,4,16,1,75,8.32446551477043
2,4,16,1,76,9.91156260143849
2,4,16,1,77,8.54612256505721
2,4,16,1,78,8.91654542315944
2,4,16,1,79,10.4950583167616
2,4,16,1,80,7.3062299131042
2,4,16,1,81,12.3799937817565
2,4,16,1,82,9.56059505794873
2,4,16,1,83,6.45324509915116
2,4,16,1,84,10.8355183704417
2,4,16,1,85,9.4535880200274
2,4,16,1,86,6.34886945700026
2,4,16,1,87,6.71604085864221
2,4,16,1,88,12.2611605729177
2,4,16,1,89,10.7340933778362
2,4,16,1,90,9.8162454694518
2,4,16,1,91,9.70492952124227
2,4,16,1,92,8.29989474097805
2,4,16,1,93,10.5701616272448
2,4,16,1,94,15.3484524351177
2,4,16,1,95,10.913633729572
2,4,16,1,96,11.5237456709296
2,4,16,1,97,12.5170694215681
2,4,16,1,98,11.8824058518065
2,4,16,1,99,7.87218058869328
2,4,16,1,100,16.6274507198804
2,4,16,1,101,14.131539438844
2,4,16,1,102,8.97134774064941
2,4,16,1,103,10.0142787941346
2,4,16,1,104,10.7973883068386
2,4,16,1,105,10.7914279267348
2,4,16,1,106,13.8039891114345
2,4,16,1,107,8.45127509472172
2,4,16,1,108,11.3692898048347
2,4,16,1,109,4.2360774231177
2,4,16,1,110,8.78181717147524
2,4,16,2,111,2.59335000350012
2,4,16,2,112,4.02824229303615
2,4,16,2,113,5.58920479286453
2,4,16,2,114,5.45814507577785
2,4,16,2,115,8.98953359745718
2,4,16,2,116,6.23955335067592
2,4,16,2,117,8.20704722479431
2,4,16,2,118,7.08186214738703
2,4,16,2,119,10.8306978618631
2,4,16,2,120,5.74471183348916
2,4,17,0,1,-3.54051453665282
2,4,17,0,2,0.0896060709627372
2,4,17,0,3,-2.87705119800241
2,4,17,0,4,-0.243382512388845
2,4,17,0,5,-2.35603686317821
2,4,17,0,6,-0.0913449603838212
2,4,17,0,7,-2.34906324608386
2,4,17,0,8,3.33754305757629
2,4,17,0,9,-0.223830525133544
2,4,17,0,10,-2.76128380234814
2,4,17,0,11,0.377479169280869
2,4,17,0,12,-3.70428787315322
2,4,17,0,13,-0.463845192941841
2,4,17,0,14,0.292769969983582
2,4,17,0,15,-3.30712254277582
2,4,17,0,16,-1.61287621867646
2,4,17,0,17,0.335464560782505
2,4,17,0,18,-0.727120023369179
2,4,17,0,19,1.0059122893811
2,4,17,0,20,-0.423193439366428
2,4,17,0,21,1.67834361147942
2,4,17,0,22,0.225645450245361
2,4,17,0,23,-1.52711374735951
2,4,17,0,24,-4.28509373819766
2,4,17,0,25,0.760932284540705
2,4,17,0,26,1.89357120867497
2,4,17,0,27,4.05544942758452
2,4,17,0,28,3.56279648541853
2,4,17,0,29,3.23395260047342
2,4,17,0,30,-1.21674662821238
2,4,17,1,31,-0.425340217660138
2,4,17,1,32,-1.82657366921902
2,4,17,1,33,2.78241289941265
2,4,17,1,34,3.17579459406432
2,4,17,1,35,6.365491247617
2,4,17,1,36,5.85286048075232
2,4,17,1,37,5.2468203914101
2,4,17,1,38,5.2520317096925
2,4,17,1,39,3.75667036513902
2,4,17,1,40,2.96671346121386
2,4,17,1,41,9.05374977059398
2,4,17,1,42,5.89336379426355
2,4,17,1,43,6.56776999697238
2,4,17,1,44,7.88707430951545
2,4,17,1,45,6.21097640598698
2,4,17,1,46,10.3805518959782
2,4,17,1,47,11.8581088403208
2,4,17,1,48,11.3380481836419
2,4,17,1,49,11.978708238676
2,4,17,1,50,12.2519934490776
2,4,17,1,51,11.7241134147865
2,4,17,1,52,12.1289322331096
2,4,17,1,53,17.7312628706174
2,4,17,1,54,17.5747538214072
2,4,17,1,55,15.7430126533551
2,4,17,1,56,15.8801808902021
2,4,17,1,57,11.696897018615
2,4,17,1,58,14.501068846282
2,4,17,1,59,17.1115923160035
2,4,17,1,60,16.5545646696244
2,4,17,1,61,14.2054133596525
2,4,17,1,62,16.3103686788005
2,4,17,1,63,16.9088800430382
2,4,17,1,64,18.8017469891667
2,4,17,1,65,14.5753843986913
2,4,17,1,66,17.0774506873606
2,4,17,1,67,17.3901626853367
2,4,17,1,68,16.3199128425718
2,4,17,1,69,16.2137377256633
2,4,17,1,70,16.5708282075175
2,4,17,1,71,16.4147582405635
2,4,17,1,72,13.9034630375032
2,4,17,1,73,14.5987032619504
2,4,17,1,74,15.760314972774
2,4,17,1,75,18.603279634981
2,4,17,1,76,18.4647058202517
2,4,17,1,77,15.5858301896128
2,4,17,1,78,16.7265905340578
2,4,17,1,79,17.3209281565993
2,4,17,1,80,17.1310457069739
2,4,17,1,81,18.242682194439
2,4,17,1,82,18.6098550016859
2,4,17,1,83,17.6353929093405
2,4,17,1,84,17.1549020849707
2,4,17,1,85,18.5656675468632
2,4,17,1,86,21.3954619494447
2,4,17,1,87,20.7878329378438
2,4,17,1,88,22.3873433407476
2,4,17,1,89,17.3222012824291
2,4,17,1,90,13.3507679748397
2,4,17,1,91,16.4961477699222
2,4,17,1,92,20.2055714578201
2,4,17,1,93,13.8240815967464
2,4,17,1,94,13.6497008615963
2,4,17,1,95,18.7611979351831
2,4,17,1,96,16.9159156706033
2,4,17,1,97,17.3372570757405
2,4,17,1,98,12.9598437859227
2,4,17,1,99,15.991981709644
2,4,17,1,100,14.6375776332128
2,4,17,1,101,16.2473015329405
2,4,17,1,102,15.2224273173187
2,4,17,1,103,18.0351860197323
2,4,17,1,104,20.398216175045
2,4,17,1,105,17.2422141049557
2,4,17,1,106,19.5463189569718
2,4,17,1,107,21.8652814044301
2,4,17,1,108,20.4308460661682
2,4,17,1,109,19.1453480180754
2,4,17,1,110,15.2562142024847
2,4,17,2,111,13.6863822622958
2,4,17,2,112,11.6240382019425
2,4,17,2,113,16.0557729273795
2,4,17,2,114,6.7010277551999
2,4,17,2,115,9.51928270591012
2,4,17,2,116,17.8171623576243
2,4,17,2,117,10.8399345455193
2,4,17,2,118,10.7554023535104
2,4,17,2,119,13.5866536038943
2,4,17,2,120,11.857290194858
2,4,18,0,1,1.99466947614874
2,4,18,0,2,3.81516502226723
2,4,18,0,3,3.52793458933112
2,4,18,0,4,-1.6888140156773
2,4,18,0,5,-3.85738213105973
2,4,18,0,6,-1.90547528792973
2,4,18,0,7,1.88793057402759
2,4,18,0,8,-1.92604270299513
2,4,18,0,9,-2.42788549664371
2,4,18,0,10,3.10801281136163
2,4,18,0,11,0.527828948411011
2,4,18,0,12,-0.515970362106961
2,4,18,0,13,-0.490084266721994
2,4,18,0,14,-2.28722605679469
2,4,18,0,15,0.789067016692305
2,4,18,0,16,-0.5547349564034
2,4,18,0,17,1.92112475410689
2,4,18,0,18,-0.0112586848282767
2,4,18,0,19,1.64078327637397
2,4,18,0,20,-4.88648058361976
2,4,18,0,21,1.81278676506465
2,4,18,0,22,-1.08775633363846
2,4,18,0,23,3.13067595797573
2,4,18,0,24,0.631828044000739
2,4,18,0,25,5.1621590513504
2,4,18,0,26,-3.22115849882247
2,4,18,0,27,0.987991063058147
2,4,18,0,28,-1.20032202063368
2,4,18,0,29,-4.75706048589832
2,4,18,0,30,-3.69165728383918
2,4,18,1,31,-3.36914189869431
2,4,18,1,32,1.44536019736835
2,4,18,1,33,4.55451664729706
2,4,18,1,34,3.17081134232337
2,4,18,1,35,1.22062304491484
2,4,18,1,36,5.14793272823585
2,4,18,1,37,3.85294913271382
2,4,18,1,38,3.05386146460253
2,4,18,1,39,4.06617003681011
2,4,18,1,40,5.7167459393707
2,4,18,1,41,5.06662894489029
2,4,18,1,42,5.54830529951971
2,4,18,1,43,10.0527016446162
2,4,18,1,44,6.83515097573373
2,4,18,1,45,9.23254477977027
2,4,18,1,46,5.91725265509712
2,4,18,1,47,9.36245452204724
2,4,18,1,48,7.69105246303001
2,4,18,1,49,7.13423702635499
2,4,18,1,50,10.1897082903775
2,4,18,1,51,8.84982067741043
2,4,18,1,52,10.1987711103743
2,4,18,1,53,8.50901302863092
2,4,18,1,54,10.276834787255
2,4,18,1,55,12.9158039172277
2,4,18,1,56,11.8023442510938
2,4,18,1,57,12.9548555936213
2,4,18,1,58,10.6524092025939
2,4,18,1,59,13.4016277235171
2,4,18,1,60,12.3027314785676
2,4,18,1,61,15.0741858315536
2,4,18,1,62,11.4563211974763
2,4,18,1,63,12.0981199387193
2,4,18,1,64,14.5461442626797
2,4,18,1,65,14.1636483454556
2,4,18,1,66,11.9073227438769
2,4,18,1,67,11.9109565952452
2,4,18,1,68,11.5831206903655
2,4,18,1,69,15.0897618747007
2,4,18,1,70,13.329474951543
2,4,18,1,71,12.6350050004408
2,4,18,1,72,16.2821776661054
2,4,18,1,73,14.7086607302494
2,4,18,1,74,15.5623559061535
2,4,18,1,75,12.9526269774734
2,4,18,1,76,14.746634061238
2,4,18,1,77,13.5522622227062
2,4,18,1,78,12.3094160075228
2,4,18,1,79,15.1936279523577
2,4,18,1,80,14.2039111465787
2,4,18,1,81,15.5322295728162
2,4,18,1,82,13.1348355186701
2,4,18,1,83,13.0305308977577
2,4,18,1,84,14.0744595642433
2,4,18,1,85,13.9737663578676
2,4,18,1,86,14.9339267271021
2,4,18,1,87,15.6991291086386
2,4,18,1,88,15.0513414617311
2,4,18,1,89,15.7500430694362
2,4,18,1,90,12.722725322923
2,4,18,1,91,12.1123259845527
2,4,18,1,92,14.7611124104138
2,4,18,1,93,13.3723709392716
2,4,18,1,94,15.0739418553007
2,4,18,1,95,11.2562486272644
2,4,18,1,96,16.7072069907176
2,4,18,1,97,18.2193616133211
2,4,18,1,98,15.4391534060768
2,4,18,1,99,14.2665089878115
2,4,18,1,100,14.4595135277685
2,4,18,1,101,14.3116455250685
2,4,18,1,102,14.7385616000003
2,4,18,1,103,13.100593810768
2,4,18,1,104,13.8817881638409
2,4,18,1,105,15.4712683057201
2,4,18,1,106,14.6730014886436
2,4,18,1,107,14.8590426063768
2,4,18,1,108,14.9432872475299
2,4,18,1,109,16.5204720246363
2,4,18,1,110,11.4732242664661
2,4,18,2,111,13.5433234706498
2,4,18,2,112,14.1279416198423
2,4,18,2,113,11.606610717863
2,4,18,2,114,13.8335857950105
2,4,18,2,115,11.9264657778986
2,4,18,2,116,9.78330466184572
2,4,18,2,117,5.97224310915719
2,4,18,2,118,7.71191088710708
2,4,18,2,119,8.72775334793166
2,4,18,2,120,7.52920482016139
2,4,19,0,1,-6.37632470008642
2,4,19,0,2,-2.60167580496901
2,4,19,0,3,-0.177219865096369
2,4,19,0,4,-6.81215826851843
2,4,19,0,5,-1.05070667361192
2,4,19,0,6,-0.741893828862899
2,4,19,0,7,1.46529158273316
2,4,19,0,8,-0.0723647951818257
2,4,19,0,9,-2.52669566789614
2,4,19,0,10,-4.73238287718192
2,4,19,0,11,0.0646839022018775
2,4,19,0,12,-1.74802149273398
2,4,19,0,13,0.695874038110708
2,4,19,0,14,-0.573744948743266
2,4,19,0,15,0.97146396657936
2,4,19,0,16,-1.85229597284526
2,4,19,0,17,-0.579537640240239
2,4,19,0,18,1.07605063697404
2,4,19,0,19,-2.60298152367454
2,4,19,0,20,1.41933906315564
2,4,19,0,21,1.80721692694922
2,4,19,0,22,-0.273933945703894
2,4,19,0,23,2.08697163037948
2,4,19,0,24,1.72658434251484
2,4,19,0,25,-1.16377990578857
2,4,19,0,26,-3.54196298559008
2,4,19,0,27,-1.86237242152896
2,4,19,0,28,2.09605088038812
2,4,19,0,29,-0.865643145296806
2,4,19,0,30,0.274828440281304
2,4,19,1,31,-0.866124501563235
2,4,19,1,32,4.15009134783621
2,4,19,1,33,2.63487766562209
2,4,19,1,34,-0.887459461863084
2,4,19,1,35,4.59495865693156
2,4,19,1,36,2.22799277227857
2,4,19,1,37,2.22297737544955
2,4,19,1,38,0.780064175782093
2,4,19,1,39,2.45958244218062
2,4,19,1,40,3.6846782931642
2,4,19,1,41,5.54936463277599
2,4,19,1,42,6.48557603551983
2,4,19,1,43,5.36830037748989
2,4,19,1,44,5.35092557313152
2,4,19,1,45,7.41833790468257
2,4,19,1,46,5.62229962554494
2,4,19,1,47,4.76849708846594
2,4,19,1,48,7.77753420728437
2,4,19,1,49,6.55551530457836
2,4,19,1,50,9.81931251238033
2,4,19,1,51,8.67906809657906
2,4,19,1,52,11.0924671354666
2,4,19,1,53,14.7607956900818
2,4,19,1,54,10.3046976447484
2,4,19,1,55,11.2601868241404
2,4,19,1,56,11.3007380276979
2,4,19,1,57,13.1831301918599
2,4,19,1,58,8.77169107109859
2,4,19,1,59,9.78150366010125
2,4,19,1,60,10.3488134871555
2,4,19,1,61,12.1879528283953
2,4,19,1,62,12.5648232906411
2,4,19,1,63,15.9780663659275
2,4,19,1,64,14.6652782660081
2,4,19,1,65,12.7768225444771
2,4,19,1,66,15.0966772118842
2,4,19,1,67,16.4255176285833
2,4,19,1,68,13.545026116591
2,4,19,1,69,14.4251841759718
2,4,19,1,70,17.1289803342896
2,4,19,1,71,16.0072141724478
2,4,19,1,72,16.28870671231
2,4,19,1,73,13.7438023222745
2,4,19,1,74,17.6275517829787
2,4,19,1,75,14.8784204752665
2,4,19,1,76,14.3205386594032
2,4,19,1,77,19.0012620214778
2,4,19,1,78,17.0925188587229
2,4,19,1,79,17.396583779767
2,4,19,1,80,16.6106698675886
2,4,19,1,81,16.658131376622
2,4,19,1,82,17.3931811670132
2,4,19,1,83,17.174283484242
2,4,19,1,84,18.2005506827329
2,4,19,1,85,15.9587658560935
2,4,19,1,86,19.3855814568513
2,4,19,1,87,20.3069112146602
2,4,19,1,88,17.9446473193579
2,4,19,1,89,20.2056975074773
2,4,19,1,90,12.2219590550185
2,4,19,1,91,12.3895131365122
2,4,19,1,92,18.1395302285554
2,4,19,1,93,16.9195047384766
2,4,19,1,94,17.4480036132275
2,4,19,1,95,14.6290042433548
2,4,19,1,96,19.1869437456218
2,4,19,1,97,15.9780097385314
2,4,19,1,98,18.1167319734699
2,4,19,1,99,16.9796735106088
2,4,19,1,100,14.4617325629945
2,4,19,1,101,15.5067059514357
2,4,19,1,102,13.8250290676548
2,4,19,1,103,14.4219819765459
2,4,19,1,104,14.4343930416739
2,4,19,1,105,18.3813210025278
2,4,19,1,106,14.1311045935158
2,4,19,1,107,14.9248051836933
2,4,19,1,108,18.2249379544865
2,4,19,1,109,19.9189309013315
2,4,19,1,110,12.2154352949725
2,4,19,2,111,12.9801466239822
2,4,19,2,112,15.3145392223463
2,4,19,2,113,14.5988181771484
2,4,19,2,114,11.9599471247838
2,4,19,2,115,17.1299793373404
2,4,19,2,116,15.7808875866347
2,4,19,2,117,11.3002319622823
2,4,19,2,118,8.83201386903698
2,4,19,2,119,7.30123247457071
2,4,19,2,120,8.59632304776222
2,4,20,0,1,0.751565956106632
2,4,20,0,2,-0.351727060715045
2,4,20,0,3,0.432813002521543
2,4,20,0,4,1.10376677642359
2,4,20,0,5,2.33992787112326
2,4,20,0,6,2.4671066520918
2,4,20,0,7,-0.172071921894242
2,4,20,0,8,0.61770727666907
2,4,20,0,9,-1.12945234165228
2,4,20,0,10,1.03947435362787
2,4,20,0,11,3.50133805825734
2,4,20,0,12,-2.11006549982254
2,4,20,0,13,0.244874927000746
2,4,20,0,14,-1.03888209283582
2,4,20,0,15,-1.28126725121536
2,4,20,0,16,3.14713906101395
2,4,20,0,17,0.951455414687234
2,4,20,0,18,0.107878286471203
2,4,20,0,19,-1.01976017903392
2,4,20,0,20,-0.57164682874045
2,4,20,0,21,-1.04799831489163
2,4,20,0,22,3.5947903448427
2,4,20,0,23,0.318573537357872
2,4,20,0,24,1.12157674448174
2,4,20,0,25,1.17728531167741
2,4,20,0,26,0.93886119509218
2,4,20,0,27,3.36795805174223
2,4,20,0,28,1.79854248947964
2,4,20,0,29,1.012864443634
2,4,20,0,30,1.5873120242386
2,4,20,1,31,2.6577901261998
2,4,20,1,32,1.19636688523624
2,4,20,1,33,2.24902648734439
2,4,20,1,34,5.14035183801049
2,4,20,1,35,2.33959814975557
2,4,20,1,36,5.72404396654684
2,4,20,1,37,5.25063410379277
2,4,20,1,38,7.48224996918404
2,4,20,1,39,5.90277298589388
2,4,20,1,40,3.96694925545352
2,4,20,1,41,4.92183712371923
2,4,20,1,42,4.57190018236066
2,4,20,1,43,4.34795294807309
2,4,20,1,44,9.07736028744944
2,4,20,1,45,9.65148573725542
2,4,20,1,46,8.25026521336211
2,4,20,1,47,10.1708279525175
2,4,20,1,48,8.88311589368865
2,4,20,1,49,7.23401570934724
2,4,20,1,50,8.49334131836935
2,4,20,1,51,11.2349995701973
2,4,20,1,52,11.7429317203014
2,4,20,1,53,10.1396116081998
2,4,20,1,54,9.09568490062036
2,4,20,1,55,9.53274662219258
2,4,20,1,56,14.7743327317649
2,4,20,1,57,13.6563594440345
2,4,20,1,58,10.5285445830552
2,4,20,1,59,8.73490475650114
2,4,20,1,60,13.0209612088843
2,4,20,1,61,9.70853814786883
2,4,20,1,62,10.7380113384908
2,4,20,1,63,13.0119820869979
2,4,20,1,64,16.2674836688092
2,4,20,1,65,12.0118655274794
2,4,20,1,66,11.9382589323801
2,4,20,1,67,9.9999628568451
2,4,20,1,68,9.19289737113965
2,4,20,1,69,11.8147695958343
2,4,20,1,70,6.52470701557488
2,4,20,1,71,13.8401909128089
2,4,20,1,72,12.9883820367153
2,4,20,1,73,15.3657185574606
2,4,20,1,74,10.0462410889091
2,4,20,1,75,12.9808803599521
2,4,20,1,76,16.0005727454871
2,4,20,1,77,12.0579618360717
2,4,20,1,78,16.6284757236686
2,4,20,1,79,12.8441329058506
2,4,20,1,80,7.88268841384009
2,4,20,1,81,10.2644255875617
2,4,20,1,82,6.80616884369042
2,4,20,1,83,7.81526730726159
2,4,20,1,84,11.5699820079299
2,4,20,1,85,11.4589995796995
2,4,20,1,86,11.7496022356543
2,4,20,1,87,11.5619230774686
2,4,20,1,88,11.9023224332411
2,4,20,1,89,14.6376492411889
2,4,20,1,90,12.1232680320908
2,4,20,1,91,11.9433850191459
2,4,20,1,92,13.0380712105356
2,4,20,1,93,13.0444204211752
2,4,20,1,94,15.69791941561
2,4,20,1,95,10.5873614706559
2,4,20,1,96,13.4621168439357
2,4,20,1,97,12.8852906498624
2,4,20,1,98,13.9949426505773
2,4,20,1,99,12.299913167553
2,4,20,1,100,17.25964573834
2,4,20,1,101,14.3649227298696
2,4,20,1,102,12.6222764044093
2,4,20,1,103,13.8731527760202
2,4,20,1,104,14.5669587555701
2,4,20,1,105,15.3075291639841
2,4,20,1,106,8.75839104992757
2,4,20,1,107,15.7534666801151
2,4,20,1,108,13.1625693412937
2,4,20,1,109,14.9724720579908
2,4,20,1,110,12.0594746057791
2,4,20,2,111,12.5263182735655
2,4,20,2,112,14.4641630392853
2,4,20,2,113,8.61478371783614
2,4,20,2,114,10.7424725873991
2,4,20,2,115,9.88641036399847
2,4,20,2,116,12.4360832695
2,4,20,2,117,5.85499263770841
2,4,20,2,118,8.3110354115199
2,4,20,2,119,9.5338192345522
2,4,20,2,120,9.13509608483245
2,4,21,0,1,0.503139045370282
2,4,21,0,2,-3.95568911056271
2,4,21,0,3,3.1040695419669
2,4,21,0,4,2.08074753973925
2,4,21,0,5,-2.06755334583936
2,4,21,0,6,0.269558104124275
2,4,21,0,7,3.02777594894991
2,4,21,0,8,-1.62598525973003
2,4,21,0,9,-1.7182371469628
2,4,21,0,10,-2.32253840319267
2,4,21,0,11,-0.331684995831308
2,4,21,0,12,4.15049949163347
2,4,21,0,13,2.22360044708863
2,4,21,0,14,3.29455660296172
2,4,21,0,15,3.11772222725491
2,4,21,0,16,-1.11240304385141
2,4,21,0,17,3.9654465831223
2,4,21,0,18,-1.79452182177473
2,4,21,0,19,3.20645828022806
2,4,21,0,20,2.27565762915327
2,4,21,0,21,3.74488491434285
2,4,21,0,22,4.71681250020752
2,4,21,0,23,4.29135360469218
2,4,21,0,24,2.51247073003216
2,4,21,0,25,0.0675239478154595
2,4,21,0,26,-0.0926415834771583
2,4,21,0,27,1.66542640151457
2,4,21,0,28,2.09717326710777
2,4,21,0,29,2.43119595240286
2,4,21,0,30,4.57810626074664
2,4,21,1,31,-1.68617788646212
2,4,21,1,32,1.66228734787066
2,4,21,1,33,3.22804069231774
2,4,21,1,34,5.71339400479219
2,4,21,1,35,1.0063571279005
2,4,21,1,36,6.74381520068348
2,4,21,1,37,6.88272354450355
2,4,21,1,38,7.81173469722865
2,4,21,1,39,5.30365755642056
2,4,21,1,40,5.70872484060407
2,4,21,1,41,7.60456206738657
2,4,21,1,42,2.17001183183619
2,4,21,1,43,7.88562093192886
2,4,21,1,44,8.24239827008775
2,4,21,1,45,8.39228916008382
2,4,21,1,46,6.20689548934794
2,4,21,1,47,7.4836653867416
2,4,21,1,48,8.38402155526641
2,4,21,1,49,8.14723384747147
2,4,21,1,50,8.10985020304501
2,4,21,1,51,10.5890241646247
2,4,21,1,52,10.6584206883902
2,4,21,1,53,7.57717724369333
2,4,21,1,54,8.45572679107254
2,4,21,1,55,11.7568228309362
2,4,21,1,56,7.55652814241349
2,4,21,1,57,6.80925831618693
2,4,21,1,58,7.88797672572999
2,4,21,1,59,8.8271854494398
2,4,21,1,60,8.90648532169772
2,4,21,1,61,11.5786877224333
2,4,21,1,62,11.2305951080584
2,4,21,1,63,12.9164220603162
2,4,21,1,64,11.8600870614297
2,4,21,1,65,10.7816743391742
2,4,21,1,66,13.6918468512574
2,4,21,1,67,13.2165826373144
2,4,21,1,68,11.8857364833354
2,4,21,1,69,12.4177390412303
2,4,21,1,70,13.534323554148
2,4,21,1,71,10.4080165151056
2,4,21,1,72,10.64096158495
2,4,21,1,73,11.2616012850046
2,4,21,1,74,13.7233810902632
2,4,21,1,75,14.8385273042404
2,4,21,1,76,11.2758535023563
2,4,21,1,77,14.8208159289841
2,4,21,1,78,14.6981376354684
2,4,21,1,79,14.1367472065803
2,4,21,1,80,14.9641030697608
2,4,21,1,81,15.9757305325854
2,4,21,1,82,12.6575772216738
2,4,21,1,83,14.0711686889123
2,4,21,1,84,15.5650804780204
2,4,21,1,85,14.0631335478557
2,4,21,1,86,15.7563506064102
2,4,21,1,87,18.9563828313636
2,4,21,1,88,18.0640358951597
2,4,21,1,89,15.336914340689
2,4,21,1,90,16.2515885428502
2,4,21,1,91,15.907974398941
2,4,21,1,92,18.2434825226101
2,4,21,1,93,19.9453188099669
2,4,21,1,94,17.0764902073578
2,4,21,1,95,18.4732941616926
2,4,21,1,96,18.5210510014835
2,4,21,1,97,17.7491356898495
2,4,21,1,98,19.5843669374409
2,4,21,1,99,17.4190875629876
2,4,21,1,100,13.6844594310513
2,4,21,1,101,14.5431628266608
2,4,21,1,102,20.316539386811
2,4,21,1,103,20.522085291308
2,4,21,1,104,17.4982101523739
2,4,21,1,105,16.7292997364527
2,4,21,1,106,16.9139575643064
2,4,21,1,107,20.6453860177845
2,4,21,1,108,19.4922777332009
2,4,21,1,109,19.3880163574461
2,4,21,1,110,21.1125862993528
2,4,21,2,111,17.3963206425611
2,4,21,2,112,17.1753361204168
2,4,21,2,113,18.2561802406151
2,4,21,2,114,11.6072406314273
2,4,21,2,115,11.2354094402229
2,4,21,2,116,9.15410141900395
2,4,21,2,117,6.83648996994671
2,4,21,2,118,8.63753869285958
2,4,21,2,119,6.58699439263318
2,4,21,2,120,4.23588913831263
2,4,22,0,1,2.03143496051247
2,4,22,0,2,-2.45904746111915
2,4,22,0,3,1.76020583805287
2,4,22,0,4,1.12336145333794
2,4,22,0,5,0.399282498882107
2,4,22,0,6,2.9952269915787
2,4,22,0,7,2.70397327645867
2,4,22,0,8,-0.570985940334684
2,4,22,0,9,4.32718849362416
2,4,22,0,10,1.95973035957949
2,4,22,0,11,5.55847967197865
2,4,22,0,12,1.5896670237289
2,4,22,0,13,-0.786483621243102
2,4,22,0,14,0.448958167573559
2,4,22,0,15,-1.28266181027811
2,4,22,0,16,0.259409616394713
2,4,22,0,17,-0.644086781237707
2,4,22,0,18,0.761999951631296
2,4,22,0,19,2.63358244869161
2,4,22,0,20,1.2141422014762
2,4,22,0,21,3.47201800016399
2,4,22,0,22,2.81915471322785
2,4,22,0,23,7.55410869494467
2,4,22,0,24,8.59773858580206
2,4,22,0,25,4.08837782010801
2,4,22,0,26,4.84843401127461
2,4,22,0,27,3.38146369068398
2,4,22,0,28,1.89579977577487
2,4,22,0,29,7.32816147211756
2,4,22,0,30,4.79352089093756
2,4,22,1,31,5.67175718569082
2,4,22,1,32,6.16342308934896
2,4,22,1,33,2.31139220037983
2,4,22,1,34,1.23561018640366
2,4,22,1,35,8.60568507616719
2,4,22,1,36,2.80774307255783
2,4,22,1,37,7.58123913348448
2,4,22,1,38,7.0303382216499
2,4,22,1,39,8.14887126995982
2,4,22,1,40,8.96742156898858
2,4,22,1,41,9.65150498405512
2,4,22,1,42,7.95016088285795
2,4,22,1,43,10.1536551358042
2,4,22,1,44,12.168468475565
2,4,22,1,45,11.4877023424684
2,4,22,1,46,13.5471564848675
2,4,22,1,47,11.973693626178
2,4,22,1,48,11.7307431806121
2,4,22,1,49,8.26673520580155
2,4,22,1,50,10.6117810514348
2,4,22,1,51,9.27553643457126
2,4,22,1,52,12.0829443773367
2,4,22,1,53,10.0448052431269
2,4,22,1,54,11.991811630734
2,4,22,1,55,11.481864592803
2,4,22,1,56,11.2482874913894
2,4,22,1,57,13.515803129884
2,4,22,1,58,12.1386859078106
2,4,22,1,59,13.4346714644409
2,4,22,1,60,9.93675924277007
2,4,22,1,61,13.19126629892
2,4,22,1,62,13.0395596398389
2,4,22,1,63,17.3751980799367
2,4,22,1,64,12.2962189359201
2,4,22,1,65,11.7544636378406
2,4,22,1,66,12.1642410268581
2,4,22,1,67,10.0009142547825
2,4,22,1,68,14.4320519691151
2,4,22,1,69,14.3607473956087
2,4,22,1,70,13.8894297684299
2,4,22,1,71,14.5326521479966
2,4,22,1,72,12.2904543655767
2,4,22,1,73,13.8386915141697
2,4,22,1,74,16.8901023481598
2,4,22,1,75,13.6223241780483
2,4,22,1,76,13.9854268617153
2,4,22,1,77,14.8862199771389
2,4,22,1,78,14.0322348314118
2,4,22,1,79,10.399216826388
2,4,22,1,80,15.0298578180972
2,4,22,1,81,8.4772228848864
2,4,22,1,82,11.3568985098293
2,4,22,1,83,8.32059704532821
2,4,22,1,84,11.5391432783449
2,4,22,1,85,14.8573928081606
2,4,22,1,86,12.8414954865984
2,4,22,1,87,13.9897466421037
2,4,22,1,88,16.4057895853495
2,4,22,1,89,15.3855225215723
2,4,22,1,90,18.7385360311822
2,4,22,1,91,14.0250241376638
2,4,22,1,92,16.5542904724844
2,4,22,1,93,16.2524575294347
2,4,22,1,94,13.5581410703265
2,4,22,1,95,17.065722439976
2,4,22,1,96,15.1144631211572
2,4,22,1,97,11.3669283902384
2,4,22,1,98,16.5123597299016
2,4,22,1,99,15.1528706560986
2,4,22,1,100,16.3487302558474
2,4,22,1,101,17.8876238174161
2,4,22,1,102,15.922690623194
2,4,22,1,103,16.6466411783451
2,4,22,1,104,14.9649290097226
2,4,22,1,105,15.383301961353
2,4,22,1,106,17.0004593628083
2,4,22,1,107,17.1314808176444
2,4,22,1,108,18.8203371229337
2,4,22,1,109,16.0560483290906
2,4,22,1,110,16.1675381893207
2,4,22,2,111,14.5795111054704
2,4,22,2,112,15.1683759874101
2,4,22,2,113,17.0746716936772
2,4,22,2,114,14.9864854216253
2,4,22,2,115,12.2056814830194
2,4,22,2,116,11.634747493478
2,4,22,2,117,11.9400695008243
2,4,22,2,118,10.5336209316276
2,4,22,2,119,10.4673162801587
2,4,22,2,120,13.5449271009254
2,4,23,0,1,-0.485933001414004
2,4,23,0,2,-2.97316810846622
2,4,23,0,3,-2.19652925159573
2,4,23,0,4,-4.77951314422926
2,4,23,0,5,-2.68814529381888
2,4,23,0,6,-5.29851016535784
2,4,23,0,7,-0.396026188448427
2,4,23,0,8,-3.45019357510282
2,4,23,0,9,-1.97119690847407
2,4,23,0,10,-1.88358400514085
2,4,23,0,11,-0.396069862234487
2,4,23,0,12,-1.42831037359594
2,4,23,0,13,-2.18403626390216
2,4,23,0,14,-2.72268286664819
2,4,23,0,15,-1.69970830874299
2,4,23,0,16,-4.475488300268
2,4,23,0,17,-1.30197194824137
2,4,23,0,18,0.721957652711725
2,4,23,0,19,-0.650898556054615
2,4,23,0,20,0.771890080291613
2,4,23,0,21,-2.43924766741143
2,4,23,0,22,-0.29882670395574
2,4,23,0,23,-1.25444791240042
2,4,23,0,24,-0.127952280158242
2,4,23,0,25,1.82687278076919
2,4,23,0,26,3.06445945755811
2,4,23,0,27,-0.183502512839651
2,4,23,0,28,-1.07458965952655
2,4,23,0,29,-3.05851849186976
2,4,23,0,30,2.18372344998538
2,4,23,1,31,-7.70141624107297
2,4,23,1,32,-4.17629521536893
2,4,23,1,33,0.478397527126473
2,4,23,1,34,0.388427687397111
2,4,23,1,35,-2.4892574723893
2,4,23,1,36,4.90485424475356
2,4,23,1,37,4.88362079434138
2,4,23,1,38,5.12191818840806
2,4,23,1,39,5.37057647902433
2,4,23,1,40,3.46413949846312
2,4,23,1,41,4.25305085085327
2,4,23,1,42,4.94419214935711
2,4,23,1,43,7.56336317481449
2,4,23,1,44,4.35253313945071
2,4,23,1,45,3.4037888003609
2,4,23,1,46,3.49112617507166
2,4,23,1,47,2.32997754719396
2,4,23,1,48,5.09716290973391
2,4,23,1,49,2.46638138693662
2,4,23,1,50,0.630170440761105
2,4,23,1,51,0.993632507821351
2,4,23,1,52,1.12344412044963
2,4,23,1,53,0.24608356546699
2,4,23,1,54,3.68723629532216
2,4,23,1,55,5.13052252726444
2,4,23,1,56,4.54570261241757
2,4,23,1,57,3.06470578701276
2,4,23,1,58,6.62219395894133
2,4,23,1,59,2.56683360068332
2,4,23,1,60,6.71445284866359
2,4,23,1,61,3.83135300932198
2,4,23,1,62,5.28198066649176
2,4,23,1,63,4.51759782058936
2,4,23,1,64,4.61806194804977
2,4,23,1,65,5.9074944918225
2,4,23,1,66,7.00579687941604
2,4,23,1,67,4.09076982127669
2,4,23,1,68,3.96866187050515
2,4,23,1,69,3.03402512204179
2,4,23,1,70,3.52179779309108
2,4,23,1,71,0.350698309946781
2,4,23,1,72,5.36575748218621
2,4,23,1,73,-0.948123228418864
2,4,23,1,74,-2.0355036128888
2,4,23,1,75,0.740672834177228
2,4,23,1,76,4.45891205295423
2,4,23,1,77,4.98311671563887
2,4,23,1,78,2.63274900543707
2,4,23,1,79,0.0410123786226213
2,4,23,1,80,0.974591211815385
2,4,23,1,81,5.81081197487197
2,4,23,1,82,6.33084700304912
2,4,23,1,83,6.37186150357705
2,4,23,1,84,2.68430349278682
2,4,23,1,85,3.73704418276723
2,4,23,1,86,3.03946638818471
2,4,23,1,87,3.74952537782595
2,4,23,1,88,2.70541050385868
2,4,23,1,89,3.32531183845713
2,4,23,1,90,5.56405280497479
2,4,23,1,91,5.43528822849852
2,4,23,1,92,4.2933640506802
2,4,23,1,93,3.72471267753361
2,4,23,1,94,2.27289870196894
2,4,23,1,95,0.949827060432837
2,4,23,1,96,5.06829549390245
2,4,23,1,97,5.43919627238465
2,4,23,1,98,9.72848904163793
2,4,23,1,99,6.37914957147584
2,4,23,1,100,6.64897081707352
2,4,23,1,101,11.0267166253279
2,4,23,1,102,6.83059273250152
2,4,23,1,103,5.94263486013898
2,4,23,1,104,10.4934729412146
2,4,23,1,105,6.90655134981404
2,4,23,1,106,6.98311528329429
2,4,23,1,107,1.54079347552573
2,4,23,1,108,7.25040317291276
2,4,23,1,109,7.46352145980968
2,4,23,1,110,5.81934244792519
2,4,23,2,111,3.01788485407428
2,4,23,2,112,7.48720878555025
2,4,23,2,113,4.64780140743942
2,4,23,2,114,2.5430672624927
2,4,23,2,115,8.15066670990675
2,4,23,2,116,7.02778962570028
2,4,23,2,117,7.32990782780533
2,4,23,2,118,6.93215936635744
2,4,23,2,119,5.98695878533663
2,4,23,2,120,7.16777325040264
2,4,24,0,1,-8.95978347556493
2,4,24,0,2,-0.977953481692872
2,4,24,0,3,-5.13065312818736
2,4,24,0,4,-5.05792899632291
2,4,24,0,5,-4.15808943922033
2,4,24,0,6,-0.322072344665067
2,4,24,0,7,-6.69184141826007
2,4,24,0,8,-1.82946587773652
2,4,24,0,9,-0.24525295167651
2,4,24,0,10,-4.88330224814698
2,4,24,0,11,-0.410214650746757
2,4,24,0,12,-4.4010044241248
2,4,24,0,13,-2.92604541047743
2,4,24,0,14,-4.66072155576853
2,4,24,0,15,-3.83045032550913
2,4,24,0,16,0.470271353482243
2,4,24,0,17,-3.88540698360816
2,4,24,0,18,-0.093872622420747
2,4,24,0,19,-3.00997213703717
2,4,24,0,20,-3.79985731808156
2,4,24,0,21,-2.88265561699555
2,4,24,0,22,-3.97272478785558
2,4,24,0,23,-5.20619043726136
2,4,24,0,24,-3.85008888242301
2,4,24,0,25,-4.83426384972465
2,4,24,0,26,0.372467182968468
2,4,24,0,27,-6.06799731939665
2,4,24,0,28,-2.17137230190029
2,4,24,0,29,-4.70216003140004
2,4,24,0,30,-4.60148337923614
2,4,24,1,31,-8.52336129937977
2,4,24,1,32,-5.30309248082304
2,4,24,1,33,-2.92617271526214
2,4,24,1,34,-3.2063495970753
2,4,24,1,35,-5.65741871063193
2,4,24,1,36,-0.887906537778472
2,4,24,1,37,-1.01131686855369
2,4,24,1,38,-0.707757239865487
2,4,24,1,39,-2.78525317266546
2,4,24,1,40,-1.93500865558277
2,4,24,1,41,-0.904797263459275
2,4,24,1,42,-0.673093588256591
2,4,24,1,43,0.201768624146886
2,4,24,1,44,0.958595922981462
2,4,24,1,45,-1.36064218753509
2,4,24,1,46,4.34361442705956
2,4,24,1,47,4.30398932447905
2,4,24,1,48,1.44910969282373
2,4,24,1,49,3.08887525450396
2,4,24,1,50,3.05122365617721
2,4,24,1,51,6.6547776132819
2,4,24,1,52,4.5075019935619
2,4,24,1,53,1.75872681748934
2,4,24,1,54,2.0905577460783
2,4,24,1,55,5.15829288505716
2,4,24,1,56,5.43423462210078
2,4,24,1,57,3.30327703608896
2,4,24,1,58,1.95043600294377
2,4,24,1,59,4.44615206706988
2,4,24,1,60,5.2112557223681
2,4,24,1,61,4.55067741445339
2,4,24,1,62,8.43617805427074
2,4,24,1,63,6.85080220683287
2,4,24,1,64,6.19542547169504
2,4,24,1,65,5.3811328249251
2,4,24,1,66,4.25902113325063
2,4,24,1,67,6.19492574161913
2,4,24,1,68,5.78215231780481
2,4,24,1,69,2.17642332452269
2,4,24,1,70,8.25078257164915
2,4,24,1,71,6.92060334722243
2,4,24,1,72,9.60455571994084
2,4,24,1,73,5.67772000048524
2,4,24,1,74,4.85626969956511
2,4,24,1,75,6.25400922422657
2,4,24,1,76,8.56548170731771
2,4,24,1,77,7.33753672866864
2,4,24,1,78,10.2569475080237
2,4,24,1,79,8.10200258319166
2,4,24,1,80,7.14676062307143
2,4,24,1,81,12.1978596538409
2,4,24,1,82,5.68871547916078
2,4,24,1,83,10.9145431933481
2,4,24,1,84,9.65672282304029
2,4,24,1,85,11.7632315256169
2,4,24,1,86,9.75596814105342
2,4,24,1,87,4.49688911814223
2,4,24,1,88,7.70845106689571
2,4,24,1,89,8.30345190437948
2,4,24,1,90,11.9353662588566
2,4,24,1,91,8.70420237245136
2,4,24,1,92,6.96180741441177
2,4,24,1,93,3.51213632107308
2,4,24,1,94,7.27502031332933
2,4,24,1,95,8.10105517120722
2,4,24,1,96,8.85793447906803
2,4,24,1,97,6.77855328135496
2,4,24,1,98,7.15183693402942
2,4,24,1,99,9.73699421028677
2,4,24,1,100,12.8726464860501
2,4,24,1,101,10.8512040315287
2,4,24,1,102,11.6650155558674
2,4,24,1,103,9.99932212108562
2,4,24,1,104,9.9943035873681
2,4,24,1,105,10.710501709185
2,4,24,1,106,12.300108263187
2,4,24,1,107,7.70856268920015
2,4,24,1,108,5.60268826952938
2,4,24,1,109,12.3737420678288
2,4,24,1,110,10.4441359062539
2,4,24,2,111,6.49209619358539
2,4,24,2,112,7.32989588104062
2,4,24,2,113,4.16044021284806
2,4,24,2,114,4.43736508197518
2,4,24,2,115,6.95770519229349
2,4,24,2,116,3.69779642638632
2,4,24,2,117,3.79259658340924
2,4,24,2,118,4.90418967946699
2,4,24,2,119,4.96801430570226
2,4,24,2,120,3.39704842069978
3,8,25,0,1,1.62650595196839
3,8,25,0,2,-1.66855445075454
3,8,25,0,3,-2.23053591957937
3,8,25,0,4,3.49281813976859
3,8,25,0,5,-3.6641578284728
3,8,25,0,6,1.31502228008468
3,8,25,0,7,-0.45770572690922
3,8,25,0,8,-0.629199082038263
3,8,25,0,9,-0.642127399360174
3,8,25,0,10,-1.13135286569595
3,8,25,0,11,1.83456829665551
3,8,25,0,12,-1.88578248268204
3,8,25,0,13,-1.69169791198074
3,8,25,0,14,2.95601151962692
3,8,25,0,15,0.763330085464249
3,8,25,0,16,1.1031271091268
3,8,25,0,17,0.976789651470463
3,8,25,0,18,-3.10681317367239
3,8,25,0,19,-0.195245279403166
3,8,25,0,20,2.08058663548017
3,8,25,0,21,-2.68552869113669
3,8,25,0,22,0.28639961289742
3,8,25,0,23,1.77731464793078
3,8,25,0,24,1.80924201809603
3,8,25,0,25,-3.70407105339271
3,8,25,0,26,4.80943109859365
3,8,25,0,27,-3.15670037151182
3,8,25,0,28,2.38375082745833
3,8,25,0,29,1.48014031979334
3,8,25,0,30,-0.146357829258277
3,8,25,1,31,-0.703446453362453
3,8,25,1,32,1.87701434950823
3,8,25,1,33,0.634146513336333
3,8,25,1,34,2.07503173859531
3,8,25,1,35,2.44625019308016
3,8,25,1,36,6.27339075699486
3,8,25,1,37,2.05040581998836
3,8,25,1,38,7.73492255194813
3,8,25,1,39,3.42298736246637
3,8,25,1,40,3.34828749699174
3,8,25,1,41,5.55730676966738
3,8,25,1,42,6.69493177475058
3,8,25,1,43,6.91201476001213
3,8,25,1,44,7.20841309808791
3,8,25,1,45,8.06723991012392
3,8,25,1,46,11.9140760444765
3,8,25,1,47,10.3311117923989
3,8,25,1,48,10.812229939182
3,8,25,1,49,9.4642434960053
3,8,25,1,50,9.4949788776663
3,8,25,1,51,10.4971451175565
3,8,25,1,52,8.40942139769891
3,8,25,1,53,11.4728549713954
3,8,25,1,54,11.1597950011932
3,8,25,1,55,13.4140467990581
3,8,25,1,56,12.0495995921349
3,8,25,1,57,14.0989321627215
3,8,25,1,58,13.9050741727885
3,8,25,1,59,8.7530305464746
3,8,25,1,60,11.1455226238204
3,8,25,1,61,13.9938841177388
3,8,25,1,62,12.1556855350384
3,8,25,1,63,14.4126661080983
3,8,25,1,64,9.00500178617765
3,8,25,1,65,11.5360937539868
3,8,25,1,66,10.8695214123567
3,8,25,1,67,12.227313142141
3,8,25,1,68,12.3831687990351
3,8,25,1,69,12.9326737994246
3,8,25,1,70,15.795528081156
3,8,25,1,71,14.7349631000961
3,8,25,1,72,13.6154739331111
3,8,25,1,73,12.6276060452542
3,8,25,1,74,13.9049627685154
3,8,25,1,75,15.6274147903595
3,8,25,1,76,16.1292410070621
3,8,25,1,77,16.7892971882242
3,8,25,1,78,18.2395429513071
3,8,25,1,79,15.5132859516736
3,8,25,1,80,20.2038850610386
3,8,25,1,81,13.9254664770174
3,8,25,1,82,17.2042469843074
3,8,25,1,83,18.258556397928
3,8,25,1,84,16.7883215325303
3,8,25,1,85,19.5272407962623
3,8,25,1,86,16.0192144301935
3,8,25,1,87,18.9574809699265
3,8,25,1,88,13.6795808815242
3,8,25,1,89,19.6062856032214
3,8,25,1,90,16.0007618585644
3,8,25,1,91,14.0320721640408
3,8,25,1,92,17.3758150954374
3,8,25,1,93,15.382340531449
3,8,25,1,94,20.530052474919
3,8,25,1,95,16.9270405656221
3,8,25,1,96,16.6169868859154
3,8,25,1,97,18.3294637583333
3,8,25,1,98,20.3928541633043
3,8,25,1,99,14.313558524251
3,8,25,1,100,19.6471281903451
3,8,25,1,101,16.3171016695972
3,8,25,1,102,16.9123999709523
3,8,25,1,103,18.4119852434803
3,8,25,1,104,19.982250554438
3,8,25,1,105,15.8844230393769
3,8,25,1,106,19.4802619554647
3,8,25,1,107,22.6226411328303
3,8,25,1,108,21.2730592861849
3,8,25,1,109,20.6869492685112
3,8,25,1,110,20.189401952977
3,8,25,2,111,13.326572743602
3,8,25,2,112,17.052718934169
3,8,25,2,113,17.082674300315
3,8,25,2,114,15.2799297565682
3,8,25,2,115,11.9448922530276
3,8,25,2,116,11.9701807506985
3,8,25,2,117,9.86160495374272
3,8,25,2,118,9.79909341257661
3,8,25,2,119,11.008368405791
3,8,25,2,120,7.12792793511473
3,8,26,0,1,-3.52739814036733
3,8,26,0,2,-1.01769816867477
3,8,26,0,3,2.45398201238865
3,8,26,0,4,0.239764668624705
3,8,26,0,5,-0.961402587995316
3,8,26,0,6,-1.18817872340934
3,8,26,0,7,-1.18785264737868
3,8,26,0,8,-2.61852553344333
3,8,26,0,9,-0.482861118741322
3,8,26,0,10,0.34619182313841
3,8,26,0,11,-1.10885110933346
3,8,26,0,12,-1.30905445112255
3,8,26,0,13,-0.883330831030938
3,8,26,0,14,-0.230692373425092
3,8,26,0,15,0.295984289504265
3,8,26,0,16,1.78696087170243
3,8,26,0,17,0.66732887969137
3,8,26,0,18,0.304694888217076
3,8,26,0,19,-1.84696501230485
3,8,26,0,20,-0.727813991196789
3,8,26,0,21,2.17334614436093
3,8,26,0,22,0.648094282339341
3,8,26,0,23,1.04772705563671
3,8,26,0,24,-0.193206016357072
3,8,26,0,25,0.283587894106201
3,8,26,0,26,-1.97115385480805
3,8,26,0,27,-0.4817473174963
3,8,26,0,28,1.15849112049366
3,8,26,0,29,0.763155221405925
3,8,26,0,30,0.438746151062642
3,8,26,1,31,3.4889108480312
3,8,26,1,32,1.13075486000632
3,8,26,1,33,0.992668226788361
3,8,26,1,34,2.31769469911869
3,8,26,1,35,1.70410964297783
3,8,26,1,36,3.67962193689669
3,8,26,1,37,3.52871850239865
3,8,26,1,38,4.78575897062858
3,8,26,1,39,7.82034360426309
3,8,26,1,40,3.21260788837951
3,8,26,1,41,7.32978816842085
3,8,26,1,42,4.03735885568518
3,8,26,1,43,7.16713706060525
3,8,26,1,44,6.38810822974933
3,8,26,1,45,8.73589797916487
3,8,26,1,46,9.56874444670347
3,8,26,1,47,6.7471973259896
3,8,26,1,48,7.19582407436926
3,8,26,1,49,8.02970979124702
3,8,26,1,50,8.96504032771608
3,8,26,1,51,9.66422105628947
3,8,26,1,52,9.81780704188987
3,8,26,1,53,8.95398406430641
3,8,26,1,54,8.60198731277412
3,8,26,1,55,10.4805441336464
3,8,26,1,56,10.6781397033624
3,8,26,1,57,14.133268631795
3,8,26,1,58,14.8819681356147
3,8,26,1,59,13.6125830259604
3,8,26,1,60,14.4161688226351
3,8,26,1,61,14.3535595371626
3,8,26,1,62,13.5340505053036
3,8,26,1,63,14.1841132385984
3,8,26,1,64,11.1538077888558
3,8,26,1,65,15.3246893771894
3,8,26,1,66,13.7091069506854
3,8,26,1,67,16.1312640227984
3,8,26,1,68,11.1959237310496
3,8,26,1,69,11.4119187125553
3,8,26,1,70,13.2183383433799
3,8,26,1,71,14.3635600233889
3,8,26,1,72,14.5101824287108
3,8,26,1,73,15.0321284647486
3,8,26,1,74,12.7184527579305
3,8,26,1,75,16.9313659493746
3,8,26,1,76,16.1411325622057
3,8,26,1,77,16.9849710084688
3,8,26,1,78,15.532021659353
3,8,26,1,79,14.0923761102402
3,8,26,1,80,16.4593140321291
3,8,26,1,81,15.4030050013956
3,8,26,1,82,16.5903733849732
3,8,26,1,83,18.6997952480806
3,8,26,1,84,15.9176312650766
3,8,26,1,85,15.0764160940252
3,8,26,1,86,18.8999576903375
3,8,26,1,87,17.682890627697
3,8,26,1,88,15.1195487515708
3,8,26,1,89,19.8511900045863
3,8,26,1,90,16.4199090585366
3,8,26,1,91,17.9179942091467
3,8,26,1,92,18.8458433800014
3,8,26,1,93,19.2037558259486
3,8,26,1,94,18.7975913120563
3,8,26,1,95,18.8966694886456
3,8,26,1,96,17.2990422518383
3,8,26,1,97,20.1067454724905
3,8,26,1,98,20.2734172954691
3,8,26,1,99,16.5323567701301
3,8,26,1,100,19.3783960103971
3,8,26,1,101,22.0937606667699
3,8,26,1,102,21.0874202595568
3,8,26,1,103,20.0411944153577
3,8,26,1,104,15.3515433318346
3,8,26,1,105,17.9665768765924
3,8,26,1,106,20.4553694351197
3,8,26,1,107,19.1989749689477
3,8,26,1,108,17.5464484858937
3,8,26,1,109,19.3978244226063
3,8,26,1,110,15.3756798931719
3,8,26,2,111,17.1223683565851
3,8,26,2,112,13.4893590444051
3,8,26,2,113,14.9050642091143
3,8,26,2,114,15.450488639046
3,8,26,2,115,10.7018734844147
3,8,26,2,116,10.5248372745411
3,8,26,2,117,14.6043349835313
3,8,26,2,118,9.95945118595595
3,8,26,2,119,7.29913305981643
3,8,26,2,120,9.25943877062049
3,8,27,0,1,-2.66331117268935
3,8,27,0,2,-2.45775043605164
3,8,27,0,3,-4.19157486812974
3,8,27,0,4,-2.76256670890768
3,8,27,0,5,-4.29358166278055
3,8,27,0,6,-4.3971118139509
3,8,27,0,7,-3.27615371307764
3,8,27,0,8,-2.33964117528394
3,8,27,0,9,-0.47021655837358
3,8,27,0,10,-3.00872380516614
3,8,27,0,11,-2.31320789438199
3,8,27,0,12,-2.00643733269556
3,8,27,0,13,-3.75929210763453
3,8,27,0,14,-1.06222809155584
3,8,27,0,15,-1.08097642256669
3,8,27,0,16,-2.72809436241867
3,8,27,0,17,0.639775630361981
3,8,27,0,18,-4.16255264214594
3,8,27,0,19,0.747816990028848
3,8,27,0,20,-3.72373205756192
3,8,27,0,21,0.0693129687992741
3,8,27,0,22,-1.0873256312016
3,8,27,0,23,1.21258515372262
3,8,27,0,24,-2.82338338883186
3,8,27,0,25,-0.414350658966449
3,8,27,0,26,0.380342917280175
3,8,27,0,27,-1.49720431551747
3,8,27,0,28,-3.19831436547799
3,8,27,0,29,0.803406295157385
3,8,27,0,30,1.7324536311647
3,8,27,1,31,0.106021007052849
3,8,27,1,32,0.371907600389763
3,8,27,1,33,-0.0689898582231605
3,8,27,1,34,5.26937792434513
3,8,27,1,35,5.12288456157844
3,8,27,1,36,7.86110576152892
3,8,27,1,37,6.81115635221517
3,8,27,1,38,9.19163676661023
3,8,27,1,39,8.5749524400327
3,8,27,1,40,11.3775311624874
3,8,27,1,41,9.90235968879216
3,8,27,1,42,8.02503306777895
3,8,27,1,43,12.5662215868255
3,8,27,1,44,12.7445379721033
3,8,27,1,45,13.2330638629468
3,8,27,1,46,8.86371708779581
3,8,27,1,47,14.4487779201413
3,8,27,1,48,14.6863813502702
3,8,27,1,49,14.3175538060931
3,8,27,1,50,15.4508744324375
3,8,27,1,51,14.0955617873809
3,8,27,1,52,14.0202450736701
3,8,27,1,53,15.1405308532698
3,8,27,1,54,18.8391269423938
3,8,27,1,55,13.7440245866874
3,8,27,1,56,12.5674407597466
3,8,27,1,57,7.2232143695985
3,8,27,1,58,7.56903282420628
3,8,27,1,59,12.1276207092009
3,8,27,1,60,18.854787562837
3,8,27,1,61,11.8674044677932
3,8,27,1,62,18.5638292173748
3,8,27,1,63,15.6828851799102
3,8,27,1,64,15.7513352335092
3,8,27,1,65,16.7212253288508
3,8,27,1,66,14.6952300366653
3,8,27,1,67,16.4895679245555
3,8,27,1,68,17.0915660178807
3,8,27,1,69,16.2517180364884
3,8,27,1,70,19.8148537640939
3,8,27,1,71,17.1657389856475
3,8,27,1,72,19.4840910825366
3,8,27,1,73,18.6355371842035
3,8,27,1,74,18.1619211369044
3,8,27,1,75,12.6829178931661
3,8,27,1,76,18.2154474388364
3,8,27,1,77,16.8750085018912
3,8,27,1,78,18.776610211555
3,8,27,1,79,21.512503277739
3,8,27,1,80,16.5305181200591
3,8,27,1,81,19.1190928390001
3,8,27,1,82,19.5574500599372
3,8,27,1,83,20.4178274833228
3,8,27,1,84,17.5178279549712
3,8,27,1,85,21.6236661828546
3,8,27,1,86,17.7165516478776
3,8,27,1,87,23.9252083915763
3,8,27,1,88,19.4259468391167
3,8,27,1,89,23.1147095129086
3,8,27,1,90,21.4093187962456
3,8,27,1,91,22.9583978561945
3,8,27,1,92,22.8923806124066
3,8,27,1,93,21.7924520886452
3,8,27,1,94,22.2726973931093
3,8,27,1,95,21.1235973400252
3,8,27,1,96,20.9386915352615
3,8,27,1,97,20.3815293102685
3,8,27,1,98,15.8363750393148
3,8,27,1,99,20.7712563220219
3,8,27,1,100,21.4888803798955
3,8,27,1,101,21.17360226854
3,8,27,1,102,20.4013439528552
3,8,27,1,103,19.2748609056855
3,8,27,1,104,11.7709534741525
3,8,27,1,105,19.0973132493278
3,8,27,1,106,17.9932354264416
3,8,27,1,107,19.1597201780933
3,8,27,1,108,18.3979843232894
3,8,27,1,109,16.2053775525979
3,8,27,1,110,21.2585768608253
3,8,27,2,111,21.2478210303674
3,8,27,2,112,16.9026118969548
3,8,27,2,113,17.935510199747
3,8,27,2,114,17.1115487975176
3,8,27,2,115,19.4995052935851
3,8,27,2,116,15.7406631709658
3,8,27,2,117,13.7477099448471
3,8,27,2,118,10.7422394441551
3,8,27,2,119,14.7377972598971
3,8,27,2,120,13.7928960688357
3,8,28,0,1,0.495542470352322
3,8,28,0,2,0.707426302577765
3,8,28,0,3,-0.97562160466666
3,8,28,0,4,-1.68139953333145
3,8,28,0,5,-0.376454459292118
3,8,28,0,6,-0.911010710757854
3,8,28,0,7,-1.62606303641904
3,8,28,0,8,1.67365144154382
3,8,28,0,9,-0.591959530669467
3,8,28,0,10,0.33542166258936
3,8,28,0,11,-1.41259755473289
3,8,28,0,12,-0.396410991366635
3,8,28,0,13,0.884600952470911
3,8,28,0,14,-0.813419573572534
3,8,28,0,15,-0.263146634078348
3,8,28,0,16,0.674699008078496
3,8,28,0,17,-1.41938931942284
3,8,28,0,18,1.98251973916281
3,8,28,0,19,-2.22641582978547
3,8,28,0,20,2.23730769537285
3,8,28,0,21,0.545255728252037
3,8,28,0,22,0.654941341135894
3,8,28,0,23,-2.47888657279869
3,8,28,0,24,0.595085368325278
3,8,28,0,25,0.488288841766495
3,8,28,0,26,0.882528584441458
3,8,28,0,27,0.631338409581573
3,8,28,0,28,-0.967717896549276
3,8,28,0,29,-0.0169704425656181
3,8,28,0,30,1.82455330769924
3,8,28,1,31,2.32586319737156
3,8,28,1,32,3.28086553326083
3,8,28,1,33,1.98912849951264
3,8,28,1,34,5.53993810393387
3,8,28,1,35,4.58990637567573
3,8,28,1,36,6.24977034677749
3,8,28,1,37,4.63736752134431
3,8,28,1,38,5.46792735259719
3,8,28,1,39,6.19482456067457
3,8,28,1,40,3.53215693817574
3,8,28,1,41,5.89307598713628
3,8,28,1,42,3.79303004319694
3,8,28,1,43,4.95093788074404
3,8,28,1,44,6.95502056358192
3,8,28,1,45,5.86459486535069
3,8,28,1,46,5.17751286266292
3,8,28,1,47,6.58421917782888
3,8,28,1,48,5.81594678719668
3,8,28,1,49,5.36927386105885
3,8,28,1,50,5.4677765492059
3,8,28,1,51,8.11989884475055
3,8,28,1,52,7.46419508096376
3,8,28,1,53,8.07015815731724
3,8,28,1,54,6.23431109973726
3,8,28,1,55,7.84006937570597
3,8,28,1,56,8.46257302387849
3,8,28,1,57,8.96502935126296
3,8,28,1,58,10.8285028573236
3,8,28,1,59,12.3274286980154
3,8,28,1,60,11.2326730535995
3,8,28,1,61,10.1528212231411
3,8,28,1,62,8.94851712472018
3,8,28,1,63,10.2230360996062
3,8,28,1,64,10.3210136585966
3,8,28,1,65,9.99765191055277
3,8,28,1,66,11.6174642242659
3,8,28,1,67,13.570484179811
3,8,28,1,68,12.5658795062019
3,8,28,1,69,12.7999576295684
3,8,28,1,70,11.4571283887314
3,8,28,1,71,11.8456675146401
3,8,28,1,72,11.0410150057021
3,8,28,1,73,13.0929102950264
3,8,28,1,74,13.1032766822943
3,8,28,1,75,12.4644737121654
3,8,28,1,76,12.3578485953413
3,8,28,1,77,13.7984411651713
3,8,28,1,78,15.538637119211
3,8,28,1,79,14.8519563378814
3,8,28,1,80,13.7973476531819
3,8,28,1,81,13.3985878441008
3,8,28,1,82,15.8968618882556
3,8,28,1,83,17.8385754112266
3,8,28,1,84,13.7940886406939
3,8,28,1,85,12.6406694494021
3,8,28,1,86,16.3196235174216
3,8,28,1,87,15.019143586138
3,8,28,1,88,15.5951481530468
3,8,28,1,89,13.5366209017413
3,8,28,1,90,13.2989779709483
3,8,28,1,91,14.2771495151734
3,8,28,1,92,14.6573559942813
3,8,28,1,93,16.1767685247288
3,8,28,1,94,9.63658766717103
3,8,28,1,95,14.5007739032139
3,8,28,1,96,13.5698504808396
3,8,28,1,97,11.4467771379049
3,8,28,1,98,12.9418928990625
3,8,28,1,99,15.3103015217424
3,8,28,1,100,13.7460479123307
3,8,28,1,101,17.1794990769246
3,8,28,1,102,13.4337721105551
3,8,28,1,103,9.88738817251242
3,8,28,1,104,16.0940665720777
3,8,28,1,105,17.3049497625836
3,8,28,1,106,16.1301796305938
3,8,28,1,107,16.1934047077567
3,8,28,1,108,14.9536600056514
3,8,28,1,109,15.9420397431419
3,8,28,1,110,15.0721120236344
3,8,28,2,111,14.4363370934868
3,8,28,2,112,15.4097398903532
3,8,28,2,113,14.2608706433541
3,8,28,2,114,14.4368683610973
3,8,28,2,115,15.6581663444368
3,8,28,2,116,12.4364248109204
3,8,28,2,117,13.0410340906491
3,8,28,2,118,13.4491410425986
3,8,28,2,119,11.6674665238012
3,8,28,2,120,8.01702937397922
3,8,29,0,1,-2.98183297314003
3,8,29,0,2,-0.533512158234914
3,8,29,0,3,-3.05915768297365
3,8,29,0,4,-2.94306929141518
3,8,29,0,5,-2.02558371595922
3,8,29,0,6,4.15446821346473
3,8,29,0,7,0.819529395685018
3,8,29,0,8,-3.50012788041409
3,8,29,0,9,-1.67610719949632
3,8,29,0,10,-2.7850663647306
3,8,29,0,11,-0.259165024233811
3,8,29,0,12,-0.75840170238548
3,8,29,0,13,-0.504425427834076
3,8,29,0,14,0.776874937150921
3,8,29,0,15,-2.48958583861649
3,8,29,0,16,-1.87843143203163
3,8,29,0,17,1.18569893669652
3,8,29,0,18,1.16552398057297
3,8,29,0,19,-3.51711641612576
3,8,29,0,20,2.37985183572171
3,8,29,0,21,-0.306844452117518
3,8,29,0,22,-1.11828393044235
3,8,29,0,23,-0.36027571135448
3,8,29,0,24,1.3958717321947
3,8,29,0,25,0.87474442776602
3,8,29,0,26,-2.55492873819174
3,8,29,0,27,-1.92972433783066
3,8,29,0,28,1.30703402972318
3,8,29,0,29,-1.25919313595798
3,8,29,0,30,-1.64040638256293
3,8,29,1,31,0.923138058292672
3,8,29,1,32,-0.333411625601753
3,8,29,1,33,5.3986318270206
3,8,29,1,34,3.00124949949238
3,8,29,1,35,3.76420943607172
3,8,29,1,36,3.48993793477774
3,8,29,1,37,6.36573526754556
3,8,29,1,38,7.21577380325969
3,8,29,1,39,8.8066201692766
3,8,29,1,40,7.76980155849245
3,8,29,1,41,8.99518294183583
3,8,29,1,42,3.65120507866905
3,8,29,1,43,8.8797861993503
3,8,29,1,44,7.30309308413898
3,8,29,1,45,7.54832231729889
3,8,29,1,46,7.74014332332901
3,8,29,1,47,9.49179981969191
3,8,29,1,48,10.2590402162245
3,8,29,1,49,10.9873501073864
3,8,29,1,50,11.8570876704145
3,8,29,1,51,14.4418876974035
3,8,29,1,52,11.7336482702523
3,8,29,1,53,11.0969462176337
3,8,29,1,54,8.23460797684999
3,8,29,1,55,12.19076084197
3,8,29,1,56,10.0317498800975
3,8,29,1,57,8.50150300262102
3,8,29,1,58,12.5746798610717
3,8,29,1,59,14.5580032077789
3,8,29,1,60,10.3029014912387
3,8,29,1,61,14.9332451181606
3,8,29,1,62,11.6186823027335
3,8,29,1,63,12.9230173820441
3,8,29,1,64,11.246691892363
3,8,29,1,65,17.845925534691
3,8,29,1,66,15.9503323478009
3,8,29,1,67,16.2282616502098
3,8,29,1,68,18.4596642305175
3,8,29,1,69,15.8970417776891
3,8,29,1,70,17.2563442074969
3,8,29,1,71,20.4050310829279
3,8,29,1,72,19.6851181514901
3,8,29,1,73,18.4186017806387
3,8,29,1,74,21.4924599053377
3,8,29,1,75,20.9487762731135
3,8,29,1,76,21.2330213926539
3,8,29,1,77,23.2322400417405
3,8,29,1,78,19.2246754179584
3,8,29,1,79,16.8396602078997
3,8,29,1,80,20.6290450404733
3,8,29,1,81,20.1655192380903
3,8,29,1,82,18.0794574845908
3,8,29,1,83,20.379332277361
3,8,29,1,84,19.5148273899512
3,8,29,1,85,16.7411919060368
3,8,29,1,86,16.8100747165181
3,8,29,1,87,19.8167128068978
3,8,29,1,88,19.8486166035911
3,8,29,1,89,19.246622139869
3,8,29,1,90,22.6911079319316
3,8,29,1,91,21.5430019312973
3,8,29,1,92,20.0665254144285
3,8,29,1,93,20.2727361867987
3,8,29,1,94,21.927201704014
3,8,29,1,95,20.5738795032394
3,8,29,1,96,22.5599043229894
3,8,29,1,97,23.7799300589899
3,8,29,1,98,22.1175426980325
3,8,29,1,99,23.218300357106
3,8,29,1,100,21.5622410930516
3,8,29,1,101,25.6943451753848
3,8,29,1,102,22.5812737245406
3,8,29,1,103,18.2335519951354
3,8,29,1,104,21.9164390446604
3,8,29,1,105,20.6994377177994
3,8,29,1,106,24.3547255234188
3,8,29,1,107,27.0077077326459
3,8,29,1,108,21.402643190104
3,8,29,1,109,25.1769445599579
3,8,29,1,110,20.6968172582861
3,8,29,2,111,19.6306387062806
3,8,29,2,112,17.8080410714063
3,8,29,2,113,22.0447544484604
3,8,29,2,114,21.7587440475304
3,8,29,2,115,20.6271842146807
3,8,29,2,116,23.2246444465382
3,8,29,2,117,20.6116153125695
3,8,29,2,118,13.6778617008748
3,8,29,2,119,4.96816830151034
3,8,29,2,120,4.61631537477694
3,8,30,0,1,-0.159971930415462
3,8,30,0,2,-0.0105470133754166
3,8,30,0,3,1.58563829096521
3,8,30,0,4,-4.46439944572055
3,8,30,0,5,-0.561097009372844
3,8,30,0,6,0.449327855835303
3,8,30,0,7,-0.623657686964632
3,8,30,0,8,1.98136852982863
3,8,30,0,9,1.32602740325297
3,8,30,0,10,0.442255161149327
3,8,30,0,11,0.600168244512586
3,8,30,0,12,-1.49558021790293
3,8,30,0,13,-1.34305059222178
3,8,30,0,14,1.70707775133381
3,8,30,0,15,-0.933354427837231
3,8,30,0,16,0.719152391576058
3,8,30,0,17,2.83691555980289
3,8,30,0,18,2.24824350361819
3,8,30,0,19,-0.306025708631512
3,8,30,0,20,-0.648456004551163
3,8,30,0,21,2.62269651605239
3,8,30,0,22,-0.213786071254527
3,8,30,0,23,1.5846081129
3,8,30,0,24,-1.22075558252755
3,8,30,0,25,1.82206755898489
3,8,30,0,26,0.279355233712553
3,8,30,0,27,0.479630460857183
3,8,30,0,28,0.693314452287462
3,8,30,0,29,1.76813762427015
3,8,30,0,30,0.303049396068672
3,8,30,1,31,1.00758693723482
3,8,30,1,32,-0.266683932358774
3,8,30,1,33,3.84896474572675
3,8,30,1,34,4.94456805653681
3,8,30,1,35,7.26058363229662
3,8,30,1,36,6.69965463220622
3,8,30,1,37,6.82164260129004
3,8,30,1,38,8.00559452324291
3,8,30,1,39,7.41976295871965
3,8,30,1,40,8.744768988788
3,8,30,1,41,9.66606532642889
3,8,30,1,42,11.5573754865937
3,8,30,1,43,9.11059746791439
3,8,30,1,44,7.58046025282723
3,8,30,1,45,13.0912424528686
3,8,30,1,46,12.7849495101697
3,8,30,1,47,10.5851708388738
3,8,30,1,48,14.3193428916425
3,8,30,1,49,10.1951368067544
3,8,30,1,50,10.7752542281861
3,8,30,1,51,9.52729146729852
3,8,30,1,52,11.9976987385859
3,8,30,1,53,12.913884596592
3,8,30,1,54,13.8617786261112
3,8,30,1,55,12.700017281747
3,8,30,1,56,15.4660004476766
3,8,30,1,57,14.8235948543477
3,8,30,1,58,13.1018413168118
3,8,30,1,59,14.1243741739602
3,8,30,1,60,12.5744171163001
3,8,30,1,61,13.3383501762279
3,8,30,1,62,15.6292112220993
3,8,30,1,63,15.1615870840043
3,8,30,1,64,12.9908531835022
3,8,30,1,65,12.9858722491607
3,8,30,1,66,17.1301429640389
3,8,30,1,67,14.0977310475614
3,8,30,1,68,14.3836077449939
3,8,30,1,69,14.4754738319874
3,8,30,1,70,17.2353968899926
3,8,30,1,71,18.3891841359871
3,8,30,1,72,17.9015098335154
3,8,30,1,73,17.6038688989517
3,8,30,1,74,19.2414548712244
3,8,30,1,75,18.6947525648307
3,8,30,1,76,19.1279655409649
3,8,30,1,77,17.0233427968334
3,8,30,1,78,18.9178760967893
3,8,30,1,79,18.8350210134593
3,8,30,1,80,15.2938341553716
3,8,30,1,81,17.2161586754013
3,8,30,1,82,15.3551290892102
3,8,30,1,83,16.0033199884003
3,8,30,1,84,17.5225875925259
3,8,30,1,85,18.6526273074496
3,8,30,1,86,16.0314581184119
3,8,30,1,87,17.2001430897092
3,8,30,1,88,19.9424650120495
3,8,30,1,89,20.3402397257703
3,8,30,1,90,18.546805314249
3,8,30,1,91,18.6201594040625
3,8,30,1,92,20.5516373465511
3,8,30,1,93,18.2406591134169
3,8,30,1,94,16.2657606273535
3,8,30,1,95,20.4826173752288
3,8,30,1,96,19.002661818328
3,8,30,1,97,22.3025435730265
3,8,30,1,98,16.0051755020733
3,8,30,1,99,20.7627053855487
3,8,30,1,100,19.384774527283
3,8,30,1,101,18.912457087423
3,8,30,1,102,19.3167744248195
3,8,30,1,103,18.5046082339316
3,8,30,1,104,18.8384589066828
3,8,30,1,105,16.6427004140601
3,8,30,1,106,21.1532555951838
3,8,30,1,107,18.4970781717732
3,8,30,1,108,17.4490387995368
3,8,30,1,109,16.2374435056486
3,8,30,1,110,16.4685790672525
3,8,30,2,111,19.5716485927896
3,8,30,2,112,9.86112948551745
3,8,30,2,113,17.7543583365451
3,8,30,2,114,16.8530014841949
3,8,30,2,115,10.9410258714827
3,8,30,2,116,6.49554959567846
3,8,30,2,117,9.82482067603679
3,8,30,2,118,11.4674381719417
3,8,30,2,119,8.53235426744676
3,8,30,2,120,4.31211482461994
3,8,31,0,1,0.97649339763329
3,8,31,0,2,-1.1421143516356
3,8,31,0,3,0.602985220808676
3,8,31,0,4,1.87205763491847
3,8,31,0,5,0.531888928637484
3,8,31,0,6,1.60308443798656
3,8,31,0,7,0.706169061970026
3,8,31,0,8,-0.977727337458399
3,8,31,0,9,2.02687902391788
3,8,31,0,10,-0.251774087432662
3,8,31,0,11,-1.2297571152472
3,8,31,0,12,-2.53702707819302
3,8,31,0,13,1.48254461329355
3,8,31,0,14,-1.55793420215848
3,8,31,0,15,-0.685503640279816
3,8,31,0,16,0.712367548706863
3,8,31,0,17,0.129584719480686
3,8,31,0,18,-1.17914631435952
3,8,31,0,19,-1.0881953254269
3,8,31,0,20,-2.52898077868789
3,8,31,0,21,-0.844311518439816
3,8,31,0,22,-1.72218489498385
3,8,31,0,23,1.62758637538968
3,8,31,0,24,0.459933621727557
3,8,31,0,25,-0.470978072281491
3,8,31,0,26,-0.218368935187867
3,8,31,0,27,2.48039509911884
3,8,31,0,28,-1.67490195457229
3,8,31,0,29,0.568639697772052
3,8,31,0,30,0.0804323305673981
3,8,31,1,31,-1.54680185141129
3,8,31,1,32,1.59818955239563
3,8,31,1,33,2.30331288369014
3,8,31,1,34,5.08560802389116
3,8,31,1,35,3.920723017164
3,8,31,1,36,6.24741708825802
3,8,31,1,37,6.67005532769017
3,8,31,1,38,7.11844611929266
3,8,31,1,39,7.84513345967573
3,8,31,1,40,8.30618679606694
3,8,31,1,41,7.4271025032935
3,8,31,1,42,7.95902510126155
3,8,31,1,43,9.91149049622735
3,8,31,1,44,6.79775018991204
3,8,31,1,45,6.57087100288159
3,8,31,1,46,9.05201528005297
3,8,31,1,47,8.15039691809029
3,8,31,1,48,9.93376671881043
3,8,31,1,49,9.71688608677487
3,8,31,1,50,9.96345389456221
3,8,31,1,51,8.67052825129193
3,8,31,1,52,9.25194798941111
3,8,31,1,53,9.16613763662157
3,8,31,1,54,8.98897062098481
3,8,31,1,55,6.60855274472684
3,8,31,1,56,9.33280861391101
3,8,31,1,57,11.1310544063227
3,8,31,1,58,8.74320266324295
3,8,31,1,59,6.1293141041993
3,8,31,1,60,7.83157804824002
3,8,31,1,61,10.5107204568758
3,8,31,1,62,13.4268735752975
3,8,31,1,63,11.8730683980083
3,8,31,1,64,8.39733243692156
3,8,31,1,65,9.86275808193569
3,8,31,1,66,12.0762285604436
3,8,31,1,67,11.0144140699786
3,8,31,1,68,12.5210386870547
3,8,31,1,69,10.0528241325145
3,8,31,1,70,10.3491573136323
3,8,31,1,71,12.5068683720487
3,8,31,1,72,10.1237332824941
3,8,31,1,73,11.6860864654682
3,8,31,1,74,14.5467802721367
3,8,31,1,75,13.613148903634
3,8,31,1,76,13.0709999616054
3,8,31,1,77,12.7483344347572
3,8,31,1,78,11.5206133000058
3,8,31,1,79,11.4108158039675
3,8,31,1,80,10.9084699643946
3,8,31,1,81,13.6019941869971
3,8,31,1,82,14.3070495266464
3,8,31,1,83,10.994796720628
3,8,31,1,84,13.5914650588381
3,8,31,1,85,12.4021497591242
3,8,31,1,86,15.4007249308847
3,8,31,1,87,10.5277702543891
3,8,31,1,88,16.3072637711448
3,8,31,1,89,13.5241568014429
3,8,31,1,90,11.9920458859928
3,8,31,1,91,15.3275388851449
3,8,31,1,92,16.201830194544
3,8,31,1,93,13.3545045783662
3,8,31,1,94,17.4044699216502
3,8,31,1,95,16.2891306834982
3,8,31,1,96,15.549760117292
3,8,31,1,97,15.3736016738011
3,8,31,1,98,17.1782998614241
3,8,31,1,99,17.0613191572806
3,8,31,1,100,15.5520559457575
3,8,31,1,101,14.8635374793531
3,8,31,1,102,17.4774434861871
3,8,31,1,103,15.6353297928352
3,8,31,1,104,12.7680729015395
3,8,31,1,105,14.0800585933017
3,8,31,1,106,17.2140919785394
3,8,31,1,107,15.9669969113963
3,8,31,1,108,12.9744241667263
3,8,31,1,109,17.4471826559055
3,8,31,1,110,15.2518064177365
3,8,31,2,111,12.3253642703162
3,8,31,2,112,14.9872953733938
3,8,31,2,113,16.8922705534552
3,8,31,2,114,11.5639446461761
3,8,31,2,115,15.8501895152542
3,8,31,2,116,12.9114368753282
3,8,31,2,117,11.529961732999
3,8,31,2,118,13.7437841878779
3,8,31,2,119,13.3285802815649
3,8,31,2,120,10.2326808809089
3,8,32,0,1,1.65280821438428
3,8,32,0,2,2.19918106134975
3,8,32,0,3,-2.32402367460342
3,8,32,0,4,-0.786423755957252
3,8,32,0,5,-1.4478769991072
3,8,32,0,6,-2.38260631421922
3,8,32,0,7,-2.10259612661809
3,8,32,0,8,-0.047202649005726
3,8,32,0,9,-1.29811778234332
3,8,32,0,10,0.741216978899785
3,8,32,0,11,-2.52406081406613
3,8,32,0,12,-1.00490215518116
3,8,32,0,13,-2.61934391315073
3,8,32,0,14,-1.55432407662269
3,8,32,0,15,-1.89046658608892
3,8,32,0,16,-2.18698806085089
3,8,32,0,17,-1.75444465466793
3,8,32,0,18,-1.29615040021837
3,8,32,0,19,-1.29913278878448
3,8,32,0,20,-1.37812999957227
3,8,32,0,21,-2.65014687184822
3,8,32,0,22,2.87703845927693
3,8,32,0,23,1.59683136722805
3,8,32,0,24,0.68841740995457
3,8,32,0,25,0.869615311225351
3,8,32,0,26,3.02211057481969
3,8,32,0,27,1.88298578724168
3,8,32,0,28,-1.5204208310955
3,8,32,0,29,0.527413307755569
3,8,32,0,30,-1.21328905336389
3,8,32,1,31,-1.15947464832517
3,8,32,1,32,0.615353652289629
3,8,32,1,33,1.84069841830605
3,8,32,1,34,5.78128333657398
3,8,32,1,35,3.56286146428948
3,8,32,1,36,0.424340705523915
3,8,32,1,37,2.0105743378291
3,8,32,1,38,7.06762165995612
3,8,32,1,39,7.10743229176566
3,8,32,1,40,3.67050995059511
3,8,32,1,41,6.80773475727394
3,8,32,1,42,5.47904230506563
3,8,32,1,43,6.27455321890646
3,8,32,1,44,8.20448252955165
3,8,32,1,45,5.35049162164114
3,8,32,1,46,8.77847613489543
3,8,32,1,47,7.15940264397385
3,8,32,1,48,8.50257757499885
3,8,32,1,49,8.18308225044844
3,8,32,1,50,9.26602855308992
3,8,32,1,51,10.4293941664988
3,8,32,1,52,11.8261013383601
3,8,32,1,53,11.7917004769827
3,8,32,1,54,11.3252659900572
3,8,32,1,55,12.3563715479399
3,8,32,1,56,13.2361322697993
3,8,32,1,57,10.8563052454507
3,8,32,1,58,10.9639456007221
3,8,32,1,59,12.6876471270509
3,8,32,1,60,11.2332222974138
3,8,32,1,61,12.9670222404032
3,8,32,1,62,11.8708009498498
3,8,32,1,63,12.1062829576496
3,8,32,1,64,11.5771086446136
3,8,32,1,65,12.6786013242937
3,8,32,1,66,13.64197290187
3,8,32,1,67,14.699581738362
3,8,32,1,68,13.2939087159892
3,8,32,1,69,14.9006236895506
3,8,32,1,70,10.3458407395356
3,8,32,1,71,15.6813648229364
3,8,32,1,72,16.3759225251942
3,8,32,1,73,17.5726959706338
3,8,32,1,74,15.347907443926
3,8,32,1,75,16.5586503593415
3,8,32,1,76,18.4675082631459
3,8,32,1,77,15.1951208029251
3,8,32,1,78,12.2096115691617
3,8,32,1,79,13.3749608694089
3,8,32,1,80,8.43687405776723
3,8,32,1,81,12.8853843140346
3,8,32,1,82,13.8619424388478
3,8,32,1,83,10.0209956760862
3,8,32,1,84,13.7184986693576
3,8,32,1,85,13.90407672798
3,8,32,1,86,12.1333613506717
3,8,32,1,87,13.1844572560376
3,8,32,1,88,12.4054610416581
3,8,32,1,89,12.0301640757414
3,8,32,1,90,15.6028523514114
3,8,32,1,91,11.1539081936349
3,8,32,1,92,18.519802469019
3,8,32,1,93,15.0799297847012
3,8,32,1,94,12.3333650925142
3,8,32,1,95,16.5841154757398
3,8,32,1,96,10.8774883014257
3,8,32,1,97,17.5709920559628
3,8,32,1,98,15.8836762211289
3,8,32,1,99,14.4244878829429
3,8,32,1,100,15.3676700206235
3,8,32,1,101,14.479925382352
3,8,32,1,102,16.2431963295988
3,8,32,1,103,19.6208071218943
3,8,32,1,104,9.96800493825255
3,8,32,1,105,14.7543105178083
3,8,32,1,106,14.5431346532428
3,8,32,1,107,13.5457087651413
3,8,32,1,108,14.9022560398696
3,8,32,1,109,14.3907426667266
3,8,32,1,110,14.1995406130401
3,8,32,2,111,16.507299424163
3,8,32,2,112,16.9315865410889
3,8,32,2,113,13.503602362477
3,8,32,2,114,10.6125166873701
3,8,32,2,115,7.43026573195118
3,8,32,2,116,9.99642096553203
3,8,32,2,117,13.2403208768698
3,8,32,2,118,10.8259677888969
3,8,32,2,119,8.32701589212332
3,8,32,2,120,12.0151002308705
3,8,33,0,1,1.0424712691694
3,8,33,0,2,0.502752280306161
3,8,33,0,3,-2.57118518995817
3,8,33,0,4,-2.83239216407895
3,8,33,0,5,-0.664645001081208
3,8,33,0,6,-0.77910866974304
3,8,33,0,7,-0.626467485541053
3,8,33,0,8,-0.427551498591578
3,8,33,0,9,-0.476509303155542
3,8,33,0,10,1.46631662858431
3,8,33,0,11,-2.21780535226074
3,8,33,0,12,-0.763947457190665
3,8,33,0,13,2.46528922243837
3,8,33,0,14,-3.27056456794899
3,8,33,0,15,-2.59365079352902
3,8,33,0,16,2.42732261830386
3,8,33,0,17,0.25611095431124
3,8,33,0,18,0.894827474360763
3,8,33,0,19,1.73730858852959
3,8,33,0,20,-1.08173501552391
3,8,33,0,21,-0.841454561553088
3,8,33,0,22,-1.86006891767859
3,8,33,0,23,-1.292143999382
3,8,33,0,24,0.328126587209688
3,8,33,0,25,-2.84319975508821
3,8,33,0,26,1.71569037230991
3,8,33,0,27,-4.82935717038644
3,8,33,0,28,-3.36627474226524
3,8,33,0,29,-1.68780617663331
3,8,33,0,30,-5.99881364378547
3,8,33,1,31,-1.60338940269194
3,8,33,1,32,-2.57852244668838
3,8,33,1,33,0.270345714274425
3,8,33,1,34,6.60140752041752
3,8,33,1,35,4.40556347130132
3,8,33,1,36,6.50709744240746
3,8,33,1,37,8.44958066261908
3,8,33,1,38,5.37735673710848
3,8,33,1,39,7.68103061211455
3,8,33,1,40,15.1673971367364
3,8,33,1,41,8.15992417972764
3,8,33,1,42,10.9014619698236
3,8,33,1,43,18.6951218268908
3,8,33,1,44,13.3077814863652
3,8,33,1,45,14.6928794591844
3,8,33,1,46,18.5026606965101
3,8,33,1,47,18.5075253547843
3,8,33,1,48,21.5885954677079
3,8,33,1,49,19.9058192241964
3,8,33,1,50,15.5453388225027
3,8,33,1,51,20.5736002616389
3,8,33,1,52,13.1162160876687
3,8,33,1,53,19.9537753479935
3,8,33,1,54,21.2124592866828
3,8,33,1,55,17.0967976935766
3,8,33,1,56,15.588939516878
3,8,33,1,57,22.9237018626839
3,8,33,1,58,16.532375757873
3,8,33,1,59,19.3711978700514
3,8,33,1,60,19.5421347904307
3,8,33,1,61,18.4756974850013
3,8,33,1,62,19.941946658663
3,8,33,1,63,22.2832325058105
3,8,33,1,64,27.1767323653593
3,8,33,1,65,21.0179118471389
3,8,33,1,66,24.625525401871
3,8,33,1,67,21.36660845599
3,8,33,1,68,21.6093087124087
3,8,33,1,69,22.7353850142475
3,8,33,1,70,18.4073622621723
3,8,33,1,71,20.8463748495475
3,8,33,1,72,23.1961025564994
3,8,33,1,73,23.2519712956328
3,8,33,1,74,22.9012277173618
3,8,33,1,75,24.3781195153874
3,8,33,1,76,22.6353503137238
3,8,33,1,77,24.7681401642989
3,8,33,1,78,25.6338638426563
3,8,33,1,79,22.660592461814
3,8,33,1,80,24.1628696739406
3,8,33,1,81,24.423237865173
3,8,33,1,82,21.3107510549387
3,8,33,1,83,25.8978823155493
3,8,33,1,84,23.4250004497147
3,8,33,1,85,26.3194953644039
3,8,33,1,86,27.9506455173997
3,8,33,1,87,28.1512674607141
3,8,33,1,88,26.2936103069057
3,8,33,1,89,30.3906441583594
3,8,33,1,90,29.5091940392472
3,8,33,1,91,22.7437542769836
3,8,33,1,92,27.3880910715625
3,8,33,1,93,28.2688432868968
3,8,33,1,94,23.2648318310267
3,8,33,1,95,26.1703186968051
3,8,33,1,96,26.0022838200656
3,8,33,1,97,25.8447891454992
3,8,33,1,98,23.7027543089021
3,8,33,1,99,26.2765268274852
3,8,33,1,100,27.1937870765555
3,8,33,1,101,23.4379675859933
3,8,33,1,102,28.1825217724201
3,8,33,1,103,25.7740645060428
3,8,33,1,104,24.5681581075831
3,8,33,1,105,31.3508091282132
3,8,33,1,106,27.9491635086886
3,8,33,1,107,28.7020393069561
3,8,33,1,108,27.3696089189279
3,8,33,1,109,27.9329283936774
3,8,33,1,110,29.6925005995707
3,8,33,2,111,27.3406762174616
3,8,33,2,112,28.6350355637186
3,8,33,2,113,28.6608389816682
3,8,33,2,114,27.9073789932474
3,8,33,2,115,25.8103086298826
3,8,33,2,116,28.4919057146422
3,8,33,2,117,21.0954990510213
3,8,33,2,118,25.2726996697964
3,8,33,2,119,17.7960077232462
3,8,33,2,120,19.006229518205
3,8,34,0,1,-0.692621478073586
3,8,34,0,2,-1.11718238533361
3,8,34,0,3,-1.53917136678161
3,8,34,0,4,-3.52477839309394
3,8,34,0,5,-0.380141911747556
3,8,34,0,6,-3.63246231241817
3,8,34,0,7,-1.96949224593307
3,8,34,0,8,-2.51380379149275
3,8,34,0,9,-0.39613031640433
3,8,34,0,10,-1.52599323064277
3,8,34,0,11,-1.10656472124524
3,8,34,0,12,0.839332156245029
3,8,34,0,13,-0.616264085033605
3,8,34,0,14,-1.36659899850516
3,8,34,0,15,-1.60108162542146
3,8,34,0,16,-1.69588949997606
3,8,34,0,17,-0.15687043015725
3,8,34,0,18,-0.80488248900663
3,8,34,0,19,1.10721482061795
3,8,34,0,20,-1.55436452066649
3,8,34,0,21,-1.14876618014361
3,8,34,0,22,-3.32912948327488
3,8,34,0,23,-1.17928698787057
3,8,34,0,24,-1.0454908532187
3,8,34,0,25,-0.557751275715096
3,8,34,0,26,-0.857672592318121
3,8,34,0,27,-1.35617138800225
3,8,34,0,28,-0.805234403581184
3,8,34,0,29,-2.99475057145675
3,8,34,0,30,2.42156907482425
3,8,34,1,31,-2.72973715079473
3,8,34,1,32,3.88735670890518
3,8,34,1,33,4.57712101787122
3,8,34,1,34,6.92444420930433
3,8,34,1,35,5.52781608005288
3,8,34,1,36,7.4575146233856
3,8,34,1,37,7.02465980694524
3,8,34,1,38,7.38230052466007
3,8,34,1,39,9.13802271501655
3,8,34,1,40,5.9383064394181
3,8,34,1,41,8.23393982276629
3,8,34,1,42,7.37188289297084
3,8,34,1,43,5.40627824454553
3,8,34,1,44,9.84928184129389
3,8,34,1,45,7.40826696820333
3,8,34,1,46,8.15666554419865
3,8,34,1,47,5.4543146058025
3,8,34,1,48,8.51778737865192
3,8,34,1,49,9.59116812801506
3,8,34,1,50,9.68117843487834
3,8,34,1,51,10.1891033848093
3,8,34,1,52,7.40650245914985
3,8,34,1,53,7.92871721974513
3,8,34,1,54,11.6252998750749
3,8,34,1,55,9.25839606395731
3,8,34,1,56,10.7635749010067
3,8,34,1,57,11.9109220323666
3,8,34,1,58,9.53390994252343
3,8,34,1,59,10.6079035292682
3,8,34,1,60,13.3657736965081
3,8,34,1,61,11.583340767659
3,8,34,1,62,13.0176013009827
3,8,34,1,63,11.9745216184207
3,8,34,1,64,6.68511745660552
3,8,34,1,65,15.4768493416875
3,8,34,1,66,12.2312088868766
3,8,34,1,67,11.4475141121435
3,8,34,1,68,12.5249748779554
3,8,34,1,69,13.3660964986227
3,8,34,1,70,11.8778095023833
3,8,34,1,71,11.5954189089513
3,8,34,1,72,14.7834982372356
3,8,34,1,73,12.2033491871498
3,8,34,1,74,12.5432375401755
3,8,34,1,75,12.3670317878203
3,8,34,1,76,13.8431835766565
3,8,34,1,77,14.4051865711043
3,8,34,1,78,14.9811573566442
3,8,34,1,79,14.5849425862531
3,8,34,1,80,14.0172138533978
3,8,34,1,81,14.255626950137
3,8,34,1,82,14.6909702097474
3,8,34,1,83,15.2025101388299
3,8,34,1,84,14.5314971456784
3,8,34,1,85,12.679929246423
3,8,34,1,86,15.3827248250546
3,8,34,1,87,15.4430716248541
3,8,34,1,88,18.5118553755209
3,8,34,1,89,16.448509955638
3,8,34,1,90,17.301398054775
3,8,34,1,91,16.7439565433954
3,8,34,1,92,20.261562101811
3,8,34,1,93,17.2916088387623
3,8,34,1,94,13.9816737535506
3,8,34,1,95,14.519523481835
3,8,34,1,96,17.0180006891841
3,8,34,1,97,16.4943796449132
3,8,34,1,98,17.5844106952954
3,8,34,1,99,19.5942880208532
3,8,34,1,100,18.4454175142361
3,8,34,1,101,18.5218443795766
3,8,34,1,102,18.824822687183
3,8,34,1,103,19.0579790100537
3,8,34,1,104,18.9854039495171
3,8,34,1,105,18.759959361102
3,8,34,1,106,18.257260948297
3,8,34,1,107,19.5967049694013
3,8,34,1,108,16.1784013845666
3,8,34,1,109,17.0092824511798
3,8,34,1,110,16.6848293875992
3,8,34,2,111,16.8210403804337
3,8,34,2,112,14.5610385016088
3,8,34,2,113,13.3832837660844
3,8,34,2,114,13.0665501969457
3,8,34,2,115,14.4019287431764
3,8,34,2,116,13.3749217376101
3,8,34,2,117,12.9868748028664
3,8,34,2,118,9.17586944258354
3,8,34,2,119,11.2130447170693
3,8,34,2,120,10.5300693707589
3,8,35,0,1,-2.73568832258337
3,8,35,0,2,-3.51779690674318
3,8,35,0,3,0.373948638268923
3,8,35,0,4,0.979448915450308
3,8,35,0,5,-0.951384121696196
3,8,35,0,6,-0.17611154559195
3,8,35,0,7,-1.88750492052678
3,8,35,0,8,-3.48171627199597
3,8,35,0,9,-0.632603263803308
3,8,35,0,10,0.818711033592545
3,8,35,0,11,-2.06303196712351
3,8,35,0,12,-5.38949733624658
3,8,35,0,13,-0.46502249542404
3,8,35,0,14,1.18145514306664
3,8,35,0,15,-1.92639988387253
3,8,35,0,16,-1.34815849930708
3,8,35,0,17,-0.365768352637442
3,8,35,0,18,0.423994376178882
3,8,35,0,19,-2.63257784750295
3,8,35,0,20,-0.414527415975976
3,8,35,0,21,-2.34601053936438
3,8,35,0,22,-1.86303365614186
3,8,35,0,23,-1.42393331342588
3,8,35,0,24,-1.94462813081194
3,8,35,0,25,0.722915247237132
3,8,35,0,26,1.77525984031058
3,8,35,0,27,-3.36963245552688
3,8,35,0,28,-1.0132885955191
3,8,35,0,29,-1.18053896902729
3,8,35,0,30,-1.37508844258249
3,8,35,1,31,0.295660965157774
3,8,35,1,32,0.741869374361483
3,8,35,1,33,1.35129013862125
3,8,35,1,34,3.66467868543979
3,8,35,1,35,7.08331803487703
3,8,35,1,36,5.10285371108962
3,8,35,1,37,8.11611026138305
3,8,35,1,38,9.42669552108672
3,8,35,1,39,7.80011231042399
3,8,35,1,40,6.69281726656562
3,8,35,1,41,10.2705136922658
3,8,35,1,42,9.58718519118284
3,8,35,1,43,8.31887196173583
3,8,35,1,44,11.7168014196517
3,8,35,1,45,10.6402188421462
3,8,35,1,46,12.272438766788
3,8,35,1,47,10.9690311370949
3,8,35,1,48,15.5090798041046
3,8,35,1,49,8.95943629018933
3,8,35,1,50,7.07036473102959
3,8,35,1,51,13.5588727490867
3,8,35,1,52,11.2369018112461
3,8,35,1,53,11.9796338499171
3,8,35,1,54,11.6595117419639
3,8,35,1,55,10.4719411322312
3,8,35,1,56,15.0435540681887
3,8,35,1,57,12.7294383191018
3,8,35,1,58,17.2960287544838
3,8,35,1,59,15.3208422644726
3,8,35,1,60,17.6152049714259
3,8,35,1,61,19.710825322752
3,8,35,1,62,17.8901081851208
3,8,35,1,63,17.4420577052952
3,8,35,1,64,18.6365174598681
3,8,35,1,65,16.0413724332939
3,8,35,1,66,23.0384923883551
3,8,35,1,67,23.0452477794797
3,8,35,1,68,22.4525753889952
3,8,35,1,69,19.0861886332696
3,8,35,1,70,20.2328517235437
3,8,35,1,71,20.4514092227308
3,8,35,1,72,18.2865835347211
3,8,35,1,73,21.0055993811662
3,8,35,1,74,23.4628845298811
3,8,35,1,75,22.5542916289441
3,8,35,1,76,20.0338289504128
3,8,35,1,77,22.2855132820066
3,8,35,1,78,19.635175457538
3,8,35,1,79,18.4523494393255
3,8,35,1,80,16.2594611924454
3,8,35,1,81,15.1833004786162
3,8,35,1,82,18.6878659055791
3,8,35,1,83,20.7561605057418
3,8,35,1,84,18.1946903938843
3,8,35,1,85,18.8409355518527
3,8,35,1,86,18.9339253851565
3,8,35,1,87,19.9712724238319
3,8,35,1,88,20.9040125881793
3,8,35,1,89,19.5914073361203
3,8,35,1,90,17.6018336032354
3,8,35,1,91,23.6491949361738
3,8,35,1,92,20.6203769845325
3,8,35,1,93,19.2552544830005
3,8,35,1,94,15.0117969173203
3,8,35,1,95,16.0948210533309
3,8,35,1,96,18.2939302768202
3,8,35,1,97,20.2334488398701
3,8,35,1,98,16.5349453880553
3,8,35,1,99,19.3258356994353
3,8,35,1,100,17.861467841155
3,8,35,1,101,20.0898427308051
3,8,35,1,102,24.1260041266125
3,8,35,1,103,19.8924491226726
3,8,35,1,104,19.6227768355401
3,8,35,1,105,22.9912269943866
3,8,35,1,106,20.5491585360037
3,8,35,1,107,20.8215629002217
3,8,35,1,108,22.5536592406428
3,8,35,1,109,21.8576738060644
3,8,35,1,110,19.6758910598366
3,8,35,2,111,18.48418589849
3,8,35,2,112,10.6267098067714
3,8,35,2,113,20.8016049395355
3,8,35,2,114,10.7812683508749
3,8,35,2,115,16.012067257779
3,8,35,2,116,15.9100885708385
3,8,35,2,117,8.68524079254048
3,8,35,2,118,12.0737709950592
3,8,35,2,119,11.0956171998636
3,8,35,2,120,9.31207528208373
3,8,36,0,1,2.32230407085279
3,8,36,0,2,1.85378851180617
3,8,36,0,3,7.0822288313932
3,8,36,0,4,-1.59953931273863
3,8,36,0,5,1.96288675634116
3,8,36,0,6,-2.7910485510984
3,8,36,0,7,-0.0917469173692897
3,8,36,0,8,-0.792501040055875
3,8,36,0,9,-0.986736623092673
3,8,36,0,10,-0.0220299970247655
3,8,36,0,11,-1.14915637595843
3,8,36,0,12,-0.422398583537996
3,8,36,0,13,3.41249942079332
3,8,36,0,14,-0.227663886611648
3,8,36,0,15,-2.65877910597307
3,8,36,0,16,1.46263090337367
3,8,36,0,17,-3.08054949952319
3,8,36,0,18,-3.03719426646413
3,8,36,0,19,-2.11358698176704
3,8,36,0,20,1.52636626929874
3,8,36,0,21,-0.348441055854691
3,8,36,0,22,-2.72547928034336
3,8,36,0,23,1.28028288311734
3,8,36,0,24,-1.90244448837025
3,8,36,0,25,-3.17019368388171
3,8,36,0,26,1.0107189344252
3,8,36,0,27,-2.97655303774153
3,8,36,0,28,-0.829797495784401
3,8,36,0,29,0.440145797551799
3,8,36,0,30,-1.13776337720968
3,8,36,1,31,-0.98399846983752
3,8,36,1,32,2.33428270923665
3,8,36,1,33,0.557581009228267
3,8,36,1,34,1.25167279148002
3,8,36,1,35,5.33591176008105
3,8,36,1,36,3.08708020109692
3,8,36,1,37,0.450778418610115
3,8,36,1,38,3.18996587200157
3,8,36,1,39,3.10594543702203
3,8,36,1,40,7.63479335866706
3,8,36,1,41,3.18822016119718
3,8,36,1,42,3.24037419430866
3,8,36,1,43,3.9176033151267
3,8,36,1,44,5.53778810187434
3,8,36,1,45,8.8829231470266
3,8,36,1,46,4.48402961715409
3,8,36,1,47,4.49294247583348
3,8,36,1,48,8.57339118572989
3,8,36,1,49,8.85318269453502
3,8,36,1,50,14.0161487278844
3,8,36,1,51,4.09533525158889
3,8,36,1,52,8.27761619863213
3,8,36,1,53,7.91172895504051
3,8,36,1,54,9.62274107451857
3,8,36,1,55,8.32932578724866
3,8,36,1,56,12.6748353729788
3,8,36,1,57,9.5769699361021
3,8,36,1,58,8.13706746177313
3,8,36,1,59,13.8455217279822
3,8,36,1,60,8.9969753443839
3,8,36,1,61,12.0714892939956
3,8,36,1,62,10.0671611147259
3,8,36,1,63,12.2586963357476
3,8,36,1,64,11.103611342487
3,8,36,1,65,11.3504354472053
3,8,36,1,66,13.0631138449476
3,8,36,1,67,9.28250661345566
3,8,36,1,68,11.1424661907932
3,8,36,1,69,17.5797570774864
3,8,36,1,70,14.3893662015763
3,8,36,1,71,12.6302766650089
3,8,36,1,72,15.4570933009402
3,8,36,1,73,14.8697370322508
3,8,36,1,74,11.1252438304886
3,8,36,1,75,12.856849367095
3,8,36,1,76,17.046249931457
3,8,36,1,77,16.4555876374491
3,8,36,1,78,11.6688269902975
3,8,36,1,79,11.8179393660388
3,8,36,1,80,15.1580156389985
3,8,36,1,81,17.3529049302934
3,8,36,1,82,10.9056972239003
3,8,36,1,83,14.4394366489041
3,8,36,1,84,14.4424783292696
3,8,36,1,85,14.646795893717
3,8,36,1,86,15.9012131678594
3,8,36,1,87,10.8283709214759
3,8,36,1,88,17.1018189703308
3,8,36,1,89,14.4975488424518
3,8,36,1,90,12.1308308677416
3,8,36,1,91,18.6241611004066
3,8,36,1,92,15.5307251656746
3,8,36,1,93,12.2909389276727
3,8,36,1,94,11.4143044697048
3,8,36,1,95,15.1400009472493
3,8,36,1,96,11.0941904373484
3,8,36,1,97,10.1573151361686
3,8,36,1,98,16.1041461391691
3,8,36,1,99,15.7258951566397
3,8,36,1,100,8.23725765000306
3,8,36,1,101,15.7734401936027
3,8,36,1,102,13.4833663917954
3,8,36,1,103,10.7308602185211
3,8,36,1,104,11.4149806965918
3,8,36,1,105,13.7813636997153
3,8,36,1,106,14.3775844395985
3,8,36,1,107,11.5776384825711
3,8,36,1,108,17.2979380035321
3,8,36,1,109,13.8789340441871
3,8,36,1,110,14.5788842231227
3,8,36,2,111,9.58267329190451
3,8,36,2,112,11.3619302066872
3,8,36,2,113,6.24648045265952
3,8,36,2,114,12.3154188832982
3,8,36,2,115,14.5006731444575
3,8,36,2,116,11.1698030631739
3,8,36,2,117,13.9159635408996
3,8,36,2,118,13.1633555194019
3,8,36,2,119,16.2652739832616
3,8,36,2,120,17.1248304481785
4,16,37,0,1,-10.2201689373635
4,16,37,0,2,-12.5677810848174
4,16,37,0,3,-7.31322922006965
4,16,37,0,4,-5.14831765660695
4,16,37,0,5,-6.70429292562136
4,16,37,0,6,-3.20190553355547
4,16,37,0,7,-5.27127112971518
4,16,37,0,8,-3.57495358428532
4,16,37,0,9,-1.22950410623733
4,16,37,0,10,-1.93374603142659
4,16,37,0,11,0.0774207018732158
4,16,37,0,12,-1.89762572768619
4,16,37,0,13,-2.17644808724856
4,16,37,0,14,-3.64114026633927
4,16,37,0,15,-3.97274736925831
4,16,37,0,16,-5.52856876105224
4,16,37,0,17,-0.660679177315883
4,16,37,0,18,2.57665535140047
4,16,37,0,19,-3.85808582460181
4,16,37,0,20,-2.52974428675163
4,16,37,0,21,-2.9853230600251
4,16,37,0,22,-5.86160858808844
4,16,37,0,23,-3.14329479950817
4,16,37,0,24,-1.60641984070483
4,16,37,0,25,-4.62942718018824
4,16,37,0,26,-3.39712595021058
4,16,37,0,27,-8.11460711785348
4,16,37,0,28,-6.06054127281498
4,16,37,0,29,-4.0948655774524
4,16,37,0,30,-2.93357629124094
4,16,37,1,31,-4.49918294284166
4,16,37,1,32,-8.18936808290873
4,16,37,1,33,-4.78072069386056
4,16,37,1,34,-3.64020675177461
4,16,37,1,35,-1.29673312213328
4,16,37,1,36,-1.4281048248482
4,16,37,1,37,0.720337173642176
4,16,37,1,38,-1.03767743936788
4,16,37,1,39,-0.945785606208432
4,16,37,1,40,-2.22364047311512
4,16,37,1,41,0.938831818159442
4,16,37,1,42,-0.413127172408593
4,16,37,1,43,0.520166090071932
4,16,37,1,44,5.28971600364157
4,16,37,1,45,3.22340246905202
4,16,37,1,46,2.90497062157238
4,16,37,1,47,1.78994824919236
4,16,37,1,48,4.36605858809076
4,16,37,1,49,5.72392076080241
4,16,37,1,50,3.01060201839865
4,16,37,1,51,0.645543444413714
4,16,37,1,52,1.33268058975393
4,16,37,1,53,0.592024291736268
4,16,37,1,54,0.905734011673715
4,16,37,1,55,3.13661453667967
4,16,37,1,56,2.4319085174704
4,16,37,1,57,4.74051845117413
4,16,37,1,58,3.08848290875463
4,16,37,1,59,6.00568428319002
4,16,37,1,60,4.87876746668466
4,16,37,1,61,2.38070516971066
4,16,37,1,62,6.96751627654844
4,16,37,1,63,3.5850115234461
4,16,37,1,64,4.99671637151992
4,16,37,1,65,4.0258489656657
4,16,37,1,66,5.89267267597003
4,16,37,1,67,7.83873973979462
4,16,37,1,68,4.6275025611015
4,16,37,1,69,4.91533749038155
4,16,37,1,70,7.20887973088713
4,16,37,1,71,8.38912553644944
4,16,37,1,72,5.86477584109659
4,16,37,1,73,10.1285729857772
4,16,37,1,74,9.77040143030103
4,16,37,1,75,7.56416516353238
4,16,37,1,76,1.86647159603944
4,16,37,1,77,0.813518756896361
4,16,37,1,78,-4.07032495587155
4,16,37,1,79,7.43136143675783
4,16,37,1,80,1.04193792631292
4,16,37,1,81,8.42873284161013
4,16,37,1,82,3.86328643082215
4,16,37,1,83,4.87006702637543
4,16,37,1,84,2.06350893052548
4,16,37,1,85,9.01013999140893
4,16,37,1,86,6.92952760946542
4,16,37,1,87,9.40446651362599
4,16,37,1,88,3.70605517920917
4,16,37,1,89,3.29513680133121
4,16,37,1,90,3.21793626701426
4,16,37,1,91,3.19661179887455
4,16,37,1,92,7.03540018411215
4,16,37,1,93,9.44046948663916
4,16,37,1,94,6.28855907713244
4,16,37,1,95,7.95335259221572
4,16,37,1,96,8.41843496293161
4,16,37,1,97,9.74245177343329
4,16,37,1,98,7.20704514313806
4,16,37,1,99,9.07599287727539
4,16,37,1,100,4.7892483960236
4,16,37,1,101,6.02495563539461
4,16,37,1,102,5.73624660706915
4,16,37,1,103,7.80520119577143
4,16,37,1,104,5.40639997323668
4,16,37,1,105,5.91203656823853
4,16,37,1,106,6.45157583290479
4,16,37,1,107,5.95127274665183
4,16,37,1,108,5.75369723217164
4,16,37,1,109,-3.58284197593331
4,16,37,1,110,8.484659856361
4,16,37,2,111,3.91862218668217
4,16,37,2,112,2.34517902905458
4,16,37,2,113,3.13130015230338
4,16,37,2,114,4.48305618511517
4,16,37,2,115,3.7446512203396
4,16,37,2,116,7.68782496249082
4,16,37,2,117,0.952164587235795
4,16,37,2,118,2.52224330928436
4,16,37,2,119,2.2881353445746
4,16,37,2,120,0.510701771017809
4,16,38,0,1,-3.84967786074099
4,16,38,0,2,1.2843637477861
4,16,38,0,3,0.066524987881516
4,16,38,0,4,0.548363766382765
4,16,38,0,5,2.11356864842763
4,16,38,0,6,1.256500786919
4,16,38,0,7,-3.23349508407584
4,16,38,0,8,-0.0360121523126751
4,16,38,0,9,0.684146298784645
4,16,38,0,10,-1.23514028380461
4,16,38,0,11,-0.199480628283739
4,16,38,0,12,3.31767120294689
4,16,38,0,13,-4.7418080089928
4,16,38,0,14,-1.8086785443682
4,16,38,0,15,-2.83683743864674
4,16,38,0,16,-1.8700577082445
4,16,38,0,17,5.37137495699383
4,16,38,0,18,-1.14400291208321
4,16,38,0,19,1.13614530996573
4,16,38,0,20,-1.49948558737406
4,16,38,0,21,-1.67130607517805
4,16,38,0,22,0.855639828675319
4,16,38,0,23,0.60894731100361
4,16,38,0,24,2.70927449935555
4,16,38,0,25,-1.1855429386579
4,16,38,0,26,-2.76050043484806
4,16,38,0,27,-4.81123051871308
4,16,38,0,28,-3.53333546202513
4,16,38,0,29,-0.373599769907022
4,16,38,0,30,-1.44179563125709
4,16,38,1,31,-6.99481327110072
4,16,38,1,32,-1.64538247205644
4,16,38,1,33,-1.74794051487736
4,16,38,1,34,4.91542935189964
4,16,38,1,35,1.63448803668119
4,16,38,1,36,3.78346744490523
4,16,38,1,37,6.9108315706229
4,16,38,1,38,4.74417137058099
4,16,38,1,39,5.75490519059292
4,16,38,1,40,1.30540238823927
4,16,38,1,41,6.8595748810069
4,16,38,1,42,2.99378962486938
4,16,38,1,43,5.27018857123232
4,16,38,1,44,7.83077735477395
4,16,38,1,45,6.61407269270698
4,16,38,1,46,10.8669328843125
4,16,38,1,47,10.5544870894348
4,16,38,1,48,14.538792631511
4,16,38,1,49,13.025768717926
4,16,38,1,50,7.87247767737332
4,16,38,1,51,14.3352154679802
4,16,38,1,52,13.1353222726179
4,16,38,1,53,13.6298290594754
4,16,38,1,54,7.57246654535498
4,16,38,1,55,12.5839692837453
4,16,38,1,56,9.44009386002343
4,16,38,1,57,13.7677712756877
4,16,38,1,58,13.746791523803
4,16,38,1,59,11.8484504449926
4,16,38,1,60,16.4246814799794
4,16,38,1,61,8.43983309541612
4,16,38,1,62,13.8207267705296
4,16,38,1,63,9.18536948104354
4,16,38,1,64,13.4912590269432
4,16,38,1,65,16.3042533604153
4,16,38,1,66,7.76045089545305
4,16,38,1,67,13.5035900852733
4,16,38,1,68,8.10381341184201
4,16,38,1,69,16.0645514570107
4,16,38,1,70,15.8437685502495
4,16,38,1,71,11.9548042252607
4,16,38,1,72,11.2610963825348
4,16,38,1,73,20.9508902092488
4,16,38,1,74,16.5955152743823
4,16,38,1,75,17.1986409875599
4,16,38,1,76,19.906685222887
4,16,38,1,77,9.89794442650034
4,16,38,1,78,16.6950188597784
4,16,38,1,79,19.5274426632925
4,16,38,1,80,16.2379347445062
4,16,38,1,81,15.4552147555671
4,16,38,1,82,19.624781350035
4,16,38,1,83,15.3398404863823
4,16,38,1,84,16.0240574886614
4,16,38,1,85,19.7491254598227
4,16,38,1,86,15.9556665105361
4,16,38,1,87,13.2140878299844
4,16,38,1,88,17.872478567633
4,16,38,1,89,14.7477704688264
4,16,38,1,90,13.2854543185166
4,16,38,1,91,18.4709855631537
4,16,38,1,92,13.8973618700882
4,16,38,1,93,12.6354974208802
4,16,38,1,94,8.36338009444911
4,16,38,1,95,12.3813654995797
4,16,38,1,96,21.206463514833
4,16,38,1,97,13.5015003799422
4,16,38,1,98,20.2238370954408
4,16,38,1,99,9.52551780682301
4,16,38,1,100,12.4784922679152
4,16,38,1,101,15.0564356440878
4,16,38,1,102,11.054885767509
4,16,38,1,103,15.5576219384605
4,16,38,1,104,16.5055490929378
4,16,38,1,105,17.8455920418095
4,16,38,1,106,16.0101209152122
4,16,38,1,107,15.3161427291973
4,16,38,1,108,21.4126163956703
4,16,38,1,109,10.225928786622
4,16,38,1,110,13.8123169871085
4,16,38,2,111,18.0756667983942
4,16,38,2,112,16.038133212326
4,16,38,2,113,16.926188396204
4,16,38,2,114,9.45373110041134
4,16,38,2,115,16.6618571954631
4,16,38,2,116,7.75645467571663
4,16,38,2,117,11.8109063280239
4,16,38,2,118,10.5846165836057
4,16,38,2,119,11.6475305702413
4,16,38,2,120,12.1339163828208
4,16,39,0,1,-5.31957728462903
4,16,39,0,2,-3.40490018208855
4,16,39,0,3,-1.53801261604974
4,16,39,0,4,0.522166216308388
4,16,39,0,5,-1.8101266502516
4,16,39,0,6,-0.869749580141653
4,16,39,0,7,0.114360025004607
4,16,39,0,8,-0.933371892181287
4,16,39,0,9,-3.35640621355577
4,16,39,0,10,0.228795354718045
4,16,39,0,11,-3.57760322112859
4,16,39,0,12,0.775743168258718
4,16,39,0,13,2.08548125452534
4,16,39,0,14,-1.75276859854633
4,16,39,0,15,-2.03918069473026
4,16,39,0,16,0.657778760205383
4,16,39,0,17,-1.67394561752536
4,16,39,0,18,-0.23830124527436
4,16,39,0,19,-1.89746924793669
4,16,39,0,20,-0.944020916474493
4,16,39,0,21,-2.15039121799863
4,16,39,0,22,-0.41487193640638
4,16,39,0,23,-1.53580419767533
4,16,39,0,24,-3.75828054918252
4,16,39,0,25,-0.76977740116946
4,16,39,0,26,-2.17350779269912
4,16,39,0,27,-3.64869052664648
4,16,39,0,28,-1.41402102562834
4,16,39,0,29,-4.46030749478079
4,16,39,0,30,-3.99895135124797
4,16,39,1,31,0.525027851976936
4,16,39,1,32,1.60256745054824
4,16,39,1,33,1.5315878320185
4,16,39,1,34,5.46915719310549
4,16,39,1,35,3.90470580022043
4,16,39,1,36,4.47341387212781
4,16,39,1,37,4.4202863287091
4,16,39,1,38,3.29997736746997
4,16,39,1,39,1.21312151156496
4,16,39,1,40,5.96774324485958
4,16,39,1,41,5.90999432919817
4,16,39,1,42,4.28121204894826
4,16,39,1,43,1.41419070819841
4,16,39,1,44,0.9972666726316
4,16,39,1,45,6.56337487244644
4,16,39,1,46,1.74634041448015
4,16,39,1,47,6.31078911221615
4,16,39,1,48,5.76999671064892
4,16,39,1,49,4.85927789614705
4,16,39,1,50,5.05112907486342
4,16,39,1,51,6.94657961374715
4,16,39,1,52,9.48263805634724
4,16,39,1,53,9.77669771898036
4,16,39,1,54,7.80973970052536
4,16,39,1,55,10.2233138511189
4,16,39,1,56,8.93609156975647
4,16,39,1,57,9.20853026016409
4,16,39,1,58,10.9044451633683
4,16,39,1,59,11.02590259713
4,16,39,1,60,8.05161842006364
4,16,39,1,61,7.51071401737863
4,16,39,1,62,7.90102086628408
4,16,39,1,63,10.3949305745212
4,16,39,1,64,8.62723909123849
4,16,39,1,65,8.14426385311539
4,16,39,1,66,10.1563556698116
4,16,39,1,67,13.9749213640901
4,16,39,1,68,10.8602284573711
4,16,39,1,69,10.9973395607101
4,16,39,1,70,8.61831617786518
4,16,39,1,71,9.89089754584059
4,16,39,1,72,5.72767316986601
4,16,39,1,73,5.33427911887911
4,16,39,1,74,5.79176735560637
4,16,39,1,75,9.32830450021242
4,16,39,1,76,10.0548459999605
4,16,39,1,77,7.37709016314598
4,16,39,1,78,6.00345642405341
4,16,39,1,79,8.74562992672572
4,16,39,1,80,5.81364269761487
4,16,39,1,81,8.16599990248348
4,16,39,1,82,7.25482126141392
4,16,39,1,83,5.6321449630362
4,16,39,1,84,10.6937909438301
4,16,39,1,85,7.76753759190711
4,16,39,1,86,8.16330124658716
4,16,39,1,87,7.13228781432894
4,16,39,1,88,4.7575069136371
4,16,39,1,89,7.41765535392392
4,16,39,1,90,8.37323778225885
4,16,39,1,91,9.94477562290634
4,16,39,1,92,8.5451287965387
4,16,39,1,93,8.11809394115572
4,16,39,1,94,9.50332351263175
4,16,39,1,95,7.25669944509586
4,16,39,1,96,10.8213020348995
4,16,39,1,97,10.2103607703662
4,16,39,1,98,8.35462588206924
4,16,39,1,99,9.87655545835665
4,16,39,1,100,11.612609133848
4,16,39,1,101,6.3443361026112
4,16,39,1,102,9.01572461656662
4,16,39,1,103,8.5441103452639
4,16,39,1,104,11.8891776266229
4,16,39,1,105,9.87373955200771
4,16,39,1,106,7.71167514026875
4,16,39,1,107,5.26874366101624
4,16,39,1,108,4.77319803760454
4,16,39,1,109,7.18308440499617
4,16,39,1,110,7.64639396547263
4,16,39,2,111,9.58621045087231
4,16,39,2,112,8.44510631354353
4,16,39,2,113,7.4500203684795
4,16,39,2,114,5.83080119085903
4,16,39,2,115,5.83336253032366
4,16,39,2,116,7.98137838346804
4,16,39,2,117,5.91752727525166
4,16,39,2,118,5.31308143418797
4,16,39,2,119,1.73488326700701
4,16,39,2,120,4.41185434405735
4,16,40,0,1,0.732240520715187
4,16,40,0,2,2.15251045036464
4,16,40,0,3,0.639540666823483
4,16,40,0,4,3.00231312188464
4,16,40,0,5,3.16386968465876
4,16,40,0,6,1.73916765143323
4,16,40,0,7,1.58124503134386
4,16,40,0,8,1.86419862445768
4,16,40,0,9,-1.09301048013838
4,16,40,0,10,-2.70711678984471
4,16,40,0,11,-0.967499233576423
4,16,40,0,12,-1.95973575602047
4,16,40,0,13,-1.59389411578259
4,16,40,0,14,-3.57763053625595
4,16,40,0,15,-0.240336296579395
4,16,40,0,16,-0.952054033488063
4,16,40,0,17,-0.721566471019221
4,16,40,0,18,0.650080073523592
4,16,40,0,19,-1.33289084098295
4,16,40,0,20,-0.722989446483177
4,16,40,0,21,-3.5066773953227
4,16,40,0,22,-3.52632190498749
4,16,40,0,23,-2.3724340616864
4,16,40,0,24,-0.913992303942269
4,16,40,0,25,-4.19871112443266
4,16,40,0,26,-6.82908104939971
4,16,40,0,27,-4.65664662793299
4,16,40,0,28,-2.72422201492059
4,16,40,0,29,-3.45434031845049
4,16,40,0,30,-6.18986354911525
4,16,40,1,31,-1.40459902118084
4,16,40,1,32,-2.67007896087332
4,16,40,1,33,2.18305170897214
4,16,40,1,34,5.39328339926537
4,16,40,1,35,3.79438188660202
4,16,40,1,36,5.72233037316652
4,16,40,1,37,7.29902699329978
4,16,40,1,38,7.50859650837899
4,16,40,1,39,6.71740952277676
4,16,40,1,40,10.2627208883474
4,16,40,1,41,8.14722455507999
4,16,40,1,42,5.45156119905449
4,16,40,1,43,9.91609729731754
4,16,40,1,44,12.1981972231716
4,16,40,1,45,10.7030542690849
4,16,40,1,46,11.7807464160109
4,16,40,1,47,12.006760751364
4,16,40,1,48,10.9092688189753
4,16,40,1,49,10.6573019260418
4,16,40,1,50,16.2281594745556
4,16,40,1,51,12.070261123594
4,16,40,1,52,14.1634625666719
4,16,40,1,53,15.8805042378068
4,16,40,1,54,16.6715373546203
4,16,40,1,55,15.0800470913162
4,16,40,1,56,17.8992866468238
4,16,40,1,57,14.5447367067332
4,16,40,1,58,18.7571691037226
4,16,40,1,59,14.9706841731042
4,16,40,1,60,17.9402925451316
4,16,40,1,61,16.3950457679312
4,16,40,1,62,16.8502862817902
4,16,40,1,63,20.1837973460175
4,16,40,1,64,14.277159605451
4,16,40,1,65,17.3343630552343
4,16,40,1,66,25.8529444548857
4,16,40,1,67,18.9355472574871
4,16,40,1,68,18.8019982180319
4,16,40,1,69,19.4010956900026
4,16,40,1,70,24.3157280612184
4,16,40,1,71,22.0970299842923
4,16,40,1,72,20.7801714049379
4,16,40,1,73,14.2311440306117
4,16,40,1,74,19.3791900144038
4,16,40,1,75,16.0586225314398
4,16,40,1,76,17.455909980482
4,16,40,1,77,19.6492119743457
4,16,40,1,78,20.8132932979547
4,16,40,1,79,15.8005555844677
4,16,40,1,80,18.725806769782
4,16,40,1,81,16.4508265481253
4,16,40,1,82,20.9425549657724
4,16,40,1,83,21.4621320849731
4,16,40,1,84,22.794396525895
4,16,40,1,85,23.0306846097197
4,16,40,1,86,22.121444285635
4,16,40,1,87,26.0036363543222
4,16,40,1,88,22.24604317458
4,16,40,1,89,21.8284991240051
4,16,40,1,90,22.9889170245295
4,16,40,1,91,18.1186172402568
4,16,40,1,92,24.3451837828946
4,16,40,1,93,23.8747411331611
4,16,40,1,94,22.36296631638
4,16,40,1,95,22.3576378440546
4,16,40,1,96,23.7562556675789
4,16,40,1,97,21.7711297527163
4,16,40,1,98,22.2336079976088
4,16,40,1,99,22.5726586091768
4,16,40,1,100,21.803010720165
4,16,40,1,101,24.9235652882525
4,16,40,1,102,26.1111356966861
4,16,40,1,103,20.7583858493406
4,16,40,1,104,24.9843705703219
4,16,40,1,105,24.3776718641746
4,16,40,1,106,20.4123285060051
4,16,40,1,107,23.735298125183
4,16,40,1,108,22.5352510943379
4,16,40,1,109,20.5500297331877
4,16,40,1,110,25.8557121756271
4,16,40,2,111,17.6250199075656
4,16,40,2,112,21.2949498982329
4,16,40,2,113,16.5645090023908
4,16,40,2,114,17.1503668027021
4,16,40,2,115,15.8402094689136
4,16,40,2,116,12.8131587662247
4,16,40,2,117,10.249612183542
4,16,40,2,118,12.1217648975516
4,16,40,2,119,12.5445975281492
4,16,40,2,120,9.52723007665778
4,16,41,0,1,-9.58940810432074
4,16,41,0,2,-3.79675950282902
4,16,41,0,3,-6.32858028674101
4,16,41,0,4,-2.01245643150051
4,16,41,0,5,-3.54482528801939
4,16,41,0,6,-1.40959631044797
4,16,41,0,7,-1.92713409067491
4,16,41,0,8,-2.7060123204503
4,16,41,0,9,-3.70784437348772
4,16,41,0,10,-3.33199827624288
4,16,41,0,11,-1.93104046902844
4,16,41,0,12,-2.47005296140771
4,16,41,0,13,-0.655485951900283
4,16,41,0,14,-4.68734204794732
4,16,41,0,15,-4.21059831234522
4,16,41,0,16,-2.76014800839943
4,16,41,0,17,-3.32658180060338
4,16,41,0,18,-1.65186454970541
4,16,41,0,19,-2.74731378521019
4,16,41,0,20,2.00691452355133
4,16,41,0,21,-4.15219671683023
4,16,41,0,22,-4.89322476722569
4,16,41,0,23,-5.09439075151933
4,16,41,0,24,-0.30075144953544
4,16,41,0,25,-0.312819935404344
4,16,41,0,26,-3.63488052515532
4,16,41,0,27,-1.55004906881828
4,16,41,0,28,-0.396473239734554
4,16,41,0,29,-2.48315284099473
4,16,41,0,30,-2.63946388505043
4,16,41,1,31,-6.37876214324957
4,16,41,1,32,-0.600577409637283
4,16,41,1,33,-3.19468009716096
4,16,41,1,34,-0.297986230410511
4,16,41,1,35,5.81837418692111
4,16,41,1,36,4.69194230860302
4,16,41,1,37,3.69377855545848
4,16,41,1,38,6.25823114157287
4,16,41,1,39,3.40554159221173
4,16,41,1,40,6.4336817274119
4,16,41,1,41,7.14864406863296
4,16,41,1,42,5.05299402547257
4,16,41,1,43,7.91553866690466
4,16,41,1,44,6.39571844111856
4,16,41,1,45,10.1414223869958
4,16,41,1,46,1.95016530023319
4,16,41,1,47,6.6934193421196
4,16,41,1,48,7.75078590221011
4,16,41,1,49,9.38419086029083
4,16,41,1,50,10.2344378802615
4,16,41,1,51,11.1682458696429
4,16,41,1,52,11.4223435040184
4,16,41,1,53,14.9282148287243
4,16,41,1,54,12.2307235844078
4,16,41,1,55,11.3281065192948
4,16,41,1,56,13.0411211143139
4,16,41,1,57,14.5598281846448
4,16,41,1,58,15.4079470703291
4,16,41,1,59,17.291957724466
4,16,41,1,60,12.721184515894
4,16,41,1,61,13.4205945917943
4,16,41,1,62,18.1058675939101
4,16,41,1,63,14.8996454531653
4,16,41,1,64,18.00280696426
4,16,41,1,65,16.8421545091219
4,16,41,1,66,12.0570400038081
4,16,41,1,67,15.5308848610994
4,16,41,1,68,18.8070113098089
4,16,41,1,69,12.8151447429758
4,16,41,1,70,18.2668234246614
4,16,41,1,71,14.4810025753
4,16,41,1,72,15.867092123194
4,16,41,1,73,20.6322345318943
4,16,41,1,74,12.9739742300701
4,16,41,1,75,21.2014522741615
4,16,41,1,76,20.2937613594175
4,16,41,1,77,21.8689925078149
4,16,41,1,78,19.0428638042973
4,16,41,1,79,14.6590102469302
4,16,41,1,80,18.0325699799536
4,16,41,1,81,19.8741646793437
4,16,41,1,82,16.3851363865923
4,16,41,1,83,17.3515575131697
4,16,41,1,84,19.3717897134962
4,16,41,1,85,18.1298011070688
4,16,41,1,86,16.0817266291418
4,16,41,1,87,22.7049036407093
4,16,41,1,88,21.1981774782371
4,16,41,1,89,20.8113988701842
4,16,41,1,90,19.448238614251
4,16,41,1,91,21.9159474179882
4,16,41,1,92,17.5298738849963
4,16,41,1,93,24.220523080493
4,16,41,1,94,20.9585842083363
4,16,41,1,95,22.2236707771293
4,16,41,1,96,21.5640645746742
4,16,41,1,97,19.2078356807993
4,16,41,1,98,17.4634906483198
4,16,41,1,99,19.2948845074939
4,16,41,1,100,19.1864120329494
4,16,41,1,101,18.3484707929635
4,16,41,1,102,18.8405598668784
4,16,41,1,103,20.9589731827881
4,16,41,1,104,20.8329905636128
4,16,41,1,105,19.8860202987308
4,16,41,1,106,22.9075887675811
4,16,41,1,107,23.4817359543147
4,16,41,1,108,19.5578452726046
4,16,41,1,109,25.8637801993093
4,16,41,1,110,18.559904652176
4,16,41,2,111,16.2542231616344
4,16,41,2,112,12.0269573718066
4,16,41,2,113,21.4553223974425
4,16,41,2,114,15.4703666519011
4,16,41,2,115,13.6068179883275
4,16,41,2,116,10.4655434523951
4,16,41,2,117,18.0715656934737
4,16,41,2,118,11.3473934629073
4,16,41,2,119,10.7550108254016
4,16,41,2,120,7.84960150271402
4,16,42,0,1,-6.84013749828002
4,16,42,0,2,-6.37728421547719
4,16,42,0,3,-6.63554067984331
4,16,42,0,4,-5.6670887693939
4,16,42,0,5,-0.283777740859453
4,16,42,0,6,-0.519243633335469
4,16,42,0,7,0.962899614559916
4,16,42,0,8,-3.7672120834813
4,16,42,0,9,-5.17692305841126
4,16,42,0,10,0.663639455916954
4,16,42,0,11,-0.285413647157969
4,16,42,0,12,-4.14103627488046
4,16,42,0,13,-1.61451289841675
4,16,42,0,14,-4.58616948253113
4,16,42,0,15,-0.857229970707952
4,16,42,0,16,-6.24681888112992
4,16,42,0,17,-0.54431333713572
4,16,42,0,18,-3.78849740169612
4,16,42,0,19,-1.72870792676486
4,16,42,0,20,-0.452125438645868
4,16,42,0,21,-2.95461487997807
4,16,42,0,22,1.21256527792771
4,16,42,0,23,-0.23399581261838
4,16,42,0,24,4.17268961807198
4,16,42,0,25,-0.422924650928167
4,16,42,0,26,5.03600117185024
4,16,42,0,27,1.83880716121244
4,16,42,0,28,-1.34859521891341
4,16,42,0,29,-3.42119554529838
4,16,42,0,30,-0.0979856658173248
4,16,42,1,31,-5.02305255570927
4,16,42,1,32,2.67250637410027
4,16,42,1,33,6.81529429318164
4,16,42,1,34,2.36187528432916
4,16,42,1,35,10.2416559024906
4,16,42,1,36,7.16373706432879
4,16,42,1,37,8.30643922048997
4,16,42,1,38,7.78102910141529
4,16,42,1,39,8.05357503552593
4,16,42,1,40,9.59974861567937
4,16,42,1,41,10.3728656087253
4,16,42,1,42,13.9150850042844
4,16,42,1,43,13.2884866551409
4,16,42,1,44,15.2487535096352
4,16,42,1,45,11.442740311242
4,16,42,1,46,14.0449884242556
4,16,42,1,47,13.8337956576888
4,16,42,1,48,13.2654301496017
4,16,42,1,49,12.9822590552423
4,16,42,1,50,18.7627056101517
4,16,42,1,51,18.1173059528249
4,16,42,1,52,15.0440702740935
4,16,42,1,53,16.9795149544612
4,16,42,1,54,20.5989487167952
4,16,42,1,55,15.8062560227702
4,16,42,1,56,16.3136834129395
4,16,42,1,57,18.8702211910921
4,16,42,1,58,20.8735795909792
4,16,42,1,59,19.0955391781291
4,16,42,1,60,27.2561742279429
4,16,42,1,61,24.6190753754121
4,16,42,1,62,24.1535214051465
4,16,42,1,63,27.3511852371911
4,16,42,1,64,22.9255804511249
4,16,42,1,65,25.1455050235135
4,16,42,1,66,25.7035172579899
4,16,42,1,67,27.7570808642804
4,16,42,1,68,23.8887757361642
4,16,42,1,69,22.2901774390049
4,16,42,1,70,27.5016645992172
4,16,42,1,71,26.5578197828323
4,16,42,1,72,26.3587553794671
4,16,42,1,73,26.2733361610843
4,16,42,1,74,29.2251758844438
4,16,42,1,75,21.8787078655385
4,16,42,1,76,25.9379361981885
4,16,42,1,77,23.5736008357098
4,16,42,1,78,25.3832479215652
4,16,42,1,79,20.5065733822777
4,16,42,1,80,27.5123994295123
4,16,42,1,81,29.9021919391158
4,16,42,1,82,23.4034992552354
4,16,42,1,83,26.4253461832859
4,16,42,1,84,24.8827533932825
4,16,42,1,85,30.4287159164343
4,16,42,1,86,26.6021005109749
4,16,42,1,87,28.3964828440506
4,16,42,1,88,26.2432305022187
4,16,42,1,89,33.5657189482155
4,16,42,1,90,29.348137841146
4,16,42,1,91,28.4916369243977
4,16,42,1,92,29.1690642179821
4,16,42,1,93,27.5543733390568
4,16,42,1,94,30.0258923879425
4,16,42,1,95,24.4183077432587
4,16,42,1,96,19.9291571593374
4,16,42,1,97,24.439740063206
4,16,42,1,98,19.9828600574825
4,16,42,1,99,19.0183714898022
4,16,42,1,100,14.8525139750645
4,16,42,1,101,20.7466937718463
4,16,42,1,102,20.0476067951766
4,16,42,1,103,16.8946681278829
4,16,42,1,104,17.3421423988143
4,16,42,1,105,22.9395168825744
4,16,42,1,106,14.0173577964375
4,16,42,1,107,20.7425300253958
4,16,42,1,108,18.8955837061869
4,16,42,1,109,17.3413583839057
4,16,42,1,110,19.1454741485897
4,16,42,2,111,17.4192938214162
4,16,42,2,112,15.08775672583
4,16,42,2,113,17.5376757689367
4,16,42,2,114,13.7763566716526
4,16,42,2,115,15.4403677933542
4,16,42,2,116,9.550489340051
4,16,42,2,117,8.99656661673057
4,16,42,2,118,10.177427429228
4,16,42,2,119,9.35063773845276
4,16,42,2,120,8.16027561484801
4,16,43,0,1,-0.569083477941951
4,16,43,0,2,-8.33467902838735
4,16,43,0,3,-7.38086445908332
4,16,43,0,4,-6.68514184085978
4,16,43,0,5,-0.352333920724893
4,16,43,0,6,-9.1452842797719
4,16,43,0,7,-1.59199231321758
4,16,43,0,8,-1.79799902063467
4,16,43,0,9,-2.47979795157748
4,16,43,0,10,-0.917524269468147
4,16,43,0,11,-4.24613960354824
4,16,43,0,12,-2.68728519205722
4,16,43,0,13,-0.451852894546947
4,16,43,0,14,-7.73846279033317
4,16,43,0,15,-5.17913957110779
4,16,43,0,16,-1.2205791330371
4,16,43,0,17,-2.58109770932629
4,16,43,0,18,-3.45633548851141
4,16,43,0,19,-2.5514141645851
4,16,43,0,20,-3.50267914729886
4,16,43,0,21,-2.09851509866227
4,16,43,0,22,-1.82370610652507
4,16,43,0,23,-0.287387370752975
4,16,43,0,24,-3.8116815290585
4,16,43,0,25,-3.14138209586152
4,16,43,0,26,-7.06575920867399
4,16,43,0,27,-4.86425473495784
4,16,43,0,28,-3.22464034886162
4,16,43,0,29,0.331146380748276
4,16,43,0,30,-3.1286113056733
4,16,43,1,31,-1.41534585582476
4,16,43,1,32,-1.70285951814603
4,16,43,1,33,1.74959178468659
4,16,43,1,34,3.82647634646996
4,16,43,1,35,6.71716682083918
4,16,43,1,36,8.6658435483549
4,16,43,1,37,5.44801073132003
4,16,43,1,38,10.9822643570168
4,16,43,1,39,7.67150585686824
4,16,43,1,40,9.34337620280843
4,16,43,1,41,12.0149766722264
4,16,43,1,42,12.6820466029058
4,16,43,1,43,4.44126523625685
4,16,43,1,44,10.9598752741595
4,16,43,1,45,16.5893095127246
4,16,43,1,46,13.5024052930153
4,16,43,1,47,19.083053046062
4,16,43,1,48,20.4627422437326
4,16,43,1,49,13.8301201380848
4,16,43,1,50,19.9043059125164
4,16,43,1,51,15.376680182849
4,16,43,1,52,24.1368818390996
4,16,43,1,53,23.109840368775
4,16,43,1,54,22.5651167666806
4,16,43,1,55,20.367222523946
4,16,43,1,56,16.9939235998104
4,16,43,1,57,6.96026071813133
4,16,43,1,58,10.7000521905743
4,16,43,1,59,11.263774362235
4,16,43,1,60,7.41129307834445
4,16,43,1,61,13.2790216342236
4,16,43,1,62,20.4433101378016
4,16,43,1,63,16.3433257338284
4,16,43,1,64,12.0779880143289
4,16,43,1,65,18.9560293992159
4,16,43,1,66,18.8335860973384
4,16,43,1,67,25.3753006529057
4,16,43,1,68,29.5709231930695
4,16,43,1,69,25.1656576203087
4,16,43,1,70,27.0940978738529
4,16,43,1,71,26.0864137909126
4,16,43,1,72,23.0753375631058
4,16,43,1,73,22.0912005261965
4,16,43,1,74,33.019925926665
4,16,43,1,75,27.6464530011112
4,16,43,1,76,23.5525406791624
4,16,43,1,77,23.4392262473061
4,16,43,1,78,20.6334930640503
4,16,43,1,79,26.9012168222083
4,16,43,1,80,22.3025259285937
4,16,43,1,81,25.8246476435554
4,16,43,1,82,14.6213817918993
4,16,43,1,83,32.2180961973787
4,16,43,1,84,28.6964887040114
4,16,43,1,85,23.9666933873483
4,16,43,1,86,29.8676345620496
4,16,43,1,87,21.5189202144014
4,16,43,1,88,30.2607154349435
4,16,43,1,89,32.9985834697186
4,16,43,1,90,27.0473966018138
4,16,43,1,91,31.842429318927
4,16,43,1,92,32.2606332640818
4,16,43,1,93,30.0862564544586
4,16,43,1,94,28.2277687820942
4,16,43,1,95,22.6381876833914
4,16,43,1,96,21.1134394445276
4,16,43,1,97,25.3630111592658
4,16,43,1,98,25.1234853328636
4,16,43,1,99,20.685347698096
4,16,43,1,100,30.465806965984
4,16,43,1,101,30.1264417090119
4,16,43,1,102,24.0146703391866
4,16,43,1,103,23.9988421846039
4,16,43,1,104,22.0342001022652
4,16,43,1,105,22.4119246551704
4,16,43,1,106,24.0393038329647
4,16,43,1,107,21.8204146750062
4,16,43,1,108,25.5504123282701
4,16,43,1,109,20.1214760438641
4,16,43,1,110,29.8189225585782
4,16,43,2,111,26.8662317698238
4,16,43,2,112,31.2681679555159
4,16,43,2,113,22.0747994014394
4,16,43,2,114,28.9453292271692
4,16,43,2,115,22.2930276273334
4,16,43,2,116,24.2228228580389
4,16,43,2,117,26.0887267968523
4,16,43,2,118,21.5931978898792
4,16,43,2,119,20.838648577611
4,16,43,2,120,18.8567976047496
4,16,44,0,1,-0.322466181284812
4,16,44,0,2,-3.87976052662694
4,16,44,0,3,1.36846853912783
4,16,44,0,4,-0.266594670064176
4,16,44,0,5,-1.54312095862685
4,16,44,0,6,-0.271332871405454
4,16,44,0,7,2.30192174718052
4,16,44,0,8,0.744556360648771
4,16,44,0,9,-0.255241634899541
4,16,44,0,10,-0.721942660601062
4,16,44,0,11,0.868303261536674
4,16,44,0,12,-1.13286820577924
4,16,44,0,13,1.1131279192987
4,16,44,0,14,2.86476603450934
4,16,44,0,15,-2.06489959136312
4,16,44,0,16,0.626707667641032
4,16,44,0,17,0.935596580078693
4,16,44,0,18,-1.2340408597606
4,16,44,0,19,-1.87691295919644
4,16,44,0,20,-2.09501144116768
4,16,44,0,21,-5.17103666839592
4,16,44,0,22,0.326667353834579
4,16,44,0,23,-4.09910844037288
4,16,44,0,24,-3.48814234256276
4,16,44,0,25,-1.28224128278457
4,16,44,0,26,-3.63439204800544
4,16,44,0,27,-2.74286647993818
4,16,44,0,28,-1.15902712785428
4,16,44,0,29,-4.06640580126093
4,16,44,0,30,-6.18846218096662
4,16,44,1,31,1.63769371377945
4,16,44,1,32,1.34547963660155
4,16,44,1,33,1.74765292981369
4,16,44,1,34,-2.79712393603699
4,16,44,1,35,3.6914338026354
4,16,44,1,36,1.80756484839329
4,16,44,1,37,1.99225022221138
4,16,44,1,38,6.30104868139316
4,16,44,1,39,6.85725942940212
4,16,44,1,40,6.50799954545292
4,16,44,1,41,6.43022973845372
4,16,44,1,42,7.00102052943153
4,16,44,1,43,7.77779646452524
4,16,44,1,44,10.3000447519726
4,16,44,1,45,9.51327886941987
4,16,44,1,46,11.1069836895958
4,16,44,1,47,12.0179540111738
4,16,44,1,48,11.096888601663
4,16,44,1,49,3.70078010459646
4,16,44,1,50,6.75524145444905
4,16,44,1,51,12.0010661311536
4,16,44,1,52,16.5271082564351
4,16,44,1,53,17.0472492693725
4,16,44,1,54,13.2471865979551
4,16,44,1,55,13.2888651520488
4,16,44,1,56,12.5819578671512
4,16,44,1,57,16.1743937075676
4,16,44,1,58,16.0799713643625
4,16,44,1,59,15.953578383705
4,16,44,1,60,13.5070158579473
4,16,44,1,61,17.0620278748916
4,16,44,1,62,21.3808166213703
4,16,44,1,63,16.3953374437074
4,16,44,1,64,16.0894944445839
4,16,44,1,65,19.0713412185983
4,16,44,1,66,12.9751125013468
4,16,44,1,67,16.507499722278
4,16,44,1,68,17.3835963175551
4,16,44,1,69,14.5960138623079
4,16,44,1,70,19.7552433443557
4,16,44,1,71,17.2576882417465
4,16,44,1,72,10.1495174135504
4,16,44,1,73,12.6022458760517
4,16,44,1,74,16.3028133382473
4,16,44,1,75,12.8022772397872
4,16,44,1,76,15.054991352115
4,16,44,1,77,18.0827074649957
4,16,44,1,78,18.3392582956285
4,16,44,1,79,19.4660365555516
4,16,44,1,80,17.3775856555753
4,16,44,1,81,22.2542918390412
4,16,44,1,82,15.2850540039585
4,16,44,1,83,19.1014559025627
4,16,44,1,84,20.333518626534
4,16,44,1,85,14.2665799779423
4,16,44,1,86,18.7878320924647
4,16,44,1,87,19.191570742871
4,16,44,1,88,13.2668259260975
4,16,44,1,89,20.3864784273059
4,16,44,1,90,19.0076509662657
4,16,44,1,91,20.3991857037575
4,16,44,1,92,21.9503579420411
4,16,44,1,93,27.4600078874942
4,16,44,1,94,20.3448925868434
4,16,44,1,95,22.1498149669272
4,16,44,1,96,18.5134349965678
4,16,44,1,97,17.6353837709534
4,16,44,1,98,21.1492547917888
4,16,44,1,99,24.4179346609722
4,16,44,1,100,18.3801142297477
4,16,44,1,101,23.8512474134881
4,16,44,1,102,22.698509015281
4,16,44,1,103,19.8035037136428
4,16,44,1,104,22.0737762165457
4,16,44,1,105,21.1512011361313
4,16,44,1,106,17.318615726535
4,16,44,1,107,17.6941558685198
4,16,44,1,108,15.5911844861756
4,16,44,1,109,18.3124860755724
4,16,44,1,110,17.2871101212942
4,16,44,2,111,15.7960361371249
4,16,44,2,112,16.2616563249822
4,16,44,2,113,7.70868483205075
4,16,44,2,114,15.5907710468789
4,16,44,2,115,15.9055148203726
4,16,44,2,116,9.10559473434092
4,16,44,2,117,13.892051837334
4,16,44,2,118,12.8898219468611
4,16,44,2,119,14.513987556099
4,16,44,2,120,11.5235444756791
4,16,45,0,1,-9.65437176088504
4,16,45,0,2,-1.96371854509943
4,16,45,0,3,-3.3865199487347
4,16,45,0,4,-4.17023220106164
4,16,45,0,5,-6.23786515960267
4,16,45,0,6,-1.71450042325546
4,16,45,0,7,-4.16093934739575
4,16,45,0,8,-3.56758021641495
4,16,45,0,9,0.257324398184996
4,16,45,0,10,-3.26671845995111
4,16,45,0,11,-4.32826109302197
4,16,45,0,12,-3.10422071301898
4,16,45,0,13,-0.417939652310092
4,16,45,0,14,0.95591113904265
4,16,45,0,15,-8.22756425031052
4,16,45,0,16,-2.09072992012405
4,16,45,0,17,-1.79729861377053
4,16,45,0,18,-2.53640434509952
4,16,45,0,19,-2.55816281934237
4,16,45,0,20,-4.12545123402244
4,16,45,0,21,-1.92826200145628
4,16,45,0,22,-2.88030099771465
4,16,45,0,23,-5.8688750333084
4,16,45,0,24,-5.99386976211871
4,16,45,0,25,-5.0597673166358
4,16,45,0,26,-8.60788763238997
4,16,45,0,27,-3.82501127084514
4,16,45,0,28,-7.21753774488871
4,16,45,0,29,-8.48199693134245
4,16,45,0,30,-6.66920673999387
4,16,45,1,31,-7.39019166907961
4,16,45,1,32,-0.556947097218597
4,16,45,1,33,-1.04338466970754
4,16,45,1,34,1.4998037808012
4,16,45,1,35,1.31809967617476
4,16,45,1,36,3.29752917536034
4,16,45,1,37,6.62796806184671
4,16,45,1,38,5.6973004362512
4,16,45,1,39,2.5437266023484
4,16,45,1,40,6.90999160628051
4,16,45,1,41,8.41785048850381
4,16,45,1,42,9.1047030092474
4,16,45,1,43,8.45661216590281
4,16,45,1,44,7.8315076789687
4,16,45,1,45,9.26758056445023
4,16,45,1,46,9.1534294971029
4,16,45,1,47,12.2907149264069
4,16,45,1,48,9.68535388581186
4,16,45,1,49,11.4973501913272
4,16,45,1,50,11.1425965469679
4,16,45,1,51,10.2432488617075
4,16,45,1,52,13.927637429388
4,16,45,1,53,11.1127186230194
4,16,45,1,54,12.7646765442443
4,16,45,1,55,16.3913767171042
4,16,45,1,56,10.692388334542
4,16,45,1,57,8.25816988449343
4,16,45,1,58,14.0817631664202
4,16,45,1,59,8.78857836955032
4,16,45,1,60,12.3868149685698
4,16,45,1,61,13.6058284649142
4,16,45,1,62,12.7771699679656
4,16,45,1,63,11.5183293948213
4,16,45,1,64,13.5282367521441
4,16,45,1,65,16.8208122832915
4,16,45,1,66,14.0219642943206
4,16,45,1,67,9.83790516776556
4,16,45,1,68,11.0600709035649
4,16,45,1,69,14.1273888749522
4,16,45,1,70,10.2650751161408
4,16,45,1,71,10.5000923835552
4,16,45,1,72,12.1571848535778
4,16,45,1,73,10.6838096592836
4,16,45,1,74,9.23577390446068
4,16,45,1,75,11.2545600666389
4,16,45,1,76,10.3700255028127
4,16,45,1,77,9.93308616095968
4,16,45,1,78,13.3230400240072
4,16,45,1,79,10.6815197857706
4,16,45,1,80,9.50779331783679
4,16,45,1,81,11.2617047556449
4,16,45,1,82,13.0821838766863
4,16,45,1,83,9.27206325903815
4,16,45,1,84,11.7799493271323
4,16,45,1,85,14.4975796011834
4,16,45,1,86,10.6726053046765
4,16,45,1,87,14.3674839600275
4,16,45,1,88,17.0179801313012
4,16,45,1,89,14.8288752534771
4,16,45,1,90,12.5279967833439
4,16,45,1,91,12.3511074514607
4,16,45,1,92,9.42440110197284
4,16,45,1,93,11.2523652644192
4,16,45,1,94,9.12682849060927
4,16,45,1,95,15.8836817690478
4,16,45,1,96,13.6565717718849
4,16,45,1,97,11.7797230256774
4,16,45,1,98,11.9744157582853
4,16,45,1,99,9.35967840109099
4,16,45,1,100,5.96911133368196
4,16,45,1,101,6.6074654923203
4,16,45,1,102,14.4007851592729
4,16,45,1,103,14.6960787978965
4,16,45,1,104,13.5949430137275
4,16,45,1,105,7.88249201501178
4,16,45,1,106,10.7214908238181
4,16,45,1,107,15.2836503852713
4,16,45,1,108,10.5324691514094
4,16,45,1,109,10.5607131393643
4,16,45,1,110,11.7440862479477
4,16,45,2,111,9.5407605621858
4,16,45,2,112,12.5378622118606
4,16,45,2,113,9.00783318347203
4,16,45,2,114,8.34625827548788
4,16,45,2,115,9.41650924995179
4,16,45,2,116,6.57704435887192
4,16,45,2,117,9.12947103237809
4,16,45,2,118,5.26831413264445
4,16,45,2,119,10.2752395865938
4,16,45,2,120,4.65070456478217
4,16,46,0,1,-0.322466181284812
4,16,46,0,2,-3.87976052662694
4,16,46,0,3,1.36846853912783
4,16,46,0,4,-0.266594670064176
4,16,46,0,5,-1.54312095862685
4,16,46,0,6,-0.271332871405454
4,16,46,0,7,2.30192174718052
4,16,46,0,8,0.744556360648771
4,16,46,0,9,-0.255241634899541
4,16,46,0,10,-0.721942660601062
4,16,46,0,11,0.868303261536674
4,16,46,0,12,-1.13286820577924
4,16,46,0,13,1.1131279192987
4,16,46,0,14,2.86476603450934
4,16,46,0,15,-2.06489959136312
4,16,46,0,16,0.626707667641032
4,16,46,0,17,0.935596580078693
4,16,46,0,18,-1.2340408597606
4,16,46,0,19,-1.87691295919644
4,16,46,0,20,-2.09501144116768
4,16,46,0,21,-5.17103666839592
4,16,46,0,22,0.326667353834579
4,16,46,0,23,-4.09910844037288
4,16,46,0,24,-3.48814234256276
4,16,46,0,25,-1.28224128278457
4,16,46,0,26,-3.63439204800544
4,16,46,0,27,-2.74286647993818
4,16,46,0,28,-1.15902712785428
4,16,46,0,29,-4.06640580126093
4,16,46,0,30,-6.18846218096662
4,16,46,1,31,1.63769371377945
4,16,46,1,32,1.34547963660155
4,16,46,1,33,1.74765292981369
4,16,46,1,34,-2.79712393603699
4,16,46,1,35,3.6914338026354
4,16,46,1,36,1.80756484839329
4,16,46,1,37,1.99225022221138
4,16,46,1,38,6.30104868139316
4,16,46,1,39,6.85725942940212
4,16,46,1,40,6.50799954545292
4,16,46,1,41,6.43022973845372
4,16,46,1,42,7.00102052943153
4,16,46,1,43,7.77779646452524
4,16,46,1,44,10.3000447519726
4,16,46,1,45,9.51327886941987
4,16,46,1,46,11.1069836895958
4,16,46,1,47,12.0179540111738
4,16,46,1,48,11.096888601663
4,16,46,1,49,3.70078010459646
4,16,46,1,50,6.75524145444905
4,16,46,1,51,12.0010661311536
4,16,46,1,52,16.5271082564351
4,16,46,1,53,17.0472492693725
4,16,46,1,54,13.2471865979551
4,16,46,1,55,13.2888651520488
4,16,46,1,56,12.5819578671512
4,16,46,1,57,16.1743937075676
4,16,46,1,58,16.0799713643625
4,16,46,1,59,15.953578383705
4,16,46,1,60,13.5070158579473
4,16,46,1,61,17.0620278748916
4,16,46,1,62,21.3808166213703
4,16,46,1,63,16.3953374437074
4,16,46,1,64,16.0894944445839
4,16,46,1,65,19.0713412185983
4,16,46,1,66,12.9751125013468
4,16,46,1,67,16.507499722278
4,16,46,1,68,17.3835963175551
4,16,46,1,69,14.5960138623079
4,16,46,1,70,19.7552433443557
4,16,46,1,71,17.2576882417465
4,16,46,1,72,10.1495174135504
4,16,46,1,73,12.6022458760517
4,16,46,1,74,16.3028133382473
4,16,46,1,75,12.8022772397872
4,16,46,1,76,15.054991352115
4,16,46,1,77,18.0827074649957
4,16,46,1,78,18.3392582956285
4,16,46,1,79,19.4660365555516
4,16,46,1,80,17.3775856555753
4,16,46,1,81,22.2542918390412
4,16,46,1,82,15.2850540039585
4,16,46,1,83,19.1014559025627
4,16,46,1,84,20.333518626534
4,16,46,1,85,14.2665799779423
4,16,46,1,86,18.7878320924647
4,16,46,1,87,19.191570742871
4,16,46,1,88,13.2668259260975
4,16,46,1,89,20.3864784273059
4,16,46,1,90,19.0076509662657
4,16,46,1,91,20.3991857037575
4,16,46,1,92,21.9503579420411
4,16,46,1,93,27.4600078874942
4,16,46,1,94,20.3448925868434
4,16,46,1,95,22.1498149669272
4,16,46,1,96,18.5134349965678
4,16,46,1,97,17.6353837709534
4,16,46,1,98,21.1492547917888
4,16,46,1,99,24.4179346609722
4,16,46,1,100,18.3801142297477
4,16,46,1,101,23.8512474134881
4,16,46,1,102,22.698509015281
4,16,46,1,103,19.8035037136428
4,16,46,1,104,22.0737762165457
4,16,46,1,105,21.1512011361313
4,16,46,1,106,17.318615726535
4,16,46,1,107,17.6941558685198
4,16,46,1,108,15.5911844861756
4,16,46,1,109,18.3124860755724
4,16,46,1,110,17.2871101212942
4,16,46,2,111,15.7960361371249
4,16,46,2,112,16.2616563249822
4,16,46,2,113,7.70868483205075
4,16,46,2,114,15.5907710468789
4,16,46,2,115,15.9055148203726
4,16,46,2,116,9.10559473434092
4,16,46,2,117,13.892051837334
4,16,46,2,118,12.8898219468611
4,16,46,2,119,14.513987556099
4,16,46,2,120,11.5235444756791
4,16,47,0,1,-8.49069272763832
4,16,47,0,2,3.12893096538753
4,16,47,0,3,-1.18432291917375
4,16,47,0,4,-3.92669430627909
4,16,47,0,5,0.077059632415379
4,16,47,0,6,1.2292329392089
4,16,47,0,7,0.509120664458818
4,16,47,0,8,-0.0513105406020933
4,16,47,0,9,1.94128394146121
4,16,47,0,10,-1.43902489898152
4,16,47,0,11,-2.29441424722841
4,16,47,0,12,0.0209007149471335
4,16,47,0,13,-1.1697460017693
4,16,47,0,14,-0.0913981177967159
4,16,47,0,15,0.140306976326987
4,16,47,0,16,-3.0084292356166
4,16,47,0,17,1.68348711628831
4,16,47,0,18,-4.14060371311793
4,16,47,0,19,-3.76628981446593
4,16,47,0,20,1.18853694431231
4,16,47,0,21,0.49549255300031
4,16,47,0,22,2.64689760135658
4,16,47,0,23,-0.557934666362149
4,16,47,0,24,-1.49950806344712
4,16,47,0,25,0.0197147426358392
4,16,47,0,26,-0.628873711757151
4,16,47,0,27,-3.48229742449928
4,16,47,0,28,1.57608844962095
4,16,47,0,29,2.45270581038141
4,16,47,0,30,-2.56709339141571
4,16,47,1,31,-3.01080322300228
4,16,47,1,32,-2.32035924554233
4,16,47,1,33,1.18261239790862
4,16,47,1,34,2.58449887013533
4,16,47,1,35,1.93697016155001
4,16,47,1,36,7.3289955499225
4,16,47,1,37,6.26726348926298
4,16,47,1,38,8.01639100662887
4,16,47,1,39,6.42574421171104
4,16,47,1,40,10.44451426092
4,16,47,1,41,9.31688062578258
4,16,47,1,42,15.2311251505554
4,16,47,1,43,13.6638333378069
4,16,47,1,44,14.9457083610442
4,16,47,1,45,14.8504411568324
4,16,47,1,46,20.3995316981419
4,16,47,1,47,17.9321298870028
4,16,47,1,48,16.1079859826467
4,16,47,1,49,21.199244682276
4,16,47,1,50,19.1508352823339
4,16,47,1,51,17.605328025142
4,16,47,1,52,17.9999960629528
4,16,47,1,53,21.315139056801
4,16,47,1,54,17.5469108320753
4,16,47,1,55,17.16163023311
4,16,47,1,56,18.1285822835756
4,16,47,1,57,14.1183728228263
4,16,47,1,58,23.975844895768
4,16,47,1,59,31.2071258072857
4,16,47,1,60,25.8774124911748
4,16,47,1,61,25.3703241160584
4,16,47,1,62,27.5088674016803
4,16,47,1,63,28.0546053471606
4,16,47,1,64,25.1670064449273
4,16,47,1,65,30.9825369935376
4,16,47,1,66,30.7477906372354
4,16,47,1,67,28.1360180980451
4,16,47,1,68,27.3732009614625
4,16,47,1,69,25.4355729874711
4,16,47,1,70,29.3454101462797
4,16,47,1,71,28.3669309646994
4,16,47,1,72,31.61517166054
4,16,47,1,73,33.8473353533468
4,16,47,1,74,30.9493795210245
4,16,47,1,75,31.8736238636104
4,16,47,1,76,27.0722421067019
4,16,47,1,77,32.2682904001336
4,16,47,1,78,29.4288203063957
4,16,47,1,79,31.7070923396687
4,16,47,1,80,26.9721465849926
4,16,47,1,81,30.1877624108194
4,16,47,1,82,28.6087567722065
4,16,47,1,83,31.7497460091016
4,16,47,1,84,29.4748916149819
4,16,47,1,85,30.0095785379465
4,16,47,1,86,33.0875942356915
4,16,47,1,87,34.8442401820478
4,16,47,1,88,33.7500253174384
4,16,47,1,89,32.6988460982918
4,16,47,1,90,32.8885087478569
4,16,47,1,91,33.9142862689063
4,16,47,1,92,33.5252390034209
4,16,47,1,93,30.4049829300423
4,16,47,1,94,32.5187239477362
4,16,47,1,95,26.1632883783022
4,16,47,1,96,31.4463453951652
4,16,47,1,97,35.6072429305919
4,16,47,1,98,29.7786858652339
4,16,47,1,99,36.2982345269091
4,16,47,1,100,33.509607296125
4,16,47,1,101,33.3288871637497
4,16,47,1,102,33.6797355831599
4,16,47,1,103,34.0759709626959
4,16,47,1,104,36.8754331819493
4,16,47,1,105,35.0912871695246
4,16,47,1,106,36.2244328218324
4,16,47,1,107,31.1915705152473
4,16,47,1,108,39.2201105309357
4,16,47,1,109,35.0902443136462
4,16,47,1,110,35.8099303475585
4,16,47,2,111,35.0545890390213
4,16,47,2,112,27.7773301294963
4,16,47,2,113,18.8221557072873
4,16,47,2,114,20.6498502723091
4,16,47,2,115,19.6001693268763
4,16,47,2,116,15.4875208560862
4,16,47,2,117,18.0745314218275
4,16,47,2,118,17.2759487715719
4,16,47,2,119,14.2535243793635
4,16,47,2,120,14.8842975207052
4,16,48,0,1,-14.2384537726592
4,16,48,0,2,-9.41121916432715
4,16,48,0,3,-2.32178760007453
4,16,48,0,4,4.56004396267281
4,16,48,0,5,-7.44228811523737
4,16,48,0,6,-2.67348990376984
4,16,48,0,7,-3.51384899452413
4,16,48,0,8,-1.56995058816675
4,16,48,0,9,-1.78508009767942
4,16,48,0,10,-3.6069119119965
4,16,48,0,11,-0.0923736875072841
4,16,48,0,12,-1.75749469443375
4,16,48,0,13,-2.12173738364916
4,16,48,0,14,-4.85607349238618
4,16,48,0,15,-6.28920513108209
4,16,48,0,16,-0.562646484524603
4,16,48,0,17,-2.93618933523337
4,16,48,0,18,-0.858637669866401
4,16,48,0,19,-6.00824533035008
4,16,48,0,20,-4.95471062546893
4,16,48,0,21,-1.56910463278685
4,16,48,0,22,0.349352922340781
4,16,48,0,23,-1.57866107492115
4,16,48,0,24,-3.73799387882773
4,16,48,0,25,6.04699460724875
4,16,48,0,26,7.70186288184653
4,16,48,0,27,7.44501660579558
4,16,48,0,28,2.17200290644562
4,16,48,0,29,13.8895008275803
4,16,48,0,30,5.15761676209126
4,16,48,1,31,-0.636867480398898
4,16,48,1,32,2.94510475160489
4,16,48,1,33,5.93024041390533
4,16,48,1,34,4.30538523483644
4,16,48,1,35,11.3651253560666
4,16,48,1,36,10.2613235805236
4,16,48,1,37,10.8190898626987
4,16,48,1,38,9.05969532168856
4,16,48,1,39,15.4478959907143
4,16,48,1,40,14.145835291757
4,16,48,1,41,9.71686119993353
4,16,48,1,42,12.7566471203802
4,16,48,1,43,15.0479580886964
4,16,48,1,44,16.607088227306
4,16,48,1,45,19.380375679672
4,16,48,1,46,20.6077057092043
4,16,48,1,47,15.749965806889
4,16,48,1,48,22.1656319058365
4,16,48,1,49,23.6553021967386
4,16,48,1,50,18.4884287551697
4,16,48,1,51,16.6502218887976
4,16,48,1,52,22.408345091424
4,16,48,1,53,18.7728243716738
4,16,48,1,54,20.4925665656126
4,16,48,1,55,21.483601522423
4,16,48,1,56,21.9888579580119
4,16,48,1,57,26.8123446789231
4,16,48,1,58,25.2958376776646
4,16,48,1,59,25.6805329955301
4,16,48,1,60,19.6884057304836
4,16,48,1,61,19.3980136685667
4,16,48,1,62,24.5184797233902
4,16,48,1,63,23.2262537900095
4,16,48,1,64,21.3920252123945
4,16,48,1,65,25.7909872691941
4,16,48,1,66,24.2197185903566
4,16,48,1,67,16.6776238250447
4,16,48,1,68,19.4458609561697
4,16,48,1,69,26.4771286950672
4,16,48,1,70,20.6123080704815
4,16,48,1,71,16.6611757277061
4,16,48,1,72,16.7308128574293
4,16,48,1,73,20.79846074738
4,16,48,1,74,13.5122120841483
4,16,48,1,75,14.447963947012
4,16,48,1,76,19.5226901993433
4,16,48,1,77,18.6420084723982
4,16,48,1,78,18.808786352823
4,16,48,1,79,20.7880079343346
4,16,48,1,80,18.693730651883
4,16,48,1,81,22.2140854867264
4,16,48,1,82,19.4221587328157
4,16,48,1,83,19.4578826887096
4,16,48,1,84,21.3973023849554
4,16,48,1,85,19.626640136674
4,16,48,1,86,18.3338177935234
4,16,48,1,87,19.2823488995146
4,16,48,1,88,18.9167656534609
4,16,48,1,89,18.9014428183012
4,16,48,1,90,15.2925590286134
4,16,48,1,91,18.4391746445825
4,16,48,1,92,19.9536340358697
4,16,48,1,93,19.3926524718888
4,16,48,1,94,21.73033579945
4,16,48,1,95,22.1064112664881
4,16,48,1,96,25.5856643997437
4,16,48,1,97,21.7885676550303
4,16,48,1,98,17.5630586950879
4,16,48,1,99,22.7831854927187
4,16,48,1,100,20.4640483030439
4,16,48,1,101,18.8277788720506
4,16,48,1,102,17.7844833536283
4,16,48,1,103,20.2203915845124
4,16,48,1,104,22.0674781373447
4,16,48,1,105,18.3473259517818
4,16,48,1,106,17.966710987379
4,16,48,1,107,16.64849539662
4,16,48,1,108,24.9017033139256
4,16,48,1,109,20.2944720576645
4,16,48,1,110,24.16866418684
4,16,48,2,111,14.8494274913843
4,16,48,2,112,21.0957743155132
4,16,48,2,113,17.5808237934028
4,16,48,2,114,17.6391553340016
4,16,48,2,115,18.0923478769638
4,16,48,2,116,13.2665877953698
4,16,48,2,117,11.8121598240247
4,16,48,2,118,11.0338538378691
4,16,48,2,119,12.478503835589
4,16,48,2,120,9.01253550110278
5,32,49,0,1,-0.290937836794743
5,32,49,0,2,-1.80342236878537
5,32,49,0,3,-1.71580250295374
5,32,49,0,4,2.14648057128099
5,32,49,0,5,-4.3980039439069
5,32,49,0,6,-0.510168670449128
5,32,49,0,7,-2.22792438605549
5,32,49,0,8,-3.13353671901107
5,32,49,0,9,-4.60863811714637
5,32,49,0,10,1.14015998352571
5,32,49,0,11,-1.18279888220299
5,32,49,0,12,3.43838307478617
5,32,49,0,13,-1.51999871262532
5,32,49,0,14,-1.57856157365336
5,32,49,0,15,-2.21973620099558
5,32,49,0,16,0.602223764085633
5,32,49,0,17,0.261047193621048
5,32,49,0,18,0.703636456602378
5,32,49,0,19,-0.422910770302367
5,32,49,0,20,-0.172521181204105
5,32,49,0,21,-2.41206610873383
5,32,49,0,22,-4.22539366341792
5,32,49,0,23,-5.39729282455829
5,32,49,0,24,0.167926133977502
5,32,49,0,25,-5.01744776938471
5,32,49,0,26,-3.05023882496609
5,32,49,0,27,-5.75926753125744
5,32,49,0,28,-7.76609715084931
5,32,49,0,29,-6.73744241183788
5,32,49,0,30,-0.251819603489903
5,32,49,1,31,-5.63513016550759
5,32,49,1,32,0.626570332195346
5,32,49,1,33,-0.756716746206094
5,32,49,1,34,-1.03408864987273
5,32,49,1,35,1.74418881771304
5,32,49,1,36,1.03639985697421
5,32,49,1,37,0.582482042386828
5,32,49,1,38,4.1452163546873
5,32,49,1,39,3.33272028924106
5,32,49,1,40,5.23160399099204
5,32,49,1,41,6.85227323834495
5,32,49,1,42,2.34246874966727
5,32,49,1,43,1.84417465619829
5,32,49,1,44,6.22429698716005
5,32,49,1,45,5.32945950211671
5,32,49,1,46,-2.14654065444956
5,32,49,1,47,4.25881234456985
5,32,49,1,48,8.2301009098002
5,32,49,1,49,8.22324260776984
5,32,49,1,50,2.8303546594364
5,32,49,1,51,5.89353243893922
5,32,49,1,52,8.71311919820009
5,32,49,1,53,8.81314151616505
5,32,49,1,54,3.86929969087406
5,32,49,1,55,-1.7104617561321
5,32,49,1,56,7.02479878518588
5,32,49,1,57,9.99785706499003
5,32,49,1,58,6.86381357694144
5,32,49,1,59,3.08221942315993
5,32,49,1,60,6.33038965735621
5,32,49,1,61,2.44019303688275
5,32,49,1,62,7.48871077619679
5,32,49,1,63,7.25189496691063
5,32,49,1,64,12.087216637993
5,32,49,1,65,5.99202012184494
5,32,49,1,66,6.45381125864951
5,32,49,1,67,3.32881879524295
5,32,49,1,68,7.68110506574029
5,32,49,1,69,3.26273444137348
5,32,49,1,70,5.85147727643055
5,32,49,1,71,10.1066238336399
5,32,49,1,72,9.64249597942792
5,32,49,1,73,10.436023459223
5,32,49,1,74,9.57727127744091
5,32,49,1,75,8.68755962063137
5,32,49,1,76,11.8564528623054
5,32,49,1,77,7.81375733448041
5,32,49,1,78,10.9216717150789
5,32,49,1,79,8.37276791088439
5,32,49,1,80,11.8652796618666
5,32,49,1,81,9.59867296191609
5,32,49,1,82,10.0578833053476
5,32,49,1,83,12.0011244721286
5,32,49,1,84,11.5569053672895
5,32,49,1,85,7.40457429806401
5,32,49,1,86,4.24875256589147
5,32,49,1,87,13.1742457790147
5,32,49,1,88,11.2667805417685
5,32,49,1,89,10.3612480136838
5,32,49,1,90,12.1975798865456
5,32,49,1,91,9.61809969487969
5,32,49,1,92,13.5343807875745
5,32,49,1,93,9.42315998644027
5,32,49,1,94,10.5680942369304
5,32,49,1,95,12.012945830726
5,32,49,1,96,12.7395946141062
5,32,49,1,97,15.8794394562571
5,32,49,1,98,12.205145197732
5,32,49,1,99,6.39047102409256
5,32,49,1,100,3.31221557365942
5,32,49,1,101,12.7960079156796
5,32,49,1,102,10.6830880146119
5,32,49,1,103,10.4586504753308
5,32,49,1,104,7.87629416075142
5,32,49,1,105,4.64682482171065
5,32,49,1,106,4.44867239925329
5,32,49,1,107,8.96826603967648
5,32,49,1,108,8.42570367432149
5,32,49,1,109,11.541475268908
5,32,49,1,110,5.04042417010395
5,32,49,2,111,11.4353233667269
5,32,49,2,112,2.66226767665181
5,32,49,2,113,5.12646051790074
5,32,49,2,114,6.28883330317199
5,32,49,2,115,10.0929441979223
5,32,49,2,116,11.5180906750526
5,32,49,2,117,8.95567655338659
5,32,49,2,118,6.05743335962235
5,32,49,2,119,10.3448392732225
5,32,49,2,120,6.75795527708586
5,32,50,0,1,-5.47113841662257
5,32,50,0,2,-5.51650158470147
5,32,50,0,3,2.1346054967964
5,32,50,0,4,-3.87534055229978
5,32,50,0,5,0.934175979345964
5,32,50,0,6,-1.62056050932882
5,32,50,0,7,-2.89448011572361
5,32,50,0,8,0.778604388036396
5,32,50,0,9,-1.66533459878255
5,32,50,0,10,-3.49082194857853
5,32,50,0,11,-4.37530793427982
5,32,50,0,12,-2.44691719945461
5,32,50,0,13,-0.583237095283922
5,32,50,0,14,0.973706145210852
5,32,50,0,15,-2.47791627464368
5,32,50,0,16,-2.04686597494329
5,32,50,0,17,-1.30261520028985
5,32,50,0,18,-2.2043871304006
5,32,50,0,19,-3.23481975684377
5,32,50,0,20,-4.54943990531301
5,32,50,0,21,-0.181838731518905
5,32,50,0,22,1.29551116189454
5,32,50,0,23,0.368178566182509
5,32,50,0,24,-2.65379062593599
5,32,50,0,25,-1.38958141767934
5,32,50,0,26,-1.04513948086256
5,32,50,0,27,-0.428573308423623
5,32,50,0,28,-2.13139637283064
5,32,50,0,29,-2.17200416925685
5,32,50,0,30,-1.73675156357604
5,32,50,1,31,-1.4451725285913
5,32,50,1,32,1.11320922514329
5,32,50,1,33,0.510052257732194
5,32,50,1,34,2.67430143935853
5,32,50,1,35,0.0174828873931738
5,32,50,1,36,2.36861472204599
5,32,50,1,37,5.15663217715592
5,32,50,1,38,7.75000407726876
5,32,50,1,39,11.1028239180255
5,32,50,1,40,5.74034765737588
5,32,50,1,41,7.76037998052404
5,32,50,1,42,11.2081626462323
5,32,50,1,43,7.86718279984896
5,32,50,1,44,8.86258123855021
5,32,50,1,45,10.5992483968191
5,32,50,1,46,6.70392956142926
5,32,50,1,47,9.43539743842906
5,32,50,1,48,10.3710568803079
5,32,50,1,49,12.7235464722206
5,32,50,1,50,10.1880453398106
5,32,50,1,51,11.1811659335529
5,32,50,1,52,10.6815439791829
5,32,50,1,53,8.78979234068674
5,32,50,1,54,7.17450257398359
5,32,50,1,55,14.2445565724465
5,32,50,1,56,10.9192838459024
5,32,50,1,57,14.4047311633943
5,32,50,1,58,10.8627885866873
5,32,50,1,59,9.49914440715398
5,32,50,1,60,13.0434489314893
5,32,50,1,61,9.79028438270851
5,32,50,1,62,12.7490371554685
5,32,50,1,63,12.4342327996432
5,32,50,1,64,13.462128938927
5,32,50,1,65,16.8943244192361
5,32,50,1,66,13.8616388185449
5,32,50,1,67,18.812627864376
5,32,50,1,68,16.9926417630037
5,32,50,1,69,15.3475802192248
5,32,50,1,70,17.0400164117448
5,32,50,1,71,17.9106312055149
5,32,50,1,72,12.352776966829
5,32,50,1,73,16.6922376747672
5,32,50,1,74,16.0647831890237
5,32,50,1,75,19.8513578560761
5,32,50,1,76,13.6835301070815
5,32,50,1,77,16.6461684087521
5,32,50,1,78,17.6808939284582
5,32,50,1,79,13.0280934946658
5,32,50,1,80,16.545729231895
5,32,50,1,81,17.01698277947
5,32,50,1,82,17.0955068812002
5,32,50,1,83,10.9081845008172
5,32,50,1,84,17.9843323377363
5,32,50,1,85,17.3009825696321
5,32,50,1,86,17.1149036051809
5,32,50,1,87,13.8399928160473
5,32,50,1,88,18.3324473526361
5,32,50,1,89,16.5448528760377
5,32,50,1,90,17.3845292544668
5,32,50,1,91,15.1904539245359
5,32,50,1,92,15.4086076790947
5,32,50,1,93,19.2883727049242
5,32,50,1,94,16.6510397066888
5,32,50,1,95,16.318615958505
5,32,50,1,96,13.046611214193
5,32,50,1,97,13.1831956576849
5,32,50,1,98,12.9820188456648
5,32,50,1,99,8.71149206639868
5,32,50,1,100,12.8767678939936
5,32,50,1,101,13.1738924139449
5,32,50,1,102,11.2755018858857
5,32,50,1,103,11.2174060373212
5,32,50,1,104,16.7262916637361
5,32,50,1,105,13.3697315113847
5,32,50,1,106,14.0677157361638
5,32,50,1,107,16.2469099954337
5,32,50,1,108,16.2041494683851
5,32,50,1,109,14.239240551003
5,32,50,1,110,15.5289043486514
5,32,50,2,111,14.2812682232146
5,32,50,2,112,10.3941745475673
5,32,50,2,113,12.4802655218521
5,32,50,2,114,10.512823152531
5,32,50,2,115,9.47675141518016
5,32,50,2,116,8.3987514269452
5,32,50,2,117,8.42366116602393
5,32,50,2,118,5.39904584046715
5,32,50,2,119,9.85924597082861
5,32,50,2,120,11.6876971907228
5,32,51,0,1,-7.47521353752178
5,32,51,0,2,-3.30368459389331
5,32,51,0,3,-1.71820932162688
5,32,51,0,4,-4.45514061879563
5,32,51,0,5,-5.18320293726707
5,32,51,0,6,-4.25968697388797
5,32,51,0,7,-3.62145907867582
5,32,51,0,8,-3.07379062632426
5,32,51,0,9,-1.97042589469728
5,32,51,0,10,-5.63284474303842
5,32,51,0,11,-2.90053436489183
5,32,51,0,12,0.506441505896412
5,32,51,0,13,-2.25215260617481
5,32,51,0,14,-1.08134569050619
5,32,51,0,15,-1.83795471813813
5,32,51,0,16,-5.67189804452047
5,32,51,0,17,-4.42295597006739
5,32,51,0,18,-0.329616574154148
5,32,51,0,19,-2.44983850091014
5,32,51,0,20,-3.39422574718801
5,32,51,0,21,-1.53453003640911
5,32,51,0,22,-1.05976361640692
5,32,51,0,23,-5.60664178864024
5,32,51,0,24,-2.8895765457297
5,32,51,0,25,-5.56262945632484
5,32,51,0,26,-2.07913488889834
5,32,51,0,27,-4.16529362234259
5,32,51,0,28,-3.95959570403012
5,32,51,0,29,-3.12460281910132
5,32,51,0,30,-3.92251987805688
5,32,51,1,31,-3.12253307438886
5,32,51,1,32,-5.39197117320703
5,32,51,1,33,-3.56776670810531
5,32,51,1,34,-2.47653896739067
5,32,51,1,35,-2.21441256046441
5,32,51,1,36,-2.09776103900049
5,32,51,1,37,-2.33022789897382
5,32,51,1,38,0.323273520283651
5,32,51,1,39,-1.85991272503171
5,32,51,1,40,-0.0661110574444383
5,32,51,1,41,-2.14614307148076
5,32,51,1,42,-0.499977319662684
5,32,51,1,43,-0.546940505031401
5,32,51,1,44,-2.3519795635538
5,32,51,1,45,3.13438511102753
5,32,51,1,46,-3.20409265827312
5,32,51,1,47,1.21627714656396
5,32,51,1,48,5.89738333646366
5,32,51,1,49,6.25149507085758
5,32,51,1,50,4.4965876878725
5,32,51,1,51,0.938182299514611
5,32,51,1,52,2.88022757288125
5,32,51,1,53,5.48349030097707
5,32,51,1,54,5.55107197720593
5,32,51,1,55,2.34792463289003
5,32,51,1,56,-0.209326374781123
5,32,51,1,57,5.79835729775361
5,32,51,1,58,-0.0762947660951867
5,32,51,1,59,4.74284813041371
5,32,51,1,60,3.9354434220596
5,32,51,1,61,3.24563893394395
5,32,51,1,62,3.63375367287044
5,32,51,1,63,-1.77092816507083
5,32,51,1,64,3.55033568093556
5,32,51,1,65,5.65749675244345
5,32,51,1,66,9.03577672449138
5,32,51,1,67,3.9564063173409
5,32,51,1,68,4.31769017975763
5,32,51,1,69,5.71056679571946
5,32,51,1,70,8.36963984544655
5,32,51,1,71,1.36934960842662
5,32,51,1,72,3.34849834946883
5,32,51,1,73,9.38104803635553
5,32,51,1,74,5.3983657628096
5,32,51,1,75,5.68837007300001
5,32,51,1,76,6.19767123696871
5,32,51,1,77,3.56216483941686
5,32,51,1,78,3.60705123785894
5,32,51,1,79,1.90836417310786
5,32,51,1,80,4.57232734857979
5,32,51,1,81,2.99294518369936
5,32,51,1,82,6.31717726737513
5,32,51,1,83,6.64777751986835
5,32,51,1,84,5.14776587818515
5,32,51,1,85,5.49612582823614
5,32,51,1,86,5.03439782143347
5,32,51,1,87,9.71129561820652
5,32,51,1,88,7.38904992124626
5,32,51,1,89,5.66162787092197
5,32,51,1,90,8.89064383629496
5,32,51,1,91,7.55589810787307
5,32,51,1,92,2.79853432379972
5,32,51,1,93,9.20705001690225
5,32,51,1,94,5.95168507089761
5,32,51,1,95,6.92678780198005
5,32,51,1,96,6.73459130920324
5,32,51,1,97,8.06197279721245
5,32,51,1,98,8.5942228566124
5,32,51,1,99,2.31147069461479
5,32,51,1,100,6.20702906113186
5,32,51,1,101,5.96240038741346
5,32,51,1,102,9.17590852321053
5,32,51,1,103,6.6375738593841
5,32,51,1,104,6.26515284981049
5,32,51,1,105,6.644291275296
5,32,51,1,106,3.86879665343475
5,32,51,1,107,6.86237748523901
5,32,51,1,108,11.1509837993218
5,32,51,1,109,8.07716210736557
5,32,51,1,110,11.3554961857478
5,32,51,2,111,5.4736344238829
5,32,51,2,112,10.0381214961156
5,32,51,2,113,4.63211536797653
5,32,51,2,114,4.28942217269232
5,32,51,2,115,2.91752148258069
5,32,51,2,116,1.97168748159996
5,32,51,2,117,5.52166190712177
5,32,51,2,118,5.70229513286914
5,32,51,2,119,6.25303111122594
5,32,51,2,120,3.95632527492056
5,32,52,0,1,-13.7070541281083
5,32,52,0,2,-8.84435041045285
5,32,52,0,3,-7.81177927828204
5,32,52,0,4,-7.06517453339817
5,32,52,0,5,-4.7096885661848
5,32,52,0,6,-2.58472671592345
5,32,52,0,7,-5.63314847653748
5,32,52,0,8,-2.16725730728534
5,32,52,0,9,-5.97837436072306
5,32,52,0,10,0.225600432040672
5,32,52,0,11,-2.75012240093318
5,32,52,0,12,0.999223226705793
5,32,52,0,13,-2.20836052383927
5,32,52,0,14,-1.61986722049404
5,32,52,0,15,-6.75577662587182
5,32,52,0,16,-0.759895099850348
5,32,52,0,17,-6.24199159527352
5,32,52,0,18,-1.71627309886307
5,32,52,0,19,1.10294888360485
5,32,52,0,20,-4.64971655996291
5,32,52,0,21,-6.12458868629155
5,32,52,0,22,-5.73452000946539
5,32,52,0,23,0.691022359339663
5,32,52,0,24,-1.6790682219525
5,32,52,0,25,-4.06986093985279
5,32,52,0,26,-4.09308803132582
5,32,52,0,27,-1.37166376093614
5,32,52,0,28,-3.77318667647803
5,32,52,0,29,-6.20483595671728
5,32,52,0,30,-5.51208289271551
5,32,52,1,31,-5.0261188015411
5,32,52,1,32,-3.69747792049237
5,32,52,1,33,-2.53554100717766
5,32,52,1,34,-1.85990127036221
5,32,52,1,35,6.07322619551858
5,32,52,1,36,-5.01724925975872
5,32,52,1,37,2.36647919483832
5,32,52,1,38,1.93255210419183
5,32,52,1,39,1.93446297767665
5,32,52,1,40,1.05345457719791
5,32,52,1,41,2.01261561797573
5,32,52,1,42,5.9773359111355
5,32,52,1,43,0.709834981017004
5,32,52,1,44,0.513724705987372
5,32,52,1,45,6.23849853046877
5,32,52,1,46,3.42876624644121
5,32,52,1,47,0.586707938725578
5,32,52,1,48,3.21737888493633
5,32,52,1,49,2.23878147963241
5,32,52,1,50,4.48308043288465
5,32,52,1,51,7.15954818196348
5,32,52,1,52,3.26616210632256
5,32,52,1,53,3.22029275656007
5,32,52,1,54,1.07253289155832
5,32,52,1,55,6.82748552809954
5,32,52,1,56,2.57639281541988
5,32,52,1,57,7.92671151535809
5,32,52,1,58,5.16128226837019
5,32,52,1,59,11.5170530013671
5,32,52,1,60,6.8154378535306
5,32,52,1,61,6.48163439527588
5,32,52,1,62,4.96250724112404
5,32,52,1,63,6.21444447614403
5,32,52,1,64,6.72001037537593
5,32,52,1,65,7.70868783423948
5,32,52,1,66,6.28145253765953
5,32,52,1,67,5.55493898554121
5,32,52,1,68,4.14027440604587
5,32,52,1,69,6.58212150968006
5,32,52,1,70,10.1996736590009
5,32,52,1,71,4.85789815600239
5,32,52,1,72,10.5538738543822
5,32,52,1,73,5.566602602442
5,32,52,1,74,8.42597726443868
5,32,52,1,75,9.65497738904965
5,32,52,1,76,4.34564183217227
5,32,52,1,77,9.46418115296879
5,32,52,1,78,9.0769720279877
5,32,52,1,79,13.836845302003
5,32,52,1,80,9.68459214378817
5,32,52,1,81,8.98057574262794
5,32,52,1,82,9.57956732869053
5,32,52,1,83,6.82427237630066
5,32,52,1,84,9.89542636359427
5,32,52,1,85,13.0492718572162
5,32,52,1,86,12.3139514948682
5,32,52,1,87,7.62403232652623
5,32,52,1,88,10.1942828512069
5,32,52,1,89,9.87486277019016
5,32,52,1,90,10.7153661831343
5,32,52,1,91,11.8947700047884
5,32,52,1,92,8.97678511472695
5,32,52,1,93,6.11256974085298
5,32,52,1,94,9.50984908427493
5,32,52,1,95,9.74614864233999
5,32,52,1,96,4.21504982300654
5,32,52,1,97,8.71313052064876
5,32,52,1,98,10.3143529640923
5,32,52,1,99,8.63381786916579
5,32,52,1,100,6.40219785235539
5,32,52,1,101,7.51018288178263
5,32,52,1,102,10.6320546369269
5,32,52,1,103,9.66309798211603
5,32,52,1,104,8.05877782428197
5,32,52,1,105,4.92957102027319
5,32,52,1,106,6.65555621121505
5,32,52,1,107,6.41605796984274
5,32,52,1,108,3.03615926356916
5,32,52,1,109,4.59296324429448
5,32,52,1,110,0.22339817048302
5,32,52,2,111,0.119345810804517
5,32,52,2,112,2.86607233481991
5,32,52,2,113,3.18712430522626
5,32,52,2,114,4.12830712797348
5,32,52,2,115,6.75385296388383
5,32,52,2,116,3.61817538527605
5,32,52,2,117,3.20139428501992
5,32,52,2,118,1.13631025136964
5,32,52,2,119,-0.156057140486265
5,32,52,2,120,0.626889251906222
5,32,53,0,1,-3.9957353408665
5,32,53,0,2,-3.83953955298728
5,32,53,0,3,-0.969889727605432
5,32,53,0,4,-1.11860311260322
5,32,53,0,5,-5.41207560823926
5,32,53,0,6,-4.68551456528638
5,32,53,0,7,-1.19481828841108
5,32,53,0,8,-4.83794080465088
5,32,53,0,9,-1.70465704948711
5,32,53,0,10,-2.3436962827402
5,32,53,0,11,-4.02669705741951
5,32,53,0,12,-0.07033944432268
5,32,53,0,13,-3.78819172419543
5,32,53,0,14,-3.0773440221167
5,32,53,0,15,-3.39598893569487
5,32,53,0,16,-1.91242154445668
5,32,53,0,17,-1.39762355141059
5,32,53,0,18,-3.47102414731252
5,32,53,0,19,-3.22980340259614
5,32,53,0,20,0.55874147593849
5,32,53,0,21,-0.939853312022154
5,32,53,0,22,-5.23788619215221
5,32,53,0,23,-3.75204209119567
5,32,53,0,24,-3.6139837439758
5,32,53,0,25,-3.41962108823091
5,32,53,0,26,-6.43996480656195
5,32,53,0,27,-1.69738644753947
5,32,53,0,28,-1.05472031936018
5,32,53,0,29,-2.135467689401
5,32,53,0,30,-3.55383488674327
5,32,53,1,31,-1.29036211600864
5,32,53,1,32,-1.26505837162491
5,32,53,1,33,2.39891607541431
5,32,53,1,34,1.6954723637907
5,32,53,1,35,-1.75924415066595
5,32,53,1,36,3.40052569604701
5,32,53,1,37,3.38920283399805
5,32,53,1,38,0.694375449104409
5,32,53,1,39,2.69719659785586
5,32,53,1,40,7.53291515097274
5,32,53,1,41,7.30223784560812
5,32,53,1,42,3.93370377166052
5,32,53,1,43,7.53359731411029
5,32,53,1,44,7.81355450603638
5,32,53,1,45,7.4288458458822
5,32,53,1,46,6.0597189066517
5,32,53,1,47,7.65556479304859
5,32,53,1,48,7.47466368868124
5,32,53,1,49,8.24697898523862
5,32,53,1,50,6.41737038925419
5,32,53,1,51,4.91012694827298
5,32,53,1,52,9.43053722217403
5,32,53,1,53,7.83508791560568
5,32,53,1,54,13.2478410299982
5,32,53,1,55,10.9625258123373
5,32,53,1,56,9.6340302613079
5,32,53,1,57,8.63573199407501
5,32,53,1,58,10.6201561526834
5,32,53,1,59,4.44712297066949
5,32,53,1,60,6.74084664106732
5,32,53,1,61,6.90213777445029
5,32,53,1,62,11.0647211929716
5,32,53,1,63,8.24857873540193
5,32,53,1,64,11.0736161311269
5,32,53,1,65,14.7894657991108
5,32,53,1,66,13.3724909929185
5,32,53,1,67,8.02545452907947
5,32,53,1,68,10.1779985618921
5,32,53,1,69,9.6926082767103
5,32,53,1,70,15.2538268079855
5,32,53,1,71,16.8684892597467
5,32,53,1,72,15.0758784199717
5,32,53,1,73,15.1619774462292
5,32,53,1,74,14.2510871523312
5,32,53,1,75,18.9981441713301
5,32,53,1,76,14.0454485603958
5,32,53,1,77,11.6266220120016
5,32,53,1,78,16.1117817487588
5,32,53,1,79,14.9305609685132
5,32,53,1,80,11.2226010627561
5,32,53,1,81,12.5256432210332
5,32,53,1,82,15.5932981251279
5,32,53,1,83,15.5809852607479
5,32,53,1,84,13.3527826347663
5,32,53,1,85,15.463492043789
5,32,53,1,86,12.1711005916641
5,32,53,1,87,12.2626639509424
5,32,53,1,88,11.500648940337
5,32,53,1,89,15.451980833013
5,32,53,1,90,14.2933207890171
5,32,53,1,91,14.95516402234
5,32,53,1,92,14.8755537091315
5,32,53,1,93,14.0359124262149
5,32,53,1,94,14.8282656602694
5,32,53,1,95,17.1432480340961
5,32,53,1,96,10.6561505355669
5,32,53,1,97,16.3612422118641
5,32,53,1,98,17.5224304157149
5,32,53,1,99,13.8831041917314
5,32,53,1,100,13.7689598938403
5,32,53,1,101,15.4201287346231
5,32,53,1,102,18.621387650925
5,32,53,1,103,16.3498811568322
5,32,53,1,104,15.4477900471616
5,32,53,1,105,10.7781540097477
5,32,53,1,106,17.3499818201477
5,32,53,1,107,16.7379307285988
5,32,53,1,108,17.0417169254398
5,32,53,1,109,17.6945635412548
5,32,53,1,110,12.3795305682656
5,32,53,2,111,21.1476504346284
5,32,53,2,112,14.916587680189
5,32,53,2,113,17.7060651651818
5,32,53,2,114,18.3268588108403
5,32,53,2,115,15.1768816284038
5,32,53,2,116,15.3233327147935
5,32,53,2,117,12.1739620830977
5,32,53,2,118,14.0234724882102
5,32,53,2,119,12.5368548642187
5,32,53,2,120,7.9893129779315
5,32,54,0,1,-9.04247214413933
5,32,54,0,2,-6.24845529441713
5,32,54,0,3,-6.03992900874267
5,32,54,0,4,-10.7075114963831
5,32,54,0,5,-3.19664363846983
5,32,54,0,6,0.536834373741879
5,32,54,0,7,-5.6327542033036
5,32,54,0,8,-3.00641283250729
5,32,54,0,9,-0.836708236408778
5,32,54,0,10,-6.33244897470813
5,32,54,0,11,0.0480909976739404
5,32,54,0,12,-1.27600217495092
5,32,54,0,13,-1.23437826808935
5,32,54,0,14,-2.9018387556179
5,32,54,0,15,-0.2022934781597
5,32,54,0,16,-1.19343852244135
5,32,54,0,17,0.100409547510854
5,32,54,0,18,-1.3313884332742
5,32,54,0,19,1.4063673146232
5,32,54,0,20,-1.58189499890708
5,32,54,0,21,-0.842339835855283
5,32,54,0,22,-0.752502542020361
5,32,54,0,23,-1.78864129035149
5,32,54,0,24,-3.21093216990734
5,32,54,0,25,-1.36314018387434
5,32,54,0,26,-1.78537518746668
5,32,54,0,27,-0.852208516396807
5,32,54,0,28,-3.68676731666886
5,32,54,0,29,-0.273510329185598
5,32,54,0,30,2.47681084966559
5,32,54,1,31,2.92401764719718
5,32,54,1,32,0.628574976992653
5,32,54,1,33,5.7512712779636
5,32,54,1,34,4.2126182920779
5,32,54,1,35,8.54773800562791
5,32,54,1,36,1.27670392361311
5,32,54,1,37,5.48588053415477
5,32,54,1,38,4.95408343710673
5,32,54,1,39,3.60607998044277
5,32,54,1,40,7.08779359139339
5,32,54,1,41,1.77717339204762
5,32,54,1,42,2.57434127295722
5,32,54,1,43,1.34307070360369
5,32,54,1,44,3.31310612019325
5,32,54,1,45,5.25162906436414
5,32,54,1,46,3.91046548841714
5,32,54,1,47,5.89169180380475
5,32,54,1,48,3.8211703677337
5,32,54,1,49,0.733302939710636
5,32,54,1,50,0.786278598996948
5,32,54,1,51,7.01900811039821
5,32,54,1,52,3.89715254237329
5,32,54,1,53,5.71841555390111
5,32,54,1,54,5.51973987848885
5,32,54,1,55,3.87597792086495
5,32,54,1,56,7.60708565344396
5,32,54,1,57,9.85276336059417
5,32,54,1,58,8.13256440842611
5,32,54,1,59,-0.814745716469971
5,32,54,1,60,9.56965494991497
5,32,54,1,61,9.79096535741123
5,32,54,1,62,10.402837002641
5,32,54,1,63,8.08211039372785
5,32,54,1,64,11.1046367252963
5,32,54,1,65,10.542884766255
5,32,54,1,66,12.4902592428867
5,32,54,1,67,14.4391380403062
5,32,54,1,68,10.6614777209873
5,32,54,1,69,10.4296217005588
5,32,54,1,70,6.49554705729559
5,32,54,1,71,7.91681641713587
5,32,54,1,72,13.0599696632091
5,32,54,1,73,9.96391779028702
5,32,54,1,74,12.8575134314605
5,32,54,1,75,8.92184484516924
5,32,54,1,76,11.874245321156
5,32,54,1,77,10.4970484561192
5,32,54,1,78,11.1128573186112
5,32,54,1,79,7.96202742438291
5,32,54,1,80,5.93691877508856
5,32,54,1,81,8.49557028166901
5,32,54,1,82,14.2838901830869
5,32,54,1,83,16.9331738314535
5,32,54,1,84,12.9946709166019
5,32,54,1,85,16.7724718184732
5,32,54,1,86,13.2190384761727
5,32,54,1,87,15.9334361403568
5,32,54,1,88,12.4339558926622
5,32,54,1,89,12.0446734416289
5,32,54,1,90,14.1154635598737
5,32,54,1,91,13.5200382732788
5,32,54,1,92,13.7079767554551
5,32,54,1,93,12.6216297575392
5,32,54,1,94,9.39267122136919
5,32,54,1,95,9.18490332856919
5,32,54,1,96,9.50041009098731
5,32,54,1,97,14.8358319145581
5,32,54,1,98,15.6280033491809
5,32,54,1,99,12.8162945936669
5,32,54,1,100,16.2284208288292
5,32,54,1,101,19.101787834945
5,32,54,1,102,9.64696292835568
5,32,54,1,103,7.6670127870391
5,32,54,1,104,16.1076098461842
5,32,54,1,105,5.1831016768597
5,32,54,1,106,10.6134109274916
5,32,54,1,107,11.7491378833958
5,32,54,1,108,14.6572696381683
5,32,54,1,109,14.8460912531304
5,32,54,1,110,17.014087527047
5,32,54,2,111,14.4218267951818
5,32,54,2,112,17.2331833799924
5,32,54,2,113,10.4300905045368
5,32,54,2,114,15.0115029505497
5,32,54,2,115,12.6589801985645
5,32,54,2,116,14.0770137211291
5,32,54,2,117,18.0015361846432
5,32,54,2,118,10.6029588284987
5,32,54,2,119,14.9814027159626
5,32,54,2,120,21.8673033524643
5,32,55,0,1,-2.13732793785509
5,32,55,0,2,-3.73811411540387
5,32,55,0,3,-2.85527272256124
5,32,55,0,4,-5.30077366477807
5,32,55,0,5,2.24836676852172
5,32,55,0,6,-0.193526458775262
5,32,55,0,7,-4.70480521078129
5,32,55,0,8,-3.24703906931414
5,32,55,0,9,-1.24827855339931
5,32,55,0,10,-1.41975587536939
5,32,55,0,11,-4.09682176762903
5,32,55,0,12,-2.36657261374296
5,32,55,0,13,1.22249118956778
5,32,55,0,14,0.434164688578916
5,32,55,0,15,0.776570296753639
5,32,55,0,16,-1.3840805661546
5,32,55,0,17,-0.740507016506807
5,32,55,0,18,-3.57804038755919
5,32,55,0,19,-4.31877498081384
5,32,55,0,20,1.60927220058002
5,32,55,0,21,1.08838128910004
5,32,55,0,22,-0.464685990558077
5,32,55,0,23,0.710701921780682
5,32,55,0,24,0.147125304990449
5,32,55,0,25,1.36531887226314
5,32,55,0,26,2.47651826199483
5,32,55,0,27,3.04330387316773
5,32,55,0,28,-1.09512480686936
5,32,55,0,29,0.588114914703201
5,32,55,0,30,0.895290791247265
5,32,55,1,31,0.383641865176868
5,32,55,1,32,1.65818671075789
5,32,55,1,33,0.809490882538819
5,32,55,1,34,1.20830718188296
5,32,55,1,35,1.39546551297892
5,32,55,1,36,5.90972130912938
5,32,55,1,37,-1.17031034465985
5,32,55,1,38,2.36880248290053
5,32,55,1,39,3.40845333242228
5,32,55,1,40,5.04950573639676
5,32,55,1,41,2.66234373041788
5,32,55,1,42,7.17557843477854
5,32,55,1,43,3.44984891606446
5,32,55,1,44,3.53213626011145
5,32,55,1,45,5.04367543357465
5,32,55,1,46,4.08072275167645
5,32,55,1,47,7.18361309294311
5,32,55,1,48,6.41464755149041
5,32,55,1,49,3.67440729945018
5,32,55,1,50,4.44965414011922
5,32,55,1,51,6.74245730438093
5,32,55,1,52,4.42599101626599
5,32,55,1,53,0.755540211463681
5,32,55,1,54,1.31605153514299
5,32,55,1,55,4.27421166313183
5,32,55,1,56,5.9041482698229
5,32,55,1,57,4.85316661010809
5,32,55,1,58,6.54431907224563
5,32,55,1,59,5.73094062485708
5,32,55,1,60,6.55672898846799
5,32,55,1,61,7.03132416327161
5,32,55,1,62,5.55289711577512
5,32,55,1,63,10.559334696848
5,32,55,1,64,3.25295959143752
5,32,55,1,65,8.16698230816383
5,32,55,1,66,6.2793883443582
5,32,55,1,67,6.6750490462447
5,32,55,1,68,6.58216529091429
5,32,55,1,69,2.37882695770753
5,32,55,1,70,9.59743664292851
5,32,55,1,71,6.49155586677283
5,32,55,1,72,6.36793918940346
5,32,55,1,73,5.25825284763841
5,32,55,1,74,7.26936514243664
5,32,55,1,75,5.19909055195313
5,32,55,1,76,6.67761888623007
5,32,55,1,77,10.084989889847
5,32,55,1,78,6.60687813165863
5,32,55,1,79,9.07021326929943
5,32,55,1,80,9.30599228606922
5,32,55,1,81,6.57877284006471
5,32,55,1,82,9.52506093483026
5,32,55,1,83,10.9016196831038
5,32,55,1,84,7.28554871436739
5,32,55,1,85,8.27617700194092
5,32,55,1,86,5.90221035151806
5,32,55,1,87,7.82811481192338
5,32,55,1,88,6.60561370032392
5,32,55,1,89,7.48880398914219
5,32,55,1,90,4.41295802612792
5,32,55,1,91,4.5425532229934
5,32,55,1,92,4.93791433521984
5,32,55,1,93,10.1482808300735
5,32,55,1,94,5.89788158409876
5,32,55,1,95,6.01301089632387
5,32,55,1,96,6.61307304955439
5,32,55,1,97,4.55338065427135
5,32,55,1,98,8.87015798881487
5,32,55,1,99,7.04215451226338
5,32,55,1,100,9.10058810726477
5,32,55,1,101,7.43993121219289
5,32,55,1,102,9.92900206821561
5,32,55,1,103,5.73956491287097
5,32,55,1,104,5.87998664869481
5,32,55,1,105,7.10258710306055
5,32,55,1,106,10.2726329040504
5,32,55,1,107,7.49823123059518
5,32,55,1,108,7.59611779639981
5,32,55,1,109,8.9920634465223
5,32,55,1,110,7.02365939795785
5,32,55,2,111,7.92127869840274
5,32,55,2,112,4.4743648655167
5,32,55,2,113,4.79303735803554
5,32,55,2,114,2.99098214613753
5,32,55,2,115,5.90316269250715
5,32,55,2,116,5.93069319857599
5,32,55,2,117,3.10050818565605
5,32,55,2,118,7.78678392913232
5,32,55,2,119,0.791125867973762
5,32,55,2,120,2.10682758506113
5,32,56,0,1,-12.2051726746902
5,32,56,0,2,-7.07738469307349
5,32,56,0,3,-5.72627194395781
5,32,56,0,4,-6.72463489125606
5,32,56,0,5,-2.85245323429944
5,32,56,0,6,-3.6207460375497
5,32,56,0,7,-3.20620682839579
5,32,56,0,8,-5.41833540985494
5,32,56,0,9,-2.16680914026457
5,32,56,0,10,-1.96147042010845
5,32,56,0,11,-2.2491571950382
5,32,56,0,12,-9.10075646790728
5,32,56,0,13,-3.41489597645718
5,32,56,0,14,-2.27921882579889
5,32,56,0,15,-0.531496704595929
5,32,56,0,16,-0.679266972410132
5,32,56,0,17,-1.99980522097619
5,32,56,0,18,1.13936785396126
5,32,56,0,19,-5.84416084249636
5,32,56,0,20,0.281278984471925
5,32,56,0,21,-2.72246927394458
5,32,56,0,22,-3.23840785906284
5,32,56,0,23,-6.01045434755389
5,32,56,0,24,-3.95584365175494
5,32,56,0,25,-5.23034549189115
5,32,56,0,26,-2.29241634226917
5,32,56,0,27,-1.99254309023855
5,32,56,0,28,-4.86414846485309
5,32,56,0,29,-6.18250787681713
5,32,56,0,30,-4.15766490765213
5,32,56,1,31,-6.51034014059944
5,32,56,1,32,-1.69098192343859
5,32,56,1,33,-2.70332771778709
5,32,56,1,34,-2.14122639233582
5,32,56,1,35,0.999363613918311
5,32,56,1,36,-1.12585396539882
5,32,56,1,37,0.87203318922548
5,32,56,1,38,0.891823046851675
5,32,56,1,39,2.887143443001
5,32,56,1,40,2.61053198869572
5,32,56,1,41,2.43783247803405
5,32,56,1,42,3.19489620831295
5,32,56,1,43,4.79202575520624
5,32,56,1,44,5.29872906879387
5,32,56,1,45,4.8358383285879
5,32,56,1,46,3.68654438050201
5,32,56,1,47,2.9312220836766
5,32,56,1,48,7.30275727179014
5,32,56,1,49,2.86436542858046
5,32,56,1,50,9.95888975668855
5,32,56,1,51,5.43941761193223
5,32,56,1,52,5.06903533708193
5,32,56,1,53,7.6231466589869
5,32,56,1,54,7.01569980918957
5,32,56,1,55,6.32533686782073
5,32,56,1,56,8.948805692064
5,32,56,1,57,6.15784600188569
5,32,56,1,58,7.62613680876683
5,32,56,1,59,10.1581152585517
5,32,56,1,60,4.72764685741673
5,32,56,1,61,7.49895975866816
5,32,56,1,62,10.1565072467391
5,32,56,1,63,7.93847378534972
5,32,56,1,64,12.7516795077587
5,32,56,1,65,5.66699800962222
5,32,56,1,66,11.196157237101
5,32,56,1,67,10.6666732469091
5,32,56,1,68,2.96785564480116
5,32,56,1,69,1.44696866139672
5,32,56,1,70,8.02910024847597
5,32,56,1,71,13.2911611048331
5,32,56,1,72,12.9766244564882
5,32,56,1,73,11.0987441324159
5,32,56,1,74,4.8100731986058
5,32,56,1,75,7.99399025346041
5,32,56,1,76,7.18050877533365
5,32,56,1,77,9.34667284857177
5,32,56,1,78,11.2730116405655
5,32,56,1,79,9.17929506683025
5,32,56,1,80,15.9143756252245
5,32,56,1,81,13.873102483466
5,32,56,1,82,3.98277215419803
5,32,56,1,83,2.56554925932789
5,32,56,1,84,8.49208590709384
5,32,56,1,85,9.85518614605928
5,32,56,1,86,5.83763199249056
5,32,56,1,87,6.07264718888883
5,32,56,1,88,12.1180617918808
5,32,56,1,89,11.1507449621944
5,32,56,1,90,9.8614737170197
5,32,56,1,91,14.1611277860912
5,32,56,1,92,7.06196497740561
5,32,56,1,93,10.4580600888541
5,32,56,1,94,11.2145593086488
5,32,56,1,95,8.68038598643426
5,32,56,1,96,11.4289955307849
5,32,56,1,97,14.4536532017079
5,32,56,1,98,9.94616100704689
5,32,56,1,99,6.45726241887641
5,32,56,1,100,10.3287076623502
5,32,56,1,101,11.0703671080088
5,32,56,1,102,12.5706273700818
5,32,56,1,103,11.1811428193387
5,32,56,1,104,16.331459924551
5,32,56,1,105,6.838245741851
5,32,56,1,106,12.0363169613232
5,32,56,1,107,11.3500954615755
5,32,56,1,108,10.0381709279131
5,32,56,1,109,8.97602580766272
5,32,56,1,110,11.8679443839124
5,32,56,2,111,10.9878165549185
5,32,56,2,112,7.54721322787903
5,32,56,2,113,3.86618573421432
5,32,56,2,114,10.9485296732265
5,32,56,2,115,6.9189026709395
5,32,56,2,116,4.31320841307606
5,32,56,2,117,6.5819751103594
5,32,56,2,118,9.68144412542931
5,32,56,2,119,10.8115517637384
5,32,56,2,120,5.45934506050167
5,32,57,0,1,-8.45926905539588
5,32,57,0,2,-3.72935441734973
5,32,57,0,3,-1.92033725007825
5,32,57,0,4,-7.32732792817091
5,32,57,0,5,-1.95093950648367
5,32,57,0,6,-1.64097362939662
5,32,57,0,7,-2.35167031627203
5,32,57,0,8,-5.53091493452315
5,32,57,0,9,-1.73180137408601
5,32,57,0,10,2.02133185775854
5,32,57,0,11,-2.23892926419738
5,32,57,0,12,-0.581071579529933
5,32,57,0,13,-4.3504792666097
5,32,57,0,14,-3.21924410059037
5,32,57,0,15,0.104629337974516
5,32,57,0,16,-2.54010181449476
5,32,57,0,17,0.393095932538472
5,32,57,0,18,-3.42065221439846
5,32,57,0,19,-3.1944048427358
5,32,57,0,20,-0.426388662595834
5,32,57,0,21,-0.404366936446836
5,32,57,0,22,0.486631992875266
5,32,57,0,23,0.96330487238979
5,32,57,0,24,1.53198522998702
5,32,57,0,25,-0.843758547203388
5,32,57,0,26,0.684344710554856
5,32,57,0,27,1.57782394959145
5,32,57,0,28,2.26957126660882
5,32,57,0,29,1.06874656209725
5,32,57,0,30,2.25147047189073
5,32,57,1,31,0.285330992648141
5,32,57,1,32,2.85184971483583
5,32,57,1,33,2.57730648762292
5,32,57,1,34,4.27460888865675
5,32,57,1,35,6.10958248215509
5,32,57,1,36,6.93689789367274
5,32,57,1,37,5.57121710964086
5,32,57,1,38,6.70192707847045
5,32,57,1,39,7.13574551485749
5,32,57,1,40,3.11037561685092
5,32,57,1,41,11.020929725693
5,32,57,1,42,9.22638184641615
5,32,57,1,43,8.15045208781775
5,32,57,1,44,7.331071886722
5,32,57,1,45,7.26806446595528
5,32,57,1,46,14.3151667829001
5,32,57,1,47,12.8857902522683
5,32,57,1,48,14.3822601183029
5,32,57,1,49,11.6508048667637
5,32,57,1,50,11.4523786474427
5,32,57,1,51,9.67934084063639
5,32,57,1,52,10.4639820778376
5,32,57,1,53,12.675389819602
5,32,57,1,54,9.47870255250436
5,32,57,1,55,10.5526046753712
5,32,57,1,56,11.6548589364514
5,32,57,1,57,11.7569688921149
5,32,57,1,58,5.04193142940509
5,32,57,1,59,7.83028175150091
5,32,57,1,60,12.7059856317764
5,32,57,1,61,13.8663413069178
5,32,57,1,62,14.3296838208573
5,32,57,1,63,11.402107943229
5,32,57,1,64,12.3533241858348
5,32,57,1,65,10.6172531191586
5,32,57,1,66,14.8409205131918
5,32,57,1,67,13.7180850137846
5,32,57,1,68,11.7608047378335
5,32,57,1,69,11.2486531517416
5,32,57,1,70,11.1188788760843
5,32,57,1,71,11.5124958679673
5,32,57,1,72,12.803537220295
5,32,57,1,73,11.0854034921765
5,32,57,1,74,14.6494775351528
5,32,57,1,75,12.7804178775739
5,32,57,1,76,14.162202149824
5,32,57,1,77,16.5335778540822
5,32,57,1,78,15.6816107127787
5,32,57,1,79,16.3673774101523
5,32,57,1,80,16.4466471935761
5,32,57,1,81,17.1624530217893
5,32,57,1,82,18.5574832819525
5,32,57,1,83,19.3415921686703
5,32,57,1,84,14.1987818127605
5,32,57,1,85,17.4533952184485
5,32,57,1,86,19.0699322522834
5,32,57,1,87,16.6253541479963
5,32,57,1,88,16.4587387170733
5,32,57,1,89,16.5766077402201
5,32,57,1,90,19.5049538721398
5,32,57,1,91,15.6475205687457
5,32,57,1,92,20.13936336855
5,32,57,1,93,19.1643610505539
5,32,57,1,94,22.5932357101768
5,32,57,1,95,20.5341444620779
5,32,57,1,96,21.5431764681692
5,32,57,1,97,20.5948550890579
5,32,57,1,98,20.0331955730831
5,32,57,1,99,19.3185565240652
5,32,57,1,100,16.9587870027221
5,32,57,1,101,18.4888858163007
5,32,57,1,102,18.4145250743446
5,32,57,1,103,18.7699718026757
5,32,57,1,104,21.2487182015391
5,32,57,1,105,21.8583767621969
5,32,57,1,106,19.7781317547829
5,32,57,1,107,21.5068997013414
5,32,57,1,108,19.8141670013552
5,32,57,1,109,21.5930621166885
5,32,57,1,110,20.0414002570384
5,32,57,2,111,19.4928639771778
5,32,57,2,112,17.6500245745215
5,32,57,2,113,16.8915398497194
5,32,57,2,114,18.5835281856743
5,32,57,2,115,17.7524609872288
5,32,57,2,116,15.0214519920604
5,32,57,2,117,13.7065190325008
5,32,57,2,118,16.5634040259239
5,32,57,2,119,15.3324331135139
5,32,57,2,120,11.7654611306924
5,32,58,0,1,-7.54479463519055
5,32,58,0,2,-3.53679529412337
5,32,58,0,3,-2.27094637473058
5,32,58,0,4,-2.5011493487797
5,32,58,0,5,-1.96379434449585
5,32,58,0,6,-3.84103341246194
5,32,58,0,7,-0.0662988191269079
5,32,58,0,8,-2.41844144556883
5,32,58,0,9,0.00219269752402507
5,32,58,0,10,-5.6781891733665
5,32,58,0,11,-1.62470049772516
5,32,58,0,12,0.319647571697425
5,32,58,0,13,-1.12277061712728
5,32,58,0,14,-1.47972210398739
5,32,58,0,15,-3.3184723651254
5,32,58,0,16,-2.98808311838958
5,32,58,0,17,-3.02615310384959
5,32,58,0,18,-2.0412068600602
5,32,58,0,19,-1.1787938360719
5,32,58,0,20,-1.07346300309258
5,32,58,0,21,-0.245503630626983
5,32,58,0,22,-2.86926792191688
5,32,58,0,23,0.107906885163398
5,32,58,0,24,-1.18741821386532
5,32,58,0,25,0.197749707735193
5,32,58,0,26,-0.307055066790302
5,32,58,0,27,-2.76744218109232
5,32,58,0,28,-0.548799881813231
5,32,58,0,29,-2.5186472661164
5,32,58,0,30,4.95916910305499
5,32,58,1,31,-0.223099209094583
5,32,58,1,32,2.19603860405713
5,32,58,1,33,1.05790970514601
5,32,58,1,34,6.63588742779851
5,32,58,1,35,9.0242681696425
5,32,58,1,36,8.0891962072631
5,32,58,1,37,11.6148402607063
5,32,58,1,38,10.0414195345807
5,32,58,1,39,9.75007311068572
5,32,58,1,40,15.2100701125202
5,32,58,1,41,16.0771920189796
5,32,58,1,42,14.7523273936442
5,32,58,1,43,17.0055789631763
5,32,58,1,44,12.5975961978633
5,32,58,1,45,13.3317571792022
5,32,58,1,46,10.4705837928135
5,32,58,1,47,8.61782942385765
5,32,58,1,48,16.4522298898803
5,32,58,1,49,15.8522524521834
5,32,58,1,50,13.1318861968409
5,32,58,1,51,13.9404441360417
5,32,58,1,52,18.8901417765288
5,32,58,1,53,10.9769134719267
5,32,58,1,54,19.4745067809457
5,32,58,1,55,17.9494837603513
5,32,58,1,56,18.5198288278236
5,32,58,1,57,23.8484857915155
5,32,58,1,58,21.7311514945013
5,32,58,1,59,19.1699519932499
5,32,58,1,60,20.6512928580755
5,32,58,1,61,21.3586046705481
5,32,58,1,62,21.5566926367047
5,32,58,1,63,21.1528476260919
5,32,58,1,64,23.0464850333981
5,32,58,1,65,15.0880089752673
5,32,58,1,66,16.0838527381945
5,32,58,1,67,27.4397046584491
5,32,58,1,68,23.9942475584708
5,32,58,1,69,23.8216095809746
5,32,58,1,70,23.8405827341171
5,32,58,1,71,18.0930438721985
5,32,58,1,72,15.7078541744622
5,32,58,1,73,-3.11970514260347
5,32,58,1,74,20.1685126239911
5,32,58,1,75,16.7881207944341
5,32,58,1,76,22.6267507402072
5,32,58,1,77,20.908654678715
5,32,58,1,78,21.0862539130952
5,32,58,1,79,21.7939046210723
5,32,58,1,80,19.8182893081323
5,32,58,1,81,24.5526883258596
5,32,58,1,82,24.8331981678812
5,32,58,1,83,22.855678297441
5,32,58,1,84,24.6737197159223
5,32,58,1,85,23.4174553558741
5,32,58,1,86,22.447190083772
5,32,58,1,87,21.0588655219392
5,32,58,1,88,24.0580349143121
5,32,58,1,89,21.2904815700022
5,32,58,1,90,22.5538337863955
5,32,58,1,91,23.1178851732975
5,32,58,1,92,20.2618484818921
5,32,58,1,93,13.0145827632651
5,32,58,1,94,25.1034056511798
5,32,58,1,95,24.5133258843083
5,32,58,1,96,25.066558312382
5,32,58,1,97,25.6964667346718
5,32,58,1,98,27.0957788090871
5,32,58,1,99,25.7023188885803
5,32,58,1,100,22.1578070710908
5,32,58,1,101,22.8238572959956
5,32,58,1,102,25.7575512986756
5,32,58,1,103,25.065213742885
5,32,58,1,104,23.7573566175044
5,32,58,1,105,24.0678686330443
5,32,58,1,106,25.1084506801893
5,32,58,1,107,24.7261008356841
5,32,58,1,108,23.7889025060301
5,32,58,1,109,23.4170065125153
5,32,58,1,110,25.466735735723
5,32,58,2,111,19.778244913278
5,32,58,2,112,17.4645627779749
5,32,58,2,113,18.6035219007087
5,32,58,2,114,17.1050084188384
5,32,58,2,115,13.3644771630841
5,32,58,2,116,15.6623048307427
5,32,58,2,117,16.3601182728617
5,32,58,2,118,11.1411578328453
5,32,58,2,119,15.6408300249096
5,32,58,2,120,5.05012463328167
5,32,59,0,1,-5.96266320570115
5,32,59,0,2,-6.6536382620965
5,32,59,0,3,-7.58967081595008
5,32,59,0,4,-7.39364219234076
5,32,59,0,5,-9.90818278486363
5,32,59,0,6,-4.76856922841657
5,32,59,0,7,-5.58224564229598
5,32,59,0,8,-5.99596927396656
5,32,59,0,9,-2.18219433412507
5,32,59,0,10,-4.98491691905423
5,32,59,0,11,-1.83871311502327
5,32,59,0,12,-2.29807605026367
5,32,59,0,13,-2.83347579230152
5,32,59,0,14,-4.69985545712794
5,32,59,0,15,-4.42858510245543
5,32,59,0,16,-1.06676465708326
5,32,59,0,17,-2.42913443500092
5,32,59,0,18,-1.43574011998865
5,32,59,0,19,2.76131169589365
5,32,59,0,20,-2.79290386557878
5,32,59,0,21,-3.20006976748786
5,32,59,0,22,-2.29792581404342
5,32,59,0,23,-2.7622653694862
5,32,59,0,24,0.780083396963937
5,32,59,0,25,-3.14172964304024
5,32,59,0,26,-7.07377579082207
5,32,59,0,27,-5.88799335058328
5,32,59,0,28,-6.23128305442436
5,32,59,0,29,-5.57429145179335
5,32,59,0,30,-5.75486444159909
5,32,59,1,31,-3.11699007824804
5,32,59,1,32,-4.12841160996668
5,32,59,1,33,-4.61086292394104
5,32,59,1,34,-4.32290563627703
5,32,59,1,35,-1.49537565377133
5,32,59,1,36,-1.52442743850704
5,32,59,1,37,1.90529608846348
5,32,59,1,38,0.430255921151881
5,32,59,1,39,1.46678641196921
5,32,59,1,40,2.81107830894446
5,32,59,1,41,0.440222892756394
5,32,59,1,42,2.79040685120717
5,32,59,1,43,1.20282828863779
5,32,59,1,44,4.93707077043887
5,32,59,1,45,3.80353473080284
5,32,59,1,46,0.522943018302853
5,32,59,1,47,3.89168410883215
5,32,59,1,48,4.04872340130296
5,32,59,1,49,2.32891263032054
5,32,59,1,50,5.13009950566042
5,32,59,1,51,6.72524622327072
5,32,59,1,52,8.83360911111161
5,32,59,1,53,8.24333621017994
5,32,59,1,54,2.72901713602679
5,32,59,1,55,6.56143330898975
5,32,59,1,56,10.2909221672983
5,32,59,1,57,9.33920779727789
5,32,59,1,58,10.3742395147007
5,32,59,1,59,10.2065081765862
5,32,59,1,60,3.83008643926176
5,32,59,1,61,7.99212045016098
5,32,59,1,62,8.29850015925896
5,32,59,1,63,11.7530142228977
5,32,59,1,64,10.3029048233126
5,32,59,1,65,9.00637625632677
5,32,59,1,66,12.9333268812177
5,32,59,1,67,12.6556625455139
5,32,59,1,68,3.68835820211819
5,32,59,1,69,9.80278624706641
5,32,59,1,70,8.75116690858948
5,32,59,1,71,12.6443293592501
5,32,59,1,72,10.8404608215005
5,32,59,1,73,14.0016194101047
5,32,59,1,74,16.7287150199651
5,32,59,1,75,15.5427185306666
5,32,59,1,76,3.2470870836869
5,32,59,1,77,18.074357986228
5,32,59,1,78,15.2663754839424
5,32,59,1,79,18.1061888393939
5,32,59,1,80,18.8923502045901
5,32,59,1,81,18.61206224314
5,32,59,1,82,16.8411581883118
5,32,59,1,83,18.9404756927377
5,32,59,1,84,16.5966120590363
5,32,59,1,85,16.5639278748737
5,32,59,1,86,16.1135870387026
5,32,59,1,87,17.0404708715948
5,32,59,1,88,14.7868424261592
5,32,59,1,89,15.0916945169899
5,32,59,1,90,13.5126958700084
5,32,59,1,91,8.57865775606834
5,32,59,1,92,19.5032392092107
5,32,59,1,93,16.4139159258873
5,32,59,1,94,14.30660446814
5,32,59,1,95,15.0873839112153
5,32,59,1,96,7.38165017564548
5,32,59,1,97,10.4107019792001
5,32,59,1,98,15.9976448392075
5,32,59,1,99,13.5796851872781
5,32,59,1,100,17.9205226288525
5,32,59,1,101,14.8773105289024
5,32,59,1,102,19.8063446266769
5,32,59,1,103,11.2893462649492
5,32,59,1,104,11.9041645746922
5,32,59,1,105,8.02176521058031
5,32,59,1,106,12.9230797827744
5,32,59,1,107,11.5377996968508
5,32,59,1,108,16.1042590951666
5,32,59,1,109,14.5190330896153
5,32,59,1,110,10.8308127481803
5,32,59,2,111,11.9055652269118
5,32,59,2,112,15.2700440183258
5,32,59,2,113,6.75899984539537
5,32,59,2,114,10.4098852526356
5,32,59,2,115,15.3533531840195
5,32,59,2,116,14.1024343762514
5,32,59,2,117,13.9762202349558
5,32,59,2,118,13.0871646332976
5,32,59,2,119,11.1951182066274
5,32,59,2,120,11.8640957661585
5,32,60,0,1,-6.67889316878714
5,32,60,0,2,-0.0694436236019829
5,32,60,0,3,1.39305668084691
5,32,60,0,4,1.3415727171238
5,32,60,0,5,-0.167188528277034
5,32,60,0,6,3.12428671631559
5,32,60,0,7,2.93294061603043
5,32,60,0,8,-3.35733665681898
5,32,60,0,9,1.48083370394209
5,32,60,0,10,1.16639842211894
5,32,60,0,11,-2.27638096981575
5,32,60,0,12,0.769985278909763
5,32,60,0,13,0.886720840721871
5,32,60,0,14,-2.4468182491138
5,32,60,0,15,1.80527696356364
5,32,60,0,16,1.21322645068234
5,32,60,0,17,-3.06713520440296
5,32,60,0,18,-4.32808039713942
5,32,60,0,19,2.43135722822673
5,32,60,0,20,-3.1807349071101
5,32,60,0,21,-2.74422738683981
5,32,60,0,22,-3.6979372259947
5,32,60,0,23,1.71232548927709
5,32,60,0,24,1.3627489132451
5,32,60,0,25,-2.74756009573461
5,32,60,0,26,-0.459944600180827
5,32,60,0,27,-2.65178188541004
5,32,60,0,28,-5.90504877276369
5,32,60,0,29,2.96952840309549
5,32,60,0,30,-2.37647737450903
5,32,60,1,31,-5.08307519662621
5,32,60,1,32,-4.30233080106955
5,32,60,1,33,-3.5507331964389
5,32,60,1,34,-0.18338989390596
5,32,60,1,35,-1.22024737645607
5,32,60,1,36,0.88151714298146
5,32,60,1,37,-2.08402391745797
5,32,60,1,38,-0.35862581959108
5,32,60,1,39,-0.513542784742189
5,32,60,1,40,6.40067825088547
5,32,60,1,41,4.93880489079751
5,32,60,1,42,-3.47292696381903
5,32,60,1,43,2.36202140603832
5,32,60,1,44,-2.48933991295169
5,32,60,1,45,1.78527232098273
5,32,60,1,46,10.4408443833904
5,32,60,1,47,1.64468475467712
5,32,60,1,48,5.43601263725828
5,32,60,1,49,3.36657427832867
5,32,60,1,50,0.370060271240581
5,32,60,1,51,5.88770594505359
5,32,60,1,52,10.3751437718616
5,32,60,1,53,6.89855525192369
5,32,60,1,54,5.69478451837919
5,32,60,1,55,5.02704687445985
5,32,60,1,56,9.16303707646982
5,32,60,1,57,19.4250333652657
5,32,60,1,58,18.2518296083836
5,32,60,1,59,9.97049247676052
5,32,60,1,60,16.467542154408
5,32,60,1,61,19.3544050444299
5,32,60,1,62,17.6645615865208
5,32,60,1,63,15.1971695088607
5,32,60,1,64,14.12339195607
5,32,60,1,65,15.8797838468932
5,32,60,1,66,18.0756151874865
5,32,60,1,67,19.8782562358935
5,32,60,1,68,18.5630155858593
5,32,60,1,69,24.607764757274
5,32,60,1,70,24.3383733251962
5,32,60,1,71,18.1649258936928
5,32,60,1,72,26.2201238575936
5,32,60,1,73,27.3019641156426
5,32,60,1,74,26.2093072206742
5,32,60,1,75,26.1316927389861
5,32,60,1,76,21.2602943421112
5,32,60,1,77,31.9354638211457
5,32,60,1,78,28.1928030166283
5,32,60,1,79,23.1584018081552
5,32,60,1,80,23.7123314882927
5,32,60,1,81,23.2074415900454
5,32,60,1,82,23.9382794100128
5,32,60,1,83,21.6499993170662
5,32,60,1,84,20.0826977635081
5,32,60,1,85,15.6413056902579
5,32,60,1,86,20.4434710325726
5,32,60,1,87,20.7813719858458
5,32,60,1,88,16.2368866262395
5,32,60,1,89,15.328205744466
5,32,60,1,90,19.5576275303703
5,32,60,1,91,22.1262485022435
5,32,60,1,92,17.2100055177101
5,32,60,1,93,22.1592247372516
5,32,60,1,94,15.126614639561
5,32,60,1,95,19.2228245031761
5,32,60,1,96,18.3832071341038
5,32,60,1,97,18.7411633115142
5,32,60,1,98,24.8469553095001
5,32,60,1,99,18.2777693159624
5,32,60,1,100,22.9023061287501
5,32,60,1,101,16.8708644760291
5,32,60,1,102,25.0686233493359
5,32,60,1,103,27.5169130248916
5,32,60,1,104,19.2413077215988
5,32,60,1,105,14.0811241667792
5,32,60,1,106,23.895156764715
5,32,60,1,107,24.7071216394187
5,32,60,1,108,21.8147564930537
5,32,60,1,109,23.9866047488872
5,32,60,1,110,21.1978616591798
5,32,60,2,111,18.5514573190409
5,32,60,2,112,17.0578165672886
5,32,60,2,113,20.4131124506005
5,32,60,2,114,15.3868196844917
5,32,60,2,115,21.1301444169764
5,32,60,2,116,17.5509003045196
5,32,60,2,117,14.7530645524039
5,32,60,2,118,16.7567877275455
5,32,60,2,119,16.3869744668777
5,32,60,2,120,14.7658009072008
6,64,61,0,1,1.37470094637948
6,64,61,0,2,-4.31814625152831
6,64,61,0,3,-1.20554408631968
6,64,61,0,4,-5.75983804468691
6,64,61,0,5,1.64071127590161
6,64,61,0,6,0.361134503305887
6,64,61,0,7,-1.41435840726148
6,64,61,0,8,-2.58142211920138
6,64,61,0,9,-4.96826000983547
6,64,61,0,10,-2.10277664432738
6,64,61,0,11,-4.79684980143458
6,64,61,0,12,-7.19088051664227
6,64,61,0,13,-3.38731598380013
6,64,61,0,14,-3.13822557534353
6,64,61,0,15,-6.04967168370458
6,64,61,0,16,-2.62209589991563
6,64,61,0,17,-4.16340892694528
6,64,61,0,18,-6.16084174975832
6,64,61,0,19,-1.60236951103949
6,64,61,0,20,-3.90940063933439
6,64,61,0,21,-3.60225406636412
6,64,61,0,22,-3.56356073275326
6,64,61,0,23,0.648097649323908
6,64,61,0,24,-5.95978015520581
6,64,61,0,25,-6.05114524508861
6,64,61,0,26,-7.88087328178319
6,64,61,0,27,-3.41812195088016
6,64,61,0,28,-3.73183776406161
6,64,61,0,29,3.49200972792403
6,64,61,0,30,-6.98468933435131
6,64,61,1,31,1.40663583718772
6,64,61,1,32,-6.13432230952017
6,64,61,1,33,-4.61657277052001
6,64,61,1,34,-3.98492675353234
6,64,61,1,35,-2.73805369804398
6,64,61,1,36,-3.90743641261981
6,64,61,1,37,-1.85350921724713
6,64,61,1,38,-1.4456519985702
6,64,61,1,39,-0.531750724996825
6,64,61,1,40,1.15160694501644
6,64,61,1,41,7.45034897865196
6,64,61,1,42,0.537585643264931
6,64,61,1,43,2.83279230337981
6,64,61,1,44,5.41519837492814
6,64,61,1,45,6.54881953475496
6,64,61,1,46,7.17919889817879
6,64,61,1,47,5.86811625458485
6,64,61,1,48,-1.10163443112056
6,64,61,1,49,6.06528270344386
6,64,61,1,50,4.31640412869786
6,64,61,1,51,4.1257535633904
6,64,61,1,52,1.44727551894672
6,64,61,1,53,4.82401312345498
6,64,61,1,54,9.42027106257758
6,64,61,1,55,5.85450563137155
6,64,61,1,56,5.53659869547024
6,64,61,1,57,10.2307060092547
6,64,61,1,58,12.2962687820613
6,64,61,1,59,5.81502068374954
6,64,61,1,60,7.16056538929279
6,64,61,1,61,3.96515855305425
6,64,61,1,62,5.4839083615205
6,64,61,1,63,9.15953168179165
6,64,61,1,64,9.52250877555536
6,64,61,1,65,2.22872499826413
6,64,61,1,66,10.4724049588029
6,64,61,1,67,8.10814011402104
6,64,61,1,68,3.03141626752155
6,64,61,1,69,8.33929275331918
6,64,61,1,70,4.57884560058774
6,64,61,1,71,4.40700561712625
6,64,61,1,72,6.40041949535453
6,64,61,1,73,12.7174173578282
6,64,61,1,74,0.913637800713144
6,64,61,1,75,7.38899766266609
6,64,61,1,76,5.60881191487861
6,64,61,1,77,2.09803983042756
6,64,61,1,78,2.17755104326132
6,64,61,1,79,8.63379675256267
6,64,61,1,80,6.11168417655416
6,64,61,1,81,6.1389000428616
6,64,61,1,82,6.47009068540171
6,64,61,1,83,3.1026666438507
6,64,61,1,84,9.32728342140003
6,64,61,1,85,6.45644340639288
6,64,61,1,86,6.7145021181129
6,64,61,1,87,3.11315403381473
6,64,61,1,88,3.23240390288925
6,64,61,1,89,7.21067040652377
6,64,61,1,90,7.10008753728686
6,64,61,1,91,7.59894732322422
6,64,61,1,92,2.48477653578458
6,64,61,1,93,11.869687439945
6,64,61,1,94,10.3540288519548
6,64,61,1,95,9.11029128898188
6,64,61,1,96,8.72024578481468
6,64,61,1,97,9.54393239144271
6,64,61,1,98,3.57155943724367
6,64,61,1,99,7.02524370264298
6,64,61,1,100,6.80120141626092
6,64,61,1,101,-0.365447197634099
6,64,61,1,102,7.66723372403709
6,64,61,1,103,6.02922911688896
6,64,61,1,104,8.36430822805612
6,64,61,1,105,9.87196307625903
6,64,61,1,106,6.62561896543631
6,64,61,1,107,9.27377094170751
6,64,61,1,108,8.82100269574757
6,64,61,1,109,8.93099926293813
6,64,61,1,110,6.25006087781637
6,64,61,2,111,2.78022209178593
6,64,61,2,112,-3.87825637444363
6,64,61,2,113,-1.16889847351779
6,64,61,2,114,-2.80989619917846
6,64,61,2,115,3.93045994070003
6,64,61,2,116,-4.20138166139562
6,64,61,2,117,2.77676477932194
6,64,61,2,118,-2.19280281329364
6,64,61,2,119,-2.0865614442118
6,64,61,2,120,2.71190011964364
6,64,62,0,1,-8.8290612819084
6,64,62,0,2,-6.54009322547224
6,64,62,0,3,-6.68446708701196
6,64,62,0,4,-3.11122489814756
6,64,62,0,5,1.1849641129184
6,64,62,0,6,-1.28143683847737
6,64,62,0,7,-1.9976626487321
6,64,62,0,8,-1.34420884180164
6,64,62,0,9,-0.610950351406975
6,64,62,0,10,-3.79387232863113
6,64,62,0,11,-3.29178654970889
6,64,62,0,12,-1.01741845864044
6,64,62,0,13,-1.88927385121201
6,64,62,0,14,-2.83906614166033
6,64,62,0,15,-3.27287902182058
6,64,62,0,16,-0.922065952857017
6,64,62,0,17,-4.01274783799126
6,64,62,0,18,-5.18024432565353
6,64,62,0,19,-2.85303359430687
6,64,62,0,20,-2.66093534608782
6,64,62,0,21,-4.47167289832874
6,64,62,0,22,-1.76790694013575
6,64,62,0,23,-0.680840024092271
6,64,62,0,24,-3.23860091543776
6,64,62,0,25,-3.03323701405368
6,64,62,0,26,-6.17207180363566
6,64,62,0,27,-5.40070162202394
6,64,62,0,28,-2.10197556291296
6,64,62,0,29,-4.6846873264142
6,64,62,0,30,-2.00723841536657
6,64,62,1,31,1.41922045761379
6,64,62,1,32,0.103573524567719
6,64,62,1,33,-1.67533249342121
6,64,62,1,34,-1.23867816207908
6,64,62,1,35,-0.221545188913331
6,64,62,1,36,0.112711661190164
6,64,62,1,37,1.6914922234381
6,64,62,1,38,-0.0173719072310125
6,64,62,1,39,0.368865809160468
6,64,62,1,40,3.04105276697725
6,64,62,1,41,-2.17241854832415
6,64,62,1,42,-1.02835850364359
6,64,62,1,43,3.58458405764161
6,64,62,1,44,1.40345168863579
6,64,62,1,45,-0.51427959216253
6,64,62,1,46,3.50752249169684
6,64,62,1,47,2.2471443287829
6,64,62,1,48,3.37582152121178
6,64,62,1,49,0.706426602956494
6,64,62,1,50,1.53216620206685
6,64,62,1,51,3.0544697382325
6,64,62,1,52,2.03780614719754
6,64,62,1,53,-1.51357208283964
6,64,62,1,54,2.88258136853599
6,64,62,1,55,6.16820776230049
6,64,62,1,56,2.6805667213363
6,64,62,1,57,1.62040527131176
6,64,62,1,58,3.44559468167363
6,64,62,1,59,2.78346071318683
6,64,62,1,60,-0.636659448907478
6,64,62,1,61,3.82978104220196
6,64,62,1,62,8.01847552718599
6,64,62,1,63,2.69474698573387
6,64,62,1,64,1.57347964690382
6,64,62,1,65,4.56871950427414
6,64,62,1,66,5.29932638798459
6,64,62,1,67,7.44146186409374
6,64,62,1,68,7.38667297322605
6,64,62,1,69,2.41111275077552
6,64,62,1,70,3.53857047785133
6,64,62,1,71,0.207439553542548
6,64,62,1,72,3.4946786604939
6,64,62,1,73,1.9710543994401
6,64,62,1,74,3.94057518254734
6,64,62,1,75,5.13498506267894
6,64,62,1,76,5.14750615288842
6,64,62,1,77,4.01760490942018
6,64,62,1,78,4.33776110198588
6,64,62,1,79,4.95376081239885
6,64,62,1,80,3.50156959723124
6,64,62,1,81,2.28154292478289
6,64,62,1,82,5.5856333363771
6,64,62,1,83,3.04824647845895
6,64,62,1,84,4.7606915427745
6,64,62,1,85,3.77860714226409
6,64,62,1,86,1.90676738171191
6,64,62,1,87,2.70806381676086
6,64,62,1,88,3.22463704080985
6,64,62,1,89,2.7537032280815
6,64,62,1,90,4.69988174015302
6,64,62,1,91,5.84118263491678
6,64,62,1,92,5.49056106259991
6,64,62,1,93,5.83721307182219
6,64,62,1,94,7.14873626999625
6,64,62,1,95,0.269231528425517
6,64,62,1,96,3.63609809754451
6,64,62,1,97,0.994766851480048
6,64,62,1,98,4.95631162916976
6,64,62,1,99,4.20479346088573
6,64,62,1,100,6.68361529181721
6,64,62,1,101,5.31645477487123
6,64,62,1,102,4.95629118781637
6,64,62,1,103,4.27213806069714
6,64,62,1,104,5.96552113458138
6,64,62,1,105,8.98615809758482
6,64,62,1,106,7.20741425319231
6,64,62,1,107,7.9841844242239
6,64,62,1,108,10.9099669407907
6,64,62,1,109,7.2814497135319
6,64,62,1,110,5.31543906490289
6,64,62,2,111,4.54649600476774
6,64,62,2,112,4.19934884174141
6,64,62,2,113,5.14298891341707
6,64,62,2,114,5.77102470554676
6,64,62,2,115,4.57972366144915
6,64,62,2,116,10.8633409203722
6,64,62,2,117,8.08133805097505
6,64,62,2,118,4.57320144777951
6,64,62,2,119,6.57397442672616
6,64,62,2,120,2.290446986999
6,64,63,0,1,2.9988190132251
6,64,63,0,2,2.13374532907664
6,64,63,0,3,2.83376817731362
6,64,63,0,4,2.76220961050172
6,64,63,0,5,1.2310817135055
6,64,63,0,6,-3.05929273679642
6,64,63,0,7,1.68504187517514
6,64,63,0,8,-0.431262528191356
6,64,63,0,9,-0.496856599484243
6,64,63,0,10,-1.44285718597703
6,64,63,0,11,1.49449335798165
6,64,63,0,12,-3.08044624705399
6,64,63,0,13,-4.54308958373279
6,64,63,0,14,0.09044069706618
6,64,63,0,15,-2.23417499314731
6,64,63,0,16,2.85351202311598
6,64,63,0,17,-2.56364631312039
6,64,63,0,18,-2.35797412599609
6,64,63,0,19,1.02455876957174
6,64,63,0,20,-1.39156222907589
6,64,63,0,21,-5.51774921789898
6,64,63,0,22,-0.890218687481588
6,64,63,0,23,-2.22558060218801
6,64,63,0,24,-1.8613972080816
6,64,63,0,25,1.75083083593748
6,64,63,0,26,-4.41527539032188
6,64,63,0,27,-0.933542454382083
6,64,63,0,28,0.883555098948455
6,64,63,0,29,-0.155986756510038
6,64,63,0,30,-3.19251597709253
6,64,63,1,31,-3.39106982516097
6,64,63,1,32,1.66217946973937
6,64,63,1,33,-1.12922216469667
6,64,63,1,34,0.229925815186757
6,64,63,1,35,-0.947294789708965
6,64,63,1,36,0.930343100473348
6,64,63,1,37,2.44578073608715
6,64,63,1,38,4.73815100434116
6,64,63,1,39,0.571740244094484
6,64,63,1,40,0.0710902179390307
6,64,63,1,41,3.71508864549961
6,64,63,1,42,-0.511961775863758
6,64,63,1,43,1.63112873442723
6,64,63,1,44,4.28973545826691
6,64,63,1,45,-1.52940428016357
6,64,63,1,46,-0.628948150945442
6,64,63,1,47,4.49223097586679
6,64,63,1,48,4.0719301244564
6,64,63,1,49,3.37744992339071
6,64,63,1,50,2.81045086433621
6,64,63,1,51,3.58002838688893
6,64,63,1,52,-0.613495014830285
6,64,63,1,53,3.65706072082253
6,64,63,1,54,3.65400160658447
6,64,63,1,55,6.17448848404845
6,64,63,1,56,2.76401820820183
6,64,63,1,57,9.21224458791195
6,64,63,1,58,3.71189381068358
6,64,63,1,59,4.24542982551975
6,64,63,1,60,10.5384313113786
6,64,63,1,61,6.08423576313995
6,64,63,1,62,6.05471622056769
6,64,63,1,63,6.87514806305874
6,64,63,1,64,4.18670755263638
6,64,63,1,65,3.14815889761079
6,64,63,1,66,3.65215915435097
6,64,63,1,67,2.24372869184557
6,64,63,1,68,6.40363322971986
6,64,63,1,69,2.80840536127875
6,64,63,1,70,1.032820210801
6,64,63,1,71,5.30483865559249
6,64,63,1,72,2.81824515141241
6,64,63,1,73,2.69543905920248
6,64,63,1,74,5.0917562906244
6,64,63,1,75,4.36280258035453
6,64,63,1,76,7.96313955023819
6,64,63,1,77,7.67375021991766
6,64,63,1,78,6.2026320528598
6,64,63,1,79,5.29367902295386
6,64,63,1,80,3.26883054341562
6,64,63,1,81,6.5885729221108
6,64,63,1,82,6.94219814162934
6,64,63,1,83,10.4639997515466
6,64,63,1,84,3.57253202280388
6,64,63,1,85,6.11531742171014
6,64,63,1,86,7.26479098145876
6,64,63,1,87,5.12808363933127
6,64,63,1,88,6.45750239450102
6,64,63,1,89,10.2278441715226
6,64,63,1,90,9.39991734511581
6,64,63,1,91,9.33984758011813
6,64,63,1,92,8.93916180186559
6,64,63,1,93,7.28515167485594
6,64,63,1,94,8.68171305695954
6,64,63,1,95,8.06578648739493
6,64,63,1,96,4.72220057372894
6,64,63,1,97,8.52508959321107
6,64,63,1,98,8.94124793464198
6,64,63,1,99,6.72604673070203
6,64,63,1,100,10.8409318927651
6,64,63,1,101,8.02547290314419
6,64,63,1,102,7.69106659373135
6,64,63,1,103,9.14682670779207
6,64,63,1,104,8.49342243651336
6,64,63,1,105,5.81799318129031
6,64,63,1,106,9.59906041408618
6,64,63,1,107,9.31731911108979
6,64,63,1,108,10.0646417282514
6,64,63,1,109,9.83437266968433
6,64,63,1,110,7.35786167855673
6,64,63,2,111,8.02500014322231
6,64,63,2,112,6.93795624970856
6,64,63,2,113,9.04889485348855
6,64,63,2,114,7.58216083222213
6,64,63,2,115,4.72610720972519
6,64,63,2,116,2.91239931400763
6,64,63,2,117,10.0129821167543
6,64,63,2,118,6.14051299103316
6,64,63,2,119,5.23792176800552
6,64,63,2,120,8.84894820994118
6,64,64,0,1,-1.91669799206219
6,64,64,0,2,3.35434991150898
6,64,64,0,3,2.09480438326408
6,64,64,0,4,1.6569577209902
6,64,64,0,5,-0.784712169775452
6,64,64,0,6,-0.408827367122245
6,64,64,0,7,2.72902043136507
6,64,64,0,8,1.65846990853813
6,64,64,0,9,0.469684737856349
6,64,64,0,10,1.74991941226752
6,64,64,0,11,-0.6857862476772
6,64,64,0,12,0.939626656006533
6,64,64,0,13,2.06637289929497
6,64,64,0,14,2.46633638715276
6,64,64,0,15,-0.16968844522452
6,64,64,0,16,4.92371576157247
6,64,64,0,17,-1.94089358762911
6,64,64,0,18,-2.18620073583392
6,64,64,0,19,4.26452030777771
6,64,64,0,20,-1.5224839365597
6,64,64,0,21,-0.156208096856252
6,64,64,0,22,2.76499330086828
6,64,64,0,23,2.92172199493814
6,64,64,0,24,2.27034196964369
6,64,64,0,25,2.26047180540524
6,64,64,0,26,2.52827744343034
6,64,64,0,27,2.04468311363241
6,64,64,0,28,-0.410067983964895
6,64,64,0,29,1.73539101723802
6,64,64,0,30,-1.6594123745899
6,64,64,1,31,-1.22295472279659
6,64,64,1,32,-2.93996480911475
6,64,64,1,33,-1.78932827314521
6,64,64,1,34,-0.527607131482344
6,64,64,1,35,2.82516585421929
6,64,64,1,36,1.72148315236937
6,64,64,1,37,2.09511637174913
6,64,64,1,38,3.0712030664868
6,64,64,1,39,6.78812548744319
6,64,64,1,40,4.36559507507731
6,64,64,1,41,10.4933836911507
6,64,64,1,42,6.8792983232319
6,64,64,1,43,10.1730549522043
6,64,64,1,44,9.16333034240416
6,64,64,1,45,9.52216789414684
6,64,64,1,46,9.24981655100899
6,64,64,1,47,9.96263475507631
6,64,64,1,48,12.3517589155112
6,64,64,1,49,12.337985790976
6,64,64,1,50,10.1741430289305
6,64,64,1,51,8.9619761171122
6,64,64,1,52,12.4961372743902
6,64,64,1,53,9.99402068726066
6,64,64,1,54,11.0454320968314
6,64,64,1,55,9.18502304841604
6,64,64,1,56,11.1189898151774
6,64,64,1,57,8.9022043608082
6,64,64,1,58,9.28820034777495
6,64,64,1,59,12.6403897445925
6,64,64,1,60,6.51528035666165
6,64,64,1,61,8.83205729697301
6,64,64,1,62,9.47109939105977
6,64,64,1,63,12.8072908552938
6,64,64,1,64,10.6715757708656
6,64,64,1,65,13.612773064286
6,64,64,1,66,13.0797811449093
6,64,64,1,67,8.40976784903816
6,64,64,1,68,11.6184892743911
6,64,64,1,69,13.1444282822556
6,64,64,1,70,14.4537844212893
6,64,64,1,71,7.12723834125762
6,64,64,1,72,12.204145691787
6,64,64,1,73,12.8205118149018
6,64,64,1,74,9.7166305047774
6,64,64,1,75,12.2363830887342
6,64,64,1,76,13.434195450504
6,64,64,1,77,12.359843169734
6,64,64,1,78,17.3707842559093
6,64,64,1,79,12.221596372377
6,64,64,1,80,13.2673969251915
6,64,64,1,81,12.6674845906699
6,64,64,1,82,13.2557767049524
6,64,64,1,83,11.8855242226414
6,64,64,1,84,10.0379516314856
6,64,64,1,85,12.0238444021394
6,64,64,1,86,13.9432896436092
6,64,64,1,87,10.1090020975431
6,64,64,1,88,14.7494560374325
6,64,64,1,89,15.5456536992923
6,64,64,1,90,12.762157525029
6,64,64,1,91,12.4398101650439
6,64,64,1,92,15.979116969583
6,64,64,1,93,16.1901144121713
6,64,64,1,94,15.8198058418162
6,64,64,1,95,17.4367287468954
6,64,64,1,96,17.5538388198081
6,64,64,1,97,18.5985633304648
6,64,64,1,98,17.1493425532577
6,64,64,1,99,16.533427077399
6,64,64,1,100,16.4458778881987
6,64,64,1,101,14.7125312628294
6,64,64,1,102,14.1655496682571
6,64,64,1,103,17.9463050747131
6,64,64,1,104,15.2695614409499
6,64,64,1,105,13.9055568382633
6,64,64,1,106,11.4588553201892
6,64,64,1,107,11.7904275868438
6,64,64,1,108,12.86692425185
6,64,64,1,109,12.2196486015739
6,64,64,1,110,12.2754234875477
6,64,64,2,111,14.3331634792763
6,64,64,2,112,9.04971424415609
6,64,64,2,113,12.2712287935694
6,64,64,2,114,12.4529701680868
6,64,64,2,115,11.2393568996886
6,64,64,2,116,9.23647884753245
6,64,64,2,117,9.25462314214827
6,64,64,2,118,8.71217985796977
6,64,64,2,119,12.884071584824
6,64,64,2,120,10.4611023834005
6,64,65,0,1,-3.71677080357164
6,64,65,0,2,0.423622216689575
6,64,65,0,3,-1.17288188128136
6,64,65,0,4,1.23850379073154
6,64,65,0,5,0.959875090366186
6,64,65,0,6,-1.10686606235688
6,64,65,0,7,-1.67332398838905
6,64,65,0,8,-2.205719749117
6,64,65,0,9,-0.499076329959232
6,64,65,0,10,-0.636215769051912
6,64,65,0,11,-2.5225948200603
6,64,65,0,12,1.48036891767386
6,64,65,0,13,0.214940308504176
6,64,65,0,14,-0.994530257648799
6,64,65,0,15,-3.07738215172361
6,64,65,0,16,-3.18204359959684
6,64,65,0,17,2.42608330907924
6,64,65,0,18,-2.61622837524511
6,64,65,0,19,-0.766452694319551
6,64,65,0,20,-1.04009987562402
6,64,65,0,21,0.197567553894612
6,64,65,0,22,-0.809361929695409
6,64,65,0,23,-0.765955150794985
6,64,65,0,24,-0.441355941263821
6,64,65,0,25,-1.16062718414074
6,64,65,0,26,-2.42941714932651
6,64,65,0,27,-0.887019300237771
6,64,65,0,28,-3.00131957042238
6,64,65,0,29,-0.586350460214502
6,64,65,0,30,-3.58201116284433
6,64,65,1,31,-1.54977160546857
6,64,65,1,32,-1.87212063288261
6,64,65,1,33,1.26986267791992
6,64,65,1,34,2.1179030272727
6,64,65,1,35,1.80005862920162
6,64,65,1,36,4.79291634411648
6,64,65,1,37,-0.865876203395219
6,64,65,1,38,0.635870745404317
6,64,65,1,39,1.60746752821453
6,64,65,1,40,-2.06886945558081
6,64,65,1,41,1.99418612943075
6,64,65,1,42,0.258435834187623
6,64,65,1,43,-2.44270805171077
6,64,65,1,44,1.50249867815369
6,64,65,1,45,-1.51365788666911
6,64,65,1,46,-1.75582102962259
6,64,65,1,47,1.6429829997826
6,64,65,1,48,2.48573642290337
6,64,65,1,49,-0.896102178368763
6,64,65,1,50,-4.17611082122784
6,64,65,1,51,1.06592170285217
6,64,65,1,52,1.06494263077891
6,64,65,1,53,1.6399753512073
6,64,65,1,54,6.15907520417982
6,64,65,1,55,4.83576961327319
6,64,65,1,56,4.1813682327578
6,64,65,1,57,2.87757689456641
6,64,65,1,58,1.74778648813348
6,64,65,1,59,3.70527603018763
6,64,65,1,60,3.58098806449287
6,64,65,1,61,2.99386207247096
6,64,65,1,62,-0.580191337323932
6,64,65,1,63,1.53323381876009
6,64,65,1,64,4.26834594359293
6,64,65,1,65,2.08047220592237
6,64,65,1,66,-1.2534408035933
6,64,65,1,67,0.504424619441354
6,64,65,1,68,1.75986431100053
6,64,65,1,69,0.612682229184985
6,64,65,1,70,0.339732417667572
6,64,65,1,71,2.06612001120152
6,64,65,1,72,0.364602726119056
6,64,65,1,73,1.89034446794726
6,64,65,1,74,-0.1950313883302
6,64,65,1,75,2.87087651696826
6,64,65,1,76,1.02835226009279
6,64,65,1,77,2.01189338393046
6,64,65,1,78,0.177548182422616
6,64,65,1,79,-1.78079431562646
6,64,65,1,80,0.0440732536541474
6,64,65,1,81,2.09134110784837
6,64,65,1,82,0.315212553807846
6,64,65,1,83,-0.796659967796151
6,64,65,1,84,2.01290876756207
6,64,65,1,85,-0.715289334624378
6,64,65,1,86,0.546334801801757
6,64,65,1,87,2.09644498238129
6,64,65,1,88,0.529011162891125
6,64,65,1,89,1.81414702575558
6,64,65,1,90,2.7872428647344
6,64,65,1,91,-0.522051519039353
6,64,65,1,92,-2.13079969868011
6,64,65,1,93,6.94286184975463
6,64,65,1,94,0.693246116832055
6,64,65,1,95,1.28622470761505
6,64,65,1,96,-1.10427681327789
6,64,65,1,97,-0.0447398388871116
6,64,65,1,98,0.145455968904816
6,64,65,1,99,0.128307369242101
6,64,65,1,100,0.968453097225192
6,64,65,1,101,3.60400877193128
6,64,65,1,102,0.600810060183336
6,64,65,1,103,-0.973379828858413
6,64,65,1,104,1.74343920504331
6,64,65,1,105,0.57812843975456
6,64,65,1,106,1.87864680429738
6,64,65,1,107,0.257629426746896
6,64,65,1,108,2.26337433838939
6,64,65,1,109,0.455414014745292
6,64,65,1,110,1.45934925370718
6,64,65,2,111,-1.44241775170903
6,64,65,2,112,0.482477854893884
6,64,65,2,113,1.2615009943639
6,64,65,2,114,1.31782527431688
6,64,65,2,115,-1.042663023662
6,64,65,2,116,1.8273870723827
6,64,65,2,117,-1.38242461638694
6,64,65,2,118,0.281301837537588
6,64,65,2,119,-1.26216352592783
6,64,65,2,120,7.33229476082648
6,64,66,0,1,-5.82090247159882
6,64,66,0,2,-6.14095791571222
6,64,66,0,3,-4.87919243211562
6,64,66,0,4,-3.92578527950689
6,64,66,0,5,-0.424250623789379
6,64,66,0,6,-0.953639716576129
6,64,66,0,7,-1.76751697490147
6,64,66,0,8,-4.9271497394616
6,64,66,0,9,-2.63114322689522
6,64,66,0,10,-2.62398460718875
6,64,66,0,11,-0.201041689017815
6,64,66,0,12,-3.08023855348211
6,64,66,0,13,-2.20182702865327
6,64,66,0,14,-4.13501045881334
6,64,66,0,15,-1.54534898300343
6,64,66,0,16,0.702185616798284
6,64,66,0,17,-0.966757926190062
6,64,66,0,18,-0.555710655317502
6,64,66,0,19,-1.89668394302989
6,64,66,0,20,0.00370446282807313
6,64,66,0,21,-0.224148012601617
6,64,66,0,22,-1.14857792642117
6,64,66,0,23,-5.79753840583149
6,64,66,0,24,-1.92667157638339
6,64,66,0,25,-7.13620705740396
6,64,66,0,26,-1.51524877071132
6,64,66,0,27,-6.45045807607123
6,64,66,0,28,-1.84949667348332
6,64,66,0,29,-1.96243961966254
6,64,66,0,30,-2.64724596829463
6,64,66,1,31,-5.27617093412303
6,64,66,1,32,-7.3327018572264
6,64,66,1,33,-5.34727332529905
6,64,66,1,34,-3.61255846263749
6,64,66,1,35,-6.23418919232945
6,64,66,1,36,-3.33820596561652
6,64,66,1,37,-5.84401814996165
6,64,66,1,38,-3.83424141976772
6,64,66,1,39,-0.615572847407557
6,64,66,1,40,-3.14206364734869
6,64,66,1,41,-0.137440599072758
6,64,66,1,42,-1.54502848845369
6,64,66,1,43,-4.57870620509957
6,64,66,1,44,-2.17457547324661
6,64,66,1,45,-1.38778428325698
6,64,66,1,46,-1.77050741811259
6,64,66,1,47,0.188197826751271
6,64,66,1,48,-1.46808432435811
6,64,66,1,49,-3.47731077415838
6,64,66,1,50,-1.20095706057996
6,64,66,1,51,-1.62111869077647
6,64,66,1,52,0.414249277697874
6,64,66,1,53,-1.68911538313205
6,64,66,1,54,1.59336141262151
6,64,66,1,55,-1.01835265588468
6,64,66,1,56,-0.227936751365642
6,64,66,1,57,-1.29267173841106
6,64,66,1,58,-4.60954634757863
6,64,66,1,59,0.341668598026736
6,64,66,1,60,-2.62086061406266
6,64,66,1,61,0.282920648878221
6,64,66,1,62,3.324163843035
6,64,66,1,63,2.82846268015772
6,64,66,1,64,6.84176788680225
6,64,66,1,65,2.47674212088041
6,64,66,1,66,1.59961199067887
6,64,66,1,67,2.70680916149553
6,64,66,1,68,2.58172515981353
6,64,66,1,69,-1.17192186245347
6,64,66,1,70,3.43653920455192
6,64,66,1,71,5.14907326272044
6,64,66,1,72,8.57016935893056
6,64,66,1,73,2.39213845391534
6,64,66,1,74,4.17133355266803
6,64,66,1,75,3.19761531035439
6,64,66,1,76,2.8415702459111
6,64,66,1,77,3.09726805009398
6,64,66,1,78,1.25693448255963
6,64,66,1,79,-0.76381727281369
6,64,66,1,80,3.36428537107463
6,64,66,1,81,4.5259478828468
6,64,66,1,82,3.87090771997415
6,64,66,1,83,5.31990453615933
6,64,66,1,84,3.6817535202126
6,64,66,1,85,0.994550775393193
6,64,66,1,86,3.99233208194535
6,64,66,1,87,0.189447566342867
6,64,66,1,88,0.885166756900114
6,64,66,1,89,2.8970291109039
6,64,66,1,90,3.67627347368586
6,64,66,1,91,4.54453550990248
6,64,66,1,92,1.8690688291105
6,64,66,1,93,0.89442162972133
6,64,66,1,94,2.61327465668543
6,64,66,1,95,1.87026766577575
6,64,66,1,96,2.884014721156
6,64,66,1,97,2.706933207172
6,64,66,1,98,1.56993930912158
6,64,66,1,99,3.61677995262461
6,64,66,1,100,-0.204197140627606
6,64,66,1,101,4.7526021278838
6,64,66,1,102,1.52483108615033
6,64,66,1,103,1.3479984565457
6,64,66,1,104,0.315312952969034
6,64,66,1,105,2.07092301176279
6,64,66,1,106,2.72617294447812
6,64,66,1,107,3.43920176362787
6,64,66,1,108,4.04424171122874
6,64,66,1,109,2.34717157099245
6,64,66,1,110,5.1036347293154
6,64,66,2,111,-1.20076612874443
6,64,66,2,112,-2.73096414374144
6,64,66,2,113,0.363297388678087
6,64,66,2,114,-1.28254412198984
6,64,66,2,115,-0.154723265431153
6,64,66,2,116,2.6211733569486
6,64,66,2,117,0.0696482538866761
6,64,66,2,118,-1.65462046842578
6,64,66,2,119,0.387763949095455
6,64,66,2,120,0.312277777628517
6,64,67,0,1,0.574332964612403
6,64,67,0,2,-2.29853149029725
6,64,67,0,3,-2.43571935818617
6,64,67,0,4,0.122041259172875
6,64,67,0,5,-2.96688580030042
6,64,67,0,6,-4.65984267159504
6,64,67,0,7,3.1306585749192
6,64,67,0,8,-1.38054322967303
6,64,67,0,9,-3.16934760033925
6,64,67,0,10,0.568970844113665
6,64,67,0,11,-4.37496437772543
6,64,67,0,12,-2.10398523244797
6,64,67,0,13,0.760876817835815
6,64,67,0,14,-0.912763236041606
6,64,67,0,15,-2.77319124911909
6,64,67,0,16,-0.568032622940125
6,64,67,0,17,1.7587430653122
6,64,67,0,18,-2.83698095393144
6,64,67,0,19,-0.262718827006304
6,64,67,0,20,-6.43332524135055
6,64,67,0,21,0.893307312161655
6,64,67,0,22,-1.1275852018316
6,64,67,0,23,2.37252469477384
6,64,67,0,24,0.0114359057686442
6,64,67,0,25,0.106025051142342
6,64,67,0,26,-1.68177229576635
6,64,67,0,27,0.962327517525442
6,64,67,0,28,5.39475128929326
6,64,67,0,29,0.776122657738501
6,64,67,0,30,1.51287629655181
6,64,67,1,31,1.19621746891751
6,64,67,1,32,4.01863112571471
6,64,67,1,33,5.11180193974589
6,64,67,1,34,6.06622283264949
6,64,67,1,35,7.09230687900502
6,64,67,1,36,5.42099381996933
6,64,67,1,37,4.8981543975877
6,64,67,1,38,8.80850079238339
6,64,67,1,39,10.0208518056624
6,64,67,1,40,9.67908502249693
6,64,67,1,41,11.2273072870576
6,64,67,1,42,11.1467854851714
6,64,67,1,43,11.7968982093531
6,64,67,1,44,14.0299036759835
6,64,67,1,45,15.0689307608411
6,64,67,1,46,8.95716655966624
6,64,67,1,47,12.6184861210473
6,64,67,1,48,16.6343169803915
6,64,67,1,49,13.1606263964998
6,64,67,1,50,10.3704504890408
6,64,67,1,51,14.3819175010009
6,64,67,1,52,12.337588432474
6,64,67,1,53,11.7068583851116
6,64,67,1,54,14.2666466704627
6,64,67,1,55,12.9008336068375
6,64,67,1,56,14.5498159645028
6,64,67,1,57,12.8715135244075
6,64,67,1,58,17.1262893204538
6,64,67,1,59,13.6184685711083
6,64,67,1,60,16.3690517848295
6,64,67,1,61,8.05948538514663
6,64,67,1,62,16.6713769816695
6,64,67,1,63,10.5880129876282
6,64,67,1,64,16.0033559209379
6,64,67,1,65,12.7234792927344
6,64,67,1,66,16.0659480674503
6,64,67,1,67,15.608616528961
6,64,67,1,68,16.2230391050974
6,64,67,1,69,14.7930434795563
6,64,67,1,70,15.5231554539872
6,64,67,1,71,14.1096248615497
6,64,67,1,72,14.7699645847601
6,64,67,1,73,14.3578261013252
6,64,67,1,74,12.8616648848105
6,64,67,1,75,14.2445215520407
6,64,67,1,76,16.7120947434386
6,64,67,1,77,14.4671890230426
6,64,67,1,78,13.6421155635696
6,64,67,1,79,12.51775844651
6,64,67,1,80,14.8663027715152
6,64,67,1,81,15.340933548978
6,64,67,1,82,10.053317849008
6,64,67,1,83,10.3487289449335
6,64,67,1,84,14.4343292560215
6,64,67,1,85,8.9426503063866
6,64,67,1,86,10.8767323781243
6,64,67,1,87,8.73419007184769
6,64,67,1,88,15.0140063111856
6,64,67,1,89,15.1520780151143
6,64,67,1,90,15.2563998029957
6,64,67,1,91,7.737331136913
6,64,67,1,92,10.8968494870573
6,64,67,1,93,12.0494560951262
6,64,67,1,94,14.1952636495934
6,64,67,1,95,15.1364463859234
6,64,67,1,96,19.6271901276617
6,64,67,1,97,10.9473480536648
6,64,67,1,98,16.578482766452
6,64,67,1,99,14.5390985882561
6,64,67,1,100,11.4423724366533
6,64,67,1,101,13.1282916946002
6,64,67,1,102,10.675905288258
6,64,67,1,103,13.9057387135773
6,64,67,1,104,10.6054285112084
6,64,67,1,105,11.0859168096477
6,64,67,1,106,17.3974886478154
6,64,67,1,107,15.5391195976775
6,64,67,1,108,16.6753664915812
6,64,67,1,109,15.9405116606207
6,64,67,1,110,11.256265031334
6,64,67,2,111,13.2434597134715
6,64,67,2,112,14.9396058971892
6,64,67,2,113,13.9269826469877
6,64,67,2,114,14.1821750954514
6,64,67,2,115,15.1973910877475
6,64,67,2,116,13.4424137828491
6,64,67,2,117,20.0595683658981
6,64,67,2,118,11.5179712525971
6,64,67,2,119,17.6356573457134
6,64,67,2,120,15.273407444303
6,64,68,0,1,-5.82383464331652
6,64,68,0,2,-2.23473854224254
6,64,68,0,3,0.895777857596484
6,64,68,0,4,-1.83908967921312
6,64,68,0,5,0.986811791826503
6,64,68,0,6,-2.90051594797939
6,64,68,0,7,-1.85807457599086
6,64,68,0,8,-1.53587581519108
6,64,68,0,9,-0.373295804922769
6,64,68,0,10,-3.38897019247417
6,64,68,0,11,-1.29618050469231
6,64,68,0,12,-1.52520963906629
6,64,68,0,13,-2.00834540643817
6,64,68,0,14,-1.14217786109151
6,64,68,0,15,-3.13181433055042
6,64,68,0,16,-0.274676879358537
6,64,68,0,17,-1.99015414686436
6,64,68,0,18,-4.45812938289226
6,64,68,0,19,-3.59997523705844
6,64,68,0,20,-0.127763442030802
6,64,68,0,21,1.04201356249877
6,64,68,0,22,-2.33430469758656
6,64,68,0,23,-0.679289523937382
6,64,68,0,24,2.26737523583691
6,64,68,0,25,2.29598419513322
6,64,68,0,26,2.92091166330032
6,64,68,0,27,1.10662789152407
6,64,68,0,28,3.46686448548546
6,64,68,0,29,3.16069967827346
6,64,68,0,30,2.16626809106778
6,64,68,1,31,-0.539000113109733
6,64,68,1,32,2.06009186476112
6,64,68,1,33,2.14662806762855
6,64,68,1,34,3.03556051300822
6,64,68,1,35,2.65341979531638
6,64,68,1,36,3.83932870859726
6,64,68,1,37,5.16816145555656
6,64,68,1,38,2.4046386667228
6,64,68,1,39,4.76963879517473
6,64,68,1,40,3.26247415740001
6,64,68,1,41,7.32289752347598
6,64,68,1,42,4.97365408157592
6,64,68,1,43,2.89086704075058
6,64,68,1,44,2.84460875964213
6,64,68,1,45,6.18090800390759
6,64,68,1,46,6.52540478674482
6,64,68,1,47,3.15826849207529
6,64,68,1,48,6.24620759720922
6,64,68,1,49,5.68597450692437
6,64,68,1,50,4.63787633381525
6,64,68,1,51,5.40739932074012
6,64,68,1,52,8.27422643139545
6,64,68,1,53,2.51186657648076
6,64,68,1,54,6.09245205829028
6,64,68,1,55,3.04955697031049
6,64,68,1,56,0.698378062620791
6,64,68,1,57,6.03439387188097
6,64,68,1,58,9.32745554253228
6,64,68,1,59,3.69823800970229
6,64,68,1,60,5.32567244988926
6,64,68,1,61,6.18131692513599
6,64,68,1,62,0.673633540819581
6,64,68,1,63,4.75112253117822
6,64,68,1,64,3.26273847169771
6,64,68,1,65,4.13237941820985
6,64,68,1,66,2.81333412257973
6,64,68,1,67,7.47304269611054
6,64,68,1,68,7.23388682420002
6,64,68,1,69,7.57313542945943
6,64,68,1,70,4.89855949436542
6,64,68,1,71,-0.475126978888873
6,64,68,1,72,-0.842829757943406
6,64,68,1,73,1.12088689090594
6,64,68,1,74,5.5627649747655
6,64,68,1,75,3.61390719051927
6,64,68,1,76,2.01031976798525
6,64,68,1,77,5.21528431149081
6,64,68,1,78,3.25058287058734
6,64,68,1,79,4.2607361287022
6,64,68,1,80,0.290087666974974
6,64,68,1,81,5.65825476810126
6,64,68,1,82,6.86734468492817
6,64,68,1,83,6.05127012782095
6,64,68,1,84,4.24808028245166
6,64,68,1,85,3.9050101779505
6,64,68,1,86,0.89275751219106
6,64,68,1,87,4.14160010441274
6,64,68,1,88,2.84392191461754
6,64,68,1,89,1.25311242079052
6,64,68,1,90,2.21174583393857
6,64,68,1,91,1.68567369564696
6,64,68,1,92,3.37521954897976
6,64,68,1,93,3.66696698785415
6,64,68,1,94,4.85650786037168
6,64,68,1,95,2.75209593334418
6,64,68,1,96,2.94017493734424
6,64,68,1,97,4.68275684630803
6,64,68,1,98,4.13697095785883
6,64,68,1,99,3.67579679744022
6,64,68,1,100,1.56599978253378
6,64,68,1,101,3.36300064249358
6,64,68,1,102,3.80749362175958
6,64,68,1,103,-0.665998834221931
6,64,68,1,104,-4.20865788009194
6,64,68,1,105,2.71975393781417
6,64,68,1,106,3.28039317629285
6,64,68,1,107,4.39477151470981
6,64,68,1,108,3.94989056042878
6,64,68,1,109,2.85111057677235
6,64,68,1,110,-0.135339906185532
6,64,68,2,111,3.17628460307439
6,64,68,2,112,3.6744039391405
6,64,68,2,113,4.27999807145605
6,64,68,2,114,2.4551567221444
6,64,68,2,115,-0.717596893608199
6,64,68,2,116,-0.274343880007906
6,64,68,2,117,1.81056030924532
6,64,68,2,118,1.03430799750307
6,64,68,2,119,-1.51079090746637
6,64,68,2,120,3.90111022626499
6,64,69,0,1,-3.65601214293659
6,64,69,0,2,-4.77838753741997
6,64,69,0,3,-2.45616961945721
6,64,69,0,4,-3.50598454873714
6,64,69,0,5,-3.56466485457331
6,64,69,0,6,-3.72405193435717
6,64,69,0,7,-1.19870702017629
6,64,69,0,8,0.52363255949156
6,64,69,0,9,-1.33410279957567
6,64,69,0,10,-0.641599908761675
6,64,69,0,11,-2.39108289279032
6,64,69,0,12,0.179612340849971
6,64,69,0,13,-2.04614617399937
6,64,69,0,14,0.904560702250836
6,64,69,0,15,-3.88653329398509
6,64,69,0,16,0.668622166386308
6,64,69,0,17,-1.31414757612399
6,64,69,0,18,-1.78462913048324
6,64,69,0,19,2.61247834644577
6,64,69,0,20,0.697369887669002
6,64,69,0,21,-2.84373259255613
6,64,69,0,22,-2.65934522696231
6,64,69,0,23,-6.34987908992709
6,64,69,0,24,-4.82427707103561
6,64,69,0,25,-3.35651748567294
6,64,69,0,26,-2.42720679555616
6,64,69,0,27,-5.45772548426663
6,64,69,0,28,-4.76785073294033
6,64,69,0,29,-3.10362593216219
6,64,69,0,30,-3.6401586368099
6,64,69,1,31,-2.58888025992343
6,64,69,1,32,-1.08463175315689
6,64,69,1,33,-1.00647157187853
6,64,69,1,34,-0.0423076387798093
6,64,69,1,35,0.721821410858145
6,64,69,1,36,2.19883277578079
6,64,69,1,37,5.26059644675908
6,64,69,1,38,0.360578535367872
6,64,69,1,39,5.03735995152639
6,64,69,1,40,6.32045198425815
6,64,69,1,41,-1.9082228378851
6,64,69,1,42,2.32148775216055
6,64,69,1,43,5.3076545556851
6,64,69,1,44,3.43230722598278
6,64,69,1,45,4.87928695447916
6,64,69,1,46,1.86302858967848
6,64,69,1,47,1.39820694268341
6,64,69,1,48,5.06586824827837
6,64,69,1,49,4.16384462459323
6,64,69,1,50,4.22077468016486
6,64,69,1,51,5.27206034814235
6,64,69,1,52,2.81496925527594
6,64,69,1,53,3.91405571097586
6,64,69,1,54,2.45233640074572
6,64,69,1,55,3.65988521420687
6,64,69,1,56,3.02892880956789
6,64,69,1,57,4.23415718731365
6,64,69,1,58,4.51568823681079
6,64,69,1,59,6.66037954224506
6,64,69,1,60,6.54154542987481
6,64,69,1,61,5.05327114217519
6,64,69,1,62,4.59639882693822
6,64,69,1,63,7.20007351410931
6,64,69,1,64,8.51793642491751
6,64,69,1,65,2.36889557289907
6,64,69,1,66,1.6283039442099
6,64,69,1,67,6.37051237419406
6,64,69,1,68,7.99365030184429
6,64,69,1,69,5.02434999710754
6,64,69,1,70,6.8833631858579
6,64,69,1,71,6.51579548357512
6,64,69,1,72,4.65591338886137
6,64,69,1,73,4.83925649449603
6,64,69,1,74,3.23956595987637
6,64,69,1,75,2.74224209290803
6,64,69,1,76,3.44333867719577
6,64,69,1,77,4.78704908164054
6,64,69,1,78,5.63749637178845
6,64,69,1,79,2.72212000629789
6,64,69,1,80,4.85452360120501
6,64,69,1,81,1.8569151852055
6,64,69,1,82,4.81476984524177
6,64,69,1,83,4.81578080725227
6,64,69,1,84,3.71730355614317
6,64,69,1,85,6.9401710496451
6,64,69,1,86,1.19195590067464
6,64,69,1,87,3.01822738164763
6,64,69,1,88,1.44345978766241
6,64,69,1,89,5.2976115529133
6,64,69,1,90,5.47869063465454
6,64,69,1,91,3.10512298658815
6,64,69,1,92,4.92822295753838
6,64,69,1,93,5.3116494140402
6,64,69,1,94,2.0268336072695
6,64,69,1,95,1.99836234134916
6,64,69,1,96,2.43526940449996
6,64,69,1,97,-1.70589932218456
6,64,69,1,98,0.915820600807506
6,64,69,1,99,1.44394548819766
6,64,69,1,100,2.57841627306198
6,64,69,1,101,2.56639848473321
6,64,69,1,102,-0.474217130583449
6,64,69,1,103,-2.39414963529892
6,64,69,1,104,0.847819276324624
6,64,69,1,105,3.22745114994237
6,64,69,1,106,1.66680627409136
6,64,69,1,107,1.30701536986929
6,64,69,1,108,3.2498289131226
6,64,69,1,109,1.64403961622074
6,64,69,1,110,4.25693563088783
6,64,69,2,111,5.04154268700918
6,64,69,2,112,2.63039614412899
6,64,69,2,113,-0.657943512821525
6,64,69,2,114,0.899451993287533
6,64,69,2,115,-2.50806185668933
6,64,69,2,116,-3.34623426929594
6,64,69,2,117,-4.50232951214046
6,64,69,2,118,-4.67264325459255
6,64,69,2,119,-3.5329880347378
6,64,69,2,120,-6.32486349790147
6,64,70,0,1,-7.43482603780941
6,64,70,0,2,-10.7079139629877
6,64,70,0,3,-8.90780628580386
6,64,70,0,4,-6.68736507752686
6,64,70,0,5,-6.88062674241776
6,64,70,0,6,2.71284889802939
6,64,70,0,7,-1.25683718668715
6,64,70,0,8,-2.52910275493427
6,64,70,0,9,-3.14003594219225
6,64,70,0,10,0.374652209690729
6,64,70,0,11,3.11185408713457
6,64,70,0,12,-1.31471184683987
6,64,70,0,13,0.167083332598807
6,64,70,0,14,-0.625079261329965
6,64,70,0,15,-2.99639653769084
6,64,70,0,16,-4.57272424757495
6,64,70,0,17,-1.3651962320463
6,64,70,0,18,-5.31439568674538
6,64,70,0,19,-2.77984484893144
6,64,70,0,20,0.239711272766342
6,64,70,0,21,-3.31069890700979
6,64,70,0,22,-0.13249954787993
6,64,70,0,23,-1.1204135084345
6,64,70,0,24,-4.08405931642338
6,64,70,0,25,-0.864992949164534
6,64,70,0,26,-0.868057323859848
6,64,70,0,27,-3.59251482442275
6,64,70,0,28,1.04275793898443
6,64,70,0,29,1.19070968520626
6,64,70,0,30,-3.09712715950897
6,64,70,1,31,-3.6662852440553
6,64,70,1,32,0.251447540106659
6,64,70,1,33,3.32508991823249
6,64,70,1,34,4.00502191426932
6,64,70,1,35,1.50973135811819
6,64,70,1,36,0.140041338226748
6,64,70,1,37,0.0803778964990489
6,64,70,1,38,4.04945573076349
6,64,70,1,39,3.81576271368803
6,64,70,1,40,3.31300610318464
6,64,70,1,41,5.49782392266915
6,64,70,1,42,6.0889555204183
6,64,70,1,43,6.09376682517392
6,64,70,1,44,3.36137948279665
6,64,70,1,45,4.50014714387385
6,64,70,1,46,3.67062071823335
6,64,70,1,47,1.57665353663492
6,64,70,1,48,-0.39046756497732
6,64,70,1,49,3.42165700832955
6,64,70,1,50,4.24008493033302
6,64,70,1,51,4.09737941752023
6,64,70,1,52,2.29363219104018
6,64,70,1,53,4.90000571310171
6,64,70,1,54,7.96258471757118
6,64,70,1,55,7.68191701666442
6,64,70,1,56,2.70277980607336
6,64,70,1,57,4.1894789369222
6,64,70,1,58,3.4622612594109
6,64,70,1,59,3.45836674270285
6,64,70,1,60,6.08017261339707
6,64,70,1,61,2.84698491704158
6,64,70,1,62,2.84922997069828
6,64,70,1,63,3.37880496143258
6,64,70,1,64,6.56408933049362
6,64,70,1,65,3.21738576460712
6,64,70,1,66,7.58603783374285
6,64,70,1,67,3.54573453924183
6,64,70,1,68,6.36990826755799
6,64,70,1,69,5.70555275310845
6,64,70,1,70,7.76842618019885
6,64,70,1,71,6.87884835590531
6,64,70,1,72,5.32430115697745
6,64,70,1,73,4.07201835449297
6,64,70,1,74,9.3936276606541
6,64,70,1,75,10.4025521812157
6,64,70,1,76,8.66587085684287
6,64,70,1,77,5.73416881903755
6,64,70,1,78,11.0334371124674
6,64,70,1,79,6.80405344411904
6,64,70,1,80,11.5930810409321
6,64,70,1,81,5.23067801028335
6,64,70,1,82,6.62186937792139
6,64,70,1,83,11.0081462054363
6,64,70,1,84,12.3568996898018
6,64,70,1,85,9.44358785118243
6,64,70,1,86,10.4916232334964
6,64,70,1,87,5.53383689084742
6,64,70,1,88,8.59523001340084
6,64,70,1,89,7.68605921933841
6,64,70,1,90,10.0616282471674
6,64,70,1,91,11.9884529966999
6,64,70,1,92,9.96951902318213
6,64,70,1,93,11.8734559879855
6,64,70,1,94,5.62116521133434
6,64,70,1,95,6.18053636013603
6,64,70,1,96,12.5043193329152
6,64,70,1,97,12.8374313129299
6,64,70,1,98,7.13529691116202
6,64,70,1,99,8.43762934496615
6,64,70,1,100,12.052108646612
6,64,70,1,101,11.9055978279457
6,64,70,1,102,10.1012709512289
6,64,70,1,103,11.1135034853791
6,64,70,1,104,10.7663957672142
6,64,70,1,105,10.5217620921683
6,64,70,1,106,12.4258556948054
6,64,70,1,107,7.45942684925
6,64,70,1,108,10.9656679606658
6,64,70,1,109,12.8500757884489
6,64,70,1,110,8.42449701323895
6,64,70,2,111,9.69473836063419
6,64,70,2,112,11.200723362381
6,64,70,2,113,8.39823523058564
6,64,70,2,114,7.18297091236025
6,64,70,2,115,3.96613958581824
6,64,70,2,116,1.71756792989434
6,64,70,2,117,6.42752586258982
6,64,70,2,118,2.47708832551486
6,64,70,2,119,4.66989717961941
6,64,70,2,120,2.97834003971504
6,64,71,0,1,-9.05251506492947
6,64,71,0,2,-6.66237034245963
6,64,71,0,3,-7.65849657535649
6,64,71,0,4,-6.71564563452087
6,64,71,0,5,0.48352822611366
6,64,71,0,6,-0.708179741699817
6,64,71,0,7,2.0258580590897
6,64,71,0,8,0.264552350044581
6,64,71,0,9,-0.312736842662748
6,64,71,0,10,-2.27249875013964
6,64,71,0,11,-3.42225695213338
6,64,71,0,12,-0.236553748948653
6,64,71,0,13,0.262536129357173
6,64,71,0,14,-1.12433815793729
6,64,71,0,15,-4.64453981149589
6,64,71,0,16,-3.44047884655886
6,64,71,0,17,-0.866176347964368
6,64,71,0,18,-2.42245777759923
6,64,71,0,19,-1.36105506073832
6,64,71,0,20,-2.65189346241801
6,64,71,0,21,-6.13774097422986
6,64,71,0,22,0.308698375205878
6,64,71,0,23,-6.54775220897828
6,64,71,0,24,-5.81687575209391
6,64,71,0,25,-6.78244756278452
6,64,71,0,26,-5.2228562280943
6,64,71,0,27,-5.23222154980251
6,64,71,0,28,-2.94398839711698
6,64,71,0,29,-8.61805225709822
6,64,71,0,30,1.59739118732826
6,64,71,1,31,-6.22243203926577
6,64,71,1,32,-2.17018660511773
6,64,71,1,33,-1.87423026874758
6,64,71,1,34,-0.0950816200206863
6,64,71,1,35,1.22363086033976
6,64,71,1,36,-0.865503757553446
6,64,71,1,37,-4.10362987502599
6,64,71,1,38,-0.293405432270387
6,64,71,1,39,5.60204464302018
6,64,71,1,40,-1.5625428305637
6,64,71,1,41,-0.474807488684567
6,64,71,1,42,-1.51789665992722
6,64,71,1,43,-1.77487320943272
6,64,71,1,44,-0.115390074126772
6,64,71,1,45,1.41309029627354
6,64,71,1,46,0.295088188739082
6,64,71,1,47,4.41326761701091
6,64,71,1,48,2.25729253064146
6,64,71,1,49,-0.406281555437365
6,64,71,1,50,-2.17077590584503
6,64,71,1,51,3.7220784124509
6,64,71,1,52,2.8237991113161
6,64,71,1,53,3.70373719582677
6,64,71,1,54,0.0805047061158608
6,64,71,1,55,1.01542480731502
6,64,71,1,56,2.36813197458533
6,64,71,1,57,3.05827610716569
6,64,71,1,58,0.597938668587037
6,64,71,1,59,0.0177610021095225
6,64,71,1,60,2.22847343633248
6,64,71,1,61,1.10877165589156
6,64,71,1,62,2.4574799141286
6,64,71,1,63,2.74278882027021
6,64,71,1,64,-0.345428289397363
6,64,71,1,65,1.62466750866704
6,64,71,1,66,0.944558904452355
6,64,71,1,67,1.70329804138309
6,64,71,1,68,-1.21164106245817
6,64,71,1,69,1.27238010555403
6,64,71,1,70,2.25045174786505
6,64,71,1,71,2.52052287286678
6,64,71,1,72,-0.0231315175727576
6,64,71,1,73,0.042251069425709
6,64,71,1,74,1.36594340893129
6,64,71,1,75,4.49190249326587
6,64,71,1,76,1.25627823612984
6,64,71,1,77,-0.234632300235311
6,64,71,1,78,0.26859239280759
6,64,71,1,79,0.390692435808197
6,64,71,1,80,3.91936386070544
6,64,71,1,81,-1.26811017692131
6,64,71,1,82,-2.0210191890183
6,64,71,1,83,-1.48541043369539
6,64,71,1,84,-0.0306681643255451
6,64,71,1,85,3.06677249231408
6,64,71,1,86,-4.5778000726936
6,64,71,1,87,3.01803235036212
6,64,71,1,88,-1.45247649587789
6,64,71,1,89,-1.16414818844059
6,64,71,1,90,-2.47240127354643
6,64,71,1,91,-6.07511386860808
6,64,71,1,92,0.678233044680518
6,64,71,1,93,3.44136886856861
6,64,71,1,94,2.02102466423217
6,64,71,1,95,-1.76003926617
6,64,71,1,96,1.66397790584269
6,64,71,1,97,2.34470794307455
6,64,71,1,98,3.31757511076755
6,64,71,1,99,1.79718959789923
6,64,71,1,100,1.29264350827701
6,64,71,1,101,2.35896954825076
6,64,71,1,102,-1.40382388803616
6,64,71,1,103,3.78575527076608
6,64,71,1,104,0.535185598425312
6,64,71,1,105,-0.0808584960268038
6,64,71,1,106,0.178443288510117
6,64,71,1,107,0.407456063083574
6,64,71,1,108,1.05429995864367
6,64,71,1,109,3.27811988746169
6,64,71,1,110,-2.30811362436675
6,64,71,2,111,1.38616340289085
6,64,71,2,112,2.25342547447104
6,64,71,2,113,2.65872370729965
6,64,71,2,114,0.517770898228398
6,64,71,2,115,-2.64759331343569
6,64,71,2,116,2.46404524790534
6,64,71,2,117,0.98365575836784
6,64,71,2,118,-0.888227344155335
6,64,71,2,119,0.675237239438206
6,64,71,2,120,-0.528185691152031
6,64,72,0,1,-3.70406285516155
6,64,72,0,2,-4.56184997666336
6,64,72,0,3,-4.24324633253793
6,64,72,0,4,-0.180221508344029
6,64,72,0,5,3.61341445644278
6,64,72,0,6,0.311750262687981
6,64,72,0,7,-1.56574420365018
6,64,72,0,8,1.04694180629992
6,64,72,0,9,3.6361454339763
6,64,72,0,10,-2.33857435360475
6,64,72,0,11,-0.165091564938034
6,64,72,0,12,0.304771550290979
6,64,72,0,13,-4.58333311013227
6,64,72,0,14,1.46041125485004
6,64,72,0,15,-0.318116738243189
6,64,72,0,16,0.662474330350599
6,64,72,0,17,2.46247069738622
6,64,72,0,18,-5.57998180749703
6,64,72,0,19,-0.780990227870194
6,64,72,0,20,-3.17003840028318
6,64,72,0,21,1.42938125246479
6,64,72,0,22,2.72725315517679
6,64,72,0,23,-1.40831900155345
6,64,72,0,24,6.73065880955585
6,64,72,0,25,6.13096689706802
6,64,72,0,26,-0.316236713456955
6,64,72,0,27,-2.04877902258209
6,64,72,0,28,2.40538302622293
6,64,72,0,29,-0.301007906690904
6,64,72,0,30,1.52815198059557
6,64,72,1,31,-3.25354290895477
6,64,72,1,32,0.388461029377729
6,64,72,1,33,2.58926820236916
6,64,72,1,34,5.00112986430752
6,64,72,1,35,3.43184164694284
6,64,72,1,36,2.80954487134072
6,64,72,1,37,5.99250777397657
6,64,72,1,38,3.00602776402681
6,64,72,1,39,5.40047419460834
6,64,72,1,40,3.00735389792258
6,64,72,1,41,3.89214249243229
6,64,72,1,42,3.63601744599955
6,64,72,1,43,-1.74279065675072
6,64,72,1,44,2.42005268772584
6,64,72,1,45,2.28348317001704
6,64,72,1,46,1.47179120380831
6,64,72,1,47,5.89514984529742
6,64,72,1,48,5.18317709930822
6,64,72,1,49,0.21102544509455
6,64,72,1,50,2.97949146218873
6,64,72,1,51,3.59292303403757
6,64,72,1,52,1.31793144987972
6,64,72,1,53,3.23625372472847
6,64,72,1,54,0.913894536055966
6,64,72,1,55,5.8573257428608
6,64,72,1,56,3.56584064668005
6,64,72,1,57,1.53088405452174
6,64,72,1,58,4.07642120267917
6,64,72,1,59,5.72199354321028
6,64,72,1,60,5.10946790363402
6,64,72,1,61,3.33544748123044
6,64,72,1,62,4.72308649570465
6,64,72,1,63,6.77827099474686
6,64,72,1,64,5.05847970845239
6,64,72,1,65,8.05737985564581
6,64,72,1,66,8.71099946754047
6,64,72,1,67,3.82066642797837
6,64,72,1,68,7.90743986929759
6,64,72,1,69,7.0278363782473
6,64,72,1,70,8.36924198612723
6,64,72,1,71,7.73173302386607
6,64,72,1,72,7.31674177988334
6,64,72,1,73,8.34880132218166
6,64,72,1,74,8.08882077553626
6,64,72,1,75,7.88051210097774
6,64,72,1,76,6.54330287623845
6,64,72,1,77,9.85256881892928
6,64,72,1,78,8.95028067971489
6,64,72,1,79,5.57559552065507
6,64,72,1,80,5.07642994384402
6,64,72,1,81,3.90366422481652
6,64,72,1,82,8.71686561409379
6,64,72,1,83,4.63718450444607
6,64,72,1,84,6.6310300788651
6,64,72,1,85,8.97985031137615
6,64,72,1,86,6.7655542454723
6,64,72,1,87,10.3475025787929
6,64,72,1,88,8.32321785908248
6,64,72,1,89,8.13075900289083
6,64,72,1,90,8.12879341364727
6,64,72,1,91,4.90644447876959
6,64,72,1,92,6.66697348249095
6,64,72,1,93,10.8474328073386
6,64,72,1,94,6.71052565807125
6,64,72,1,95,10.7206415306011
6,64,72,1,96,8.44856365070392
6,64,72,1,97,3.06405433706701
6,64,72,1,98,10.0824114898365
6,64,72,1,99,9.88886966751787
6,64,72,1,100,7.17430587819618
6,64,72,1,101,9.62627101032824
6,64,72,1,102,9.48409980062945
6,64,72,1,103,9.23258759109486
6,64,72,1,104,4.08898795512282
6,64,72,1,105,4.13507803551058
6,64,72,1,106,9.38190001878509
6,64,72,1,107,10.9513610409817
6,64,72,1,108,8.0253153329783
6,64,72,1,109,6.21276183700131
6,64,72,1,110,10.0573705898331
6,64,72,2,111,5.52275264268978
6,64,72,2,112,4.34865268795224
6,64,72,2,113,8.66047595655764
6,64,72,2,114,6.67433840360315
6,64,72,2,115,9.66665964592894
6,64,72,2,116,8.35198176182443
6,64,72,2,117,7.30240772428895
6,64,72,2,118,3.55380503562294
6,64,72,2,119,8.43109121055685
6,64,72,2,120,8.26606032556103
7,95,73,0,1,-0.306208058998882
7,95,73,0,2,-4.80310279532016
7,95,73,0,3,-0.0697288442358831
7,95,73,0,4,-3.16043148562806
7,95,73,0,5,-2.40238654933323
7,95,73,0,6,-1.03008921068833
7,95,73,0,7,0.718341193425217
7,95,73,0,8,1.52065100439221
7,95,73,0,9,-1.93614645474109
7,95,73,0,10,-0.129022749998542
7,95,73,0,11,-4.08731329405981
7,95,73,0,12,-2.50738199250695
7,95,73,0,13,0.0104085850856236
7,95,73,0,14,-2.71961141247792
7,95,73,0,15,-1.44899196659699
7,95,73,0,16,-1.3820920976596
7,95,73,0,17,-0.152513505321643
7,95,73,0,18,1.78171013207449
7,95,73,0,19,0.244463937483338
7,95,73,0,20,-2.11379549607078
7,95,73,0,21,2.22285916148562
7,95,73,0,22,-1.20123949298512
7,95,73,0,23,-0.913122389436781
7,95,73,0,24,2.6075344699871
7,95,73,0,25,-1.63617606498684
7,95,73,0,26,-0.824917348068037
7,95,73,0,27,1.05433251527831
7,95,73,0,28,-1.33332731907151
7,95,73,0,29,-1.82976476206473
7,95,73,0,30,-4.0682286109102
7,95,73,1,31,0.466429551027049
7,95,73,1,32,1.79413076662698
7,95,73,1,33,2.62464360488956
7,95,73,1,34,6.06439631426706
7,95,73,1,35,7.6522151551499
7,95,73,1,36,7.35439620834394
7,95,73,1,37,3.06935832185373
7,95,73,1,38,6.05330554827695
7,95,73,1,39,4.60470925093419
7,95,73,1,40,3.79616445258236
7,95,73,1,41,6.80065302511291
7,95,73,1,42,3.72519717461931
7,95,73,1,43,-0.251683903878027
7,95,73,1,44,3.44156911141748
7,95,73,1,45,6.31133738438184
7,95,73,1,46,8.01089351740954
7,95,73,1,47,6.47905833183571
7,95,73,1,48,7.11862398073238
7,95,73,1,49,0.682093715843923
7,95,73,1,50,9.55510967707556
7,95,73,1,51,9.96791325291964
7,95,73,1,52,7.23994375065603
7,95,73,1,53,4.7861115473913
7,95,73,1,54,8.5443211497335
7,95,73,1,55,9.48845997647514
7,95,73,1,56,8.02858523634174
7,95,73,1,57,3.63898408344517
7,95,73,1,58,9.65826955267408
7,95,73,1,59,10.9552182586281
7,95,73,1,60,12.4838073380375
7,95,73,1,61,10.0166415352167
7,95,73,1,62,9.8946017972943
7,95,73,1,63,8.17341144866567
7,95,73,1,64,7.31534445504747
7,95,73,1,65,11.0508731797643
7,95,73,1,66,14.2147330271193
7,95,73,1,67,13.0604112575524
7,95,73,1,68,6.44500526984315
7,95,73,1,69,11.3017529161188
7,95,73,1,70,9.1293746566055
7,95,73,1,71,7.18493837486173
7,95,73,1,72,10.6273930927302
7,95,73,1,73,9.80613492640063
7,95,73,1,74,12.3723846190048
7,95,73,1,75,11.0437763766749
7,95,73,1,76,12.2375605520701
7,95,73,1,77,7.02724859300571
7,95,73,1,78,15.1787023493139
7,95,73,1,79,12.5142628045156
7,95,73,1,80,8.1760437798065
7,95,73,1,81,12.7441299956907
7,95,73,1,82,6.82028001268163
7,95,73,1,83,11.8691348817285
7,95,73,1,84,9.10115431269846
7,95,73,1,85,12.2052570796183
7,95,73,1,86,10.4830328042302
7,95,73,1,87,15.1872085894174
7,95,73,1,88,12.9151029547132
7,95,73,1,89,8.09953595602122
7,95,73,1,90,11.9418156101999
7,95,73,1,91,11.5813418454088
7,95,73,1,92,12.082976177555
7,95,73,1,93,11.9456219344499
7,95,73,1,94,14.29269458732
7,95,73,1,95,12.1204418357197
7,95,73,1,96,11.460237121315
7,95,73,1,97,8.9384172276769
7,95,73,1,98,7.67838154699096
7,95,73,1,99,10.2831370784931
7,95,73,1,100,9.72010664342165
7,95,73,1,101,11.0442709472411
7,95,73,1,102,8.05832270489497
7,95,73,1,103,10.7686568239577
7,95,73,1,104,7.76751747508682
7,95,73,1,105,12.1013557822513
7,95,73,1,106,10.7253261851228
7,95,73,1,107,7.6284737041267
7,95,73,1,108,12.0284108165472
7,95,73,1,109,7.83467207539785
7,95,73,1,110,8.09714344018999
7,95,73,2,111,7.64126114931127
7,95,73,2,112,10.6758128449032
7,95,73,2,113,9.76570899423959
7,95,73,2,114,3.95535520928464
7,95,73,2,115,7.54449105316482
7,95,73,2,116,3.9774583188612
7,95,73,2,117,3.84486725966547
7,95,73,2,118,5.00578964237738
7,95,73,2,119,4.13569686662391
7,95,73,2,120,3.7083310066768
7,95,74,0,1,1.50540058609744
7,95,74,0,2,0.191307545412496
7,95,74,0,3,1.25080490630135
7,95,74,0,4,-0.709775926368003
7,95,74,0,5,1.61238034319798
7,95,74,0,6,0.139871189257095
7,95,74,0,7,0.637925778014406
7,95,74,0,8,-1.71624857782767
7,95,74,0,9,-1.93723999311964
7,95,74,0,10,-0.114476176949386
7,95,74,0,11,0.813409183932806
7,95,74,0,12,2.26227081128328
7,95,74,0,13,-0.381079645898182
7,95,74,0,14,2.12991358799835
7,95,74,0,15,1.73524909666616
7,95,74,0,16,-1.10097083420955
7,95,74,0,17,0.517576030895593
7,95,74,0,18,1.46669389884762
7,95,74,0,19,-1.03214094826565
7,95,74,0,20,-1.80870528968999
7,95,74,0,21,-0.375326130517975
7,95,74,0,22,-1.80577849640947
7,95,74,0,23,-1.32481000527322
7,95,74,0,24,3.02638736455866
7,95,74,0,25,0.154856541768851
7,95,74,0,26,0.0186748332104352
7,95,74,0,27,1.49844593186714
7,95,74,0,28,-0.194333073338607
7,95,74,0,29,0.451387335742108
7,95,74,0,30,-0.188739329861225
7,95,74,1,31,1.43937587728477
7,95,74,1,32,1.57925409123626
7,95,74,1,33,2.83272022760231
7,95,74,1,34,1.53886160325876
7,95,74,1,35,1.1344827876871
7,95,74,1,36,5.57937930772378
7,95,74,1,37,4.63993211123388
7,95,74,1,38,3.4460075561134
7,95,74,1,39,3.88750543684239
7,95,74,1,40,5.43664092030127
7,95,74,1,41,7.31809393444616
7,95,74,1,42,5.84429609439259
7,95,74,1,43,6.18891976229113
7,95,74,1,44,8.93359286218077
7,95,74,1,45,5.11996725849535
7,95,74,1,46,5.55126863224096
7,95,74,1,47,5.22317262857678
7,95,74,1,48,6.96394370331052
7,95,74,1,49,6.75619773075183
7,95,74,1,50,7.43903187734041
7,95,74,1,51,10.4231739581221
7,95,74,1,52,9.22577663741396
7,95,74,1,53,7.68084230195126
7,95,74,1,54,8.91209803622704
7,95,74,1,55,7.99262177794146
7,95,74,1,56,1.9887878385688
7,95,74,1,57,7.71707038268985
7,95,74,1,58,11.0584952842984
7,95,74,1,59,3.05120731319722
7,95,74,1,60,7.19454166877373
7,95,74,1,61,6.99379302544812
7,95,74,1,62,9.70341381582433
7,95,74,1,63,6.24422626228094
7,95,74,1,64,8.15106582719272
7,95,74,1,65,10.1257906363188
7,95,74,1,66,9.22330734646651
7,95,74,1,67,11.6074324502248
7,95,74,1,68,9.42471776657311
7,95,74,1,69,8.27670303972605
7,95,74,1,70,8.11580719102899
7,95,74,1,71,12.4703592538073
7,95,74,1,72,9.76301075522086
7,95,74,1,73,11.58350354845
7,95,74,1,74,10.7352254855965
7,95,74,1,75,9.20675324513515
7,95,74,1,76,9.6241199138129
7,95,74,1,77,10.1416355007002
7,95,74,1,78,7.60394715393036
7,95,74,1,79,11.7160219001565
7,95,74,1,80,12.7389155663707
7,95,74,1,81,6.78385563400128
7,95,74,1,82,9.52581061396132
7,95,74,1,83,11.3270106661658
7,95,74,1,84,9.99509279128399
7,95,74,1,85,11.4872598208607
7,95,74,1,86,9.17802571493515
7,95,74,1,87,9.94139279814347
7,95,74,1,88,8.78481162363498
7,95,74,1,89,10.050234097357
7,95,74,1,90,10.9321401840125
7,95,74,1,91,10.9981105495677
7,95,74,1,92,8.98414870213629
7,95,74,1,93,7.80792484226683
7,95,74,1,94,6.48364824203012
7,95,74,1,95,8.83766684993425
7,95,74,1,96,10.8573362445018
7,95,74,1,97,9.51918026685427
7,95,74,1,98,11.2506244507211
7,95,74,1,99,11.476452175283
7,95,74,1,100,12.7511450112332
7,95,74,1,101,7.10128437258928
7,95,74,1,102,10.4847578787142
7,95,74,1,103,7.70214386186462
7,95,74,1,104,9.03237483847016
7,95,74,1,105,10.1744983387602
7,95,74,1,106,10.0298853746097
7,95,74,1,107,12.4924185703437
7,95,74,1,108,8.64261061927588
7,95,74,1,109,8.99888208656431
7,95,74,1,110,11.7016945023802
7,95,74,2,111,7.64310068919979
7,95,74,2,112,7.6278938553751
7,95,74,2,113,8.13091668711546
7,95,74,2,114,6.43002721004263
7,95,74,2,115,7.37492370041383
7,95,74,2,116,5.30822348067772
7,95,74,2,117,5.69240244611002
7,95,74,2,118,7.43000754858188
7,95,74,2,119,2.40102924254106
7,95,74,2,120,3.88506751438805
7,95,75,0,1,-6.66444269433269
7,95,75,0,2,-4.51101176830212
7,95,75,0,3,-3.87617113625903
7,95,75,0,4,-1.63086495237275
7,95,75,0,5,-2.11925989826026
7,95,75,0,6,-4.14581145033307
7,95,75,0,7,-1.79407413313564
7,95,75,0,8,-3.17009004353742
7,95,75,0,9,-1.81724717934665
7,95,75,0,10,-3.65341193703658
7,95,75,0,11,-0.777498553240459
7,95,75,0,12,-2.23498449423163
7,95,75,0,13,-2.00404069554564
7,95,75,0,14,-3.2510072049584
7,95,75,0,15,-0.692819708165434
7,95,75,0,16,-1.71087655115874
7,95,75,0,17,-1.53197669834225
7,95,75,0,18,-2.16264205780156
7,95,75,0,19,-1.1799028480626
7,95,75,0,20,-4.9919316895646
7,95,75,0,21,1.02698834216656
7,95,75,0,22,-0.18706655739195
7,95,75,0,23,-2.61428653609188
7,95,75,0,24,-0.742531494571358
7,95,75,0,25,1.19052565460013
7,95,75,0,26,-4.43926755139896
7,95,75,0,27,-2.38640073095821
7,95,75,0,28,1.37207932833744
7,95,75,0,29,0.206806592578604
7,95,75,0,30,-6.63490810335779
7,95,75,1,31,-3.07759270245854
7,95,75,1,32,-2.6683233586407
7,95,75,1,33,0.889583121675509
7,95,75,1,34,1.00882497665539
7,95,75,1,35,1.41063446002372
7,95,75,1,36,2.11541684218588
7,95,75,1,37,3.293911530424
7,95,75,1,38,3.28192709502816
7,95,75,1,39,3.89241827601149
7,95,75,1,40,3.02543408677542
7,95,75,1,41,3.66837490317203
7,95,75,1,42,2.93781580138928
7,95,75,1,43,5.6626079663457
7,95,75,1,44,1.24102836064207
7,95,75,1,45,2.9723702133582
7,95,75,1,46,2.97616484083315
7,95,75,1,47,2.7695498451498
7,95,75,1,48,2.08533954808679
7,95,75,1,49,4.00463825845626
7,95,75,1,50,5.6863699691808
7,95,75,1,51,2.83147450093221
7,95,75,1,52,1.26198281255807
7,95,75,1,53,5.2419986876737
7,95,75,1,54,4.65690741541066
7,95,75,1,55,4.86138768357691
7,95,75,1,56,7.01271998602071
7,95,75,1,57,5.7820176286123
7,95,75,1,58,3.75563227541731
7,95,75,1,59,7.29020088813282
7,95,75,1,60,7.02170703651885
7,95,75,1,61,4.91254880419909
7,95,75,1,62,3.94863624337587
7,95,75,1,63,5.19804796772917
7,95,75,1,64,7.09213732589752
7,95,75,1,65,4.20381391116338
7,95,75,1,66,6.5636639710347
7,95,75,1,67,3.83840019881166
7,95,75,1,68,1.92424212510067
7,95,75,1,69,4.09590986669061
7,95,75,1,70,4.19080510971241
7,95,75,1,71,5.41422373009494
7,95,75,1,72,8.58520491583955
7,95,75,1,73,4.95204079189138
7,95,75,1,74,3.54075502524722
7,95,75,1,75,6.67355007693325
7,95,75,1,76,10.3438800527889
7,95,75,1,77,2.10568176967747
7,95,75,1,78,7.72392012502536
7,95,75,1,79,8.01527009030474
7,95,75,1,80,6.95996001952979
7,95,75,1,81,3.12188186015443
7,95,75,1,82,9.14392376714336
7,95,75,1,83,9.64571526287596
7,95,75,1,84,7.20384023637485
7,95,75,1,85,10.5134120062959
7,95,75,1,86,8.05850585362721
7,95,75,1,87,3.97678572035021
7,95,75,1,88,7.4575424968251
7,95,75,1,89,7.4483596797109
7,95,75,1,90,7.89812635630672
7,95,75,1,91,9.46470290108505
7,95,75,1,92,8.3983493327995
7,95,75,1,93,10.693531019374
7,95,75,1,94,9.78392072153768
7,95,75,1,95,9.48251069912201
7,95,75,1,96,6.97623980017601
7,95,75,1,97,4.90824091417816
7,95,75,1,98,8.13078807472554
7,95,75,1,99,10.3932489269373
7,95,75,1,100,7.931555018778
7,95,75,1,101,10.2028531761464
7,95,75,1,102,7.27160541299654
7,95,75,1,103,6.95452181397863
7,95,75,1,104,9.99946035631289
7,95,75,1,105,5.1852722312944
7,95,75,1,106,7.36844232591864
7,95,75,1,107,10.8441837874481
7,95,75,1,108,7.32922286506087
7,95,75,1,109,10.5371705627198
7,95,75,1,110,7.10433588511442
7,95,75,2,111,9.27149517631635
7,95,75,2,112,7.96403248043794
7,95,75,2,113,8.35562131335028
7,95,75,2,114,5.69611797449702
7,95,75,2,115,5.28876403353631
7,95,75,2,116,4.09198574865003
7,95,75,2,117,1.67069173895922
7,95,75,2,118,3.79782977337105
7,95,75,2,119,2.27651725827801
7,95,75,2,120,1.96342785842419
7,95,76,0,1,-2.29614274534763
7,95,76,0,2,-3.71066089508085
7,95,76,0,3,-4.4354281257893
7,95,76,0,4,-2.92259412976628
7,95,76,0,5,-3.13273374544116
7,95,76,0,6,-0.314082117435295
7,95,76,0,7,-1.80308219355053
7,95,76,0,8,-2.89322510628234
7,95,76,0,9,-1.83089022987519
7,95,76,0,10,-0.561367968651622
7,95,76,0,11,0.380506232803394
7,95,76,0,12,-0.229402175871295
7,95,76,0,13,-0.15721253335902
7,95,76,0,14,-3.41658938126297
7,95,76,0,15,-2.58367500216961
7,95,76,0,16,-1.38826373577897
7,95,76,0,17,-1.4763146999971
7,95,76,0,18,-2.55635953901883
7,95,76,0,19,-0.919681376636793
7,95,76,0,20,-2.74566998567697
7,95,76,0,21,-3.36060322936978
7,95,76,0,22,-1.99033105581495
7,95,76,0,23,-1.23360000739714
7,95,76,0,24,-1.21874614034355
7,95,76,0,25,-3.81356599688071
7,95,76,0,26,-1.5217440821043
7,95,76,0,27,-4.59349597742363
7,95,76,0,28,-1.46302264562431
7,95,76,0,29,-5.49259755780546
7,95,76,0,30,-3.99388509523937
7,95,76,1,31,-2.6822421689399
7,95,76,1,32,0.363936890225004
7,95,76,1,33,-2.40130522754243
7,95,76,1,34,-3.19800524253982
7,95,76,1,35,0.0431454828989608
7,95,76,1,36,-0.568761911547307
7,95,76,1,37,-0.394858735090955
7,95,76,1,38,3.34789486868201
7,95,76,1,39,1.60208919330856
7,95,76,1,40,5.4184392708875
7,95,76,1,41,0.452308933985837
7,95,76,1,42,2.88954396424648
7,95,76,1,43,6.00036457051504
7,95,76,1,44,3.20412526035349
7,95,76,1,45,2.72828700011088
7,95,76,1,46,4.05644337452366
7,95,76,1,47,4.14882416936612
7,95,76,1,48,6.54385058659169
7,95,76,1,49,5.70736164815666
7,95,76,1,50,6.03020538302692
7,95,76,1,51,8.28584827521766
7,95,76,1,52,10.2320828607234
7,95,76,1,53,6.76124283311712
7,95,76,1,54,5.85155791098715
7,95,76,1,55,7.23197927495046
7,95,76,1,56,13.0339573518528
7,95,76,1,57,6.74870630211292
7,95,76,1,58,13.7865215223735
7,95,76,1,59,7.71477353807169
7,95,76,1,60,12.0172265388048
7,95,76,1,61,14.4392384328399
7,95,76,1,62,15.0807204995238
7,95,76,1,63,9.95386411561799
7,95,76,1,64,10.1581836996098
7,95,76,1,65,14.8281066424999
7,95,76,1,66,14.3014965273299
7,95,76,1,67,5.51259890817366
7,95,76,1,68,13.2970351965105
7,95,76,1,69,14.9948621352583
7,95,76,1,70,16.488169953901
7,95,76,1,71,13.3618786040112
7,95,76,1,72,13.0446619743958
7,95,76,1,73,17.2293229921001
7,95,76,1,74,9.5632951901607
7,95,76,1,75,13.8491823293664
7,95,76,1,76,10.7992237178345
7,95,76,1,77,13.2171851164269
7,95,76,1,78,16.2252727722912
7,95,76,1,79,15.6308231377399
7,95,76,1,80,15.6269498592478
7,95,76,1,81,14.3427801401462
7,95,76,1,82,13.2896419131262
7,95,76,1,83,9.13598227991705
7,95,76,1,84,14.0228242435404
7,95,76,1,85,15.7735827077789
7,95,76,1,86,15.656003427805
7,95,76,1,87,15.2969837798402
7,95,76,1,88,12.1843229478051
7,95,76,1,89,7.42066846667736
7,95,76,1,90,6.14074424191099
7,95,76,1,91,11.2913569096649
7,95,76,1,92,12.5478508467082
7,95,76,1,93,10.7884654078249
7,95,76,1,94,16.1754280310342
7,95,76,1,95,14.5316898738246
7,95,76,1,96,15.1296045872965
7,95,76,1,97,16.6126808847071
7,95,76,1,98,8.46671060704179
7,95,76,1,99,15.7109452511711
7,95,76,1,100,9.68934740814108
7,95,76,1,101,15.7892896394276
7,95,76,1,102,11.0512630711159
7,95,76,1,103,16.0714785682969
7,95,76,1,104,6.27003176707857
7,95,76,1,105,11.4819068021961
7,95,76,1,106,14.4387865249377
7,95,76,1,107,17.3145667266206
7,95,76,1,108,13.0462379677595
7,95,76,1,109,15.0285686135022
7,95,76,1,110,7.78828578791745
7,95,76,2,111,7.92069454200606
7,95,76,2,112,12.960753698843
7,95,76,2,113,6.00350367323078
7,95,76,2,114,10.3179014468802
7,95,76,2,115,10.3884616024816
7,95,76,2,116,4.2679523695694
7,95,76,2,117,8.24878325952994
7,95,76,2,118,8.06096282568834
7,95,76,2,119,8.61823854719117
7,95,76,2,120,10.7943907195412
7,95,77,0,1,1.41088835235675
7,95,77,0,2,-5.15056535786144
7,95,77,0,3,-1.33827356882597
7,95,77,0,4,-0.526125545917453
7,95,77,0,5,-2.1835498813298
7,95,77,0,6,-4.80593317356138
7,95,77,0,7,2.39203791540479
7,95,77,0,8,-1.95533845661045
7,95,77,0,9,-5.04490898300222
7,95,77,0,10,1.47701885780281
7,95,77,0,11,-1.05582485341866
7,95,77,0,12,-0.737917966369022
7,95,77,0,13,-2.89520930519811
7,95,77,0,14,-1.27689457764248
7,95,77,0,15,-3.69306861775003
7,95,77,0,16,3.35393241116374
7,95,77,0,17,-2.38278917157445
7,95,77,0,18,-1.62354262199264
7,95,77,0,19,-1.11350122339322
7,95,77,0,20,1.0755507980474
7,95,77,0,21,-1.78737994872251
7,95,77,0,22,-0.338865048048193
7,95,77,0,23,0.932317443012214
7,95,77,0,24,-1.19913219293026
7,95,77,0,25,-4.05606543388609
7,95,77,0,26,-0.582379388249426
7,95,77,0,27,-0.629834886987929
7,95,77,0,28,-1.7159459070284
7,95,77,0,29,-3.73970568813048
7,95,77,0,30,0.956562762651481
7,95,77,1,31,-3.46635535561682
7,95,77,1,32,-4.0890681521151
7,95,77,1,33,1.12471651739732
7,95,77,1,34,-1.07685737526295
7,95,77,1,35,1.52686918695053
7,95,77,1,36,4.36047490799609
7,95,77,1,37,1.77579206571669
7,95,77,1,38,5.88946086286032
7,95,77,1,39,4.69487736431843
7,95,77,1,40,-0.799165635750742
7,95,77,1,41,2.57971625061577
7,95,77,1,42,3.50129965349786
7,95,77,1,43,-0.322315255212
7,95,77,1,44,5.94971460629948
7,95,77,1,45,3.91114444413488
7,95,77,1,46,2.99473872658862
7,95,77,1,47,-0.0977752806679556
7,95,77,1,48,4.31435307005689
7,95,77,1,49,4.61722037799446
7,95,77,1,50,2.94748965932344
7,95,77,1,51,3.07443792729203
7,95,77,1,52,7.47561330746847
7,95,77,1,53,-0.103275944227637
7,95,77,1,54,1.30181646851389
7,95,77,1,55,2.38220109625482
7,95,77,1,56,5.20710852355767
7,95,77,1,57,3.2467782172898
7,95,77,1,58,-0.647687035312514
7,95,77,1,59,-0.65229386669972
7,95,77,1,60,-0.189434105200924
7,95,77,1,61,4.25570597894347
7,95,77,1,62,2.19083112012813
7,95,77,1,63,4.56365767773352
7,95,77,1,64,2.6406767016636
7,95,77,1,65,1.87884003896474
7,95,77,1,66,2.47145772257389
7,95,77,1,67,-0.758399284224873
7,95,77,1,68,4.08430321790569
7,95,77,1,69,1.48267616599623
7,95,77,1,70,5.32584907582965
7,95,77,1,71,4.1792445920709
7,95,77,1,72,2.26900073093346
7,95,77,1,73,5.03204184139173
7,95,77,1,74,5.16185439189339
7,95,77,1,75,5.90251568855611
7,95,77,1,76,2.22586753122976
7,95,77,1,77,6.61474505757437
7,95,77,1,78,7.00138234679308
7,95,77,1,79,2.39136645521367
7,95,77,1,80,4.55137514921126
7,95,77,1,81,3.02886246713325
7,95,77,1,82,2.27661928682033
7,95,77,1,83,5.72277301203379
7,95,77,1,84,3.8675919207253
7,95,77,1,85,6.48473498028371
7,95,77,1,86,3.77370733344102
7,95,77,1,87,2.62544820429389
7,95,77,1,88,5.08872062459619
7,95,77,1,89,1.20975659946579
7,95,77,1,90,3.80089188440163
7,95,77,1,91,1.36416978076293
7,95,77,1,92,3.43302633434527
7,95,77,1,93,5.56453499772391
7,95,77,1,94,1.44463506326754
7,95,77,1,95,2.61657406589422
7,95,77,1,96,4.02252649602925
7,95,77,1,97,3.42494899208932
7,95,77,1,98,5.06825809972519
7,95,77,1,99,3.5069611565262
7,95,77,1,100,4.64481053556498
7,95,77,1,101,3.24193428520914
7,95,77,1,102,5.47782350121239
7,95,77,1,103,1.48995909273758
7,95,77,1,104,2.40519073966826
7,95,77,1,105,2.49495249225984
7,95,77,1,106,1.39245037366187
7,95,77,1,107,5.44564908735203
7,95,77,1,108,4.03127117937525
7,95,77,1,109,0.496578891184469
7,95,77,1,110,4.85139548327132
7,95,77,2,111,1.54702242251361
7,95,77,2,112,6.7849917437868
7,95,77,2,113,4.37850236285244
7,95,77,2,114,2.42071087669612
7,95,77,2,115,3.06873602163125
7,95,77,2,116,1.43997499552372
7,95,77,2,117,2.31770416057563
7,95,77,2,118,4.37593132707262
7,95,77,2,119,4.23452689765953
7,95,77,2,120,2.14786244349289
7,95,78,0,1,-8.64459245608587
7,95,78,0,2,-4.58025390740209
7,95,78,0,3,-4.74003179435277
7,95,78,0,4,-4.15792888397599
7,95,78,0,5,-2.86774417144487
7,95,78,0,6,-1.65922228707036
7,95,78,0,7,-2.34551690660459
7,95,78,0,8,0.62226274265969
7,95,78,0,9,-4.323024825206
7,95,78,0,10,-3.69182562229177
7,95,78,0,11,-3.78713630465547
7,95,78,0,12,-5.9751430287972
7,95,78,0,13,-5.13904541005183
7,95,78,0,14,-4.45760764786175
7,95,78,0,15,-4.95884411254971
7,95,78,0,16,-7.92643932832612
7,95,78,0,17,-4.72444963007591
7,95,78,0,18,-8.69862021992431
7,95,78,0,19,3.44799854091951
7,95,78,0,20,-5.38628038951157
7,95,78,0,21,-3.43763318657238
7,95,78,0,22,0.692440541932535
7,95,78,0,23,3.26846013971224
7,95,78,0,24,-1.04178169457283
7,95,78,0,25,4.21315203689165
7,95,78,0,26,1.32058325622672
7,95,78,0,27,6.0409483788705
7,95,78,0,28,0.847326163502473
7,95,78,0,29,-1.47141729570782
7,95,78,0,30,-3.35702800315849
7,95,78,1,31,0.0131303831860556
7,95,78,1,32,2.12810991517151
7,95,78,1,33,-5.35337253028045
7,95,78,1,34,0.00909057731652751
7,95,78,1,35,-0.0606087838757055
7,95,78,1,36,-1.20546438145606
7,95,78,1,37,5.46542195737101
7,95,78,1,38,0.96098645117361
7,95,78,1,39,2.33513896519421
7,95,78,1,40,1.76471100527451
7,95,78,1,41,1.34179881147549
7,95,78,1,42,0.685102123488656
7,95,78,1,43,2.73152899670117
7,95,78,1,44,3.91403626979285
7,95,78,1,45,-1.23450489365621
7,95,78,1,46,1.17341654496405
7,95,78,1,47,2.68948056609454
7,95,78,1,48,2.54994884071732
7,95,78,1,49,8.72600868486443
7,95,78,1,50,1.60700477765368
7,95,78,1,51,4.83484130818909
7,95,78,1,52,1.11858369705785
7,95,78,1,53,-1.18803461389213
7,95,78,1,54,3.14643679126403
7,95,78,1,55,2.56335813987792
7,95,78,1,56,-0.886700407120479
7,95,78,1,57,1.54888449505584
7,95,78,1,58,5.45280644066834
7,95,78,1,59,8.03978782391669
7,95,78,1,60,3.81129701990761
7,95,78,1,61,0.0354971896754854
7,95,78,1,62,7.29678283908356
7,95,78,1,63,4.90120070515367
7,95,78,1,64,7.94658675351109
7,95,78,1,65,3.73171872138698
7,95,78,1,66,2.41432897720379
7,95,78,1,67,2.45118660837365
7,95,78,1,68,3.7428965573239
7,95,78,1,69,4.38085680652919
7,95,78,1,70,2.26863721297043
7,95,78,1,71,6.0209715088801
7,95,78,1,72,1.89267062668383
7,95,78,1,73,5.29126691080948
7,95,78,1,74,1.95760487471716
7,95,78,1,75,4.96954721196474
7,95,78,1,76,4.50635216692858
7,95,78,1,77,5.2892492382802
7,95,78,1,78,7.1887408915823
7,95,78,1,79,4.49468546882071
7,95,78,1,80,-0.807450648654861
7,95,78,1,81,2.03081130880862
7,95,78,1,82,0.409122252427376
7,95,78,1,83,3.01326658808208
7,95,78,1,84,-0.998830618778728
7,95,78,1,85,3.59715401076293
7,95,78,1,86,3.90067213716282
7,95,78,1,87,8.86491121712038
7,95,78,1,88,5.77143694702138
7,95,78,1,89,4.16669837001962
7,95,78,1,90,3.20697693752323
7,95,78,1,91,2.86268595790486
7,95,78,1,92,-0.649096889271285
7,95,78,1,93,2.0695188853554
7,95,78,1,94,3.22550805030343
7,95,78,1,95,0.540330688624783
7,95,78,1,96,2.94946676723331
7,95,78,1,97,4.84469548259272
7,95,78,1,98,1.45167124730022
7,95,78,1,99,2.50432273364868
7,95,78,1,100,3.36196072261877
7,95,78,1,101,6.0588137532824
7,95,78,1,102,-3.27307665784448
7,95,78,1,103,-0.319360265196132
7,95,78,1,104,-1.0655946769327
7,95,78,1,105,3.426355823684
7,95,78,1,106,4.93750769354732
7,95,78,1,107,6.40939811747481
7,95,78,1,108,-0.38048728768879
7,95,78,1,109,3.61361787120253
7,95,78,1,110,4.48862257899453
7,95,78,2,111,6.56374792320061
7,95,78,2,112,1.69721359996099
7,95,78,2,113,1.4503177017845
7,95,78,2,114,-0.155873768436553
7,95,78,2,115,3.55141148930097
7,95,78,2,116,4.88857529184943
7,95,78,2,117,2.13285975663377
7,95,78,2,118,6.35891500366046
7,95,78,2,119,3.97414946546544
7,95,78,2,120,2.25179950352203
7,95,79,0,1,-1.27745755967756
7,95,79,0,2,-6.10726309840079
7,95,79,0,3,-2.55342200945195
7,95,79,0,4,-5.55025839597284
7,95,79,0,5,0.60843322556535
7,95,79,0,6,-1.86790591737138
7,95,79,0,7,-1.58463513619514
7,95,79,0,8,2.90668159117505
7,95,79,0,9,1.09876632475253
7,95,79,0,10,3.27081180711378
7,95,79,0,11,-3.39158501480488
7,95,79,0,12,0.288703515587563
7,95,79,0,13,-0.490271609200676
7,95,79,0,14,-1.36764751744242
7,95,79,0,15,-2.71739305649434
7,95,79,0,16,-2.54097882731014
7,95,79,0,17,2.78184797228858
7,95,79,0,18,0.955685428277538
7,95,79,0,19,-0.779978973873479
7,95,79,0,20,-1.79707604592663
7,95,79,0,21,1.79863918943984
7,95,79,0,22,-1.22681683829341
7,95,79,0,23,-3.17733879780418
7,95,79,0,24,-7.87497756095594
7,95,79,0,25,0.196004166267694
7,95,79,0,26,-4.24332329217626
7,95,79,0,27,-0.971065129819643
7,95,79,0,28,-7.65594036095353
7,95,79,0,29,-6.36290619746495
7,95,79,0,30,-0.788622003781049
7,95,79,1,31,0.600437039734834
7,95,79,1,32,1.43990408558481
7,95,79,1,33,-0.277641907364161
7,95,79,1,34,2.63104974962369
7,95,79,1,35,-0.476420606836695
7,95,79,1,36,3.82499771191662
7,95,79,1,37,5.09330752277095
7,95,79,1,38,2.5602604130319
7,95,79,1,39,-0.172305463466464
7,95,79,1,40,4.48273836551283
7,95,79,1,41,-3.30056343870123
7,95,79,1,42,-3.47148630856346
7,95,79,1,43,3.00928814138355
7,95,79,1,44,1.51903849271333
7,95,79,1,45,1.24698076156322
7,95,79,1,46,4.41276047668307
7,95,79,1,47,2.55560370428458
7,95,79,1,48,1.31117747484972
7,95,79,1,49,2.52686729202992
7,95,79,1,50,1.53634372115135
7,95,79,1,51,4.34797523420416
7,95,79,1,52,1.27869759457642
7,95,79,1,53,-0.711471666003982
7,95,79,1,54,-2.04847962635548
7,95,79,1,55,2.17944988742045
7,95,79,1,56,2.95006177359759
7,95,79,1,57,-3.23302681581586
7,95,79,1,58,-0.949365171708289
7,95,79,1,59,2.596211408298
7,95,79,1,60,-5.84025768162123
7,95,79,1,61,3.61945785130118
7,95,79,1,62,-1.67777933607623
7,95,79,1,63,1.47011396131608
7,95,79,1,64,-3.07230867962805
7,95,79,1,65,-0.372500337445421
7,95,79,1,66,-2.96600948548057
7,95,79,1,67,-1.35009078897546
7,95,79,1,68,-2.01181094670355
7,95,79,1,69,-0.0688991839550672
7,95,79,1,70,-1.33838736100552
7,95,79,1,71,-0.040636903750586
7,95,79,1,72,3.180353040931
7,95,79,1,73,-0.865911746788762
7,95,79,1,74,3.01242985201754
7,95,79,1,75,-0.962299866816777
7,95,79,1,76,0.421239118180806
7,95,79,1,77,5.70733881154335
7,95,79,1,78,1.5944689389213
7,95,79,1,79,2.97930199478507
7,95,79,1,80,3.26339389773078
7,95,79,1,81,0.645935579060471
7,95,79,1,82,2.44607822337632
7,95,79,1,83,1.81554853378602
7,95,79,1,84,0.597440698157187
7,95,79,1,85,1.88740391233277
7,95,79,1,86,4.24737649555545
7,95,79,1,87,5.77288874577517
7,95,79,1,88,6.19649863089951
7,95,79,1,89,4.32762796060713
7,95,79,1,90,2.21758074792912
7,95,79,1,91,-2.66118530511386
7,95,79,1,92,-0.0450605120831664
7,95,79,1,93,-5.47232899190686
7,95,79,1,94,-0.767810815635225
7,95,79,1,95,7.26307970225163
7,95,79,1,96,5.25495471764775
7,95,79,1,97,1.08649554579285
7,95,79,1,98,1.60161263096584
7,95,79,1,99,3.39753445399292
7,95,79,1,100,-0.331351835424931
7,95,79,1,101,0.954809907743788
7,95,79,1,102,-1.86569906489053
7,95,79,1,103,0.497939135144275
7,95,79,1,104,3.67928804482665
7,95,79,1,105,1.94837396810156
7,95,79,1,106,-0.416520385512318
7,95,79,1,107,-0.502994914109227
7,95,79,1,108,-0.862827665215692
7,95,79,1,109,-0.169009192942359
7,95,79,1,110,-2.84497039628558
7,95,79,2,111,1.47598625285077
7,95,79,2,112,5.05409644730299
7,95,79,2,113,3.1992114012116
7,95,79,2,114,-1.51389144813436
7,95,79,2,115,-5.70749780757688
7,95,79,2,116,-5.3061290956353
7,95,79,2,117,-8.8001788453783
7,95,79,2,118,-11.3058867917338
7,95,79,2,119,-12.1727536820668
7,95,79,2,120,-7.70687962333818
7,95,80,0,1,-6.21513073859005
7,95,80,0,2,0.836445651076012
7,95,80,0,3,2.86289059523819
7,95,80,0,4,-1.6460515328346
7,95,80,0,5,-0.401306418090059
7,95,80,0,6,-0.637485999745494
7,95,80,0,7,0.661766874466388
7,95,80,0,8,1.01512014983625
7,95,80,0,9,-2.45474906478723
7,95,80,0,10,1.98278165445529
7,95,80,0,11,-2.17664069190016
7,95,80,0,12,-3.35580491353035
7,95,80,0,13,1.0220346762996
7,95,80,0,14,-0.231511231071946
7,95,80,0,15,-3.71819105719814
7,95,80,0,16,-2.01687724940739
7,95,80,0,17,2.14684107947876
7,95,80,0,18,-4.03147222686346
7,95,80,0,19,-2.13423647632788
7,95,80,0,20,-1.17291918801233
7,95,80,0,21,1.5198369033623
7,95,80,0,22,1.97455217692873
7,95,80,0,23,-1.0683228125438
7,95,80,0,24,-0.183000831729172
7,95,80,0,25,-2.65338023145715
7,95,80,0,26,-2.38180146329695
7,95,80,0,27,1.34256734169684
7,95,80,0,28,-2.17434181267438
7,95,80,0,29,1.20181801391636
7,95,80,0,30,0.823894692635668
7,95,80,1,31,1.238993235874
7,95,80,1,32,2.08544339330558
7,95,80,1,33,0.157812897899338
7,95,80,1,34,-1.82107035764242
7,95,80,1,35,1.83524535323404
7,95,80,1,36,-0.0785241646906403
7,95,80,1,37,1.6578517289895
7,95,80,1,38,2.38555958886263
7,95,80,1,39,3.48920680203168
7,95,80,1,40,4.97772996519129
7,95,80,1,41,5.1037591299469
7,95,80,1,42,2.02212705447152
7,95,80,1,43,5.73963838954219
7,95,80,1,44,9.09970388689535
7,95,80,1,45,5.37748520608465
7,95,80,1,46,5.3915695849231
7,95,80,1,47,5.94414341129918
7,95,80,1,48,5.54492697944402
7,95,80,1,49,6.20555762950133
7,95,80,1,50,3.2414051487407
7,95,80,1,51,3.63515754832294
7,95,80,1,52,1.06981882658704
7,95,80,1,53,6.56536575271593
7,95,80,1,54,2.31598508950898
7,95,80,1,55,3.56628052837771
7,95,80,1,56,7.03326151954646
7,95,80,1,57,7.43115351030805
7,95,80,1,58,5.49055506977287
7,95,80,1,59,4.41307511048202
7,95,80,1,60,6.45263709272056
7,95,80,1,61,4.08694014910833
7,95,80,1,62,6.90214455303816
7,95,80,1,63,2.71490105766607
7,95,80,1,64,3.79409195677752
7,95,80,1,65,6.3348064829048
7,95,80,1,66,5.70941678136568
7,95,80,1,67,7.51213289239514
7,95,80,1,68,5.2083164954722
7,95,80,1,69,4.83830583143174
7,95,80,1,70,-0.470327940263827
7,95,80,1,71,7.88700875708571
7,95,80,1,72,5.27399942075816
7,95,80,1,73,3.08684961955968
7,95,80,1,74,2.89402382583495
7,95,80,1,75,6.56107786658833
7,95,80,1,76,2.61856124359145
7,95,80,1,77,6.77281135296919
7,95,80,1,78,2.8055710185506
7,95,80,1,79,8.23604131206567
7,95,80,1,80,6.16113673192248
7,95,80,1,81,3.67465196097032
7,95,80,1,82,3.67384904260741
7,95,80,1,83,5.20568380984966
7,95,80,1,84,8.78198195542324
7,95,80,1,85,5.20208049119865
7,95,80,1,86,9.01892693595128
7,95,80,1,87,6.56615846371269
7,95,80,1,88,7.38340692930885
7,95,80,1,89,7.77037885260167
7,95,80,1,90,10.1163222354607
7,95,80,1,91,13.5795217361075
7,95,80,1,92,9.9920114345577
7,95,80,1,93,9.3708801884413
7,95,80,1,94,7.97806038586183
7,95,80,1,95,8.50143362174059
7,95,80,1,96,7.37446162543068
7,95,80,1,97,8.29541045760308
7,95,80,1,98,6.80206769445964
7,95,80,1,99,4.50150712980745
7,95,80,1,100,4.91810290271178
7,95,80,1,101,6.11483701564111
7,95,80,1,102,4.30383548166441
7,95,80,1,103,4.65222400433514
7,95,80,1,104,4.60568488301875
7,95,80,1,105,2.72999073825837
7,95,80,1,106,5.66138226853523
7,95,80,1,107,3.20650859389011
7,95,80,1,108,5.15453832537579
7,95,80,1,109,6.81117472007912
7,95,80,1,110,7.40265385514524
7,95,80,2,111,8.94637219151779
7,95,80,2,112,8.19439867861094
7,95,80,2,113,4.72529175264895
7,95,80,2,114,4.68559479908782
7,95,80,2,115,9.27238923982034
7,95,80,2,116,3.38234894225139
7,95,80,2,117,5.65651504338952
7,95,80,2,118,3.3395600365056
7,95,80,2,119,3.97689412216803
7,95,80,2,120,3.32238977952044
7,95,81,0,1,-5.77232552197081
7,95,81,0,2,-1.66566876738853
7,95,81,0,3,-1.20974044746714
7,95,81,0,4,-5.03663801024934
7,95,81,0,5,-3.58575966736261
7,95,81,0,6,-1.19449895000218
7,95,81,0,7,-0.655462997262728
7,95,81,0,8,-3.31120794209662
7,95,81,0,9,-1.65208013134362
7,95,81,0,10,-2.45444046116559
7,95,81,0,11,-0.772228579433235
7,95,81,0,12,-0.249494394592587
7,95,81,0,13,-2.38361606494977
7,95,81,0,14,1.05845172744012
7,95,81,0,15,-2.80080210811065
7,95,81,0,16,-0.824684110390058
7,95,81,0,17,0.18228377469609
7,95,81,0,18,-3.72923850269515
7,95,81,0,19,-1.95867459789525
7,95,81,0,20,-1.67123955610906
7,95,81,0,21,-0.355791776468531
7,95,81,0,22,3.25706750312471
7,95,81,0,23,-1.39689359495723
7,95,81,0,24,-2.65894084828685
7,95,81,0,25,-1.83323713421712
7,95,81,0,26,-0.742154331764081
7,95,81,0,27,-3.37393250697744
7,95,81,0,28,-1.62703199511048
7,95,81,0,29,1.65327548986434
7,95,81,0,30,0.900723384461858
7,95,81,1,31,2.20194927056752
7,95,81,1,32,-5.09249138905264
7,95,81,1,33,-2.54114561495243
7,95,81,1,34,-2.55712666127049
7,95,81,1,35,-1.74473094206585
7,95,81,1,36,-1.90402915757155
7,95,81,1,37,0.723994506431962
7,95,81,1,38,0.75571919884894
7,95,81,1,39,-1.0567948209919
7,95,81,1,40,-0.335015190305971
7,95,81,1,41,-0.447524924211979
7,95,81,1,42,-0.814945741214353
7,95,81,1,43,-2.21957915086974
7,95,81,1,44,2.08196329289127
7,95,81,1,45,2.25586028731417
7,95,81,1,46,-1.10016594254017
7,95,81,1,47,-0.692375390718563
7,95,81,1,48,0.579209902886368
7,95,81,1,49,3.468431404713
7,95,81,1,50,1.59668315395519
7,95,81,1,51,1.65453370609252
7,95,81,1,52,-2.50114440008521
7,95,81,1,53,0.182390183900997
7,95,81,1,54,2.38615664011826
7,95,81,1,55,-0.370250947645285
7,95,81,1,56,3.09723215785666
7,95,81,1,57,0.00231650689858554
7,95,81,1,58,-0.2134425929892
7,95,81,1,59,0.610464799648027
7,95,81,1,60,0.614431019323034
7,95,81,1,61,2.96046479721218
7,95,81,1,62,2.4147339769306
7,95,81,1,63,1.78304530318696
7,95,81,1,64,1.25347119275961
7,95,81,1,65,0.623401755642421
7,95,81,1,66,2.88847137633386
7,95,81,1,67,3.70555737569292
7,95,81,1,68,3.60858825714387
7,95,81,1,69,1.70141136784059
7,95,81,1,70,2.44650668687359
7,95,81,1,71,3.36091624792635
7,95,81,1,72,2.13958676726431
7,95,81,1,73,4.3885195003996
7,95,81,1,74,2.36336269346569
7,95,81,1,75,4.44198414049847
7,95,81,1,76,2.84231601879197
7,95,81,1,77,2.93349669211319
7,95,81,1,78,4.52534461711866
7,95,81,1,79,2.66832968420629
7,95,81,1,80,2.49102223653744
7,95,81,1,81,6.35318551830234
7,95,81,1,82,4.47686032040876
7,95,81,1,83,3.5821140176
7,95,81,1,84,4.99027075000243
7,95,81,1,85,4.06565726358009
7,95,81,1,86,6.28598717556655
7,95,81,1,87,6.62792087175935
7,95,81,1,88,9.24666738807542
7,95,81,1,89,4.53204726498427
7,95,81,1,90,4.61089877913346
7,95,81,1,91,7.60755342157911
7,95,81,1,92,6.30339065841897
7,95,81,1,93,5.09119550919244
7,95,81,1,94,5.05456651404737
7,95,81,1,95,5.66616556454535
7,95,81,1,96,5.97401749745352
7,95,81,1,97,7.55526700034092
7,95,81,1,98,6.82861458276152
7,95,81,1,99,5.79231393265406
7,95,81,1,100,8.63696162066267
7,95,81,1,101,5.51011760395302
7,95,81,1,102,6.04457852587336
7,95,81,1,103,6.95648002195897
7,95,81,1,104,7.37397008919813
7,95,81,1,105,8.83837589358459
7,95,81,1,106,4.94840192878729
7,95,81,1,107,7.47235299130208
7,95,81,1,108,6.92981746939685
7,95,81,1,109,6.43744584921581
7,95,81,1,110,3.70608871143125
7,95,81,2,111,5.10052708357258
7,95,81,2,112,3.70347350891689
7,95,81,2,113,5.29615454651584
7,95,81,2,114,3.3084968112288
7,95,81,2,115,6.63643240757285
7,95,81,2,116,5.21524267821851
7,95,81,2,117,6.75002790623919
7,95,81,2,118,3.33059874917671
7,95,81,2,119,3.39095870941437
7,95,81,2,120,3.99891811719877
7,95,82,0,1,-5.6761579274932
7,95,82,0,2,-4.37888544343399
7,95,82,0,3,-3.98551910348766
7,95,82,0,4,-7.36489890767591
7,95,82,0,5,-1.97560406750831
7,95,82,0,6,-5.04253512284491
7,95,82,0,7,-7.884368915702
7,95,82,0,8,2.37456952012832
7,95,82,0,9,-4.23307071011774
7,95,82,0,10,-2.57674233229158
7,95,82,0,11,-2.45378407715693
7,95,82,0,12,-3.63158976603496
7,95,82,0,13,-6.91365142268903
7,95,82,0,14,-2.2744916445295
7,95,82,0,15,-1.98748044245039
7,95,82,0,16,-2.79040402588013
7,95,82,0,17,0.0394807690378356
7,95,82,0,18,-2.84040700789451
7,95,82,0,19,1.90950204227169
7,95,82,0,20,-1.7650549755791
7,95,82,0,21,-1.16809932290908
7,95,82,0,22,0.135777794043155
7,95,82,0,23,-4.3942393013176
7,95,82,0,24,-2.79811256231831
7,95,82,0,25,0.530312350784734
7,95,82,0,26,0.282853967917825
7,95,82,0,27,-2.91426194203694
7,95,82,0,28,-5.23232920466494
7,95,82,0,29,-2.79393320836209
7,95,82,0,30,0.390226830220813
7,95,82,1,31,-2.22423127596559
7,95,82,1,32,-2.83290387373411
7,95,82,1,33,-0.853024587040432
7,95,82,1,34,-1.24334234821691
7,95,82,1,35,-0.0504476219139651
7,95,82,1,36,0.43084967375181
7,95,82,1,37,1.18718751049902
7,95,82,1,38,-3.52912199229617
7,95,82,1,39,-5.21592468206567
7,95,82,1,40,0.172102379283375
7,95,82,1,41,3.68184666658178
7,95,82,1,42,-0.150358020181051
7,95,82,1,43,0.21303965051063
7,95,82,1,44,3.97117973233204
7,95,82,1,45,0.232457617120544
7,95,82,1,46,0.625954040745205
7,95,82,1,47,4.47590156522522
7,95,82,1,48,3.93054810161275
7,95,82,1,49,0.0857349494010964
7,95,82,1,50,2.03143087418556
7,95,82,1,51,5.55343087139833
7,95,82,1,52,2.80496002052876
7,95,82,1,53,4.9360195363585
7,95,82,1,54,1.63085405094343
7,95,82,1,55,0.354051493833012
7,95,82,1,56,3.12838411302385
7,95,82,1,57,5.76389486209892
7,95,82,1,58,4.54616526418548
7,95,82,1,59,5.16586105325188
7,95,82,1,60,4.54992871117916
7,95,82,1,61,3.32142650328488
7,95,82,1,62,4.72617304688457
7,95,82,1,63,4.67521584959855
7,95,82,1,64,7.13247399530258
7,95,82,1,65,6.68325896459931
7,95,82,1,66,6.82500052133555
7,95,82,1,67,3.56461804197535
7,95,82,1,68,5.94790781091623
7,95,82,1,69,4.05720282524462
7,95,82,1,70,6.93957749165542
7,95,82,1,71,3.6042422728319
7,95,82,1,72,8.97364169511859
7,95,82,1,73,4.39281807333217
7,95,82,1,74,7.26933642191592
7,95,82,1,75,2.85531733043966
7,95,82,1,76,6.07790046591984
7,95,82,1,77,3.4576861381081
7,95,82,1,78,9.39650569706767
7,95,82,1,79,5.66451139825077
7,95,82,1,80,1.20676756163949
7,95,82,1,81,4.42286898646652
7,95,82,1,82,6.51043071401893
7,95,82,1,83,1.89728261548446
7,95,82,1,84,2.82417167806124
7,95,82,1,85,1.64899542756177
7,95,82,1,86,3.40576172848877
7,95,82,1,87,7.71540669732718
7,95,82,1,88,3.84545423431848
7,95,82,1,89,-0.990365017610437
7,95,82,1,90,5.57542035949642
7,95,82,1,91,2.01823586775751
7,95,82,1,92,3.73908572554438
7,95,82,1,93,3.11677260670135
7,95,82,1,94,6.59504253389193
7,95,82,1,95,4.20720262678557
7,95,82,1,96,2.54232136421622
7,95,82,1,97,4.8678566458668
7,95,82,1,98,1.8944600385227
7,95,82,1,99,3.26968156716078
7,95,82,1,100,3.88873473817993
7,95,82,1,101,2.4946597193175
7,95,82,1,102,4.035747900195
7,95,82,1,103,4.22668506713133
7,95,82,1,104,4.94280320510336
7,95,82,1,105,7.08702785530043
7,95,82,1,106,6.3351391233451
7,95,82,1,107,5.18363781325467
7,95,82,1,108,2.59979791078212
7,95,82,1,109,3.65148352121056
7,95,82,1,110,6.62430861335013
7,95,82,2,111,4.49942522040729
7,95,82,2,112,4.09501591505525
7,95,82,2,113,3.16018099955178
7,95,82,2,114,1.999188345408
7,95,82,2,115,-0.966274858459847
7,95,82,2,116,-3.57065975836821
7,95,82,2,117,2.26940179208306
7,95,82,2,118,1.64233501067197
7,95,82,2,119,3.99493822874496
7,95,82,2,120,-4.08692106585436
7,95,83,0,1,-9.36443859948014
7,95,83,0,2,-3.06343628259948
7,95,83,0,3,-6.89433576663242
7,95,83,0,4,-13.7503429327763
7,95,83,0,5,-5.45462396526849
7,95,83,0,6,-9.77920364539974
7,95,83,0,7,-5.21766271902158
7,95,83,0,8,-12.3073335361283
7,95,83,0,9,-4.71313870566722
7,95,83,0,10,-3.18998050099391
7,95,83,0,11,-10.3052020575624
7,95,83,0,12,-5.46647181992734
7,95,83,0,13,-6.17207534456609
7,95,83,0,14,-7.09978813523638
7,95,83,0,15,-6.84689047928673
7,95,83,0,16,0.570924050888899
7,95,83,0,17,-4.6018123755372
7,95,83,0,18,-1.53584774770933
7,95,83,0,19,-3.97005642419489
7,95,83,0,20,-4.06591512785873
7,95,83,0,21,-3.80318627095164
7,95,83,0,22,-7.54804773868447
7,95,83,0,23,-4.79233446228935
7,95,83,0,24,-5.55834929082208
7,95,83,0,25,-4.2138336672714
7,95,83,0,26,-8.97962606731639
7,95,83,0,27,-7.06128136935589
7,95,83,0,28,-2.66021587580887
7,95,83,0,29,-4.08020058415378
7,95,83,0,30,-3.06611687253307
7,95,83,1,31,-6.86996758922426
7,95,83,1,32,-9.58771219014084
7,95,83,1,33,-4.48138052685866
7,95,83,1,34,-3.40742969160078
7,95,83,1,35,-6.51188994351143
7,95,83,1,36,-2.68651742609219
7,95,83,1,37,-2.59861533936024
7,95,83,1,38,-3.66739201402859
7,95,83,1,39,-5.54516282256943
7,95,83,1,40,-5.55956343363797
7,95,83,1,41,-2.27294389292554
7,95,83,1,42,-2.2590343306141
7,95,83,1,43,-4.3313115774331
7,95,83,1,44,0.209879749622565
7,95,83,1,45,-5.61639497772443
7,95,83,1,46,-4.39413275168431
7,95,83,1,47,-4.72693013855446
7,95,83,1,48,-2.13423449369596
7,95,83,1,49,-2.3668986312958
7,95,83,1,50,2.2018422904994
7,95,83,1,51,-0.386608062482547
7,95,83,1,52,3.06892429671481
7,95,83,1,53,-8.22904126459709
7,95,83,1,54,-0.355781873319563
7,95,83,1,55,-1.36357656774156
7,95,83,1,56,0.941070940379012
7,95,83,1,57,-2.15329890417329
7,95,83,1,58,-0.914762774078173
7,95,83,1,59,0.783719894639719
7,95,83,1,60,1.18973290242432
7,95,83,1,61,2.04676643868075
7,95,83,1,62,-0.990603129841784
7,95,83,1,63,-1.77935443396456
7,95,83,1,64,-4.44946965686344
7,95,83,1,65,-0.944884394777298
7,95,83,1,66,-0.355090956447654
7,95,83,1,67,1.45492471286028
7,95,83,1,68,0.0159867692253588
7,95,83,1,69,1.51747886954109
7,95,83,1,70,3.16525399668719
7,95,83,1,71,0.107885277297427
7,95,83,1,72,0.887052671263346
7,95,83,1,73,1.17633914519889
7,95,83,1,74,-0.299840243707229
7,95,83,1,75,-0.0758119192607287
7,95,83,1,76,-2.12990439841746
7,95,83,1,77,-0.148867406117318
7,95,83,1,78,-1.85689812296328
7,95,83,1,79,0.564327761120396
7,95,83,1,80,4.2133435339985
7,95,83,1,81,-1.20639529284115
7,95,83,1,82,0.435447426842309
7,95,83,1,83,-5.49503649013034
7,95,83,1,84,-2.0038969482873
7,95,83,1,85,0.778627548355006
7,95,83,1,86,1.45977580631587
7,95,83,1,87,-0.174601328085219
7,95,83,1,88,1.44233415410876
7,95,83,1,89,0.448230420144585
7,95,83,1,90,-3.62384757647902
7,95,83,1,91,1.77428157059728
7,95,83,1,92,-4.80060745368357
7,95,83,1,93,-0.879572641541615
7,95,83,1,94,-0.833605010168955
7,95,83,1,95,1.9265483953047
7,95,83,1,96,-0.0700071492340775
7,95,83,1,97,-4.02325306028566
7,95,83,1,98,-1.02599197885872
7,95,83,1,99,-4.60161862677408
7,95,83,1,100,-3.55206796560577
7,95,83,1,101,-0.459160841182394
7,95,83,1,102,-0.294803713034435
7,95,83,1,103,0.871504556778238
7,95,83,1,104,-1.1321133286558
7,95,83,1,105,0.62061550462799
7,95,83,1,106,-0.85258333461054
7,95,83,1,107,-0.454128980575187
7,95,83,1,108,-1.37312852390646
7,95,83,1,109,-0.875963724929458
7,95,83,1,110,-1.3709417285867
7,95,83,2,111,3.81588520675221
7,95,83,2,112,-2.72215384935195
7,95,83,2,113,3.07183541152138
7,95,83,2,114,1.39046486953969
7,95,83,2,115,-1.75844618340855
7,95,83,2,116,6.65715179189659
7,95,83,2,117,2.04176702324729
7,95,83,2,118,-0.843804598718234
7,95,83,2,119,-0.387411633847871
7,95,83,2,120,0.855712047373421
7,95,84,0,1,-7.70807172573693
7,95,84,0,2,-9.97078247056911
7,95,84,0,3,-7.1397913883749
7,95,84,0,4,-7.77728441890208
7,95,84,0,5,-3.14286480627948
7,95,84,0,6,1.3722688398599
7,95,84,0,7,-0.962067997707585
7,95,84,0,8,-2.03875032225471
7,95,84,0,9,-6.14769605326247
7,95,84,0,10,-0.841110481278432
7,95,84,0,11,4.96406726456884
7,95,84,0,12,-0.461095486170209
7,95,84,0,13,-7.89744029473933
7,95,84,0,14,-0.952443769748659
7,95,84,0,15,-1.625776850111
7,95,84,0,16,-3.88708186160412
7,95,84,0,17,1.1704496775692
7,95,84,0,18,-2.56999425099568
7,95,84,0,19,-1.75202971668882
7,95,84,0,20,-6.41886795433791
7,95,84,0,21,-5.2567035030305
7,95,84,0,22,0.759670115400925
7,95,84,0,23,-3.70277230886146
7,95,84,0,24,-1.74490012869324
7,95,84,0,25,-2.04376588058828
7,95,84,0,26,-5.75322185294988
7,95,84,0,27,-1.90259494684806
7,95,84,0,28,-7.77168234899483
7,95,84,0,29,-6.83932012953857
7,95,84,0,30,-5.58849473319688
7,95,84,1,31,-3.29429070064282
7,95,84,1,32,0.214138629724095
7,95,84,1,33,-3.94170211535856
7,95,84,1,34,2.96467528532282
7,95,84,1,35,-5.32205834783183
7,95,84,1,36,-1.2265138521403
7,95,84,1,37,3.84404892329464
7,95,84,1,38,7.36290145627758
7,95,84,1,39,4.70960928897733
7,95,84,1,40,0.872099688887624
7,95,84,1,41,3.01356389515252
7,95,84,1,42,2.81514096686045
7,95,84,1,43,8.11941680306769
7,95,84,1,44,1.20759725099201
7,95,84,1,45,5.68494488350625
7,95,84,1,46,5.02746587274811
7,95,84,1,47,6.02084790157233
7,95,84,1,48,3.57836542424973
7,95,84,1,49,4.94360037953142
7,95,84,1,50,1.93978786251101
7,95,84,1,51,1.41205148898825
7,95,84,1,52,3.48614884947283
7,95,84,1,53,5.04432962145762
7,95,84,1,54,2.28188265213011
7,95,84,1,55,1.80054540137312
7,95,84,1,56,2.11020399911133
7,95,84,1,57,8.96912809604435
7,95,84,1,58,4.77495867028895
7,95,84,1,59,3.86689833373966
7,95,84,1,60,3.59242235969831
7,95,84,1,61,5.66657993223106
7,95,84,1,62,4.14845190824666
7,95,84,1,63,7.85205731888662
7,95,84,1,64,4.21890058254884
7,95,84,1,65,4.87155210297091
7,95,84,1,66,6.41871810861347
7,95,84,1,67,5.32845555269161
7,95,84,1,68,10.0764662488158
7,95,84,1,69,3.42775331543793
7,95,84,1,70,3.87409789954441
7,95,84,1,71,7.58610406603415
7,95,84,1,72,8.7725792100242
7,95,84,1,73,3.5906907957055
7,95,84,1,74,5.92595721136579
7,95,84,1,75,7.31671582297947
7,95,84,1,76,5.78847347733682
7,95,84,1,77,5.9736178805454
7,95,84,1,78,9.57616694726471
7,95,84,1,79,4.06851587824589
7,95,84,1,80,4.09589488441263
7,95,84,1,81,8.02253619942624
7,95,84,1,82,5.74016053935409
7,95,84,1,83,8.76392078214966
7,95,84,1,84,5.28888499755548
7,95,84,1,85,6.26289554667819
7,95,84,1,86,3.94919024279989
7,95,84,1,87,10.4991931778471
7,95,84,1,88,8.25514830032516
7,95,84,1,89,5.00526570416749
7,95,84,1,90,-0.877309966323157
7,95,84,1,91,-0.531681671263886
7,95,84,1,92,2.43000678003854
7,95,84,1,93,3.05878993371666
7,95,84,1,94,2.09803749544613
7,95,84,1,95,2.46145050173732
7,95,84,1,96,3.59136024058096
7,95,84,1,97,5.18689999424563
7,95,84,1,98,3.994639935772
7,95,84,1,99,5.70449932074241
7,95,84,1,100,6.77312541548374
7,95,84,1,101,5.69518190678892
7,95,84,1,102,7.47525803835508
7,95,84,1,103,8.22550049413286
7,95,84,1,104,7.21946864368302
7,95,84,1,105,9.97332207942238
7,95,84,1,106,5.24737714282587
7,95,84,1,107,6.23977415718478
7,95,84,1,108,5.28618033293541
7,95,84,1,109,5.72241607713763
7,95,84,1,110,5.74052051384745
7,95,84,2,111,4.66676698252524
7,95,84,2,112,1.97322226117703
7,95,84,2,113,3.10085836524686
7,95,84,2,114,0.516097883513724
7,95,84,2,115,0.916697733938363
7,95,84,2,116,0.0104114450373829
7,95,84,2,117,1.88958246408004
7,95,84,2,118,1.69617441499252
7,95,84,2,119,0.333818115080867
7,95,84,2,120,-3.28488877381133
