candidateModel,parameterization,negLogLik,rmse,elapsedSeconds,nRows,nParams,AIC,BIC,recovered_propVar_mouse,recovered_propVar_trackpad,recovered_visVarSlope,recovered_retention,recovered_lr,recovered_raw_propVar_mouse,recovered_raw_propVar_trackpad,recovered_raw_visVarSlope,recovered_raw_retention,recovered_raw_lr,recovered_raw_visVarInt,recovered_visVarInt,recovered_raw_motorVar_mouse,recovered_motorVar_mouse,recovered_raw_motorVar_trackpad,recovered_motorVar_trackpad,subsetSlug,subsetLabel,syntheticId,drawIndex,generatingModel,true_propVar_mouse,true_propVar_trackpad,true_visVarSlope,true_retention,true_lr,true_raw_propVar_mouse,true_raw_propVar_trackpad,true_raw_visVarSlope,true_raw_retention,true_raw_lr,true_raw_visVarInt,true_visVarInt,true_raw_motorVar_mouse,true_motorVar_mouse,true_raw_motorVar_trackpad,true_motorVar_trackpad,fitSeed,recovered_senseVar_mouse,recovered_senseVar_trackpad,recovered_c,recovered_raw_senseVar_mouse,recovered_raw_senseVar_trackpad,recovered_raw_c,true_senseVar_mouse,true_senseVar_trackpad,true_c,true_raw_senseVar_mouse,true_raw_senseVar_trackpad,true_raw_c
MeanTimeseriesBaseBCC,joint_device_fixed_motorVar,66109.72908928848,7.084341446041,286.427983600006,20800,5,132229.45817857696,132269.1717199054,202.94263031108443,115.64627274887583,0.4662088998077851,0.9870156093542578,0.026321048651808177,202.94263031108443,115.64627274887583,0.4662088998077851,0.9870156093542578,0.026321048651808177,1.853,1.853,81.42877507299032,81.42877507299032,43.75327994968318,43.75327994968318,joint_devices,Mouse + Trackpad joint,joint_devices_MeanTimeseriesBaseBCC_0000,0,MeanTimeseriesBaseBCC,730.9841842406452,370.4000611214077,0.5846694694277819,0.9842983770338329,0.02984812746275034,730.9841842406452,370.4000611214077,0.5846694694277819,0.9842983770338329,0.02984812746275034,1.853,1.853,81.42877507299032,81.42877507299032,43.75327994968318,43.75327994968318,2007626659,,,,,,,,,,,,
MeanTimeseriesCausalInf,joint_device_fixed_motorVar,67366.10190653506,7.316079246426462,210.93005099998845,20800,5,134742.2038130701,134781.91735439855,,,,0.9807240907694107,0.9998249413334892,,,,0.9807240907694107,0.9998249413334892,,,,,,,joint_devices,Mouse + Trackpad joint,joint_devices_MeanTimeseriesBaseBCC_0000,0,MeanTimeseriesBaseBCC,730.9841842406452,370.4000611214077,0.5846694694277819,0.9842983770338329,0.02984812746275034,730.9841842406452,370.4000611214077,0.5846694694277819,0.9842983770338329,0.02984812746275034,1.853,1.853,81.42877507299032,81.42877507299032,43.75327994968318,43.75327994968318,1014313998,1085.831618756865,336.22089784003157,1.3525018847104877,1085.831618756865,336.22089784003157,1.3525018847104877,,,,,,
MeanTimeseriesVectorBCC,joint_device_fixed_motorVar,66307.79843457477,7.106985576965759,1638.7966099000041,20800,5,132625.59686914954,132665.31041047798,9.458906698041952,5.756541098506436,0.1253939331955269,1.0,0.030073714369676624,9.458906698041952,5.756541098506436,0.1253939331955269,1.0,0.030073714369676624,1.853,1.853,81.42877507299032,81.42877507299032,43.75327994968318,43.75327994968318,joint_devices,Mouse + Trackpad joint,joint_devices_MeanTimeseriesBaseBCC_0000,0,MeanTimeseriesBaseBCC,730.9841842406452,370.4000611214077,0.5846694694277819,0.9842983770338329,0.02984812746275034,730.9841842406452,370.4000611214077,0.5846694694277819,0.9842983770338329,0.02984812746275034,1.853,1.853,81.42877507299032,81.42877507299032,43.75327994968318,43.75327994968318,2101520649,,,,,,,,,,,,
MeanTimeseriesBaseBCC,joint_device_fixed_motorVar,66093.31557343614,7.108018675097711,181.72670699999435,20800,5,132196.63114687227,132236.3446882007,727.6106551243356,414.8175361269343,0.5339869103536335,0.9569102569830232,0.1397786931672972,727.6106551243356,414.8175361269343,0.5339869103536335,0.9569102569830232,0.1397786931672972,1.853,1.853,81.42877507299032,81.42877507299032,43.75327994968318,43.75327994968318,joint_devices,Mouse + Trackpad joint,joint_devices_MeanTimeseriesBaseBCC_0001,1,MeanTimeseriesBaseBCC,966.7700622345228,655.2247586208825,0.5556560235740104,0.9547634343902317,0.14273942699240247,966.7700622345228,655.2247586208825,0.5556560235740104,0.9547634343902317,0.14273942699240247,1.853,1.853,81.42877507299032,81.42877507299032,43.75327994968318,43.75327994968318,2108964480,,,,,,,,,,,,
MeanTimeseriesCausalInf,joint_device_fixed_motorVar,71279.54691670058,7.995952787625918,201.85746699999436,20800,5,142569.09383340116,142608.8073747296,,,,0.9388238551476739,1.0,,,,0.9388238551476739,1.0,,,,,,,joint_devices,Mouse + Trackpad joint,joint_devices_MeanTimeseriesBaseBCC_0001,1,MeanTimeseriesBaseBCC,966.7700622345228,655.2247586208825,0.5556560235740104,0.9547634343902317,0.14273942699240247,966.7700622345228,655.2247586208825,0.5556560235740104,0.9547634343902317,0.14273942699240247,1.853,1.853,81.42877507299032,81.42877507299032,43.75327994968318,43.75327994968318,855502619,1015.5919790058896,300.2241347833245,0.2170936717059281,1015.5919790058896,300.2241347833245,0.2170936717059281,,,,,,
MeanTimeseriesVectorBCC,joint_device_fixed_motorVar,66915.28479353996,7.213497599701363,1078.1378305000108,20800,5,133840.56958707992,133880.28312840837,32.59828113184798,18.853580745831174,0.15456675369435174,0.9834469045578967,0.1170346062129849,32.59828113184798,18.853580745831174,0.15456675369435174,0.9834469045578967,0.1170346062129849,1.853,1.853,81.42877507299032,81.42877507299032,43.75327994968318,43.75327994968318,joint_devices,Mouse + Trackpad joint,joint_devices_MeanTimeseriesBaseBCC_0001,1,MeanTimeseriesBaseBCC,966.7700622345228,655.2247586208825,0.5556560235740104,0.9547634343902317,0.14273942699240247,966.7700622345228,655.2247586208825,0.5556560235740104,0.9547634343902317,0.14273942699240247,1.853,1.853,81.42877507299032,81.42877507299032,43.75327994968318,43.75327994968318,489738045,,,,,,,,,,,,
MeanTimeseriesBaseBCC,joint_device_fixed_motorVar,65964.50281901941,7.032134229334403,180.62076499999966,20800,5,131939.00563803883,131978.71917936727,445.1606587630968,1000.0,0.5076277689328453,0.9901913600241538,0.14368951373517366,445.1606587630968,1000.0,0.5076277689328453,0.9901913600241538,0.14368951373517366,1.853,1.853,81.42877507299032,81.42877507299032,43.75327994968318,43.75327994968318,joint_devices,Mouse + Trackpad joint,joint_devices_MeanTimeseriesBaseBCC_0002,2,MeanTimeseriesBaseBCC,418.00614274135984,878.4254801452115,0.4987763494954947,0.9908042421463163,0.14052991069921786,418.00614274135984,878.4254801452115,0.4987763494954947,0.9908042421463163,0.14052991069921786,1.853,1.853,81.42877507299032,81.42877507299032,43.75327994968318,43.75327994968318,953423193,,,,,,,,,,,,
MeanTimeseriesCausalInf,joint_device_fixed_motorVar,103770.38210896112,11.995799196034618,199.16498960000172,20800,5,207550.76421792223,207590.47775925067,,,,0.9836192111592795,1.0,,,,0.9836192111592795,1.0,,,,,,,joint_devices,Mouse + Trackpad joint,joint_devices_MeanTimeseriesBaseBCC_0002,2,MeanTimeseriesBaseBCC,418.00614274135984,878.4254801452115,0.4987763494954947,0.9908042421463163,0.14052991069921786,418.00614274135984,878.4254801452115,0.4987763494954947,0.9908042421463163,0.14052991069921786,1.853,1.853,81.42877507299032,81.42877507299032,43.75327994968318,43.75327994968318,1777749160,303.1859245002302,561.8612297523601,0.2507844703910192,303.1859245002302,561.8612297523601,0.2507844703910192,,,,,,
MeanTimeseriesVectorBCC,joint_device_fixed_motorVar,71291.44679136571,7.618680643985713,882.3332227999927,20800,5,142592.89358273143,142632.60712405987,260.55877780033177,444.5019931926065,0.3163071933982822,0.9945436712143833,0.11649398901450338,260.55877780033177,444.5019931926065,0.3163071933982822,0.9945436712143833,0.11649398901450338,1.853,1.853,81.42877507299032,81.42877507299032,43.75327994968318,43.75327994968318,joint_devices,Mouse + Trackpad joint,joint_devices_MeanTimeseriesBaseBCC_0002,2,MeanTimeseriesBaseBCC,418.00614274135984,878.4254801452115,0.4987763494954947,0.9908042421463163,0.14052991069921786,418.00614274135984,878.4254801452115,0.4987763494954947,0.9908042421463163,0.14052991069921786,1.853,1.853,81.42877507299032,81.42877507299032,43.75327994968318,43.75327994968318,368543252,,,,,,,,,,,,
MeanTimeseriesBaseBCC,joint_device_fixed_motorVar,66143.90908620937,7.119642188443511,198.05819159999373,20800,5,132297.81817241875,132337.5317137472,349.2297093264823,467.4291456155898,0.26873590867285724,0.9908126738291968,0.20239881368969082,349.2297093264823,467.4291456155898,0.26873590867285724,0.9908126738291968,0.20239881368969082,1.853,1.853,81.42877507299032,81.42877507299032,43.75327994968318,43.75327994968318,joint_devices,Mouse + Trackpad joint,joint_devices_MeanTimeseriesBaseBCC_0003,3,MeanTimeseriesBaseBCC,342.5715964206538,454.5832695955276,0.266757203904899,0.9910568921714373,0.2001910484261812,342.5715964206538,454.5832695955276,0.266757203904899,0.9910568921714373,0.2001910484261812,1.853,1.853,81.42877507299032,81.42877507299032,43.75327994968318,43.75327994968318,350796779,,,,,,,,,,,,
MeanTimeseriesCausalInf,joint_device_fixed_motorVar,238567.67203726887,24.477423780532465,260.98880599999393,20800,5,477145.34407453774,477185.0576158662,,,,0.9752834727097529,1.0,,,,0.9752834727097529,1.0,,,,,,,joint_devices,Mouse + Trackpad joint,joint_devices_MeanTimeseriesBaseBCC_0003,3,MeanTimeseriesBaseBCC,342.5715964206538,454.5832695955276,0.266757203904899,0.9910568921714373,0.2001910484261812,342.5715964206538,454.5832695955276,0.266757203904899,0.9910568921714373,0.2001910484261812,1.853,1.853,81.42877507299032,81.42877507299032,43.75327994968318,43.75327994968318,1507889336,3190.063875357798,3452.4825124850126,0.13578121129660212,3190.063875357798,3452.4825124850126,0.13578121129660212,,,,,,
MeanTimeseriesVectorBCC,joint_device_fixed_motorVar,99981.84279027545,10.606044984399151,576.9178285999951,20800,5,199973.6855805509,200013.39912187934,791.4392859374718,1000.0,0.06557164526232699,0.9981401800267153,0.1466734331843398,791.4392859374718,1000.0,0.06557164526232699,0.9981401800267153,0.1466734331843398,1.853,1.853,81.42877507299032,81.42877507299032,43.75327994968318,43.75327994968318,joint_devices,Mouse + Trackpad joint,joint_devices_MeanTimeseriesBaseBCC_0003,3,MeanTimeseriesBaseBCC,342.5715964206538,454.5832695955276,0.266757203904899,0.9910568921714373,0.2001910484261812,342.5715964206538,454.5832695955276,0.266757203904899,0.9910568921714373,0.2001910484261812,1.853,1.853,81.42877507299032,81.42877507299032,43.75327994968318,43.75327994968318,517103602,,,,,,,,,,,,
MeanTimeseriesBaseBCC,joint_device_fixed_motorVar,66087.65868366076,7.132197477441292,170.77627760000178,20800,5,132185.31736732152,132225.03090864996,733.7600787628794,325.6022593938386,0.6352821441015126,0.9943021458141904,0.2478945490985558,733.7600787628794,325.6022593938386,0.6352821441015126,0.9943021458141904,0.2478945490985558,1.853,1.853,81.42877507299032,81.42877507299032,43.75327994968318,43.75327994968318,joint_devices,Mouse + Trackpad joint,joint_devices_MeanTimeseriesBaseBCC_0004,4,MeanTimeseriesBaseBCC,715.0794655707407,319.02894330446816,0.6295095112211901,0.9944547436583469,0.24668995411853759,715.0794655707407,319.02894330446816,0.6295095112211901,0.9944547436583469,0.24668995411853759,1.853,1.853,81.42877507299032,81.42877507299032,43.75327994968318,43.75327994968318,206761109,,,,,,,,,,,,
MeanTimeseriesCausalInf,joint_device_fixed_motorVar,115108.36479706885,14.429284415372502,268.88992909999797,20800,5,230226.7295941377,230266.44313546614,,,,0.9813837425395914,1.0,,,,0.9813837425395914,1.0,,,,,,,joint_devices,Mouse + Trackpad joint,joint_devices_MeanTimeseriesBaseBCC_0004,4,MeanTimeseriesBaseBCC,715.0794655707407,319.02894330446816,0.6295095112211901,0.9944547436583469,0.24668995411853759,715.0794655707407,319.02894330446816,0.6295095112211901,0.9944547436583469,0.24668995411853759,1.853,1.853,81.42877507299032,81.42877507299032,43.75327994968318,43.75327994968318,1029111986,152.48679486572573,105.35721641392652,0.15856268472893187,152.48679486572573,105.35721641392652,0.15856268472893187,,,,,,
MeanTimeseriesVectorBCC,joint_device_fixed_motorVar,71002.77655802117,7.8336929858273665,834.1213537000003,20800,5,142015.55311604234,142055.26665737078,630.0994828870049,186.9615014693705,0.44729304059221336,1.0,0.2262428871604618,630.0994828870049,186.9615014693705,0.44729304059221336,1.0,0.2262428871604618,1.853,1.853,81.42877507299032,81.42877507299032,43.75327994968318,43.75327994968318,joint_devices,Mouse + Trackpad joint,joint_devices_MeanTimeseriesBaseBCC_0004,4,MeanTimeseriesBaseBCC,715.0794655707407,319.02894330446816,0.6295095112211901,0.9944547436583469,0.24668995411853759,715.0794655707407,319.02894330446816,0.6295095112211901,0.9944547436583469,0.24668995411853759,1.853,1.853,81.42877507299032,81.42877507299032,43.75327994968318,43.75327994968318,44987495,,,,,,,,,,,,
MeanTimeseriesBaseBCC,joint_device_fixed_motorVar,66101.09550819495,7.116677816176163,196.41188330001023,20800,5,132212.1910163899,132251.90455771834,323.58654964195824,383.84853353220694,0.25744484520337246,0.9568743452677249,0.21289792938427793,323.58654964195824,383.84853353220694,0.25744484520337246,0.9568743452677249,0.21289792938427793,1.853,1.853,81.42877507299032,81.42877507299032,43.75327994968318,43.75327994968318,joint_devices,Mouse + Trackpad joint,joint_devices_MeanTimeseriesBaseBCC_0005,5,MeanTimeseriesBaseBCC,327.43431203315254,389.1108769233767,0.2587518077781204,0.9561215310702063,0.21647608268173804,327.43431203315254,389.1108769233767,0.2587518077781204,0.9561215310702063,0.21647608268173804,1.853,1.853,81.42877507299032,81.42877507299032,43.75327994968318,43.75327994968318,524141581,,,,,,,,,,,,
MeanTimeseriesCausalInf,joint_device_fixed_motorVar,95895.85023692412,12.104688611361281,334.52936839999165,20800,5,191801.70047384824,191841.41401517668,,,,0.9309712795850358,1.0,,,,0.9309712795850358,1.0,,,,,,,joint_devices,Mouse + Trackpad joint,joint_devices_MeanTimeseriesBaseBCC_0005,5,MeanTimeseriesBaseBCC,327.43431203315254,389.1108769233767,0.2587518077781204,0.9561215310702063,0.21647608268173804,327.43431203315254,389.1108769233767,0.2587518077781204,0.9561215310702063,0.21647608268173804,1.853,1.853,81.42877507299032,81.42877507299032,43.75327994968318,43.75327994968318,1217324784,4668.163040378466,3739.145083502532,0.11173862258390031,4668.163040378466,3739.145083502532,0.11173862258390031,,,,,,
MeanTimeseriesVectorBCC,joint_device_fixed_motorVar,76880.96972392016,8.217016635594165,1061.400132099996,20800,5,153771.93944784033,153811.65298916877,16.640179017569764,11.960161685268801,0.03110400414165869,1.0,0.17467643475432698,16.640179017569764,11.960161685268801,0.03110400414165869,1.0,0.17467643475432698,1.853,1.853,81.42877507299032,81.42877507299032,43.75327994968318,43.75327994968318,joint_devices,Mouse + Trackpad joint,joint_devices_MeanTimeseriesBaseBCC_0005,5,MeanTimeseriesBaseBCC,327.43431203315254,389.1108769233767,0.2587518077781204,0.9561215310702063,0.21647608268173804,327.43431203315254,389.1108769233767,0.2587518077781204,0.9561215310702063,0.21647608268173804,1.853,1.853,81.42877507299032,81.42877507299032,43.75327994968318,43.75327994968318,1343069829,,,,,,,,,,,,
MeanTimeseriesBaseBCC,joint_device_fixed_motorVar,66126.25580010039,7.121618153644642,252.66751230000227,20800,5,132262.51160020079,132302.22514152923,726.663669086017,1000.0,0.3735949626288116,0.9676031363847902,0.14765158393705205,726.663669086017,1000.0,0.3735949626288116,0.9676031363847902,0.14765158393705205,1.853,1.853,81.42877507299032,81.42877507299032,43.75327994968318,43.75327994968318,joint_devices,Mouse + Trackpad joint,joint_devices_MeanTimeseriesBaseBCC_0006,6,MeanTimeseriesBaseBCC,701.99093790324,944.1152919522763,0.3715604447184897,0.9673372105824556,0.1488148333088705,701.99093790324,944.1152919522763,0.3715604447184897,0.9673372105824556,0.1488148333088705,1.853,1.853,81.42877507299032,81.42877507299032,43.75327994968318,43.75327994968318,2028572983,,,,,,,,,,,,
MeanTimeseriesCausalInf,joint_device_fixed_motorVar,86753.68391989106,10.532076366441194,232.4218508000049,20800,5,173517.36783978212,173557.08138111056,,,,0.9566799737173622,1.0,,,,0.9566799737173622,1.0,,,,,,,joint_devices,Mouse + Trackpad joint,joint_devices_MeanTimeseriesBaseBCC_0006,6,MeanTimeseriesBaseBCC,701.99093790324,944.1152919522763,0.3715604447184897,0.9673372105824556,0.1488148333088705,701.99093790324,944.1152919522763,0.3715604447184897,0.9673372105824556,0.1488148333088705,1.853,1.853,81.42877507299032,81.42877507299032,43.75327994968318,43.75327994968318,633637099,3717.3851765273034,1862.3290205312337,0.21333673071329498,3717.3851765273034,1862.3290205312337,0.21333673071329498,,,,,,
MeanTimeseriesVectorBCC,joint_device_fixed_motorVar,71561.13851596639,7.722685005051684,1004.4554566000006,20800,5,143132.27703193278,143171.99057326122,19.698863137119346,13.382904460716851,0.05944625082266244,1.0,0.10757456599764371,19.698863137119346,13.382904460716851,0.05944625082266244,1.0,0.10757456599764371,1.853,1.853,81.42877507299032,81.42877507299032,43.75327994968318,43.75327994968318,joint_devices,Mouse + Trackpad joint,joint_devices_MeanTimeseriesBaseBCC_0006,6,MeanTimeseriesBaseBCC,701.99093790324,944.1152919522763,0.3715604447184897,0.9673372105824556,0.1488148333088705,701.99093790324,944.1152919522763,0.3715604447184897,0.9673372105824556,0.1488148333088705,1.853,1.853,81.42877507299032,81.42877507299032,43.75327994968318,43.75327994968318,851898040,,,,,,,,,,,,
MeanTimeseriesBaseBCC,joint_device_fixed_motorVar,65954.56697536245,7.037791359850487,148.91561660000298,20800,5,131919.1339507249,131958.84749205335,293.2706019667366,196.39889712577525,0.415974876831361,0.9614111003995547,0.20461170470951448,293.2706019667366,196.39889712577525,0.415974876831361,0.9614111003995547,0.20461170470951448,1.853,1.853,81.42877507299032,81.42877507299032,43.75327994968318,43.75327994968318,joint_devices,Mouse + Trackpad joint,joint_devices_MeanTimeseriesBaseBCC_0007,7,MeanTimeseriesBaseBCC,325.0971284839187,214.37725886098477,0.4315122719536024,0.9598893075237819,0.21228159744762287,325.0971284839187,214.37725886098477,0.4315122719536024,0.9598893075237819,0.21228159744762287,1.853,1.853,81.42877507299032,81.42877507299032,43.75327994968318,43.75327994968318,1770043973,,,,,,,,,,,,
MeanTimeseriesCausalInf,joint_device_fixed_motorVar,77978.49926221976,8.961575619256678,199.12198549999448,20800,5,155966.99852443952,156006.71206576796,,,,0.9307935876123683,1.0,,,,0.9307935876123683,1.0,,,,,,,joint_devices,Mouse + Trackpad joint,joint_devices_MeanTimeseriesBaseBCC_0007,7,MeanTimeseriesBaseBCC,325.0971284839187,214.37725886098477,0.4315122719536024,0.9598893075237819,0.21228159744762287,325.0971284839187,214.37725886098477,0.4315122719536024,0.9598893075237819,0.21228159744762287,1.853,1.853,81.42877507299032,81.42877507299032,43.75327994968318,43.75327994968318,552618,1022.4586002658191,414.667617866646,0.13291661584183054,1022.4586002658191,414.667617866646,0.13291661584183054,,,,,,
MeanTimeseriesVectorBCC,joint_device_fixed_motorVar,67872.40512359157,7.265550928461634,870.8925832000095,20800,5,135754.81024718314,135794.52378851158,24.300067801714903,15.716121667990945,0.11216793358553596,0.9974868289035487,0.18323551851093672,24.300067801714903,15.716121667990945,0.11216793358553596,0.9974868289035487,0.18323551851093672,1.853,1.853,81.42877507299032,81.42877507299032,43.75327994968318,43.75327994968318,joint_devices,Mouse + Trackpad joint,joint_devices_MeanTimeseriesBaseBCC_0007,7,MeanTimeseriesBaseBCC,325.0971284839187,214.37725886098477,0.4315122719536024,0.9598893075237819,0.21228159744762287,325.0971284839187,214.37725886098477,0.4315122719536024,0.9598893075237819,0.21228159744762287,1.853,1.853,81.42877507299032,81.42877507299032,43.75327994968318,43.75327994968318,1151468604,,,,,,,,,,,,
MeanTimeseriesBaseBCC,joint_device_fixed_motorVar,66033.80745322743,7.06715815245323,181.4104612999945,20800,5,132077.61490645487,132117.3284477833,446.0674901377537,701.9810043332502,0.5156886889713751,0.9658492239455224,0.2551121218888364,446.0674901377537,701.9810043332502,0.5156886889713751,0.9658492239455224,0.2551121218888364,1.853,1.853,81.42877507299032,81.42877507299032,43.75327994968318,43.75327994968318,joint_devices,Mouse + Trackpad joint,joint_devices_MeanTimeseriesBaseBCC_0008,8,MeanTimeseriesBaseBCC,458.2808280770874,743.6717391377052,0.5213363422641286,0.9643231357796754,0.2637646855520695,458.2808280770874,743.6717391377052,0.5213363422641286,0.9643231357796754,0.2637646855520695,1.853,1.853,81.42877507299032,81.42877507299032,43.75327994968318,43.75327994968318,454390482,,,,,,,,,,,,
MeanTimeseriesCausalInf,joint_device_fixed_motorVar,84906.92417336568,9.833276767623934,257.14502450000145,20800,5,169823.84834673136,169863.5618880598,,,,0.9522093172157979,1.0,,,,0.9522093172157979,1.0,,,,,,,joint_devices,Mouse + Trackpad joint,joint_devices_MeanTimeseriesBaseBCC_0008,8,MeanTimeseriesBaseBCC,458.2808280770874,743.6717391377052,0.5213363422641286,0.9643231357796754,0.2637646855520695,458.2808280770874,743.6717391377052,0.5213363422641286,0.9643231357796754,0.2637646855520695,1.853,1.853,81.42877507299032,81.42877507299032,43.75327994968318,43.75327994968318,191105065,431.04361660692496,374.1420887076692,0.1327796643208368,431.04361660692496,374.1420887076692,0.1327796643208368,,,,,,
MeanTimeseriesVectorBCC,joint_device_fixed_motorVar,68724.76795761766,7.363073307112142,928.2975647999992,20800,5,137459.53591523532,137499.24945656376,33.236207610730254,29.869020297869742,0.13440800437391542,1.0,0.19460559011340792,33.236207610730254,29.869020297869742,0.13440800437391542,1.0,0.19460559011340792,1.853,1.853,81.42877507299032,81.42877507299032,43.75327994968318,43.75327994968318,joint_devices,Mouse + Trackpad joint,joint_devices_MeanTimeseriesBaseBCC_0008,8,MeanTimeseriesBaseBCC,458.2808280770874,743.6717391377052,0.5213363422641286,0.9643231357796754,0.2637646855520695,458.2808280770874,743.6717391377052,0.5213363422641286,0.9643231357796754,0.2637646855520695,1.853,1.853,81.42877507299032,81.42877507299032,43.75327994968318,43.75327994968318,10506704,,,,,,,,,,,,
MeanTimeseriesBaseBCC,joint_device_fixed_motorVar,65897.44737162918,7.0758361286399145,185.76349680000567,20800,5,131804.89474325837,131844.6082845868,802.9594669191205,345.97548912162716,0.3573769615293748,0.9829979355629541,0.04503662787397518,802.9594669191205,345.97548912162716,0.3573769615293748,0.9829979355629541,0.04503662787397518,1.853,1.853,81.42877507299032,81.42877507299032,43.75327994968318,43.75327994968318,joint_devices,Mouse + Trackpad joint,joint_devices_MeanTimeseriesBaseBCC_0009,9,MeanTimeseriesBaseBCC,762.8803537425474,338.18963943451513,0.3565615430353265,0.9835267375381641,0.04429201355135965,762.8803537425474,338.18963943451513,0.3565615430353265,0.9835267375381641,0.04429201355135965,1.853,1.853,81.42877507299032,81.42877507299032,43.75327994968318,43.75327994968318,1269479900,,,,,,,,,,,,
MeanTimeseriesCausalInf,joint_device_fixed_motorVar,72215.13711923694,8.33433852207652,236.62187220000487,20800,5,144440.27423847388,144479.98777980232,,,,0.9771396843571707,1.0,,,,0.9771396843571707,1.0,,,,,,,joint_devices,Mouse + Trackpad joint,joint_devices_MeanTimeseriesBaseBCC_0009,9,MeanTimeseriesBaseBCC,762.8803537425474,338.18963943451513,0.3565615430353265,0.9835267375381641,0.04429201355135965,762.8803537425474,338.18963943451513,0.3565615430353265,0.9835267375381641,0.04429201355135965,1.853,1.853,81.42877507299032,81.42877507299032,43.75327994968318,43.75327994968318,489231208,4376.379922150976,1326.5271379277087,0.6316987377106407,4376.379922150976,1326.5271379277087,0.6316987377106407,,,,,,
MeanTimeseriesVectorBCC,joint_device_fixed_motorVar,67954.42156220482,7.333795362001763,1195.7579996999993,20800,5,135918.84312440964,135958.55666573808,12.50858698466185,6.440877507344543,0.058444889940561885,1.0,0.03537781086554801,12.50858698466185,6.440877507344543,0.058444889940561885,1.0,0.03537781086554801,1.853,1.853,81.42877507299032,81.42877507299032,43.75327994968318,43.75327994968318,joint_devices,Mouse + Trackpad joint,joint_devices_MeanTimeseriesBaseBCC_0009,9,MeanTimeseriesBaseBCC,762.8803537425474,338.18963943451513,0.3565615430353265,0.9835267375381641,0.04429201355135965,762.8803537425474,338.18963943451513,0.3565615430353265,0.9835267375381641,0.04429201355135965,1.853,1.853,81.42877507299032,81.42877507299032,43.75327994968318,43.75327994968318,1378268465,,,,,,,,,,,,
MeanTimeseriesBaseBCC,joint_device_fixed_motorVar,65920.37821471613,7.004382934079235,155.3771887000039,20800,5,131850.75642943225,131890.4699707607,376.571985599028,197.90323611336987,0.5804256340830376,0.9816445046883409,0.22469611492171568,376.571985599028,197.90323611336987,0.5804256340830376,0.9816445046883409,0.22469611492171568,1.853,1.853,81.42877507299032,81.42877507299032,43.75327994968318,43.75327994968318,joint_devices,Mouse + Trackpad joint,joint_devices_MeanTimeseriesBaseBCC_0010,10,MeanTimeseriesBaseBCC,329.8350007507898,172.57129708358505,0.5560000524640842,0.9826112704785642,0.22348532409975483,329.8350007507898,172.57129708358505,0.5560000524640842,0.9826112704785642,0.22348532409975483,1.853,1.853,81.42877507299032,81.42877507299032,43.75327994968318,43.75327994968318,631795008,,,,,,,,,,,,
MeanTimeseriesCausalInf,joint_device_fixed_motorVar,79163.11214490097,9.480838090720155,214.5944768000045,20800,5,158336.22428980193,158375.93783113037,,,,0.9605524547759808,1.0,,,,0.9605524547759808,1.0,,,,,,,joint_devices,Mouse + Trackpad joint,joint_devices_MeanTimeseriesBaseBCC_0010,10,MeanTimeseriesBaseBCC,329.8350007507898,172.57129708358505,0.5560000524640842,0.9826112704785642,0.22348532409975483,329.8350007507898,172.57129708358505,0.5560000524640842,0.9826112704785642,0.22348532409975483,1.853,1.853,81.42877507299032,81.42877507299032,43.75327994968318,43.75327994968318,1467232071,198.17519858673262,130.40474553463102,0.1642833645459335,198.17519858673262,130.40474553463102,0.1642833645459335,,,,,,
MeanTimeseriesVectorBCC,joint_device_fixed_motorVar,67312.88352691659,7.175199328570228,837.7221773000056,20800,5,134635.76705383317,134675.4805951616,139.031064165179,69.71932552457277,0.32043458449781825,0.9905478412569573,0.18925133184148737,139.031064165179,69.71932552457277,0.32043458449781825,0.9905478412569573,0.18925133184148737,1.853,1.853,81.42877507299032,81.42877507299032,43.75327994968318,43.75327994968318,joint_devices,Mouse + Trackpad joint,joint_devices_MeanTimeseriesBaseBCC_0010,10,MeanTimeseriesBaseBCC,329.8350007507898,172.57129708358505,0.5560000524640842,0.9826112704785642,0.22348532409975483,329.8350007507898,172.57129708358505,0.5560000524640842,0.9826112704785642,0.22348532409975483,1.853,1.853,81.42877507299032,81.42877507299032,43.75327994968318,43.75327994968318,177715266,,,,,,,,,,,,
MeanTimeseriesBaseBCC,joint_device_fixed_motorVar,65904.57522021995,7.044576079675754,152.11744530001306,20800,5,131819.1504404399,131858.86398176834,999.9999999987583,597.600541992113,0.49460628502145576,0.9505564887817861,0.04290629928320768,999.9999999987583,597.600541992113,0.49460628502145576,0.9505564887817861,0.04290629928320768,1.853,1.853,81.42877507299032,81.42877507299032,43.75327994968318,43.75327994968318,joint_devices,Mouse + Trackpad joint,joint_devices_MeanTimeseriesBaseBCC_0011,11,MeanTimeseriesBaseBCC,737.879971501022,383.77224638217393,0.4687267798443864,0.9553696089418986,0.036298408876117426,737.879971501022,383.77224638217393,0.4687267798443864,0.9553696089418986,0.036298408876117426,1.853,1.853,81.42877507299032,81.42877507299032,43.75327994968318,43.75327994968318,146100526,,,,,,,,,,,,
MeanTimeseriesCausalInf,joint_device_fixed_motorVar,66544.2555870651,7.166520359855474,236.21743889999925,20800,5,133098.5111741302,133138.22471545864,,,,0.9357423043220174,1.0,,,,0.9357423043220174,1.0,,,,,,,joint_devices,Mouse + Trackpad joint,joint_devices_MeanTimeseriesBaseBCC_0011,11,MeanTimeseriesBaseBCC,737.879971501022,383.77224638217393,0.4687267798443864,0.9553696089418986,0.036298408876117426,737.879971501022,383.77224638217393,0.4687267798443864,0.9553696089418986,0.036298408876117426,1.853,1.853,81.42877507299032,81.42877507299032,43.75327994968318,43.75327994968318,1356730875,1983.6200001996383,842.0771222851724,0.7453796289517219,1983.6200001996383,842.0771222851724,0.7453796289517219,,,,,,
MeanTimeseriesVectorBCC,joint_device_fixed_motorVar,66041.12323620474,7.06507591525121,904.3261031000002,20800,5,132092.2464724095,132131.96001373793,3.8356176298371367,2.407704434000864,0.08558676039264261,1.0,0.07412834727098092,3.8356176298371367,2.407704434000864,0.08558676039264261,1.0,0.07412834727098092,1.853,1.853,81.42877507299032,81.42877507299032,43.75327994968318,43.75327994968318,joint_devices,Mouse + Trackpad joint,joint_devices_MeanTimeseriesBaseBCC_0011,11,MeanTimeseriesBaseBCC,737.879971501022,383.77224638217393,0.4687267798443864,0.9553696089418986,0.036298408876117426,737.879971501022,383.77224638217393,0.4687267798443864,0.9553696089418986,0.036298408876117426,1.853,1.853,81.42877507299032,81.42877507299032,43.75327994968318,43.75327994968318,1054129831,,,,,,,,,,,,
MeanTimeseriesBaseBCC,joint_device_fixed_motorVar,66056.44987538506,7.094453373241468,196.17864250000275,20800,5,132122.89975077013,132162.61329209857,632.044969795001,391.32390522176473,0.4675220039257993,0.987989381686224,0.19891844257558486,632.044969795001,391.32390522176473,0.4675220039257993,0.987989381686224,0.19891844257558486,1.853,1.853,81.42877507299032,81.42877507299032,43.75327994968318,43.75327994968318,joint_devices,Mouse + Trackpad joint,joint_devices_MeanTimeseriesBaseBCC_0012,12,MeanTimeseriesBaseBCC,631.4786764727838,392.1358501570256,0.46732474405570446,0.9878073049387244,0.20115891137589242,631.4786764727838,392.1358501570256,0.46732474405570446,0.9878073049387244,0.20115891137589242,1.853,1.853,81.42877507299032,81.42877507299032,43.75327994968318,43.75327994968318,2032858404,,,,,,,,,,,,
MeanTimeseriesCausalInf,joint_device_fixed_motorVar,119321.363092389,13.910286207242416,221.2255651000014,20800,5,238652.726184778,238692.43972610644,,,,0.9760886829195698,1.0,,,,0.9760886829195698,1.0,,,,,,,joint_devices,Mouse + Trackpad joint,joint_devices_MeanTimeseriesBaseBCC_0012,12,MeanTimeseriesBaseBCC,631.4786764727838,392.1358501570256,0.46732474405570446,0.9878073049387244,0.20115891137589242,631.4786764727838,392.1358501570256,0.46732474405570446,0.9878073049387244,0.20115891137589242,1.853,1.853,81.42877507299032,81.42877507299032,43.75327994968318,43.75327994968318,867719199,715.8178554900402,218.89639890329076,0.1505881928352982,715.8178554900402,218.89639890329076,0.1505881928352982,,,,,,
MeanTimeseriesVectorBCC,joint_device_fixed_motorVar,72893.61724287331,7.899748355304494,774.4867521000124,20800,5,145797.23448574662,145836.94802707506,444.5315076536202,173.25321988259367,0.269198827803199,0.9933599350639951,0.1682159451829565,444.5315076536202,173.25321988259367,0.269198827803199,0.9933599350639951,0.1682159451829565,1.853,1.853,81.42877507299032,81.42877507299032,43.75327994968318,43.75327994968318,joint_devices,Mouse + Trackpad joint,joint_devices_MeanTimeseriesBaseBCC_0012,12,MeanTimeseriesBaseBCC,631.4786764727838,392.1358501570256,0.46732474405570446,0.9878073049387244,0.20115891137589242,631.4786764727838,392.1358501570256,0.46732474405570446,0.9878073049387244,0.20115891137589242,1.853,1.853,81.42877507299032,81.42877507299032,43.75327994968318,43.75327994968318,1665083933,,,,,,,,,,,,
MeanTimeseriesBaseBCC,joint_device_fixed_motorVar,65908.73623243463,7.025119493120549,163.12531370000215,20800,5,131827.47246486926,131867.1860061977,581.0281987433038,498.4863914978246,0.3663153842053853,0.9484241356234238,0.14145837852288118,581.0281987433038,498.4863914978246,0.3663153842053853,0.9484241356234238,0.14145837852288118,1.853,1.853,81.42877507299032,81.42877507299032,43.75327994968318,43.75327994968318,joint_devices,Mouse + Trackpad joint,joint_devices_MeanTimeseriesBaseBCC_0013,13,MeanTimeseriesBaseBCC,538.5524647496053,458.31769375957765,0.3628103406882738,0.9497153823508865,0.13840752634610087,538.5524647496053,458.31769375957765,0.3628103406882738,0.9497153823508865,0.13840752634610087,1.853,1.853,81.42877507299032,81.42877507299032,43.75327994968318,43.75327994968318,1164434516,,,,,,,,,,,,
MeanTimeseriesCausalInf,joint_device_fixed_motorVar,74283.03245288153,8.561930979712018,211.0089100000041,20800,5,148576.06490576305,148615.7784470915,,,,0.9295518823801963,1.0,,,,0.9295518823801963,1.0,,,,,,,joint_devices,Mouse + Trackpad joint,joint_devices_MeanTimeseriesBaseBCC_0013,13,MeanTimeseriesBaseBCC,538.5524647496053,458.31769375957765,0.3628103406882738,0.9497153823508865,0.13840752634610087,538.5524647496053,458.31769375957765,0.3628103406882738,0.9497153823508865,0.13840752634610087,1.853,1.853,81.42877507299032,81.42877507299032,43.75327994968318,43.75327994968318,1389585140,3709.4389690689018,1557.54589815829,0.2027021788674201,3709.4389690689018,1557.54589815829,0.2027021788674201,,,,,,
MeanTimeseriesVectorBCC,joint_device_fixed_motorVar,68172.0443484735,7.286770957755704,778.3260427999921,20800,5,136354.088696947,136393.80223827544,10.974319274738232,7.015901272906553,0.057794503663026624,1.0,0.1302078539857593,10.974319274738232,7.015901272906553,0.057794503663026624,1.0,0.1302078539857593,1.853,1.853,81.42877507299032,81.42877507299032,43.75327994968318,43.75327994968318,joint_devices,Mouse + Trackpad joint,joint_devices_MeanTimeseriesBaseBCC_0013,13,MeanTimeseriesBaseBCC,538.5524647496053,458.31769375957765,0.3628103406882738,0.9497153823508865,0.13840752634610087,538.5524647496053,458.31769375957765,0.3628103406882738,0.9497153823508865,0.13840752634610087,1.853,1.853,81.42877507299032,81.42877507299032,43.75327994968318,43.75327994968318,923678139,,,,,,,,,,,,
MeanTimeseriesBaseBCC,joint_device_fixed_motorVar,65986.77433020713,7.111376225020145,117.31897510000272,20800,5,131983.54866041426,132023.2622017427,461.68131633985394,749.5681158180494,0.5853591822827187,0.9547726263895355,0.019614479615913002,461.68131633985394,749.5681158180494,0.5853591822827187,0.9547726263895355,0.019614479615913002,1.853,1.853,81.42877507299032,81.42877507299032,43.75327994968318,43.75327994968318,joint_devices,Mouse + Trackpad joint,joint_devices_MeanTimeseriesBaseBCC_0014,14,MeanTimeseriesBaseBCC,336.6145273023449,351.0277435274182,0.5825915307704954,0.9602540560244709,0.018478578755958666,336.6145273023449,351.0277435274182,0.5825915307704954,0.9602540560244709,0.018478578755958666,1.853,1.853,81.42877507299032,81.42877507299032,43.75327994968318,43.75327994968318,1859870105,,,,,,,,,,,,
MeanTimeseriesCausalInf,joint_device_fixed_motorVar,66081.79252015063,7.128726794083264,175.5656430999952,20800,5,132173.58504030126,132213.2985816297,,,,0.9336074942134512,0.9256386133968572,,,,0.9336074942134512,0.9256386133968572,,,,,,,joint_devices,Mouse + Trackpad joint,joint_devices_MeanTimeseriesBaseBCC_0014,14,MeanTimeseriesBaseBCC,336.6145273023449,351.0277435274182,0.5825915307704954,0.9602540560244709,0.018478578755958666,336.6145273023449,351.0277435274182,0.5825915307704954,0.9602540560244709,0.018478578755958666,1.853,1.853,81.42877507299032,81.42877507299032,43.75327994968318,43.75327994968318,999274302,1099.251925671806,477.1318192164215,1.4443287554000035,1099.251925671806,477.1318192164215,1.4443287554000035,,,,,,
MeanTimeseriesVectorBCC,joint_device_fixed_motorVar,66003.61430096866,7.113837391220355,663.3655767000018,20800,5,132017.22860193733,132056.94214326577,336.8381206295246,273.32608567718773,0.4463521009617109,0.9524173571246656,0.017922582220631828,336.8381206295246,273.32608567718773,0.4463521009617109,0.9524173571246656,0.017922582220631828,1.853,1.853,81.42877507299032,81.42877507299032,43.75327994968318,43.75327994968318,joint_devices,Mouse + Trackpad joint,joint_devices_MeanTimeseriesBaseBCC_0014,14,MeanTimeseriesBaseBCC,336.6145273023449,351.0277435274182,0.5825915307704954,0.9602540560244709,0.018478578755958666,336.6145273023449,351.0277435274182,0.5825915307704954,0.9602540560244709,0.018478578755958666,1.853,1.853,81.42877507299032,81.42877507299032,43.75327994968318,43.75327994968318,1854995389,,,,,,,,,,,,
MeanTimeseriesBaseBCC,joint_device_fixed_motorVar,65861.33388703219,7.043506275268207,151.3344158999971,20800,5,131732.66777406438,131772.38131539282,362.0768213972013,277.9045042824006,0.4995529308459603,0.9772676773093784,0.24350130581449755,362.0768213972013,277.9045042824006,0.4995529308459603,0.9772676773093784,0.24350130581449755,1.853,1.853,81.42877507299032,81.42877507299032,43.75327994968318,43.75327994968318,joint_devices,Mouse + Trackpad joint,joint_devices_MeanTimeseriesBaseBCC_0015,15,MeanTimeseriesBaseBCC,369.27507265694766,286.4125600738264,0.505996907353987,0.9770172526436868,0.24843770255965186,369.27507265694766,286.4125600738264,0.505996907353987,0.9770172526436868,0.24843770255965186,1.853,1.853,81.42877507299032,81.42877507299032,43.75327994968318,43.75327994968318,1258027973,,,,,,,,,,,,
MeanTimeseriesCausalInf,joint_device_fixed_motorVar,85699.77425198107,10.12191439241071,237.86798809998436,20800,5,171409.54850396214,171449.26204529058,,,,0.957493589930464,1.0,,,,0.957493589930464,1.0,,,,,,,joint_devices,Mouse + Trackpad joint,joint_devices_MeanTimeseriesBaseBCC_0015,15,MeanTimeseriesBaseBCC,369.27507265694766,286.4125600738264,0.505996907353987,0.9770172526436868,0.24843770255965186,369.27507265694766,286.4125600738264,0.505996907353987,0.9770172526436868,0.24843770255965186,1.853,1.853,81.42877507299032,81.42877507299032,43.75327994968318,43.75327994968318,2031099771,285.93384373048343,179.11638512650975,0.1312326580819306,285.93384373048343,179.11638512650975,0.1312326580819306,,,,,,
MeanTimeseriesVectorBCC,joint_device_fixed_motorVar,68494.81156877152,7.359855690305807,835.1265263000096,20800,5,136999.62313754304,137039.33667887148,75.52588200371964,51.33016326494134,0.203146132566072,0.993990157084656,0.19497988286896123,75.52588200371964,51.33016326494134,0.203146132566072,0.993990157084656,0.19497988286896123,1.853,1.853,81.42877507299032,81.42877507299032,43.75327994968318,43.75327994968318,joint_devices,Mouse + Trackpad joint,joint_devices_MeanTimeseriesBaseBCC_0015,15,MeanTimeseriesBaseBCC,369.27507265694766,286.4125600738264,0.505996907353987,0.9770172526436868,0.24843770255965186,369.27507265694766,286.4125600738264,0.505996907353987,0.9770172526436868,0.24843770255965186,1.853,1.853,81.42877507299032,81.42877507299032,43.75327994968318,43.75327994968318,602164459,,,,,,,,,,,,
MeanTimeseriesBaseBCC,joint_device_fixed_motorVar,66080.02576475413,7.104104514649974,124.85870599999907,20800,5,132170.05152950826,132209.7650708367,896.1359521161534,84.46202128641065,0.4706844253055793,0.9661005804648356,0.0055633644126634706,896.1359521161534,84.46202128641065,0.4706844253055793,0.9661005804648356,0.0055633644126634706,1.853,1.853,81.42877507299032,81.42877507299032,43.75327994968318,43.75327994968318,joint_devices,Mouse + Trackpad joint,joint_devices_MeanTimeseriesBaseBCC_0016,16,MeanTimeseriesBaseBCC,627.9088626912356,349.69955054468994,0.5668384553296428,0.9567795924152972,0.007199016900819312,627.9088626912356,349.69955054468994,0.5668384553296428,0.9567795924152972,0.007199016900819312,1.853,1.853,81.42877507299032,81.42877507299032,43.75327994968318,43.75327994968318,184644461,,,,,,,,,,,,
MeanTimeseriesCausalInf,joint_device_fixed_motorVar,66094.43553800757,7.106225095797579,211.78995760000544,20800,5,132198.87107601514,132238.5846173436,,,,0.9654098939871323,1.0,,,,0.9654098939871323,1.0,,,,,,,joint_devices,Mouse + Trackpad joint,joint_devices_MeanTimeseriesBaseBCC_0016,16,MeanTimeseriesBaseBCC,627.9088626912356,349.69955054468994,0.5668384553296428,0.9567795924152972,0.007199016900819312,627.9088626912356,349.69955054468994,0.5668384553296428,0.9567795924152972,0.007199016900819312,1.853,1.853,81.42877507299032,81.42877507299032,43.75327994968318,43.75327994968318,1581106465,2734.3397695688077,422.88997499760376,6.769868480814341,2734.3397695688077,422.88997499760376,6.769868480814341,,,,,,
MeanTimeseriesVectorBCC,joint_device_fixed_motorVar,66081.51748085445,7.104164513033905,750.6277822999982,20800,5,132173.0349617089,132212.74850303735,302.71145571776924,40.196756866051714,0.30093609444227326,0.9718674797878525,0.003885273428029685,302.71145571776924,40.196756866051714,0.30093609444227326,0.9718674797878525,0.003885273428029685,1.853,1.853,81.42877507299032,81.42877507299032,43.75327994968318,43.75327994968318,joint_devices,Mouse + Trackpad joint,joint_devices_MeanTimeseriesBaseBCC_0016,16,MeanTimeseriesBaseBCC,627.9088626912356,349.69955054468994,0.5668384553296428,0.9567795924152972,0.007199016900819312,627.9088626912356,349.69955054468994,0.5668384553296428,0.9567795924152972,0.007199016900819312,1.853,1.853,81.42877507299032,81.42877507299032,43.75327994968318,43.75327994968318,343155689,,,,,,,,,,,,
MeanTimeseriesBaseBCC,joint_device_fixed_motorVar,66031.75915725248,7.085489268921016,176.7447705999948,20800,5,132073.51831450497,132113.2318558334,330.4349687908299,946.9424223903859,0.4390258835808781,0.9558640343477615,0.15586791066405842,330.4349687908299,946.9424223903859,0.4390258835808781,0.9558640343477615,0.15586791066405842,1.853,1.853,81.42877507299032,81.42877507299032,43.75327994968318,43.75327994968318,joint_devices,Mouse + Trackpad joint,joint_devices_MeanTimeseriesBaseBCC_0017,17,MeanTimeseriesBaseBCC,283.23976341053526,611.7587676142333,0.42598119356378383,0.9564837969505816,0.15879446363518,283.23976341053526,611.7587676142333,0.42598119356378383,0.9564837969505816,0.15879446363518,1.853,1.853,81.42877507299032,81.42877507299032,43.75327994968318,43.75327994968318,1563065988,,,,,,,,,,,,
MeanTimeseriesCausalInf,joint_device_fixed_motorVar,74653.13112203863,8.488342276958068,238.0131160999881,20800,5,149316.26224407725,149355.9757854057,,,,0.9384041899896493,1.0,,,,0.9384041899896493,1.0,,,,,,,joint_devices,Mouse + Trackpad joint,joint_devices_MeanTimeseriesBaseBCC_0017,17,MeanTimeseriesBaseBCC,283.23976341053526,611.7587676142333,0.42598119356378383,0.9564837969505816,0.15879446363518,283.23976341053526,611.7587676142333,0.42598119356378383,0.9564837969505816,0.15879446363518,1.853,1.853,81.42877507299032,81.42877507299032,43.75327994968318,43.75327994968318,320799100,1166.8264170161742,1114.649431921305,0.2024164079606875,1166.8264170161742,1114.649431921305,0.2024164079606875,,,,,,
MeanTimeseriesVectorBCC,joint_device_fixed_motorVar,67695.71489882485,7.265333758658641,1008.2995792999864,20800,5,135401.4297976497,135441.14333897815,13.749406773192524,12.844166005306755,0.09259883860127689,1.0,0.14089693716626636,13.749406773192524,12.844166005306755,0.09259883860127689,1.0,0.14089693716626636,1.853,1.853,81.42877507299032,81.42877507299032,43.75327994968318,43.75327994968318,joint_devices,Mouse + Trackpad joint,joint_devices_MeanTimeseriesBaseBCC_0017,17,MeanTimeseriesBaseBCC,283.23976341053526,611.7587676142333,0.42598119356378383,0.9564837969505816,0.15879446363518,283.23976341053526,611.7587676142333,0.42598119356378383,0.9564837969505816,0.15879446363518,1.853,1.853,81.42877507299032,81.42877507299032,43.75327994968318,43.75327994968318,1510882188,,,,,,,,,,,,
MeanTimeseriesBaseBCC,joint_device_fixed_motorVar,65984.20671348526,7.085169439370201,151.70058699999936,20800,5,131978.4134269705,132018.12696829895,256.5298982358023,420.9073665900737,0.400138165828278,0.9684176952082258,0.09440662954625148,256.5298982358023,420.9073665900737,0.400138165828278,0.9684176952082258,0.09440662954625148,1.853,1.853,81.42877507299032,81.42877507299032,43.75327994968318,43.75327994968318,joint_devices,Mouse + Trackpad joint,joint_devices_MeanTimeseriesBaseBCC_0018,18,MeanTimeseriesBaseBCC,308.7742190039511,584.2036725447655,0.4196928116928412,0.9678851798054086,0.09555762755647618,308.7742190039511,584.2036725447655,0.4196928116928412,0.9678851798054086,0.09555762755647618,1.853,1.853,81.42877507299032,81.42877507299032,43.75327994968318,43.75327994968318,1708008663,,,,,,,,,,,,
MeanTimeseriesCausalInf,joint_device_fixed_motorVar,72231.79944681833,8.168112350492253,192.47947700001532,20800,5,144473.59889363666,144513.3124349651,,,,0.9532422661965776,1.0,,,,0.9532422661965776,1.0,,,,,,,joint_devices,Mouse + Trackpad joint,joint_devices_MeanTimeseriesBaseBCC_0018,18,MeanTimeseriesBaseBCC,308.7742190039511,584.2036725447655,0.4196928116928412,0.9678851798054086,0.09555762755647618,308.7742190039511,584.2036725447655,0.4196928116928412,0.9678851798054086,0.09555762755647618,1.853,1.853,81.42877507299032,81.42877507299032,43.75327994968318,43.75327994968318,2106159876,2265.021497893711,1347.3474500071686,0.3543625856156225,2265.021497893711,1347.3474500071686,0.3543625856156225,,,,,,
MeanTimeseriesVectorBCC,joint_device_fixed_motorVar,67216.83253819094,7.230636964769838,1310.1269058999897,20800,5,134443.66507638188,134483.37861771032,11.635916599747691,9.9983003661151,0.08742927205461341,1.0,0.09199242496155163,11.635916599747691,9.9983003661151,0.08742927205461341,1.0,0.09199242496155163,1.853,1.853,81.42877507299032,81.42877507299032,43.75327994968318,43.75327994968318,joint_devices,Mouse + Trackpad joint,joint_devices_MeanTimeseriesBaseBCC_0018,18,MeanTimeseriesBaseBCC,308.7742190039511,584.2036725447655,0.4196928116928412,0.9678851798054086,0.09555762755647618,308.7742190039511,584.2036725447655,0.4196928116928412,0.9678851798054086,0.09555762755647618,1.853,1.853,81.42877507299032,81.42877507299032,43.75327994968318,43.75327994968318,590461584,,,,,,,,,,,,
MeanTimeseriesBaseBCC,joint_device_fixed_motorVar,66065.00798367862,7.113491692945052,232.06401239999104,20800,5,132140.01596735723,132179.72950868568,613.1741060205384,328.9557264828532,0.27724159603519494,0.9536577851305059,0.3068195087812539,613.1741060205384,328.9557264828532,0.27724159603519494,0.9536577851305059,0.3068195087812539,1.853,1.853,81.42877507299032,81.42877507299032,43.75327994968318,43.75327994968318,joint_devices,Mouse + Trackpad joint,joint_devices_MeanTimeseriesBaseBCC_0019,19,MeanTimeseriesBaseBCC,598.9739587413036,323.17016501063773,0.27629026918966926,0.9542390093807874,0.30485012607839806,598.9739587413036,323.17016501063773,0.27629026918966926,0.9542390093807874,0.30485012607839806,1.853,1.853,81.42877507299032,81.42877507299032,43.75327994968318,43.75327994968318,580698179,,,,,,,,,,,,
MeanTimeseriesCausalInf,joint_device_fixed_motorVar,121495.36438655213,14.587240764919333,313.04170810000505,20800,5,243000.72877310426,243040.4423144327,,,,0.9219139711779641,1.0,,,,0.9219139711779641,1.0,,,,,,,joint_devices,Mouse + Trackpad joint,joint_devices_MeanTimeseriesBaseBCC_0019,19,MeanTimeseriesBaseBCC,598.9739587413036,323.17016501063773,0.27629026918966926,0.9542390093807874,0.30485012607839806,598.9739587413036,323.17016501063773,0.27629026918966926,0.9542390093807874,0.30485012607839806,1.853,1.853,81.42877507299032,81.42877507299032,43.75327994968318,43.75327994968318,1103211961,4623.875772653372,1708.8268592050206,0.06731820566464991,4623.875772653372,1708.8268592050206,0.06731820566464991,,,,,,
MeanTimeseriesVectorBCC,joint_device_fixed_motorVar,81673.86715746121,8.69770354104731,734.166897499992,20800,5,163357.73431492242,163397.44785625086,1000.0,65.22433541133624,0.08299581701836341,0.9599980050163008,0.26115681949709024,1000.0,65.22433541133624,0.08299581701836341,0.9599980050163008,0.26115681949709024,1.853,1.853,81.42877507299032,81.42877507299032,43.75327994968318,43.75327994968318,joint_devices,Mouse + Trackpad joint,joint_devices_MeanTimeseriesBaseBCC_0019,19,MeanTimeseriesBaseBCC,598.9739587413036,323.17016501063773,0.27629026918966926,0.9542390093807874,0.30485012607839806,598.9739587413036,323.17016501063773,0.27629026918966926,0.9542390093807874,0.30485012607839806,1.853,1.853,81.42877507299032,81.42877507299032,43.75327994968318,43.75327994968318,1925481620,,,,,,,,,,,,
MeanTimeseriesBaseBCC,joint_device_fixed_motorVar,2826176.65795858,90.97790291916486,205.18323120000423,20800,5,5652363.31591716,5652403.029458489,1000.0,16.402385611616527,0.015402239443063659,0.9456126472539065,0.02724544696993561,1000.0,16.402385611616527,0.015402239443063659,0.9456126472539065,0.02724544696993561,1.853,1.853,81.42877507299032,81.42877507299032,43.75327994968318,43.75327994968318,joint_devices,Mouse + Trackpad joint,joint_devices_MeanTimeseriesCausalInf_0000,0,MeanTimeseriesCausalInf,,,,0.9910311762180227,0.9916407195841755,,,,0.9910311762180227,0.9916407195841755,,,,,,,731032196,,,,,,,4889.2469828410685,2422.794171107644,0.07974736054492076,4889.2469828410685,2422.794171107644,0.07974736054492076
MeanTimeseriesCausalInf,joint_device_fixed_motorVar,2749308.9137716955,90.3911885557205,364.76270639998256,20800,5,5498627.827543391,5498667.54108472,,,,0.9417466722860732,0.025856288319186693,,,,0.9417466722860732,0.025856288319186693,,,,,,,joint_devices,Mouse + Trackpad joint,joint_devices_MeanTimeseriesCausalInf_0000,0,MeanTimeseriesCausalInf,,,,0.9910311762180227,0.9916407195841755,,,,0.9910311762180227,0.9916407195841755,,,,,,,1549868610,5977.570740757536,1633.1957751452378,3.573168609344659e-05,5977.570740757536,1633.1957751452378,3.573168609344659e-05,4889.2469828410685,2422.794171107644,0.07974736054492076,4889.2469828410685,2422.794171107644,0.07974736054492076
MeanTimeseriesVectorBCC,joint_device_fixed_motorVar,3021658.7337551066,92.88498289737976,662.1250760999974,20800,5,6043327.467510213,6043367.181051542,338.98054926944553,7.297036614594859,0.0,0.8883738226181687,0.3568847905494606,338.98054926944553,7.297036614594859,0.0,0.8883738226181687,0.3568847905494606,1.853,1.853,81.42877507299032,81.42877507299032,43.75327994968318,43.75327994968318,joint_devices,Mouse + Trackpad joint,joint_devices_MeanTimeseriesCausalInf_0000,0,MeanTimeseriesCausalInf,,,,0.9910311762180227,0.9916407195841755,,,,0.9910311762180227,0.9916407195841755,,,,,,,426355144,,,,,,,4889.2469828410685,2422.794171107644,0.07974736054492076,4889.2469828410685,2422.794171107644,0.07974736054492076
MeanTimeseriesBaseBCC,joint_device_fixed_motorVar,69487.82608848119,7.70987487475467,184.15146140000434,20800,5,138985.65217696238,139025.36571829082,1000.0,107.9814635361239,0.217629126995081,0.9624383797381048,0.034342998261968745,1000.0,107.9814635361239,0.217629126995081,0.9624383797381048,0.034342998261968745,1.853,1.853,81.42877507299032,81.42877507299032,43.75327994968318,43.75327994968318,joint_devices,Mouse + Trackpad joint,joint_devices_MeanTimeseriesCausalInf_0001,1,MeanTimeseriesCausalInf,,,,0.9546290076384564,0.939802457976732,,,,0.9546290076384564,0.939802457976732,,,,,,,1471124551,,,,,,,5067.115112151723,1173.7612390044276,0.32457342454753907,5067.115112151723,1173.7612390044276,0.32457342454753907
MeanTimeseriesCausalInf,joint_device_fixed_motorVar,66035.06869904627,7.081138339281324,397.33440980000887,20800,5,132080.13739809254,132119.85093942098,,,,0.95520145250444,1.0,,,,0.95520145250444,1.0,,,,,,,joint_devices,Mouse + Trackpad joint,joint_devices_MeanTimeseriesCausalInf_0001,1,MeanTimeseriesCausalInf,,,,0.9546290076384564,0.939802457976732,,,,0.9546290076384564,0.939802457976732,,,,,,,169740371,5041.175825927886,1197.2823305015922,0.3486539945347724,5041.175825927886,1197.2823305015922,0.3486539945347724,5067.115112151723,1173.7612390044276,0.32457342454753907,5067.115112151723,1173.7612390044276,0.32457342454753907
MeanTimeseriesVectorBCC,joint_device_fixed_motorVar,68137.6568606553,7.509678983368168,869.1232695999788,20800,5,136285.3137213106,136325.02726263905,1000.0,32.80612369336827,0.07335927374844543,0.9650535703388159,0.022428061599004966,1000.0,32.80612369336827,0.07335927374844543,0.9650535703388159,0.022428061599004966,1.853,1.853,81.42877507299032,81.42877507299032,43.75327994968318,43.75327994968318,joint_devices,Mouse + Trackpad joint,joint_devices_MeanTimeseriesCausalInf_0001,1,MeanTimeseriesCausalInf,,,,0.9546290076384564,0.939802457976732,,,,0.9546290076384564,0.939802457976732,,,,,,,1650780204,,,,,,,5067.115112151723,1173.7612390044276,0.32457342454753907,5067.115112151723,1173.7612390044276,0.32457342454753907
MeanTimeseriesBaseBCC,joint_device_fixed_motorVar,85865.76990079001,10.24020522958432,176.20294529999956,20800,5,171741.53980158002,171781.25334290846,1000.0,94.19046727774428,0.2197844057257335,0.9682470893244334,0.07729613807241821,1000.0,94.19046727774428,0.2197844057257335,0.9682470893244334,0.07729613807241821,1.853,1.853,81.42877507299032,81.42877507299032,43.75327994968318,43.75327994968318,joint_devices,Mouse + Trackpad joint,joint_devices_MeanTimeseriesCausalInf_0002,2,MeanTimeseriesCausalInf,,,,0.957689111433381,0.9048901965969024,,,,0.957689111433381,0.9048901965969024,,,,,,,199683457,,,,,,,4532.160700593487,728.6112538121325,0.12939677513585718,4532.160700593487,728.6112538121325,0.12939677513585718
MeanTimeseriesCausalInf,joint_device_fixed_motorVar,65962.16077626498,6.993531739277757,335.5464734999987,20800,5,131934.32155252996,131974.0350938584,,,,0.9573705067410986,0.96683108273021,,,,0.9573705067410986,0.96683108273021,,,,,,,joint_devices,Mouse + Trackpad joint,joint_devices_MeanTimeseriesCausalInf_0002,2,MeanTimeseriesCausalInf,,,,0.957689111433381,0.9048901965969024,,,,0.957689111433381,0.9048901965969024,,,,,,,1202137228,4535.596415590556,729.2227924225548,0.13773610576878945,4535.596415590556,729.2227924225548,0.13773610576878945,4532.160700593487,728.6112538121325,0.12939677513585718,4532.160700593487,728.6112538121325,0.12939677513585718
MeanTimeseriesVectorBCC,joint_device_fixed_motorVar,81405.21190249335,9.818440246005343,913.4639244000136,20800,5,162820.4238049867,162860.13734631514,1000.0,21.12546384102986,0.06552028695934112,0.976089446833722,0.05607254618090431,1000.0,21.12546384102986,0.06552028695934112,0.976089446833722,0.05607254618090431,1.853,1.853,81.42877507299032,81.42877507299032,43.75327994968318,43.75327994968318,joint_devices,Mouse + Trackpad joint,joint_devices_MeanTimeseriesCausalInf_0002,2,MeanTimeseriesCausalInf,,,,0.957689111433381,0.9048901965969024,,,,0.957689111433381,0.9048901965969024,,,,,,,357261482,,,,,,,4532.160700593487,728.6112538121325,0.12939677513585718,4532.160700593487,728.6112538121325,0.12939677513585718
MeanTimeseriesBaseBCC,joint_device_fixed_motorVar,67101.1136315932,7.289633691185657,238.71533569999156,20800,5,134212.2272631864,134251.94080451483,1000.0,27.29667515677691,0.21091856225860287,0.9685992788071628,0.016500715303809997,1000.0,27.29667515677691,0.21091856225860287,0.9685992788071628,0.016500715303809997,1.853,1.853,81.42877507299032,81.42877507299032,43.75327994968318,43.75327994968318,joint_devices,Mouse + Trackpad joint,joint_devices_MeanTimeseriesCausalInf_0003,3,MeanTimeseriesCausalInf,,,,0.9628024097858278,0.9848329844317253,,,,0.9628024097858278,0.9848329844317253,,,,,,,1108111715,,,,,,,5057.025408977177,408.2551384574068,0.6787796396675291,5057.025408977177,408.2551384574068,0.6787796396675291
MeanTimeseriesCausalInf,joint_device_fixed_motorVar,66076.81425055144,7.068766393971967,369.8947232000064,20800,5,132163.62850110288,132203.34204243132,,,,0.9648804938774237,0.7964639103580543,,,,0.9648804938774237,0.7964639103580543,,,,,,,joint_devices,Mouse + Trackpad joint,joint_devices_MeanTimeseriesCausalInf_0003,3,MeanTimeseriesCausalInf,,,,0.9628024097858278,0.9848329844317253,,,,0.9628024097858278,0.9848329844317253,,,,,,,1241282700,5102.441230279933,430.04279017969395,0.5858443561191542,5102.441230279933,430.04279017969395,0.5858443561191542,5057.025408977177,408.2551384574068,0.6787796396675291,5057.025408977177,408.2551384574068,0.6787796396675291
MeanTimeseriesVectorBCC,joint_device_fixed_motorVar,66931.05610677305,7.266150631035006,1043.7865739000263,20800,5,133872.1122135461,133911.82575487453,1000.0,8.026720780480973,0.06484970832684873,0.969731694651142,0.009886368559860678,1000.0,8.026720780480973,0.06484970832684873,0.969731694651142,0.009886368559860678,1.853,1.853,81.42877507299032,81.42877507299032,43.75327994968318,43.75327994968318,joint_devices,Mouse + Trackpad joint,joint_devices_MeanTimeseriesCausalInf_0003,3,MeanTimeseriesCausalInf,,,,0.9628024097858278,0.9848329844317253,,,,0.9628024097858278,0.9848329844317253,,,,,,,1332167946,,,,,,,5057.025408977177,408.2551384574068,0.6787796396675291,5057.025408977177,408.2551384574068,0.6787796396675291
MeanTimeseriesBaseBCC,joint_device_fixed_motorVar,1709675.826929256,73.09576664515039,214.66240650002146,20800,5,3419361.653858512,3419401.3673998406,326.9248688635808,95.30658886570022,0.16638311643193432,0.9790221561119682,0.16672919651977172,326.9248688635808,95.30658886570022,0.16638311643193432,0.9790221561119682,0.16672919651977172,1.853,1.853,81.42877507299032,81.42877507299032,43.75327994968318,43.75327994968318,joint_devices,Mouse + Trackpad joint,joint_devices_MeanTimeseriesCausalInf_0004,4,MeanTimeseriesCausalInf,,,,0.9930186455557763,0.8188847764145178,,,,0.9930186455557763,0.8188847764145178,,,,,,,1926824083,,,,,,,5217.388187826753,851.3315599536168,0.09546101053997298,5217.388187826753,851.3315599536168,0.09546101053997298
MeanTimeseriesCausalInf,joint_device_fixed_motorVar,1656583.2112246603,73.00710364569079,437.4877276000043,20800,5,3313176.4224493206,3313216.135990649,,,,0.9532554133989168,0.2837747113429727,,,,0.9532554133989168,0.2837747113429727,,,,,,,joint_devices,Mouse + Trackpad joint,joint_devices_MeanTimeseriesCausalInf_0004,4,MeanTimeseriesCausalInf,,,,0.9930186455557763,0.8188847764145178,,,,0.9930186455557763,0.8188847764145178,,,,,,,538872524,10000.0,1385.243918239708,0.018692336281819124,10000.0,1385.243918239708,0.018692336281819124,5217.388187826753,851.3315599536168,0.09546101053997298,5217.388187826753,851.3315599536168,0.09546101053997298
MeanTimeseriesVectorBCC,joint_device_fixed_motorVar,1813701.5566887963,74.10451843437467,704.8312196000188,20800,5,3627413.1133775925,3627452.826918921,1000.0,61.27219383335102,0.06077884305381939,0.9853452253898748,0.1964261079733415,1000.0,61.27219383335102,0.06077884305381939,0.9853452253898748,0.1964261079733415,1.853,1.853,81.42877507299032,81.42877507299032,43.75327994968318,43.75327994968318,joint_devices,Mouse + Trackpad joint,joint_devices_MeanTimeseriesCausalInf_0004,4,MeanTimeseriesCausalInf,,,,0.9930186455557763,0.8188847764145178,,,,0.9930186455557763,0.8188847764145178,,,,,,,475672579,,,,,,,5217.388187826753,851.3315599536168,0.09546101053997298,5217.388187826753,851.3315599536168,0.09546101053997298
MeanTimeseriesBaseBCC,joint_device_fixed_motorVar,67351.54635332647,7.294587488404438,174.9824021999957,20800,5,134713.09270665294,134752.80624798138,1000.0,154.19719582443432,0.35073322142998875,0.9578975065108515,0.03210906162220905,1000.0,154.19719582443432,0.35073322142998875,0.9578975065108515,0.03210906162220905,1.853,1.853,81.42877507299032,81.42877507299032,43.75327994968318,43.75327994968318,joint_devices,Mouse + Trackpad joint,joint_devices_MeanTimeseriesCausalInf_0005,5,MeanTimeseriesCausalInf,,,,0.9497804162412244,0.8866239453357985,,,,0.9497804162412244,0.8866239453357985,,,,,,,1309313608,,,,,,,2590.6377489611805,651.4666125291495,0.46593819408475723,2590.6377489611805,651.4666125291495,0.46593819408475723
MeanTimeseriesCausalInf,joint_device_fixed_motorVar,66068.18159299508,7.056122630985433,434.1462478999747,20800,5,132146.36318599017,132186.0767273186,,,,0.9521376092544753,1.0,,,,0.9521376092544753,1.0,,,,,,,joint_devices,Mouse + Trackpad joint,joint_devices_MeanTimeseriesCausalInf_0005,5,MeanTimeseriesCausalInf,,,,0.9497804162412244,0.8866239453357985,,,,0.9497804162412244,0.8866239453357985,,,,,,,949616605,2577.2301698050605,643.1355214363781,0.545102977085696,2577.2301698050605,643.1355214363781,0.545102977085696,2590.6377489611805,651.4666125291495,0.46593819408475723,2590.6377489611805,651.4666125291495,0.46593819408475723
MeanTimeseriesVectorBCC,joint_device_fixed_motorVar,66656.47690793092,7.176685182451008,941.603927899996,20800,5,133322.95381586184,133362.66735719028,1000.0,79.30079463231463,0.19468600113171114,0.9603739724583978,0.023860980661388403,1000.0,79.30079463231463,0.19468600113171114,0.9603739724583978,0.023860980661388403,1.853,1.853,81.42877507299032,81.42877507299032,43.75327994968318,43.75327994968318,joint_devices,Mouse + Trackpad joint,joint_devices_MeanTimeseriesCausalInf_0005,5,MeanTimeseriesCausalInf,,,,0.9497804162412244,0.8866239453357985,,,,0.9497804162412244,0.8866239453357985,,,,,,,1249632825,,,,,,,2590.6377489611805,651.4666125291495,0.46593819408475723,2590.6377489611805,651.4666125291495,0.46593819408475723
MeanTimeseriesBaseBCC,joint_device_fixed_motorVar,99001.0007057869,11.769318039080174,195.65681469999254,20800,5,198012.0014115738,198051.71495290223,63.42947077957638,1000.0,0.1941720956332108,0.9796265733043256,0.07796913435756216,63.42947077957638,1000.0,0.1941720956332108,0.9796265733043256,0.07796913435756216,1.853,1.853,81.42877507299032,81.42877507299032,43.75327994968318,43.75327994968318,joint_devices,Mouse + Trackpad joint,joint_devices_MeanTimeseriesCausalInf_0006,6,MeanTimeseriesCausalInf,,,,0.9773659303177027,0.9631403839871429,,,,0.9773659303177027,0.9631403839871429,,,,,,,1605305473,,,,,,,749.1903336058615,3878.180926208,0.19840295836878388,749.1903336058615,3878.180926208,0.19840295836878388
MeanTimeseriesCausalInf,joint_device_fixed_motorVar,65974.11506831158,7.0311777686341435,299.48056070000166,20800,5,131958.23013662317,131997.9436779516,,,,0.9772578386508746,1.0,,,,0.9772578386508746,1.0,,,,,,,joint_devices,Mouse + Trackpad joint,joint_devices_MeanTimeseriesCausalInf_0006,6,MeanTimeseriesCausalInf,,,,0.9773659303177027,0.9631403839871429,,,,0.9773659303177027,0.9631403839871429,,,,,,,1186586832,749.7792087820972,3880.1657764225747,0.20567689767650646,749.7792087820972,3880.1657764225747,0.20567689767650646,749.1903336058615,3878.180926208,0.19840295836878388,749.1903336058615,3878.180926208,0.19840295836878388
MeanTimeseriesVectorBCC,joint_device_fixed_motorVar,86597.05448523906,10.940322812000108,851.6509909000015,20800,5,173204.10897047812,173243.82251180656,17.794449010705385,1000.0,0.05108559263048842,0.9873331177059183,0.05053101511214922,17.794449010705385,1000.0,0.05108559263048842,0.9873331177059183,0.05053101511214922,1.853,1.853,81.42877507299032,81.42877507299032,43.75327994968318,43.75327994968318,joint_devices,Mouse + Trackpad joint,joint_devices_MeanTimeseriesCausalInf_0006,6,MeanTimeseriesCausalInf,,,,0.9773659303177027,0.9631403839871429,,,,0.9773659303177027,0.9631403839871429,,,,,,,549248858,,,,,,,749.1903336058615,3878.180926208,0.19840295836878388,749.1903336058615,3878.180926208,0.19840295836878388
MeanTimeseriesBaseBCC,joint_device_fixed_motorVar,119268.32105449702,12.522793916081573,219.71463840000797,20800,5,238546.64210899404,238586.35565032248,258.3446396899484,1000.0,0.18083715097238645,0.9718567611115148,0.10954236893839374,258.3446396899484,1000.0,0.18083715097238645,0.9718567611115148,0.10954236893839374,1.853,1.853,81.42877507299032,81.42877507299032,43.75327994968318,43.75327994968318,joint_devices,Mouse + Trackpad joint,joint_devices_MeanTimeseriesCausalInf_0007,7,MeanTimeseriesCausalInf,,,,0.9651010586578115,0.8554041585882033,,,,0.9651010586578115,0.8554041585882033,,,,,,,2095567861,,,,,,,3195.9798508445588,3576.1492937843286,0.09565558774941292,3195.9798508445588,3576.1492937843286,0.09565558774941292
MeanTimeseriesCausalInf,joint_device_fixed_motorVar,65902.78991567277,6.998203470047498,394.0048822000099,20800,5,131815.57983134553,131855.29337267397,,,,0.9653134447783295,0.7593744138061076,,,,0.9653134447783295,0.7593744138061076,,,,,,,joint_devices,Mouse + Trackpad joint,joint_devices_MeanTimeseriesCausalInf_0007,7,MeanTimeseriesCausalInf,,,,0.9651010586578115,0.8554041585882033,,,,0.9651010586578115,0.8554041585882033,,,,,,,301188799,3180.1972838632933,3583.650608954277,0.08510441105387544,3180.1972838632933,3583.650608954277,0.08510441105387544,3195.9798508445588,3576.1492937843286,0.09565558774941292,3195.9798508445588,3576.1492937843286,0.09565558774941292
MeanTimeseriesVectorBCC,joint_device_fixed_motorVar,83311.55720329008,9.653374607564903,859.6801487000193,20800,5,166633.11440658016,166672.8279479086,19.870325908620966,24.55450496228195,0.0,0.988749967624474,0.07803842664573216,19.870325908620966,24.55450496228195,0.0,0.988749967624474,0.07803842664573216,1.853,1.853,81.42877507299032,81.42877507299032,43.75327994968318,43.75327994968318,joint_devices,Mouse + Trackpad joint,joint_devices_MeanTimeseriesCausalInf_0007,7,MeanTimeseriesCausalInf,,,,0.9651010586578115,0.8554041585882033,,,,0.9651010586578115,0.8554041585882033,,,,,,,705812609,,,,,,,3195.9798508445588,3576.1492937843286,0.09565558774941292,3195.9798508445588,3576.1492937843286,0.09565558774941292
MeanTimeseriesBaseBCC,joint_device_fixed_motorVar,69826.94503441655,7.8229166478085705,221.3219585000188,20800,5,139663.8900688331,139703.60361016155,1000.0,299.295052561638,0.4156919796217812,0.9673610555611749,0.05083030953491957,1000.0,299.295052561638,0.4156919796217812,0.9673610555611749,0.05083030953491957,1.853,1.853,81.42877507299032,81.42877507299032,43.75327994968318,43.75327994968318,joint_devices,Mouse + Trackpad joint,joint_devices_MeanTimeseriesCausalInf_0008,8,MeanTimeseriesCausalInf,,,,0.9585817459503939,0.8891430903107945,,,,0.9585817459503939,0.8891430903107945,,,,,,,285127292,,,,,,,1889.526477346167,540.9853667904873,0.31109225644645205,1889.526477346167,540.9853667904873,0.31109225644645205
MeanTimeseriesCausalInf,joint_device_fixed_motorVar,66160.06373125665,7.103507391997075,335.62119559998973,20800,5,132330.1274625133,132369.84100384175,,,,0.9593982330263873,0.40275036535229647,,,,0.9593982330263873,0.40275036535229647,,,,,,,joint_devices,Mouse + Trackpad joint,joint_devices_MeanTimeseriesCausalInf_0008,8,MeanTimeseriesCausalInf,,,,0.9585817459503939,0.8891430903107945,,,,0.9585817459503939,0.8891430903107945,,,,,,,904202622,1832.747703008718,532.511198351822,0.1407020608349576,1832.747703008718,532.511198351822,0.1407020608349576,1889.526477346167,540.9853667904873,0.31109225644645205,1889.526477346167,540.9853667904873,0.31109225644645205
MeanTimeseriesVectorBCC,joint_device_fixed_motorVar,67934.17794762307,7.472820160822234,865.2968668999965,20800,5,135878.35589524615,135918.0694365746,1000.0,136.14454971399556,0.24619375585024125,0.968048495305398,0.04160973258854037,1000.0,136.14454971399556,0.24619375585024125,0.968048495305398,0.04160973258854037,1.853,1.853,81.42877507299032,81.42877507299032,43.75327994968318,43.75327994968318,joint_devices,Mouse + Trackpad joint,joint_devices_MeanTimeseriesCausalInf_0008,8,MeanTimeseriesCausalInf,,,,0.9585817459503939,0.8891430903107945,,,,0.9585817459503939,0.8891430903107945,,,,,,,1894151991,,,,,,,1889.526477346167,540.9853667904873,0.31109225644645205,1889.526477346167,540.9853667904873,0.31109225644645205
MeanTimeseriesBaseBCC,joint_device_fixed_motorVar,70366.76952666117,7.97988130387019,212.90058220000356,20800,5,140743.53905332234,140783.25259465078,421.8785113604596,1000.0,0.6124219666313808,0.9762358385157481,0.07274206166405141,421.8785113604596,1000.0,0.6124219666313808,0.9762358385157481,0.07274206166405141,1.853,1.853,81.42877507299032,81.42877507299032,43.75327994968318,43.75327994968318,joint_devices,Mouse + Trackpad joint,joint_devices_MeanTimeseriesCausalInf_0009,9,MeanTimeseriesCausalInf,,,,0.9662146883260674,0.9581637900588834,,,,0.9662146883260674,0.9581637900588834,,,,,,,562407379,,,,,,,582.5291783492144,433.9144909891568,0.3214712252546346,582.5291783492144,433.9144909891568,0.3214712252546346
MeanTimeseriesCausalInf,joint_device_fixed_motorVar,66031.49101011125,7.094835497043243,281.76864520000527,20800,5,132072.9820202225,132112.69556155094,,,,0.9667424002551344,0.7201059884926482,,,,0.9667424002551344,0.7201059884926482,,,,,,,joint_devices,Mouse + Trackpad joint,joint_devices_MeanTimeseriesCausalInf_0009,9,MeanTimeseriesCausalInf,,,,0.9662146883260674,0.9581637900588834,,,,0.9662146883260674,0.9581637900588834,,,,,,,87354759,576.544182098206,434.42845410341357,0.24218481531405267,576.544182098206,434.42845410341357,0.24218481531405267,582.5291783492144,433.9144909891568,0.3214712252546346,582.5291783492144,433.9144909891568,0.3214712252546346
MeanTimeseriesVectorBCC,joint_device_fixed_motorVar,68657.80167080618,7.640127562247383,611.1513480999856,20800,5,137325.60334161235,137365.3168829408,416.1949564138625,1000.0,0.44717910658063925,0.9756613505396239,0.0659954038847264,416.1949564138625,1000.0,0.44717910658063925,0.9756613505396239,0.0659954038847264,1.853,1.853,81.42877507299032,81.42877507299032,43.75327994968318,43.75327994968318,joint_devices,Mouse + Trackpad joint,joint_devices_MeanTimeseriesCausalInf_0009,9,MeanTimeseriesCausalInf,,,,0.9662146883260674,0.9581637900588834,,,,0.9662146883260674,0.9581637900588834,,,,,,,643834025,,,,,,,582.5291783492144,433.9144909891568,0.3214712252546346,582.5291783492144,433.9144909891568,0.3214712252546346
MeanTimeseriesBaseBCC,joint_device_fixed_motorVar,74076.02385656089,8.692577316317557,150.50537179998355,20800,5,148162.04771312178,148201.76125445022,450.35046127630477,1000.0,0.5844041723673022,0.9802214587309422,0.0829706400773497,450.35046127630477,1000.0,0.5844041723673022,0.9802214587309422,0.0829706400773497,1.853,1.853,81.42877507299032,81.42877507299032,43.75327994968318,43.75327994968318,joint_devices,Mouse + Trackpad joint,joint_devices_MeanTimeseriesCausalInf_0010,10,MeanTimeseriesCausalInf,,,,0.9717345033940594,0.8803244363187007,,,,0.9717345033940594,0.8803244363187007,,,,,,,1825553753,,,,,,,602.2598367406645,473.13862977872674,0.2550420097090933,602.2598367406645,473.13862977872674,0.2550420097090933
MeanTimeseriesCausalInf,joint_device_fixed_motorVar,66104.4360144918,7.083885952349306,314.3373388000182,20800,5,132218.8720289836,132258.58557031205,,,,0.97227204931041,0.4721344821316244,,,,0.97227204931041,0.4721344821316244,,,,,,,joint_devices,Mouse + Trackpad joint,joint_devices_MeanTimeseriesCausalInf_0010,10,MeanTimeseriesCausalInf,,,,0.9717345033940594,0.8803244363187007,,,,0.9717345033940594,0.8803244363187007,,,,,,,493108960,588.2382657338474,457.44723503651227,0.13389476510099318,588.2382657338474,457.44723503651227,0.13389476510099318,602.2598367406645,473.13862977872674,0.2550420097090933,602.2598367406645,473.13862977872674,0.2550420097090933
MeanTimeseriesVectorBCC,joint_device_fixed_motorVar,70939.83741199435,8.103069611569689,711.0391246000072,20800,5,141889.6748239887,141929.38836531714,452.4315495940686,1000.0,0.421713965888709,0.9799287782033856,0.07500994756032277,452.4315495940686,1000.0,0.421713965888709,0.9799287782033856,0.07500994756032277,1.853,1.853,81.42877507299032,81.42877507299032,43.75327994968318,43.75327994968318,joint_devices,Mouse + Trackpad joint,joint_devices_MeanTimeseriesCausalInf_0010,10,MeanTimeseriesCausalInf,,,,0.9717345033940594,0.8803244363187007,,,,0.9717345033940594,0.8803244363187007,,,,,,,987463404,,,,,,,602.2598367406645,473.13862977872674,0.2550420097090933,602.2598367406645,473.13862977872674,0.2550420097090933
MeanTimeseriesBaseBCC,joint_device_fixed_motorVar,74588.48730495558,8.83867153793238,222.66486060002353,20800,5,149186.97460991115,149226.6881512396,1000.0,17.229386238105704,0.12258055773115946,0.9565970965412639,0.040146155450603044,1000.0,17.229386238105704,0.12258055773115946,0.9565970965412639,0.040146155450603044,1.853,1.853,81.42877507299032,81.42877507299032,43.75327994968318,43.75327994968318,joint_devices,Mouse + Trackpad joint,joint_devices_MeanTimeseriesCausalInf_0011,11,MeanTimeseriesCausalInf,,,,0.9505264796740565,0.8719569649212126,,,,0.9505264796740565,0.8719569649212126,,,,,,,1838875178,,,,,,,8554.908731283824,454.4261374827012,0.1534372949288723,8554.908731283824,454.4261374827012,0.1534372949288723
MeanTimeseriesCausalInf,joint_device_fixed_motorVar,65819.83069821891,6.984274743245602,553.9331827999849,20800,5,131649.66139643782,131689.37493776626,,,,0.9510231685558812,1.0,,,,0.9510231685558812,1.0,,,,,,,joint_devices,Mouse + Trackpad joint,joint_devices_MeanTimeseriesCausalInf_0011,11,MeanTimeseriesCausalInf,,,,0.9505264796740565,0.8719569649212126,,,,0.9505264796740565,0.8719569649212126,,,,,,,1297943594,8585.170785658242,451.21344477333173,0.17828303584318686,8585.170785658242,451.21344477333173,0.17828303584318686,8554.908731283824,454.4261374827012,0.1534372949288723,8554.908731283824,454.4261374827012,0.1534372949288723
MeanTimeseriesVectorBCC,joint_device_fixed_motorVar,84242.895729387,9.966282579127805,1571.9297840999789,20800,5,168495.791458774,168535.50500010245,1000.0,2.3799326554227456,0.01924366934997038,0.9635498956770201,0.03737949919918773,1000.0,2.3799326554227456,0.01924366934997038,0.9635498956770201,0.03737949919918773,1.853,1.853,81.42877507299032,81.42877507299032,43.75327994968318,43.75327994968318,joint_devices,Mouse + Trackpad joint,joint_devices_MeanTimeseriesCausalInf_0011,11,MeanTimeseriesCausalInf,,,,0.9505264796740565,0.8719569649212126,,,,0.9505264796740565,0.8719569649212126,,,,,,,114831556,,,,,,,8554.908731283824,454.4261374827012,0.1534372949288723,8554.908731283824,454.4261374827012,0.1534372949288723
MeanTimeseriesBaseBCC,joint_device_fixed_motorVar,298958.2594430692,26.415866838765986,246.44032829999924,20800,5,597926.5188861385,597966.2324274669,1000.0,213.25828819980217,0.270442138916105,0.9943731208763379,0.10760044519501898,1000.0,213.25828819980217,0.270442138916105,0.9943731208763379,0.10760044519501898,1.853,1.853,81.42877507299032,81.42877507299032,43.75327994968318,43.75327994968318,joint_devices,Mouse + Trackpad joint,joint_devices_MeanTimeseriesCausalInf_0012,12,MeanTimeseriesCausalInf,,,,0.9877984581398811,0.9792572416704862,,,,0.9877984581398811,0.9792572416704862,,,,,,,2058057817,,,,,,,2816.225572908377,378.1793723804146,0.11599185242176183,2816.225572908377,378.1793723804146,0.11599185242176183
MeanTimeseriesCausalInf,joint_device_fixed_motorVar,65944.61385741738,7.066366183046184,434.238726200012,20800,5,131899.22771483476,131938.9412561632,,,,0.9878049787277756,0.9508890538232557,,,,0.9878049787277756,0.9508890538232557,,,,,,,joint_devices,Mouse + Trackpad joint,joint_devices_MeanTimeseriesCausalInf_0012,12,MeanTimeseriesCausalInf,,,,0.9877984581398811,0.9792572416704862,,,,0.9877984581398811,0.9792572416704862,,,,,,,969713243,2814.7361181169354,376.9638725255314,0.11250342227773573,2814.7361181169354,376.9638725255314,0.11250342227773573,2816.225572908377,378.1793723804146,0.11599185242176183,2816.225572908377,378.1793723804146,0.11599185242176183
MeanTimeseriesVectorBCC,joint_device_fixed_motorVar,342538.02402574656,31.38685292741739,766.3350367000094,20800,5,685086.0480514931,685125.7615928216,1000.0,75.69751119672631,0.10315805842404042,1.0,0.11659816473062798,1000.0,75.69751119672631,0.10315805842404042,1.0,0.11659816473062798,1.853,1.853,81.42877507299032,81.42877507299032,43.75327994968318,43.75327994968318,joint_devices,Mouse + Trackpad joint,joint_devices_MeanTimeseriesCausalInf_0012,12,MeanTimeseriesCausalInf,,,,0.9877984581398811,0.9792572416704862,,,,0.9877984581398811,0.9792572416704862,,,,,,,745000089,,,,,,,2816.225572908377,378.1793723804146,0.11599185242176183,2816.225572908377,378.1793723804146,0.11599185242176183
MeanTimeseriesBaseBCC,joint_device_fixed_motorVar,94215.73353597733,11.382306888338354,224.4623645999818,20800,5,188441.46707195466,188481.1806132831,205.11007494334564,1000.0,0.3813597935619039,0.9760748728016297,0.13210106933818172,205.11007494334564,1000.0,0.3813597935619039,0.9760748728016297,0.13210106933818172,1.853,1.853,81.42877507299032,81.42877507299032,43.75327994968318,43.75327994968318,joint_devices,Mouse + Trackpad joint,joint_devices_MeanTimeseriesCausalInf_0013,13,MeanTimeseriesCausalInf,,,,0.9645733863875375,0.9785275535596226,,,,0.9645733863875375,0.9785275535596226,,,,,,,717214977,,,,,,,582.168422567603,1241.1669090005662,0.14040034843394916,582.168422567603,1241.1669090005662,0.14040034843394916
MeanTimeseriesCausalInf,joint_device_fixed_motorVar,66120.79322891458,7.083327690152494,469.94084369999473,20800,5,132251.58645782917,132291.2999991576,,,,0.9650822925043668,0.9748721349719769,,,,0.9650822925043668,0.9748721349719769,,,,,,,joint_devices,Mouse + Trackpad joint,joint_devices_MeanTimeseriesCausalInf_0013,13,MeanTimeseriesCausalInf,,,,0.9645733863875375,0.9785275535596226,,,,0.9645733863875375,0.9785275535596226,,,,,,,764422515,577.2028297433394,1240.5452846442588,0.1416660585856363,577.2028297433394,1240.5452846442588,0.1416660585856363,582.168422567603,1241.1669090005662,0.14040034843394916,582.168422567603,1241.1669090005662,0.14040034843394916
MeanTimeseriesVectorBCC,joint_device_fixed_motorVar,80670.93509679999,9.774896519631334,940.9208480000088,20800,5,161351.87019359999,161391.58373492843,139.22670816294044,1000.0,0.22338409252193916,0.9760973496258702,0.11893746785608031,139.22670816294044,1000.0,0.22338409252193916,0.9760973496258702,0.11893746785608031,1.853,1.853,81.42877507299032,81.42877507299032,43.75327994968318,43.75327994968318,joint_devices,Mouse + Trackpad joint,joint_devices_MeanTimeseriesCausalInf_0013,13,MeanTimeseriesCausalInf,,,,0.9645733863875375,0.9785275535596226,,,,0.9645733863875375,0.9785275535596226,,,,,,,1176605072,,,,,,,582.168422567603,1241.1669090005662,0.14040034843394916,582.168422567603,1241.1669090005662,0.14040034843394916
MeanTimeseriesBaseBCC,joint_device_fixed_motorVar,484500.1737945583,32.90844039679618,333.3294648999872,20800,5,969010.3475891165,969050.061130445,1000.0,722.7269391662975,0.18784244255218185,0.9942572042578538,0.08814657735130249,1000.0,722.7269391662975,0.18784244255218185,0.9942572042578538,0.08814657735130249,1.853,1.853,81.42877507299032,81.42877507299032,43.75327994968318,43.75327994968318,joint_devices,Mouse + Trackpad joint,joint_devices_MeanTimeseriesCausalInf_0014,14,MeanTimeseriesCausalInf,,,,0.9915475548182815,0.9149238587663303,,,,0.9915475548182815,0.9149238587663303,,,,,,,133272437,,,,,,,4765.266791412261,2276.8252218747684,0.12005764079419759,4765.266791412261,2276.8252218747684,0.12005764079419759
MeanTimeseriesCausalInf,joint_device_fixed_motorVar,136037.90290814076,16.660428238570898,526.8165273999912,20800,5,272085.8058162815,272125.51935760997,,,,0.9878719752231041,0.9982040692148633,,,,0.9878719752231041,0.9982040692148633,,,,,,,joint_devices,Mouse + Trackpad joint,joint_devices_MeanTimeseriesCausalInf_0014,14,MeanTimeseriesCausalInf,,,,0.9915475548182815,0.9149238587663303,,,,0.9915475548182815,0.9149238587663303,,,,,,,1251956944,4925.248745437709,2201.8156651164963,0.09973996879162678,4925.248745437709,2201.8156651164963,0.09973996879162678,4765.266791412261,2276.8252218747684,0.12005764079419759,4765.266791412261,2276.8252218747684,0.12005764079419759
MeanTimeseriesVectorBCC,joint_device_fixed_motorVar,861619.7217792182,48.883146344750465,700.0704483000154,20800,5,1723249.4435584364,1723289.1570997648,113.08308726039004,1000.0,0.0,1.0,0.09886186809278755,113.08308726039004,1000.0,0.0,1.0,0.09886186809278755,1.853,1.853,81.42877507299032,81.42877507299032,43.75327994968318,43.75327994968318,joint_devices,Mouse + Trackpad joint,joint_devices_MeanTimeseriesCausalInf_0014,14,MeanTimeseriesCausalInf,,,,0.9915475548182815,0.9149238587663303,,,,0.9915475548182815,0.9149238587663303,,,,,,,1663519916,,,,,,,4765.266791412261,2276.8252218747684,0.12005764079419759,4765.266791412261,2276.8252218747684,0.12005764079419759
MeanTimeseriesBaseBCC,joint_device_fixed_motorVar,123442.41079617021,13.299804068314508,232.2196343000105,20800,5,246894.82159234042,246934.53513366886,1000.0,256.52318800345523,0.15827510553876983,0.9782113412965617,0.07052575700408473,1000.0,256.52318800345523,0.15827510553876983,0.9782113412965617,0.07052575700408473,1.853,1.853,81.42877507299032,81.42877507299032,43.75327994968318,43.75327994968318,joint_devices,Mouse + Trackpad joint,joint_devices_MeanTimeseriesCausalInf_0015,15,MeanTimeseriesCausalInf,,,,0.9720421504251568,0.8448308335821064,,,,0.9720421504251568,0.8448308335821064,,,,,,,1733903254,,,,,,,6873.758949323932,2186.2196242732234,0.10969280473904362,6873.758949323932,2186.2196242732234,0.10969280473904362
MeanTimeseriesCausalInf,joint_device_fixed_motorVar,66013.9003392511,7.08327192673773,545.5561975000019,20800,5,132037.8006785022,132077.51421983063,,,,0.9721884981252781,0.8750612042412429,,,,0.9721884981252781,0.8750612042412429,,,,,,,joint_devices,Mouse + Trackpad joint,joint_devices_MeanTimeseriesCausalInf_0015,15,MeanTimeseriesCausalInf,,,,0.9720421504251568,0.8448308335821064,,,,0.9720421504251568,0.8448308335821064,,,,,,,1711375667,6899.739956895451,2187.07194254197,0.1143091075095856,6899.739956895451,2187.07194254197,0.1143091075095856,6873.758949323932,2186.2196242732234,0.10969280473904362,6873.758949323932,2186.2196242732234,0.10969280473904362
MeanTimeseriesVectorBCC,joint_device_fixed_motorVar,148553.0064485956,15.641051783352477,1081.6334974000056,20800,5,297116.0128971912,297155.72643851966,1000.0,44.50214683973519,0.017598188586523244,0.9878556501901293,0.062178265494268345,1000.0,44.50214683973519,0.017598188586523244,0.9878556501901293,0.062178265494268345,1.853,1.853,81.42877507299032,81.42877507299032,43.75327994968318,43.75327994968318,joint_devices,Mouse + Trackpad joint,joint_devices_MeanTimeseriesCausalInf_0015,15,MeanTimeseriesCausalInf,,,,0.9720421504251568,0.8448308335821064,,,,0.9720421504251568,0.8448308335821064,,,,,,,1214045016,,,,,,,6873.758949323932,2186.2196242732234,0.10969280473904362,6873.758949323932,2186.2196242732234,0.10969280473904362
MeanTimeseriesBaseBCC,joint_device_fixed_motorVar,72310.58063198919,8.178920320564067,209.6636969000101,20800,5,144631.16126397837,144670.8748053068,1000.0,1000.0,0.4001759873536238,0.9885149941914843,0.027652035723281298,1000.0,1000.0,0.4001759873536238,0.9885149941914843,0.027652035723281298,1.853,1.853,81.42877507299032,81.42877507299032,43.75327994968318,43.75327994968318,joint_devices,Mouse + Trackpad joint,joint_devices_MeanTimeseriesCausalInf_0016,16,MeanTimeseriesCausalInf,,,,0.9871427576910805,0.9443540472487475,,,,0.9871427576910805,0.9443540472487475,,,,,,,1598075980,,,,,,,1951.8896963134139,795.0268853694732,0.6911228095215061,1951.8896963134139,795.0268853694732,0.6911228095215061
MeanTimeseriesCausalInf,joint_device_fixed_motorVar,66093.66506805741,7.070121912671389,310.41757789999247,20800,5,132197.33013611482,132237.04367744326,,,,0.9875495032377274,0.9998664567378338,,,,0.9875495032377274,0.9998664567378338,,,,,,,joint_devices,Mouse + Trackpad joint,joint_devices_MeanTimeseriesCausalInf_0016,16,MeanTimeseriesCausalInf,,,,0.9871427576910805,0.9443540472487475,,,,0.9871427576910805,0.9443540472487475,,,,,,,278569206,1967.7389918118593,800.5393222772037,0.7503415954456034,1967.7389918118593,800.5393222772037,0.7503415954456034,1951.8896963134139,795.0268853694732,0.6911228095215061,1951.8896963134139,795.0268853694732,0.6911228095215061
MeanTimeseriesVectorBCC,joint_device_fixed_motorVar,68699.51998089689,7.571681368513352,1154.0809070999967,20800,5,137409.03996179378,137448.75350312222,1000.0,340.9153448270214,0.2299793027369978,0.9904413191678598,0.020788656468743436,1000.0,340.9153448270214,0.2299793027369978,0.9904413191678598,0.020788656468743436,1.853,1.853,81.42877507299032,81.42877507299032,43.75327994968318,43.75327994968318,joint_devices,Mouse + Trackpad joint,joint_devices_MeanTimeseriesCausalInf_0016,16,MeanTimeseriesCausalInf,,,,0.9871427576910805,0.9443540472487475,,,,0.9871427576910805,0.9443540472487475,,,,,,,1983978042,,,,,,,1951.8896963134139,795.0268853694732,0.6911228095215061,1951.8896963134139,795.0268853694732,0.6911228095215061
MeanTimeseriesBaseBCC,joint_device_fixed_motorVar,126010.19134575105,14.731687007239696,254.54090660001384,20800,5,252030.3826915021,252070.09623283055,740.4884951275958,1000.0,0.36161107013870475,0.9723483773034626,0.17211604699497113,740.4884951275958,1000.0,0.36161107013870475,0.9723483773034626,0.17211604699497113,1.853,1.853,81.42877507299032,81.42877507299032,43.75327994968318,43.75327994968318,joint_devices,Mouse + Trackpad joint,joint_devices_MeanTimeseriesCausalInf_0017,17,MeanTimeseriesCausalInf,,,,0.9597081795107666,0.8088651714625199,,,,0.9597081795107666,0.8088651714625199,,,,,,,432927477,,,,,,,1489.856381223905,972.8837613332729,0.07020033989970127,1489.856381223905,972.8837613332729,0.07020033989970127
MeanTimeseriesCausalInf,joint_device_fixed_motorVar,65890.29222027588,7.007768479708289,461.22883659999934,20800,5,131790.58444055176,131830.2979818802,,,,0.9596001582387629,0.8916432294197466,,,,0.9596001582387629,0.8916432294197466,,,,,,,joint_devices,Mouse + Trackpad joint,joint_devices_MeanTimeseriesCausalInf_0017,17,MeanTimeseriesCausalInf,,,,0.9597081795107666,0.8088651714625199,,,,0.9597081795107666,0.8088651714625199,,,,,,,1683359869,1498.443458457223,979.687214187438,0.07781033918927713,1498.443458457223,979.687214187438,0.07781033918927713,1489.856381223905,972.8837613332729,0.07020033989970127,1489.856381223905,972.8837613332729,0.07020033989970127
MeanTimeseriesVectorBCC,joint_device_fixed_motorVar,96787.65198559602,11.986525266811318,808.0092595000169,20800,5,193585.30397119204,193625.01751252048,1000.0,800.8860649690502,0.1949007206193923,0.9730254717048058,0.15577160523288644,1000.0,800.8860649690502,0.1949007206193923,0.9730254717048058,0.15577160523288644,1.853,1.853,81.42877507299032,81.42877507299032,43.75327994968318,43.75327994968318,joint_devices,Mouse + Trackpad joint,joint_devices_MeanTimeseriesCausalInf_0017,17,MeanTimeseriesCausalInf,,,,0.9597081795107666,0.8088651714625199,,,,0.9597081795107666,0.8088651714625199,,,,,,,2146684641,,,,,,,1489.856381223905,972.8837613332729,0.07020033989970127,1489.856381223905,972.8837613332729,0.07020033989970127
MeanTimeseriesBaseBCC,joint_device_fixed_motorVar,96416.50010112976,10.635178712990735,267.57603799999924,20800,5,192843.0002022595,192882.71374358796,212.7369398611109,1000.0,0.18719769327951344,0.9863043548840453,0.04755594581879067,212.7369398611109,1000.0,0.18719769327951344,0.9863043548840453,0.04755594581879067,1.853,1.853,81.42877507299032,81.42877507299032,43.75327994968318,43.75327994968318,joint_devices,Mouse + Trackpad joint,joint_devices_MeanTimeseriesCausalInf_0018,18,MeanTimeseriesCausalInf,,,,0.9838107650656728,0.8398770632719164,,,,0.9838107650656728,0.8398770632719164,,,,,,,1780701157,,,,,,,3124.5263820048563,3595.6338757781,0.24004703117244133,3124.5263820048563,3595.6338757781,0.24004703117244133
MeanTimeseriesCausalInf,joint_device_fixed_motorVar,66141.76787841156,7.073330720623597,446.61797829999705,20800,5,132293.5357568231,132333.24929815155,,,,0.9836472584666847,0.9536444309805577,,,,0.9836472584666847,0.9536444309805577,,,,,,,joint_devices,Mouse + Trackpad joint,joint_devices_MeanTimeseriesCausalInf_0018,18,MeanTimeseriesCausalInf,,,,0.9838107650656728,0.8398770632719164,,,,0.9838107650656728,0.8398770632719164,,,,,,,1932572253,3133.870241934303,3594.6044234704464,0.27181117780370434,3133.870241934303,3594.6044234704464,0.27181117780370434,3124.5263820048563,3595.6338757781,0.24004703117244133,3124.5263820048563,3595.6338757781,0.24004703117244133
MeanTimeseriesVectorBCC,joint_device_fixed_motorVar,72504.88739372489,8.141585825543528,1036.4583051999798,20800,5,145019.77478744977,145059.4883287782,86.45871125744445,1000.0,0.02347372179997633,0.992830575716452,0.024563272453529465,86.45871125744445,1000.0,0.02347372179997633,0.992830575716452,0.024563272453529465,1.853,1.853,81.42877507299032,81.42877507299032,43.75327994968318,43.75327994968318,joint_devices,Mouse + Trackpad joint,joint_devices_MeanTimeseriesCausalInf_0018,18,MeanTimeseriesCausalInf,,,,0.9838107650656728,0.8398770632719164,,,,0.9838107650656728,0.8398770632719164,,,,,,,451844224,,,,,,,3124.5263820048563,3595.6338757781,0.24004703117244133,3124.5263820048563,3595.6338757781,0.24004703117244133
MeanTimeseriesBaseBCC,joint_device_fixed_motorVar,210406.0513024454,19.489057121970056,231.47245269999257,20800,5,420822.1026048908,420861.81614621927,225.30001366314755,1000.0,0.2045956448488411,0.970186971511916,0.21419596641407823,225.30001366314755,1000.0,0.2045956448488411,0.970186971511916,0.21419596641407823,1.853,1.853,81.42877507299032,81.42877507299032,43.75327994968318,43.75327994968318,joint_devices,Mouse + Trackpad joint,joint_devices_MeanTimeseriesCausalInf_0019,19,MeanTimeseriesCausalInf,,,,0.960144029883166,0.9692029331249719,,,,0.960144029883166,0.9692029331249719,,,,,,,1418278176,,,,,,,1674.817548900606,3038.210902461549,0.06052598930112135,1674.817548900606,3038.210902461549,0.06052598930112135
MeanTimeseriesCausalInf,joint_device_fixed_motorVar,66126.87607302808,7.123587000301852,527.7120136000158,20800,5,132263.75214605615,132303.4656873846,,,,0.9603168386333271,0.9173594014250983,,,,0.9603168386333271,0.9173594014250983,,,,,,,joint_devices,Mouse + Trackpad joint,joint_devices_MeanTimeseriesCausalInf_0019,19,MeanTimeseriesCausalInf,,,,0.960144029883166,0.9692029331249719,,,,0.960144029883166,0.9692029331249719,,,,,,,519088317,1675.3878040174466,3028.6554597856216,0.05722857643016756,1675.3878040174466,3028.6554597856216,0.05722857643016756,1674.817548900606,3038.210902461549,0.06052598930112135,1674.817548900606,3038.210902461549,0.06052598930112135
MeanTimeseriesVectorBCC,joint_device_fixed_motorVar,167307.40579170227,18.004843608410905,819.5674698999792,20800,5,334624.81158340455,334664.525124733,61.418644291611514,934.8408767691409,0.01259711029546153,0.9803041346776437,0.1664488383290353,61.418644291611514,934.8408767691409,0.01259711029546153,0.9803041346776437,0.1664488383290353,1.853,1.853,81.42877507299032,81.42877507299032,43.75327994968318,43.75327994968318,joint_devices,Mouse + Trackpad joint,joint_devices_MeanTimeseriesCausalInf_0019,19,MeanTimeseriesCausalInf,,,,0.960144029883166,0.9692029331249719,,,,0.960144029883166,0.9692029331249719,,,,,,,1247270163,,,,,,,1674.817548900606,3038.210902461549,0.06052598930112135,1674.817548900606,3038.210902461549,0.06052598930112135
MeanTimeseriesBaseBCC,joint_device_fixed_motorVar,73925.67973946218,8.098421592858374,177.94307700000354,20800,5,147861.35947892437,147901.0730202528,1000.0,420.10802840595727,0.34667241685470246,0.9609314572949699,0.19106629882011134,1000.0,420.10802840595727,0.34667241685470246,0.9609314572949699,0.19106629882011134,1.853,1.853,81.42877507299032,81.42877507299032,43.75327994968318,43.75327994968318,joint_devices,Mouse + Trackpad joint,joint_devices_MeanTimeseriesVectorBCC_0000,0,MeanTimeseriesVectorBCC,117.39158906269545,33.03644694875382,0.08305933504199169,0.977177930671538,0.1337127192856626,117.39158906269545,33.03644694875382,0.08305933504199169,0.977177930671538,0.1337127192856626,1.853,1.853,81.42877507299032,81.42877507299032,43.75327994968318,43.75327994968318,19589705,,,,,,,,,,,,
MeanTimeseriesCausalInf,joint_device_fixed_motorVar,81659.2068901904,10.021548541978259,394.9052675999992,20800,5,163328.4137803808,163368.12732170924,,,,0.9362585952216116,1.0,,,,0.9362585952216116,1.0,,,,,,,joint_devices,Mouse + Trackpad joint,joint_devices_MeanTimeseriesVectorBCC_0000,0,MeanTimeseriesVectorBCC,117.39158906269545,33.03644694875382,0.08305933504199169,0.977177930671538,0.1337127192856626,117.39158906269545,33.03644694875382,0.08305933504199169,0.977177930671538,0.1337127192856626,1.853,1.853,81.42877507299032,81.42877507299032,43.75327994968318,43.75327994968318,293992376,2828.9906701779964,1357.7364742126526,0.09829061361487913,2828.9906701779964,1357.7364742126526,0.09829061361487913,,,,,,
MeanTimeseriesVectorBCC,joint_device_fixed_motorVar,66064.0946875554,7.045332713404172,1095.8207754000032,20800,5,132138.1893751108,132177.90291643923,117.83666711872776,33.075573539221764,0.08375930523879872,0.9769370203682148,0.13430930284151443,117.83666711872776,33.075573539221764,0.08375930523879872,0.9769370203682148,0.13430930284151443,1.853,1.853,81.42877507299032,81.42877507299032,43.75327994968318,43.75327994968318,joint_devices,Mouse + Trackpad joint,joint_devices_MeanTimeseriesVectorBCC_0000,0,MeanTimeseriesVectorBCC,117.39158906269545,33.03644694875382,0.08305933504199169,0.977177930671538,0.1337127192856626,117.39158906269545,33.03644694875382,0.08305933504199169,0.977177930671538,0.1337127192856626,1.853,1.853,81.42877507299032,81.42877507299032,43.75327994968318,43.75327994968318,1676247005,,,,,,,,,,,,
MeanTimeseriesBaseBCC,joint_device_fixed_motorVar,87673.19699643517,9.22168162289848,210.75208080001175,20800,5,175356.39399287035,175396.1075341988,321.3481432986507,1000.0,0.20511246397130786,0.9626734363240639,0.15495699670858523,321.3481432986507,1000.0,0.20511246397130786,0.9626734363240639,0.15495699670858523,1.853,1.853,81.42877507299032,81.42877507299032,43.75327994968318,43.75327994968318,joint_devices,Mouse + Trackpad joint,joint_devices_MeanTimeseriesVectorBCC_0001,1,MeanTimeseriesVectorBCC,230.28305610381747,424.06421499644347,0.010642652136096945,0.9659003983153875,0.10557437127401108,230.28305610381747,424.06421499644347,0.010642652136096945,0.9659003983153875,0.10557437127401108,1.853,1.853,81.42877507299032,81.42877507299032,43.75327994968318,43.75327994968318,374092095,,,,,,,,,,,,
MeanTimeseriesCausalInf,joint_device_fixed_motorVar,77143.0717390044,9.178464610943475,379.70935269998154,20800,5,154296.1434780088,154335.85701933724,,,,0.9486394226364047,1.0,,,,0.9486394226364047,1.0,,,,,,,joint_devices,Mouse + Trackpad joint,joint_devices_MeanTimeseriesVectorBCC_0001,1,MeanTimeseriesVectorBCC,230.28305610381747,424.06421499644347,0.010642652136096945,0.9659003983153875,0.10557437127401108,230.28305610381747,424.06421499644347,0.010642652136096945,0.9659003983153875,0.10557437127401108,1.853,1.853,81.42877507299032,81.42877507299032,43.75327994968318,43.75327994968318,2045594891,3723.405601363127,3703.797336235306,0.09214243554873482,3723.405601363127,3703.797336235306,0.09214243554873482,,,,,,
MeanTimeseriesVectorBCC,joint_device_fixed_motorVar,66019.36581958874,7.081145916814471,981.7775120000006,20800,5,132048.73163917748,132088.44518050592,428.4999382607876,1000.0,0.012130722969828802,0.9658289000490403,0.10379744165635035,428.4999382607876,1000.0,0.012130722969828802,0.9658289000490403,0.10379744165635035,1.853,1.853,81.42877507299032,81.42877507299032,43.75327994968318,43.75327994968318,joint_devices,Mouse + Trackpad joint,joint_devices_MeanTimeseriesVectorBCC_0001,1,MeanTimeseriesVectorBCC,230.28305610381747,424.06421499644347,0.010642652136096945,0.9659003983153875,0.10557437127401108,230.28305610381747,424.06421499644347,0.010642652136096945,0.9659003983153875,0.10557437127401108,1.853,1.853,81.42877507299032,81.42877507299032,43.75327994968318,43.75327994968318,252665594,,,,,,,,,,,,
MeanTimeseriesBaseBCC,joint_device_fixed_motorVar,69409.98670976122,7.531316894656663,180.38964980002493,20800,5,138829.97341952243,138869.68696085087,1000.0,696.6815833295142,0.3596505249932833,0.9536169601182523,0.1208520945100608,1000.0,696.6815833295142,0.3596505249932833,0.9536169601182523,0.1208520945100608,1.853,1.853,81.42877507299032,81.42877507299032,43.75327994968318,43.75327994968318,joint_devices,Mouse + Trackpad joint,joint_devices_MeanTimeseriesVectorBCC_0002,2,MeanTimeseriesVectorBCC,386.8950976469008,127.78561513996316,0.16095019255734336,0.9541946719216047,0.0955006834784729,386.8950976469008,127.78561513996316,0.16095019255734336,0.9541946719216047,0.0955006834784729,1.853,1.853,81.42877507299032,81.42877507299032,43.75327994968318,43.75327994968318,1105256821,,,,,,,,,,,,
MeanTimeseriesCausalInf,joint_device_fixed_motorVar,69756.84230512983,7.825417204924971,383.6214327000198,20800,5,139523.68461025966,139563.3981515881,,,,0.9367417425232434,1.0,,,,0.9367417425232434,1.0,,,,,,,joint_devices,Mouse + Trackpad joint,joint_devices_MeanTimeseriesVectorBCC_0002,2,MeanTimeseriesVectorBCC,386.8950976469008,127.78561513996316,0.16095019255734336,0.9541946719216047,0.0955006834784729,386.8950976469008,127.78561513996316,0.16095019255734336,0.9541946719216047,0.0955006834784729,1.853,1.853,81.42877507299032,81.42877507299032,43.75327994968318,43.75327994968318,2032285484,2572.7578066551528,1383.2152215580024,0.16401837201715921,2572.7578066551528,1383.2152215580024,0.16401837201715921,,,,,,
MeanTimeseriesVectorBCC,joint_device_fixed_motorVar,65940.28246067459,7.0181207669207595,973.5868063000089,20800,5,131890.56492134917,131930.2784626776,365.9735943488876,122.18171145622183,0.1603229552380277,0.9566206837978876,0.09175796749753554,365.9735943488876,122.18171145622183,0.1603229552380277,0.9566206837978876,0.09175796749753554,1.853,1.853,81.42877507299032,81.42877507299032,43.75327994968318,43.75327994968318,joint_devices,Mouse + Trackpad joint,joint_devices_MeanTimeseriesVectorBCC_0002,2,MeanTimeseriesVectorBCC,386.8950976469008,127.78561513996316,0.16095019255734336,0.9541946719216047,0.0955006834784729,386.8950976469008,127.78561513996316,0.16095019255734336,0.9541946719216047,0.0955006834784729,1.853,1.853,81.42877507299032,81.42877507299032,43.75327994968318,43.75327994968318,355472366,,,,,,,,,,,,
MeanTimeseriesBaseBCC,joint_device_fixed_motorVar,66382.99503276414,7.13971603166602,231.18149509999785,20800,5,132775.99006552828,132815.70360685672,326.98175935541053,1000.0,0.48305881247581084,0.9605499646447103,0.06289472063976198,326.98175935541053,1000.0,0.48305881247581084,0.9605499646447103,0.06289472063976198,1.853,1.853,81.42877507299032,81.42877507299032,43.75327994968318,43.75327994968318,joint_devices,Mouse + Trackpad joint,joint_devices_MeanTimeseriesVectorBCC_0003,3,MeanTimeseriesVectorBCC,145.60092951466711,177.5930583788578,0.28780703907215177,0.956234231012419,0.06038121102465995,145.60092951466711,177.5930583788578,0.28780703907215177,0.956234231012419,0.06038121102465995,1.853,1.853,81.42877507299032,81.42877507299032,43.75327994968318,43.75327994968318,859334675,,,,,,,,,,,,
MeanTimeseriesCausalInf,joint_device_fixed_motorVar,67012.81019773442,7.3266597589448486,284.3905672999972,20800,5,134035.62039546884,134075.33393679728,,,,0.9484512576373993,1.0,,,,0.9484512576373993,1.0,,,,,,,joint_devices,Mouse + Trackpad joint,joint_devices_MeanTimeseriesVectorBCC_0003,3,MeanTimeseriesVectorBCC,145.60092951466711,177.5930583788578,0.28780703907215177,0.956234231012419,0.06038121102465995,145.60092951466711,177.5930583788578,0.28780703907215177,0.956234231012419,0.06038121102465995,1.853,1.853,81.42877507299032,81.42877507299032,43.75327994968318,43.75327994968318,294291689,2254.3164174468625,1330.924034149117,0.5490316361996692,2254.3164174468625,1330.924034149117,0.5490316361996692,,,,,,
MeanTimeseriesVectorBCC,joint_device_fixed_motorVar,65961.08711821437,7.073377245414512,1142.0015699000214,20800,5,131932.17423642875,131971.8877777572,162.74250172703566,203.99373877145203,0.28747294859049183,0.9601196504281144,0.05379859022187425,162.74250172703566,203.99373877145203,0.28747294859049183,0.9601196504281144,0.05379859022187425,1.853,1.853,81.42877507299032,81.42877507299032,43.75327994968318,43.75327994968318,joint_devices,Mouse + Trackpad joint,joint_devices_MeanTimeseriesVectorBCC_0003,3,MeanTimeseriesVectorBCC,145.60092951466711,177.5930583788578,0.28780703907215177,0.956234231012419,0.06038121102465995,145.60092951466711,177.5930583788578,0.28780703907215177,0.956234231012419,0.06038121102465995,1.853,1.853,81.42877507299032,81.42877507299032,43.75327994968318,43.75327994968318,388111839,,,,,,,,,,,,
MeanTimeseriesBaseBCC,joint_device_fixed_motorVar,99538.36189429602,10.604660094820611,311.714046100009,20800,5,199086.72378859203,199126.43732992047,176.97462442690434,152.94438232670467,0.20200797583728283,0.9939154091923025,0.23322513698033462,176.97462442690434,152.94438232670467,0.20200797583728283,0.9939154091923025,0.23322513698033462,1.853,1.853,81.42877507299032,81.42877507299032,43.75327994968318,43.75327994968318,joint_devices,Mouse + Trackpad joint,joint_devices_MeanTimeseriesVectorBCC_0004,4,MeanTimeseriesVectorBCC,271.6109699675199,59.40164558003607,0.029032246759338434,0.9997813518721838,0.2427734895959717,271.6109699675199,59.40164558003607,0.029032246759338434,0.9997813518721838,0.2427734895959717,1.853,1.853,81.42877507299032,81.42877507299032,43.75327994968318,43.75327994968318,759038744,,,,,,,,,,,,
MeanTimeseriesCausalInf,joint_device_fixed_motorVar,189832.00026215153,21.109679239421506,313.26058510001167,20800,5,379674.00052430306,379713.7140656315,,,,0.9565577029903879,1.0,,,,0.9565577029903879,1.0,,,,,,,joint_devices,Mouse + Trackpad joint,joint_devices_MeanTimeseriesVectorBCC_0004,4,MeanTimeseriesVectorBCC,271.6109699675199,59.40164558003607,0.029032246759338434,0.9997813518721838,0.2427734895959717,271.6109699675199,59.40164558003607,0.029032246759338434,0.9997813518721838,0.2427734895959717,1.853,1.853,81.42877507299032,81.42877507299032,43.75327994968318,43.75327994968318,549795105,2788.990071394975,2489.673545785438,0.07352642507557824,2788.990071394975,2489.673545785438,0.07352642507557824,,,,,,
MeanTimeseriesVectorBCC,joint_device_fixed_motorVar,65898.35823126823,7.024116659740855,935.2788564999937,20800,5,131806.71646253645,131846.4300038649,306.5504359177406,61.72988450850027,0.029894460689247063,0.9993146050700676,0.24419674103292263,306.5504359177406,61.72988450850027,0.029894460689247063,0.9993146050700676,0.24419674103292263,1.853,1.853,81.42877507299032,81.42877507299032,43.75327994968318,43.75327994968318,joint_devices,Mouse + Trackpad joint,joint_devices_MeanTimeseriesVectorBCC_0004,4,MeanTimeseriesVectorBCC,271.6109699675199,59.40164558003607,0.029032246759338434,0.9997813518721838,0.2427734895959717,271.6109699675199,59.40164558003607,0.029032246759338434,0.9997813518721838,0.2427734895959717,1.853,1.853,81.42877507299032,81.42877507299032,43.75327994968318,43.75327994968318,1540783193,,,,,,,,,,,,
MeanTimeseriesBaseBCC,joint_device_fixed_motorVar,92191.53973263036,9.549888001068187,253.0927978999971,20800,5,184393.07946526073,184432.79300658917,374.9607724060441,1000.0,0.21967672509265512,0.9518156860595754,0.2466404844234559,374.9607724060441,1000.0,0.21967672509265512,0.9518156860595754,0.2466404844234559,1.853,1.853,81.42877507299032,81.42877507299032,43.75327994968318,43.75327994968318,joint_devices,Mouse + Trackpad joint,joint_devices_MeanTimeseriesVectorBCC_0005,5,MeanTimeseriesVectorBCC,214.10607581825695,108.35871528485526,0.0036927803258633525,0.9553759733932415,0.19700927315887193,214.10607581825695,108.35871528485526,0.0036927803258633525,0.9553759733932415,0.19700927315887193,1.853,1.853,81.42877507299032,81.42877507299032,43.75327994968318,43.75327994968318,1813634498,,,,,,,,,,,,
MeanTimeseriesCausalInf,joint_device_fixed_motorVar,87041.67068320996,10.691587871727787,476.59267620000173,20800,5,174093.34136641992,174133.05490774836,,,,0.9324040677285556,1.0,,,,0.9324040677285556,1.0,,,,,,,joint_devices,Mouse + Trackpad joint,joint_devices_MeanTimeseriesVectorBCC_0005,5,MeanTimeseriesVectorBCC,214.10607581825695,108.35871528485526,0.0036927803258633525,0.9553759733932415,0.19700927315887193,214.10607581825695,108.35871528485526,0.0036927803258633525,0.9553759733932415,0.19700927315887193,1.853,1.853,81.42877507299032,81.42877507299032,43.75327994968318,43.75327994968318,2028567717,3550.5799725887427,3541.5286377988373,0.062358325436029385,3550.5799725887427,3541.5286377988373,0.062358325436029385,,,,,,
MeanTimeseriesVectorBCC,joint_device_fixed_motorVar,66055.85104451995,7.073081642342029,819.1277736999909,20800,5,132121.7020890399,132161.41563036834,1000.0,231.99410849097825,0.005174566283496293,0.9527212864358308,0.19409865989293945,1000.0,231.99410849097825,0.005174566283496293,0.9527212864358308,0.19409865989293945,1.853,1.853,81.42877507299032,81.42877507299032,43.75327994968318,43.75327994968318,joint_devices,Mouse + Trackpad joint,joint_devices_MeanTimeseriesVectorBCC_0005,5,MeanTimeseriesVectorBCC,214.10607581825695,108.35871528485526,0.0036927803258633525,0.9553759733932415,0.19700927315887193,214.10607581825695,108.35871528485526,0.0036927803258633525,0.9553759733932415,0.19700927315887193,1.853,1.853,81.42877507299032,81.42877507299032,43.75327994968318,43.75327994968318,1009705,,,,,,,,,,,,
MeanTimeseriesBaseBCC,joint_device_fixed_motorVar,66366.46604789674,7.12485150252553,233.35277840000344,20800,5,132742.93209579348,132782.64563712192,1000.0,117.3402003143155,0.3611911863804798,0.9558271423281193,0.036501396287727486,1000.0,117.3402003143155,0.3611911863804798,0.9558271423281193,0.036501396287727486,1.853,1.853,81.42877507299032,81.42877507299032,43.75327994968318,43.75327994968318,joint_devices,Mouse + Trackpad joint,joint_devices_MeanTimeseriesVectorBCC_0006,6,MeanTimeseriesVectorBCC,484.9311816268068,57.89717976044777,0.19171872752433172,0.9571260004284875,0.026430093267670093,484.9311816268068,57.89717976044777,0.19171872752433172,0.9571260004284875,0.026430093267670093,1.853,1.853,81.42877507299032,81.42877507299032,43.75327994968318,43.75327994968318,512385177,,,,,,,,,,,,
MeanTimeseriesCausalInf,joint_device_fixed_motorVar,66391.00990555233,7.167026885807247,419.4639892000123,20800,5,132792.01981110466,132831.7333524331,,,,0.9420187234897656,0.05428443139587053,,,,0.9420187234897656,0.05428443139587053,,,,,,,joint_devices,Mouse + Trackpad joint,joint_devices_MeanTimeseriesVectorBCC_0006,6,MeanTimeseriesVectorBCC,484.9311816268068,57.89717976044777,0.19171872752433172,0.9571260004284875,0.026430093267670093,484.9311816268068,57.89717976044777,0.19171872752433172,0.9571260004284875,0.026430093267670093,1.853,1.853,81.42877507299032,81.42877507299032,43.75327994968318,43.75327994968318,68411900,2507.0104374431694,797.0639071871897,0.024304589516185308,2507.0104374431694,797.0639071871897,0.024304589516185308,,,,,,
MeanTimeseriesVectorBCC,joint_device_fixed_motorVar,65961.02527062166,7.0625734722659,1183.8883792000124,20800,5,131932.0505412433,131971.76408257175,387.56969028404023,50.15369186416986,0.1852330920722384,0.9571589896640931,0.026941469499992498,387.56969028404023,50.15369186416986,0.1852330920722384,0.9571589896640931,0.026941469499992498,1.853,1.853,81.42877507299032,81.42877507299032,43.75327994968318,43.75327994968318,joint_devices,Mouse + Trackpad joint,joint_devices_MeanTimeseriesVectorBCC_0006,6,MeanTimeseriesVectorBCC,484.9311816268068,57.89717976044777,0.19171872752433172,0.9571260004284875,0.026430093267670093,484.9311816268068,57.89717976044777,0.19171872752433172,0.9571260004284875,0.026430093267670093,1.853,1.853,81.42877507299032,81.42877507299032,43.75327994968318,43.75327994968318,1383894664,,,,,,,,,,,,
MeanTimeseriesBaseBCC,joint_device_fixed_motorVar,82480.51719984578,8.844299801343258,302.30267470001127,20800,5,164971.03439969156,165010.74794102,282.58022311339863,1000.0,0.18874695188442686,0.9752485124088711,0.08084285404442049,282.58022311339863,1000.0,0.18874695188442686,0.9752485124088711,0.08084285404442049,1.853,1.853,81.42877507299032,81.42877507299032,43.75327994968318,43.75327994968318,joint_devices,Mouse + Trackpad joint,joint_devices_MeanTimeseriesVectorBCC_0007,7,MeanTimeseriesVectorBCC,140.6237988626475,98.86294619967093,0.003315868722132736,0.9830987392431169,0.041908166363040365,140.6237988626475,98.86294619967093,0.003315868722132736,0.9830987392431169,0.041908166363040365,1.853,1.853,81.42877507299032,81.42877507299032,43.75327994968318,43.75327994968318,151120613,,,,,,,,,,,,
MeanTimeseriesCausalInf,joint_device_fixed_motorVar,71116.50339972533,8.046785764866208,495.78352920000907,20800,5,142243.00679945067,142282.7203407791,,,,0.9681406804868798,1.0,,,,0.9681406804868798,1.0,,,,,,,joint_devices,Mouse + Trackpad joint,joint_devices_MeanTimeseriesVectorBCC_0007,7,MeanTimeseriesVectorBCC,140.6237988626475,98.86294619967093,0.003315868722132736,0.9830987392431169,0.041908166363040365,140.6237988626475,98.86294619967093,0.003315868722132736,0.9830987392431169,0.041908166363040365,1.853,1.853,81.42877507299032,81.42877507299032,43.75327994968318,43.75327994968318,1182892547,4042.0643839434156,3978.350121331329,0.1690993029219199,4042.0643839434156,3978.350121331329,0.1690993029219199,,,,,,
MeanTimeseriesVectorBCC,joint_device_fixed_motorVar,66017.29655860053,7.054393989955552,1289.7630952000036,20800,5,132044.59311720106,132084.3066585295,1000.0,279.87664839690234,0.0043664379765172455,0.9819795884156808,0.041521746141578254,1000.0,279.87664839690234,0.0043664379765172455,0.9819795884156808,0.041521746141578254,1.853,1.853,81.42877507299032,81.42877507299032,43.75327994968318,43.75327994968318,joint_devices,Mouse + Trackpad joint,joint_devices_MeanTimeseriesVectorBCC_0007,7,MeanTimeseriesVectorBCC,140.6237988626475,98.86294619967093,0.003315868722132736,0.9830987392431169,0.041908166363040365,140.6237988626475,98.86294619967093,0.003315868722132736,0.9830987392431169,0.041908166363040365,1.853,1.853,81.42877507299032,81.42877507299032,43.75327994968318,43.75327994968318,208053729,,,,,,,,,,,,
MeanTimeseriesBaseBCC,joint_device_fixed_motorVar,82431.16872335343,8.860131399647148,266.76707810000516,20800,5,164872.33744670686,164912.0509880353,846.4549596346769,1000.0,0.2925943630570933,0.9741967186210518,0.1539432490875159,846.4549596346769,1000.0,0.2925943630570933,0.9741967186210518,0.1539432490875159,1.853,1.853,81.42877507299032,81.42877507299032,43.75327994968318,43.75327994968318,joint_devices,Mouse + Trackpad joint,joint_devices_MeanTimeseriesVectorBCC_0008,8,MeanTimeseriesVectorBCC,788.8504190617024,80.70794020540636,0.061395587921018596,0.9845286169572861,0.09801596406503205,788.8504190617024,80.70794020540636,0.061395587921018596,0.9845286169572861,0.09801596406503205,1.853,1.853,81.42877507299032,81.42877507299032,43.75327994968318,43.75327994968318,932418506,,,,,,,,,,,,
MeanTimeseriesCausalInf,joint_device_fixed_motorVar,88979.59695003073,11.204902683697478,395.72954520001076,20800,5,177969.19390006145,178008.9074413899,,,,0.962528421823351,1.0,,,,0.962528421823351,1.0,,,,,,,joint_devices,Mouse + Trackpad joint,joint_devices_MeanTimeseriesVectorBCC_0008,8,MeanTimeseriesVectorBCC,788.8504190617024,80.70794020540636,0.061395587921018596,0.9845286169572861,0.09801596406503205,788.8504190617024,80.70794020540636,0.061395587921018596,0.9845286169572861,0.09801596406503205,1.853,1.853,81.42877507299032,81.42877507299032,43.75327994968318,43.75327994968318,543973858,3422.6832368282253,2372.7442825490994,0.12329954279983973,3422.6832368282253,2372.7442825490994,0.12329954279983973,,,,,,
MeanTimeseriesVectorBCC,joint_device_fixed_motorVar,65901.7746900701,7.003334972872146,1108.870922800008,20800,5,131813.5493801402,131853.26292146865,960.7562494560152,85.29432394277279,0.0629368458878861,0.9844073352989232,0.09756754672243019,960.7562494560152,85.29432394277279,0.0629368458878861,0.9844073352989232,0.09756754672243019,1.853,1.853,81.42877507299032,81.42877507299032,43.75327994968318,43.75327994968318,joint_devices,Mouse + Trackpad joint,joint_devices_MeanTimeseriesVectorBCC_0008,8,MeanTimeseriesVectorBCC,788.8504190617024,80.70794020540636,0.061395587921018596,0.9845286169572861,0.09801596406503205,788.8504190617024,80.70794020540636,0.061395587921018596,0.9845286169572861,0.09801596406503205,1.853,1.853,81.42877507299032,81.42877507299032,43.75327994968318,43.75327994968318,1452193375,,,,,,,,,,,,
MeanTimeseriesBaseBCC,joint_device_fixed_motorVar,67647.21872232002,7.361830997828012,290.8518167999864,20800,5,135304.43744464003,135344.15098596847,1000.0,122.81504224815987,0.5886676833638004,0.9609184357658009,0.24350560658309447,1000.0,122.81504224815987,0.5886676833638004,0.9609184357658009,0.24350560658309447,1.853,1.853,81.42877507299032,81.42877507299032,43.75327994968318,43.75327994968318,joint_devices,Mouse + Trackpad joint,joint_devices_MeanTimeseriesVectorBCC_0009,9,MeanTimeseriesVectorBCC,374.44600013609596,50.82472258364333,0.3301659286714145,0.9675898838614332,0.20068222470178493,374.44600013609596,50.82472258364333,0.3301659286714145,0.9675898838614332,0.20068222470178493,1.853,1.853,81.42877507299032,81.42877507299032,43.75327994968318,43.75327994968318,2057886374,,,,,,,,,,,,
MeanTimeseriesCausalInf,joint_device_fixed_motorVar,74155.69151235657,8.835135685236171,674.5111498000042,20800,5,148321.38302471314,148361.09656604158,,,,0.9326214386830783,0.24757920249086907,,,,0.9326214386830783,0.24757920249086907,,,,,,,joint_devices,Mouse + Trackpad joint,joint_devices_MeanTimeseriesVectorBCC_0009,9,MeanTimeseriesVectorBCC,374.44600013609596,50.82472258364333,0.3301659286714145,0.9675898838614332,0.20068222470178493,374.44600013609596,50.82472258364333,0.3301659286714145,0.9675898838614332,0.20068222470178493,1.853,1.853,81.42877507299032,81.42877507299032,43.75327994968318,43.75327994968318,1867317333,834.1845473509751,80.36123454890168,0.019924943958071328,834.1845473509751,80.36123454890168,0.019924943958071328,,,,,,
MeanTimeseriesVectorBCC,joint_device_fixed_motorVar,65944.91265226385,7.091763701406132,1082.8429141000088,20800,5,131899.8253045277,131939.53884585615,371.0634953730301,51.64698008621005,0.32776147387467697,0.967882696366492,0.19787516966192437,371.0634953730301,51.64698008621005,0.32776147387467697,0.967882696366492,0.19787516966192437,1.853,1.853,81.42877507299032,81.42877507299032,43.75327994968318,43.75327994968318,joint_devices,Mouse + Trackpad joint,joint_devices_MeanTimeseriesVectorBCC_0009,9,MeanTimeseriesVectorBCC,374.44600013609596,50.82472258364333,0.3301659286714145,0.9675898838614332,0.20068222470178493,374.44600013609596,50.82472258364333,0.3301659286714145,0.9675898838614332,0.20068222470178493,1.853,1.853,81.42877507299032,81.42877507299032,43.75327994968318,43.75327994968318,2079191769,,,,,,,,,,,,
MeanTimeseriesBaseBCC,joint_device_fixed_motorVar,71955.23331575443,7.948782024885876,175.04163280001376,20800,5,143920.46663150887,143960.1801728373,1000.0,713.4958809776923,0.4552016286134608,0.983388333433952,0.12792763669259608,1000.0,713.4958809776923,0.4552016286134608,0.983388333433952,0.12792763669259608,1.853,1.853,81.42877507299032,81.42877507299032,43.75327994968318,43.75327994968318,joint_devices,Mouse + Trackpad joint,joint_devices_MeanTimeseriesVectorBCC_0010,10,MeanTimeseriesVectorBCC,772.1496124262399,249.7406140321858,0.2436022785913911,0.9875450069527834,0.09600682382622645,772.1496124262399,249.7406140321858,0.2436022785913911,0.9875450069527834,0.09600682382622645,1.853,1.853,81.42877507299032,81.42877507299032,43.75327994968318,43.75327994968318,1779499689,,,,,,,,,,,,
MeanTimeseriesCausalInf,joint_device_fixed_motorVar,83563.35056725769,10.288932225126572,361.8926040000224,20800,5,167136.70113451537,167176.41467584381,,,,0.9741482713123353,1.0,,,,0.9741482713123353,1.0,,,,,,,joint_devices,Mouse + Trackpad joint,joint_devices_MeanTimeseriesVectorBCC_0010,10,MeanTimeseriesVectorBCC,772.1496124262399,249.7406140321858,0.2436022785913911,0.9875450069527834,0.09600682382622645,772.1496124262399,249.7406140321858,0.2436022785913911,0.9875450069527834,0.09600682382622645,1.853,1.853,81.42877507299032,81.42877507299032,43.75327994968318,43.75327994968318,649673469,1729.9293277340585,874.8703271331569,0.2114579482729892,1729.9293277340585,874.8703271331569,0.2114579482729892,,,,,,
MeanTimeseriesVectorBCC,joint_device_fixed_motorVar,66103.49617998135,7.137008291024328,971.9217793999997,20800,5,132216.9923599627,132256.70590129113,806.4100114937847,255.79063831803285,0.2462135286453453,0.987326195877295,0.09753775130635056,806.4100114937847,255.79063831803285,0.2462135286453453,0.987326195877295,0.09753775130635056,1.853,1.853,81.42877507299032,81.42877507299032,43.75327994968318,43.75327994968318,joint_devices,Mouse + Trackpad joint,joint_devices_MeanTimeseriesVectorBCC_0010,10,MeanTimeseriesVectorBCC,772.1496124262399,249.7406140321858,0.2436022785913911,0.9875450069527834,0.09600682382622645,772.1496124262399,249.7406140321858,0.2436022785913911,0.9875450069527834,0.09600682382622645,1.853,1.853,81.42877507299032,81.42877507299032,43.75327994968318,43.75327994968318,506532134,,,,,,,,,,,,
MeanTimeseriesBaseBCC,joint_device_fixed_motorVar,68246.36152078399,7.371996737179026,152.20169899999746,20800,5,136502.72304156798,136542.43658289642,802.6015844835975,1000.0,0.6077974941951397,0.951511208745233,0.3248536778685068,802.6015844835975,1000.0,0.6077974941951397,0.951511208745233,0.3248536778685068,1.853,1.853,81.42877507299032,81.42877507299032,43.75327994968318,43.75327994968318,joint_devices,Mouse + Trackpad joint,joint_devices_MeanTimeseriesVectorBCC_0011,11,MeanTimeseriesVectorBCC,282.05254269852094,211.35734430516735,0.3297014588609538,0.9618872023906868,0.2569250057752055,282.05254269852094,211.35734430516735,0.3297014588609538,0.9618872023906868,0.2569250057752055,1.853,1.853,81.42877507299032,81.42877507299032,43.75327994968318,43.75327994968318,375442013,,,,,,,,,,,,
MeanTimeseriesCausalInf,joint_device_fixed_motorVar,76599.87938013859,9.048636114875718,305.99875379999867,20800,5,153209.75876027718,153249.47230160562,,,,0.9330713371594426,1.0,,,,0.9330713371594426,1.0,,,,,,,joint_devices,Mouse + Trackpad joint,joint_devices_MeanTimeseriesVectorBCC_0011,11,MeanTimeseriesVectorBCC,282.05254269852094,211.35734430516735,0.3297014588609538,0.9618872023906868,0.2569250057752055,282.05254269852094,211.35734430516735,0.3297014588609538,0.9618872023906868,0.2569250057752055,1.853,1.853,81.42877507299032,81.42877507299032,43.75327994968318,43.75327994968318,223721969,748.3429840766936,500.8465233527799,0.10363805750365696,748.3429840766936,500.8465233527799,0.10363805750365696,,,,,,
MeanTimeseriesVectorBCC,joint_device_fixed_motorVar,65902.31731685804,7.054962036469562,854.2173997999926,20800,5,131814.63463371608,131854.34817504452,445.1890289989263,363.3359208493666,0.3765009880282983,0.9561604470804763,0.2749102848696617,445.1890289989263,363.3359208493666,0.3765009880282983,0.9561604470804763,0.2749102848696617,1.853,1.853,81.42877507299032,81.42877507299032,43.75327994968318,43.75327994968318,joint_devices,Mouse + Trackpad joint,joint_devices_MeanTimeseriesVectorBCC_0011,11,MeanTimeseriesVectorBCC,282.05254269852094,211.35734430516735,0.3297014588609538,0.9618872023906868,0.2569250057752055,282.05254269852094,211.35734430516735,0.3297014588609538,0.9618872023906868,0.2569250057752055,1.853,1.853,81.42877507299032,81.42877507299032,43.75327994968318,43.75327994968318,1986804892,,,,,,,,,,,,
MeanTimeseriesBaseBCC,joint_device_fixed_motorVar,67094.15444269122,7.244685922700417,236.22811050000018,20800,5,134198.30888538243,134238.02242671087,1000.0,173.4297897445787,0.5730593079322447,0.9747060000915039,0.11515202882776289,1000.0,173.4297897445787,0.5730593079322447,0.9747060000915039,0.11515202882776289,1.853,1.853,81.42877507299032,81.42877507299032,43.75327994968318,43.75327994968318,joint_devices,Mouse + Trackpad joint,joint_devices_MeanTimeseriesVectorBCC_0012,12,MeanTimeseriesVectorBCC,724.7371471979633,102.18640500872124,0.3773146238841374,0.9767231926343104,0.09289017972016327,724.7371471979633,102.18640500872124,0.3773146238841374,0.9767231926343104,0.09289017972016327,1.853,1.853,81.42877507299032,81.42877507299032,43.75327994968318,43.75327994968318,1971510827,,,,,,,,,,,,
MeanTimeseriesCausalInf,joint_device_fixed_motorVar,70375.21869107106,8.015465611591726,615.0270134999882,20800,5,140760.43738214212,140800.15092347056,,,,0.9640743148174338,0.15280454564604282,,,,0.9640743148174338,0.15280454564604282,,,,,,,joint_devices,Mouse + Trackpad joint,joint_devices_MeanTimeseriesVectorBCC_0012,12,MeanTimeseriesVectorBCC,724.7371471979633,102.18640500872124,0.3773146238841374,0.9767231926343104,0.09289017972016327,724.7371471979633,102.18640500872124,0.3773146238841374,0.9767231926343104,0.09289017972016327,1.853,1.853,81.42877507299032,81.42877507299032,43.75327994968318,43.75327994968318,715498480,989.779378521926,139.0701345553217,0.03336453650352342,989.779378521926,139.0701345553217,0.03336453650352342,,,,,,
MeanTimeseriesVectorBCC,joint_device_fixed_motorVar,65907.99600230544,7.051169622364921,940.5067504000035,20800,5,131825.9920046109,131865.70554593933,1000.0,114.0429845469928,0.39382963533492393,0.9755713995030332,0.0965283830253473,1000.0,114.0429845469928,0.39382963533492393,0.9755713995030332,0.0965283830253473,1.853,1.853,81.42877507299032,81.42877507299032,43.75327994968318,43.75327994968318,joint_devices,Mouse + Trackpad joint,joint_devices_MeanTimeseriesVectorBCC_0012,12,MeanTimeseriesVectorBCC,724.7371471979633,102.18640500872124,0.3773146238841374,0.9767231926343104,0.09289017972016327,724.7371471979633,102.18640500872124,0.3773146238841374,0.9767231926343104,0.09289017972016327,1.853,1.853,81.42877507299032,81.42877507299032,43.75327994968318,43.75327994968318,1588988961,,,,,,,,,,,,
MeanTimeseriesBaseBCC,joint_device_fixed_motorVar,66889.10008454858,7.183419840671996,229.89359900000272,20800,5,133788.20016909717,133827.9137104256,1000.0,88.12531158671302,0.6275683619039836,0.9583934362379761,0.2082150511827828,1000.0,88.12531158671302,0.6275683619039836,0.9583934362379761,0.2082150511827828,1.853,1.853,81.42877507299032,81.42877507299032,43.75327994968318,43.75327994968318,joint_devices,Mouse + Trackpad joint,joint_devices_MeanTimeseriesVectorBCC_0013,13,MeanTimeseriesVectorBCC,251.1632573054833,33.228369227782416,0.3338068233744988,0.9657339089834872,0.17274543950282073,251.1632573054833,33.228369227782416,0.3338068233744988,0.9657339089834872,0.17274543950282073,1.853,1.853,81.42877507299032,81.42877507299032,43.75327994968318,43.75327994968318,2023972699,,,,,,,,,,,,
MeanTimeseriesCausalInf,joint_device_fixed_motorVar,70932.41455100955,8.123714339171471,622.2423131999967,20800,5,141874.8291020191,141914.54264334755,,,,0.9312693491080242,0.25161964787905483,,,,0.9312693491080242,0.25161964787905483,,,,,,,joint_devices,Mouse + Trackpad joint,joint_devices_MeanTimeseriesVectorBCC_0013,13,MeanTimeseriesVectorBCC,251.1632573054833,33.228369227782416,0.3338068233744988,0.9657339089834872,0.17274543950282073,251.1632573054833,33.228369227782416,0.3338068233744988,0.9657339089834872,0.17274543950282073,1.853,1.853,81.42877507299032,81.42877507299032,43.75327994968318,43.75327994968318,843734971,723.5305933378971,12.655986586493443,0.024936091364174448,723.5305933378971,12.655986586493443,0.024936091364174448,,,,,,
MeanTimeseriesVectorBCC,joint_device_fixed_motorVar,66001.99388617935,7.030526231953465,1025.8283664000046,20800,5,132013.9877723587,132053.70131368714,254.19549903054272,34.04452997489441,0.33362796351334906,0.9674256324810093,0.16414908434988537,254.19549903054272,34.04452997489441,0.33362796351334906,0.9674256324810093,0.16414908434988537,1.853,1.853,81.42877507299032,81.42877507299032,43.75327994968318,43.75327994968318,joint_devices,Mouse + Trackpad joint,joint_devices_MeanTimeseriesVectorBCC_0013,13,MeanTimeseriesVectorBCC,251.1632573054833,33.228369227782416,0.3338068233744988,0.9657339089834872,0.17274543950282073,251.1632573054833,33.228369227782416,0.3338068233744988,0.9657339089834872,0.17274543950282073,1.853,1.853,81.42877507299032,81.42877507299032,43.75327994968318,43.75327994968318,1651680223,,,,,,,,,,,,
MeanTimeseriesBaseBCC,joint_device_fixed_motorVar,94815.6626875778,9.621764143208615,184.41609810001682,20800,5,189641.3253751556,189681.03891648405,389.5114319868246,725.3362146039377,0.23497679181507736,0.954836628623327,0.3120397510191985,389.5114319868246,725.3362146039377,0.23497679181507736,0.954836628623327,0.3120397510191985,1.853,1.853,81.42877507299032,81.42877507299032,43.75327994968318,43.75327994968318,joint_devices,Mouse + Trackpad joint,joint_devices_MeanTimeseriesVectorBCC_0014,14,MeanTimeseriesVectorBCC,877.3093300628832,142.9619916329837,0.009109925775373489,0.9583562136061808,0.26648586245473876,877.3093300628832,142.9619916329837,0.009109925775373489,0.9583562136061808,0.26648586245473876,1.853,1.853,81.42877507299032,81.42877507299032,43.75327994968318,43.75327994968318,494187190,,,,,,,,,,,,
MeanTimeseriesCausalInf,joint_device_fixed_motorVar,103772.15884924369,12.996000744421288,381.90447840001434,20800,5,207554.31769848737,207594.0312398158,,,,0.9320917168324405,1.0,,,,0.9320917168324405,1.0,,,,,,,joint_devices,Mouse + Trackpad joint,joint_devices_MeanTimeseriesVectorBCC_0014,14,MeanTimeseriesVectorBCC,877.3093300628832,142.9619916329837,0.009109925775373489,0.9583562136061808,0.26648586245473876,877.3093300628832,142.9619916329837,0.009109925775373489,0.9583562136061808,0.26648586245473876,1.853,1.853,81.42877507299032,81.42877507299032,43.75327994968318,43.75327994968318,566936480,3335.471627504719,3310.2200409709585,0.055958907969023815,3335.471627504719,3310.2200409709585,0.055958907969023815,,,,,,
MeanTimeseriesVectorBCC,joint_device_fixed_motorVar,65898.82954019736,6.9891514875590595,967.6776200000022,20800,5,131807.65908039472,131847.37262172316,1000.0,146.8062137398367,0.009503760218929768,0.9582121903733639,0.26627116421044683,1000.0,146.8062137398367,0.009503760218929768,0.9582121903733639,0.26627116421044683,1.853,1.853,81.42877507299032,81.42877507299032,43.75327994968318,43.75327994968318,joint_devices,Mouse + Trackpad joint,joint_devices_MeanTimeseriesVectorBCC_0014,14,MeanTimeseriesVectorBCC,877.3093300628832,142.9619916329837,0.009109925775373489,0.9583562136061808,0.26648586245473876,877.3093300628832,142.9619916329837,0.009109925775373489,0.9583562136061808,0.26648586245473876,1.853,1.853,81.42877507299032,81.42877507299032,43.75327994968318,43.75327994968318,589716361,,,,,,,,,,,,
MeanTimeseriesBaseBCC,joint_device_fixed_motorVar,95099.94351017955,10.093832760161362,184.39154159999453,20800,5,190209.8870203591,190249.60056168755,297.8563521081487,329.6695733568695,0.26283675717384997,0.9869094122665045,0.2705141790724947,297.8563521081487,329.6695733568695,0.26283675717384997,0.9869094122665045,0.2705141790724947,1.853,1.853,81.42877507299032,81.42877507299032,43.75327994968318,43.75327994968318,joint_devices,Mouse + Trackpad joint,joint_devices_MeanTimeseriesVectorBCC_0015,15,MeanTimeseriesVectorBCC,447.6397629618885,275.8632859859144,0.06778962542692392,0.991728519178109,0.2570617769247384,447.6397629618885,275.8632859859144,0.06778962542692392,0.991728519178109,0.2570617769247384,1.853,1.853,81.42877507299032,81.42877507299032,43.75327994968318,43.75327994968318,433508453,,,,,,,,,,,,
MeanTimeseriesCausalInf,joint_device_fixed_motorVar,174437.5855441049,19.902613079887413,260.853864899982,20800,5,348885.1710882098,348924.8846295382,,,,0.9593676642947614,1.0,,,,0.9593676642947614,1.0,,,,,,,joint_devices,Mouse + Trackpad joint,joint_devices_MeanTimeseriesVectorBCC_0015,15,MeanTimeseriesVectorBCC,447.6397629618885,275.8632859859144,0.06778962542692392,0.991728519178109,0.2570617769247384,447.6397629618885,275.8632859859144,0.06778962542692392,0.991728519178109,0.2570617769247384,1.853,1.853,81.42877507299032,81.42877507299032,43.75327994968318,43.75327994968318,276982457,2517.1191859036694,2442.3883820091805,0.07840773387012374,2517.1191859036694,2442.3883820091805,0.07840773387012374,,,,,,
MeanTimeseriesVectorBCC,joint_device_fixed_motorVar,65895.51763609753,7.032830778977261,645.8518818000157,20800,5,131801.03527219506,131840.7488135235,413.2771832890191,260.84814609088477,0.06651528103144723,0.9919691973523524,0.25743428464733253,413.2771832890191,260.84814609088477,0.06651528103144723,0.9919691973523524,0.25743428464733253,1.853,1.853,81.42877507299032,81.42877507299032,43.75327994968318,43.75327994968318,joint_devices,Mouse + Trackpad joint,joint_devices_MeanTimeseriesVectorBCC_0015,15,MeanTimeseriesVectorBCC,447.6397629618885,275.8632859859144,0.06778962542692392,0.991728519178109,0.2570617769247384,447.6397629618885,275.8632859859144,0.06778962542692392,0.991728519178109,0.2570617769247384,1.853,1.853,81.42877507299032,81.42877507299032,43.75327994968318,43.75327994968318,670592603,,,,,,,,,,,,
MeanTimeseriesBaseBCC,joint_device_fixed_motorVar,67647.98225484241,7.313178848550741,179.01877480000257,20800,5,135305.96450968483,135345.67805101327,620.2253335603076,250.32918915115084,0.6492650901814836,0.9938415704920024,0.09972176673590306,620.2253335603076,250.32918915115084,0.6492650901814836,0.9938415704920024,0.09972176673590306,1.853,1.853,81.42877507299032,81.42877507299032,43.75327994968318,43.75327994968318,joint_devices,Mouse + Trackpad joint,joint_devices_MeanTimeseriesVectorBCC_0016,16,MeanTimeseriesVectorBCC,251.02198040205374,89.433647521489,0.3641396512956955,0.997993940868502,0.07670095622560409,251.02198040205374,89.433647521489,0.3641396512956955,0.997993940868502,0.07670095622560409,1.853,1.853,81.42877507299032,81.42877507299032,43.75327994968318,43.75327994968318,141177183,,,,,,,,,,,,
MeanTimeseriesCausalInf,joint_device_fixed_motorVar,78315.5887911359,9.383406483293236,359.2439718999958,20800,5,156641.1775822718,156680.89112360025,,,,0.9863355131533381,0.17305670464712639,,,,0.9863355131533381,0.17305670464712639,,,,,,,joint_devices,Mouse + Trackpad joint,joint_devices_MeanTimeseriesVectorBCC_0016,16,MeanTimeseriesVectorBCC,251.02198040205374,89.433647521489,0.3641396512956955,0.997993940868502,0.07670095622560409,251.02198040205374,89.433647521489,0.3641396512956955,0.997993940868502,0.07670095622560409,1.853,1.853,81.42877507299032,81.42877507299032,43.75327994968318,43.75327994968318,1083912541,505.6574088406511,123.58868141930115,0.05758305685306696,505.6574088406511,123.58868141930115,0.05758305685306696,,,,,,
MeanTimeseriesVectorBCC,joint_device_fixed_motorVar,65988.7393176359,7.053846106197711,904.0493266000121,20800,5,131987.4786352718,132027.19217660025,226.3012883701575,83.20981354714785,0.3503507970616648,0.9984247528812836,0.0750151097931198,226.3012883701575,83.20981354714785,0.3503507970616648,0.9984247528812836,0.0750151097931198,1.853,1.853,81.42877507299032,81.42877507299032,43.75327994968318,43.75327994968318,joint_devices,Mouse + Trackpad joint,joint_devices_MeanTimeseriesVectorBCC_0016,16,MeanTimeseriesVectorBCC,251.02198040205374,89.433647521489,0.3641396512956955,0.997993940868502,0.07670095622560409,251.02198040205374,89.433647521489,0.3641396512956955,0.997993940868502,0.07670095622560409,1.853,1.853,81.42877507299032,81.42877507299032,43.75327994968318,43.75327994968318,1628339390,,,,,,,,,,,,
MeanTimeseriesBaseBCC,joint_device_fixed_motorVar,69456.2180767405,7.556785767323007,149.14392239999142,20800,5,138922.436153481,138962.14969480943,1000.0,536.0356511275944,0.4306365452970245,0.9722453881241246,0.11683998265612758,1000.0,536.0356511275944,0.4306365452970245,0.9722453881241246,0.11683998265612758,1.853,1.853,81.42877507299032,81.42877507299032,43.75327994968318,43.75327994968318,joint_devices,Mouse + Trackpad joint,joint_devices_MeanTimeseriesVectorBCC_0017,17,MeanTimeseriesVectorBCC,349.07502888580194,120.85427227188896,0.2066108739818248,0.9779317167018006,0.08536337585939814,349.07502888580194,120.85427227188896,0.2066108739818248,0.9779317167018006,0.08536337585939814,1.853,1.853,81.42877507299032,81.42877507299032,43.75327994968318,43.75327994968318,1074407037,,,,,,,,,,,,
MeanTimeseriesCausalInf,joint_device_fixed_motorVar,73256.68474779514,8.533827646864705,243.06338359997608,20800,5,146523.36949559028,146563.08303691872,,,,0.957584027772006,1.0,,,,0.957584027772006,1.0,,,,,,,joint_devices,Mouse + Trackpad joint,joint_devices_MeanTimeseriesVectorBCC_0017,17,MeanTimeseriesVectorBCC,349.07502888580194,120.85427227188896,0.2066108739818248,0.9779317167018006,0.08536337585939814,349.07502888580194,120.85427227188896,0.2066108739818248,0.9779317167018006,0.08536337585939814,1.853,1.853,81.42877507299032,81.42877507299032,43.75327994968318,43.75327994968318,1019238529,1950.7507262876711,976.2276054324852,0.19933434373614312,1950.7507262876711,976.2276054324852,0.19933434373614312,,,,,,
MeanTimeseriesVectorBCC,joint_device_fixed_motorVar,66073.25659947086,7.075915798508319,581.5128925999743,20800,5,132156.5131989417,132196.22674027015,293.14779287640266,105.91951470968368,0.19817812258733988,0.9784120336566456,0.0853157755904761,293.14779287640266,105.91951470968368,0.19817812258733988,0.9784120336566456,0.0853157755904761,1.853,1.853,81.42877507299032,81.42877507299032,43.75327994968318,43.75327994968318,joint_devices,Mouse + Trackpad joint,joint_devices_MeanTimeseriesVectorBCC_0017,17,MeanTimeseriesVectorBCC,349.07502888580194,120.85427227188896,0.2066108739818248,0.9779317167018006,0.08536337585939814,349.07502888580194,120.85427227188896,0.2066108739818248,0.9779317167018006,0.08536337585939814,1.853,1.853,81.42877507299032,81.42877507299032,43.75327994968318,43.75327994968318,1442199209,,,,,,,,,,,,
MeanTimeseriesBaseBCC,joint_device_fixed_motorVar,93596.45563955564,9.775391173495331,177.14411100000143,20800,5,187202.9112791113,187242.62482043973,381.95600544606737,540.4753699995118,0.2620886021029871,0.9770167642874005,0.24888254165943333,381.95600544606737,540.4753699995118,0.2620886021029871,0.9770167642874005,0.24888254165943333,1.853,1.853,81.42877507299032,81.42877507299032,43.75327994968318,43.75327994968318,joint_devices,Mouse + Trackpad joint,joint_devices_MeanTimeseriesVectorBCC_0018,18,MeanTimeseriesVectorBCC,645.7126494759169,339.9433423665252,0.049287238436573864,0.9827612399098944,0.20214759942607372,645.7126494759169,339.9433423665252,0.049287238436573864,0.9827612399098944,0.20214759942607372,1.853,1.853,81.42877507299032,81.42877507299032,43.75327994968318,43.75327994968318,961304472,,,,,,,,,,,,
MeanTimeseriesCausalInf,joint_device_fixed_motorVar,127335.49523199684,15.792251775243953,241.2728628999903,20800,5,254680.9904639937,254720.70400532213,,,,0.9564215725183552,1.0,,,,0.9564215725183552,1.0,,,,,,,joint_devices,Mouse + Trackpad joint,joint_devices_MeanTimeseriesVectorBCC_0018,18,MeanTimeseriesVectorBCC,645.7126494759169,339.9433423665252,0.049287238436573864,0.9827612399098944,0.20214759942607372,645.7126494759169,339.9433423665252,0.049287238436573864,0.9827612399098944,0.20214759942607372,1.853,1.853,81.42877507299032,81.42877507299032,43.75327994968318,43.75327994968318,2058254276,2946.905536340689,2863.810478883808,0.08094630953490616,2946.905536340689,2863.810478883808,0.08094630953490616,,,,,,
MeanTimeseriesVectorBCC,joint_device_fixed_motorVar,65933.58962415825,7.046944446389919,707.1192682999827,20800,5,131877.1792483165,131916.89278964495,652.7293462229027,353.3524620139067,0.0497012709476415,0.9823463312111764,0.20610192399944652,652.7293462229027,353.3524620139067,0.0497012709476415,0.9823463312111764,0.20610192399944652,1.853,1.853,81.42877507299032,81.42877507299032,43.75327994968318,43.75327994968318,joint_devices,Mouse + Trackpad joint,joint_devices_MeanTimeseriesVectorBCC_0018,18,MeanTimeseriesVectorBCC,645.7126494759169,339.9433423665252,0.049287238436573864,0.9827612399098944,0.20214759942607372,645.7126494759169,339.9433423665252,0.049287238436573864,0.9827612399098944,0.20214759942607372,1.853,1.853,81.42877507299032,81.42877507299032,43.75327994968318,43.75327994968318,1815261620,,,,,,,,,,,,
MeanTimeseriesBaseBCC,joint_device_fixed_motorVar,68862.29673410872,7.470809588404195,156.08027420000872,20800,5,137734.59346821744,137774.30700954588,484.3189760878949,1000.0,0.493550216836564,0.9517141564275261,0.28044293171865725,484.3189760878949,1000.0,0.493550216836564,0.9517141564275261,0.28044293171865725,1.853,1.853,81.42877507299032,81.42877507299032,43.75327994968318,43.75327994968318,joint_devices,Mouse + Trackpad joint,joint_devices_MeanTimeseriesVectorBCC_0019,19,MeanTimeseriesVectorBCC,179.7344293863759,192.31097771738126,0.24834214150854364,0.9598795239744567,0.23029136464563515,179.7344293863759,192.31097771738126,0.24834214150854364,0.9598795239744567,0.23029136464563515,1.853,1.853,81.42877507299032,81.42877507299032,43.75327994968318,43.75327994968318,46737665,,,,,,,,,,,,
MeanTimeseriesCausalInf,joint_device_fixed_motorVar,76053.61922317761,8.975631328580034,301.18467349998537,20800,5,152117.23844635522,152156.95198768366,,,,0.9289110240490427,1.0,,,,0.9289110240490427,1.0,,,,,,,joint_devices,Mouse + Trackpad joint,joint_devices_MeanTimeseriesVectorBCC_0019,19,MeanTimeseriesVectorBCC,179.7344293863759,192.31097771738126,0.24834214150854364,0.9598795239744567,0.23029136464563515,179.7344293863759,192.31097771738126,0.24834214150854364,0.9598795239744567,0.23029136464563515,1.853,1.853,81.42877507299032,81.42877507299032,43.75327994968318,43.75327994968318,974126028,982.3292408909757,941.8696991808954,0.10362137480298465,982.3292408909757,941.8696991808954,0.10362137480298465,,,,,,
MeanTimeseriesVectorBCC,joint_device_fixed_motorVar,65922.63551061547,7.058538178896885,1028.4643011000007,20800,5,131855.27102123093,131894.98456255937,165.04500661752692,175.19723422108106,0.2407938920709267,0.9614181329827121,0.22590565685095626,165.04500661752692,175.19723422108106,0.2407938920709267,0.9614181329827121,0.22590565685095626,1.853,1.853,81.42877507299032,81.42877507299032,43.75327994968318,43.75327994968318,joint_devices,Mouse + Trackpad joint,joint_devices_MeanTimeseriesVectorBCC_0019,19,MeanTimeseriesVectorBCC,179.7344293863759,192.31097771738126,0.24834214150854364,0.9598795239744567,0.23029136464563515,179.7344293863759,192.31097771738126,0.24834214150854364,0.9598795239744567,0.23029136464563515,1.853,1.853,81.42877507299032,81.42877507299032,43.75327994968318,43.75327994968318,237508586,,,,,,,,,,,,
