subsetSlug,deviceSubsetSlug,deviceSubsetLabel,syntheticId,clamp,metric,trueValue,recoveredValue,error,absError
joint_devices,mouse,Mouse,joint_devices_MeanTimeseriesVectorBCC_0000,2.0,alpha,0.9728972601811755,0.9726474951926044,-0.0002497649885710995,0.0002497649885710995
joint_devices,mouse,Mouse,joint_devices_MeanTimeseriesVectorBCC_0000,2.0,beta,0.12326083093445177,0.12381234853826796,0.0005515176038161929,0.0005515176038161929
joint_devices,mouse,Mouse,joint_devices_MeanTimeseriesVectorBCC_0000,5.0,alpha,0.9718839561594439,0.9716239398689925,-0.0002600162904513592,0.0002600162904513592
joint_devices,mouse,Mouse,joint_devices_MeanTimeseriesVectorBCC_0000,5.0,beta,0.1207866997148644,0.12130759264596358,0.0005208929310991789,0.0005208929310991789
joint_devices,mouse,Mouse,joint_devices_MeanTimeseriesVectorBCC_0000,10.0,alpha,0.9700436355151298,0.9697640986159028,-0.0002795368992269953,0.0002795368992269953
joint_devices,mouse,Mouse,joint_devices_MeanTimeseriesVectorBCC_0000,10.0,beta,0.11629328543593226,0.11675635029495034,0.00046306485901807803,0.00046306485901807803
joint_devices,mouse,Mouse,joint_devices_MeanTimeseriesVectorBCC_0000,20.0,alpha,0.9659861634913007,0.9656631744093301,-0.00032298908197059273,0.00032298908197059273
joint_devices,mouse,Mouse,joint_devices_MeanTimeseriesVectorBCC_0000,20.0,beta,0.10638636905993432,0.10672092394001688,0.0003345548800825632,0.0003345548800825632
joint_devices,mouse,Mouse,joint_devices_MeanTimeseriesVectorBCC_0000,50.0,alpha,0.953703287266283,0.9532748166045787,-0.00042847066170426107,0.00042847066170426107
joint_devices,mouse,Mouse,joint_devices_MeanTimeseriesVectorBCC_0000,50.0,beta,0.07639591517551088,0.07640520822674159,9.293051230707672e-06,9.293051230707672e-06
joint_devices,mouse,Mouse,joint_devices_MeanTimeseriesVectorBCC_0000,100.0,alpha,0.9398188213549261,0.9393503734138868,-0.000468447941039285,0.000468447941039285
joint_devices,mouse,Mouse,joint_devices_MeanTimeseriesVectorBCC_0000,100.0,beta,0.0424949438560844,0.04233051746564939,-0.000164426390435006,0.000164426390435006
joint_devices,mouse,Mouse,joint_devices_MeanTimeseriesVectorBCC_0000,135.0,alpha,0.9344482659562927,0.9339919576314513,-0.0004563083248414479,0.0004563083248414479
joint_devices,mouse,Mouse,joint_devices_MeanTimeseriesVectorBCC_0000,135.0,beta,0.02938194075601265,0.02921786669352359,-0.00016407406248905923,0.00016407406248905923
joint_devices,mouse,Mouse,joint_devices_MeanTimeseriesVectorBCC_0000,170.0,alpha,0.9310979818396149,0.9306579385501577,-0.00044004328945723703,0.00044004328945723703
joint_devices,mouse,Mouse,joint_devices_MeanTimeseriesVectorBCC_0000,170.0,beta,0.021201727957296166,0.021059144105420313,-0.0001425838518758528,0.0001425838518758528
joint_devices,trackpad,Trackpad,joint_devices_MeanTimeseriesVectorBCC_0000,2.0,alpha,0.9636147483143641,0.9633122910350514,-0.0003024572793126623,0.0003024572793126623
joint_devices,trackpad,Trackpad,joint_devices_MeanTimeseriesVectorBCC_0000,2.0,beta,0.10990849088772674,0.11038487169104076,0.0004763808033140249,0.0004763808033140249
joint_devices,trackpad,Trackpad,joint_devices_MeanTimeseriesVectorBCC_0000,5.0,alpha,0.9608234920156808,0.9604868918445435,-0.00033660017113734675,0.00033660017113734675
joint_devices,trackpad,Trackpad,joint_devices_MeanTimeseriesVectorBCC_0000,5.0,beta,0.10500966252272374,0.1054235938004497,0.0004139312777259596,0.0004139312777259596
joint_devices,trackpad,Trackpad,joint_devices_MeanTimeseriesVectorBCC_0000,10.0,alpha,0.9560955488483475,0.9557018553246839,-0.00039369352366358523,0.00039369352366358523
joint_devices,trackpad,Trackpad,joint_devices_MeanTimeseriesVectorBCC_0000,10.0,beta,0.09671182827970505,0.09702127813071855,0.0003094498510134991,0.0003094498510134991
joint_devices,trackpad,Trackpad,joint_devices_MeanTimeseriesVectorBCC_0000,20.0,alpha,0.9469957307256285,0.9465023422824899,-0.0004933884431386204,0.0004933884431386204
joint_devices,trackpad,Trackpad,joint_devices_MeanTimeseriesVectorBCC_0000,20.0,beta,0.08074108164602097,0.08086733400353972,0.00012625235751875796,0.00012625235751875796
joint_devices,trackpad,Trackpad,joint_devices_MeanTimeseriesVectorBCC_0000,50.0,alpha,0.9271154878804789,0.9264884954405144,-0.0006269924399645577,0.0006269924399645577
joint_devices,trackpad,Trackpad,joint_devices_MeanTimeseriesVectorBCC_0000,50.0,beta,0.04585001929574125,0.04572389084819644,-0.0001261284475448099,0.0001261284475448099
joint_devices,trackpad,Trackpad,joint_devices_MeanTimeseriesVectorBCC_0000,100.0,alpha,0.912743363568448,0.9121182044727709,-0.0006251590956770636,0.0006251590956770636
joint_devices,trackpad,Trackpad,joint_devices_MeanTimeseriesVectorBCC_0000,100.0,beta,0.02062604746687643,0.020490285947640997,-0.00013576151923543403,0.00013576151923543403
joint_devices,trackpad,Trackpad,joint_devices_MeanTimeseriesVectorBCC_0000,135.0,alpha,0.90855712184891,0.9079516750600694,-0.0006054467888406689,0.0006054467888406689
joint_devices,trackpad,Trackpad,joint_devices_MeanTimeseriesVectorBCC_0000,135.0,beta,0.01327893294783141,0.013174041812943082,-0.00010489113488832899,0.00010489113488832899
joint_devices,trackpad,Trackpad,joint_devices_MeanTimeseriesVectorBCC_0000,170.0,alpha,0.9062257136483957,0.9056356031270066,-0.0005901105213890201,0.0005901105213890201
joint_devices,trackpad,Trackpad,joint_devices_MeanTimeseriesVectorBCC_0000,170.0,beta,0.009187166588551428,0.00910712039768756,-8.00461908638684e-05,8.00461908638684e-05
joint_devices,mouse,Mouse,joint_devices_MeanTimeseriesVectorBCC_0001,2.0,alpha,0.9643787312682225,0.9650170515362079,0.0006383202679853817,0.0006383202679853817
joint_devices,mouse,Mouse,joint_devices_MeanTimeseriesVectorBCC_0001,2.0,beta,0.09974938346978524,0.09871342968147435,-0.001035953788310881,0.001035953788310881
joint_devices,mouse,Mouse,joint_devices_MeanTimeseriesVectorBCC_0001,5.0,alpha,0.9643294255137176,0.964986884327687,0.0006574588139693915,0.0006574588139693915
joint_devices,mouse,Mouse,joint_devices_MeanTimeseriesVectorBCC_0001,5.0,beta,0.09956063953976153,0.09852451457361247,-0.001036124966149063,0.001036124966149063
joint_devices,mouse,Mouse,joint_devices_MeanTimeseriesVectorBCC_0001,10.0,alpha,0.9642458271220608,0.96493558503368,0.0006897579116192931,0.0006897579116192931
joint_devices,mouse,Mouse,joint_devices_MeanTimeseriesVectorBCC_0001,10.0,beta,0.09924062235021872,0.0982032647087529,-0.0010373576414658137,0.0010373576414658137
joint_devices,mouse,Mouse,joint_devices_MeanTimeseriesVectorBCC_0001,20.0,alpha,0.9640734391840399,0.9648292607233383,0.0007558215392984291,0.0007558215392984291
joint_devices,mouse,Mouse,joint_devices_MeanTimeseriesVectorBCC_0001,20.0,beta,0.09858071607279867,0.09753743351185636,-0.001043282560942313,0.001043282560942313
joint_devices,mouse,Mouse,joint_devices_MeanTimeseriesVectorBCC_0001,50.0,alpha,0.9635176436547821,0.9644825718783547,0.0009649282235726364,0.0009649282235726364
joint_devices,mouse,Mouse,joint_devices_MeanTimeseriesVectorBCC_0001,50.0,beta,0.09645311385810836,0.09536637547382018,-0.0010867383842881745,0.0010867383842881745
joint_devices,mouse,Mouse,joint_devices_MeanTimeseriesVectorBCC_0001,100.0,alpha,0.9624823064087309,0.9638267693963704,0.001344462987639461,0.001344462987639461
joint_devices,mouse,Mouse,joint_devices_MeanTimeseriesVectorBCC_0001,100.0,beta,0.09248981134541685,0.09125956537456986,-0.001230245970846991,0.001230245970846991
joint_devices,mouse,Mouse,joint_devices_MeanTimeseriesVectorBCC_0001,135.0,alpha,0.9616952851850575,0.9633235034031437,0.0016282182180861193,0.0016282182180861193
joint_devices,mouse,Mouse,joint_devices_MeanTimeseriesVectorBCC_0001,135.0,beta,0.08947707012971852,0.08810797946208736,-0.001369090667631162,0.001369090667631162
joint_devices,mouse,Mouse,joint_devices_MeanTimeseriesVectorBCC_0001,170.0,alpha,0.9608725332419069,0.9627952947309657,0.0019227614890587885,0.0019227614890587885
joint_devices,mouse,Mouse,joint_devices_MeanTimeseriesVectorBCC_0001,170.0,beta,0.08632755063155702,0.08480019583972502,-0.0015273547918319974,0.0015273547918319974
joint_devices,trackpad,Trackpad,joint_devices_MeanTimeseriesVectorBCC_0001,2.0,alpha,0.9650969825068885,0.9654914735564255,0.00039449104953703795,0.00039449104953703795
joint_devices,trackpad,Trackpad,joint_devices_MeanTimeseriesVectorBCC_0001,2.0,beta,0.09698411309532358,0.09574798779109435,-0.0012361253042292297,0.0012361253042292297
joint_devices,trackpad,Trackpad,joint_devices_MeanTimeseriesVectorBCC_0001,5.0,alpha,0.9650716942562367,0.9654793254610226,0.0004076312047858188,0.0004076312047858188
joint_devices,trackpad,Trackpad,joint_devices_MeanTimeseriesVectorBCC_0001,5.0,beta,0.09671372682748133,0.09545818975911605,-0.0012555370683652867,0.0012555370683652867
joint_devices,trackpad,Trackpad,joint_devices_MeanTimeseriesVectorBCC_0001,10.0,alpha,0.9650289213440587,0.9654587297286572,0.0004298083845984957,0.0004298083845984957
joint_devices,trackpad,Trackpad,joint_devices_MeanTimeseriesVectorBCC_0001,10.0,beta,0.09625639159113558,0.09496686972016119,-0.0012895218709743916,0.0012895218709743916
joint_devices,trackpad,Trackpad,joint_devices_MeanTimeseriesVectorBCC_0001,20.0,alpha,0.9649411285442121,0.9654162897123145,0.0004751611681024226,0.0004751611681024226
joint_devices,trackpad,Trackpad,joint_devices_MeanTimeseriesVectorBCC_0001,20.0,beta,0.09531769607514755,0.0939544449074434,-0.001363251167704152,0.001363251167704152
joint_devices,trackpad,Trackpad,joint_devices_MeanTimeseriesVectorBCC_0001,50.0,alpha,0.9646617730445325,0.965280181394253,0.0006184083497204895,0.0006184083497204895
joint_devices,trackpad,Trackpad,joint_devices_MeanTimeseriesVectorBCC_0001,50.0,beta,0.09233077966088503,0.09070752253800166,-0.001623257122883373,0.001623257122883373
joint_devices,trackpad,Trackpad,joint_devices_MeanTimeseriesVectorBCC_0001,100.0,alpha,0.9641559699337883,0.9650318644220526,0.000875894488264306,0.000875894488264306
joint_devices,trackpad,Trackpad,joint_devices_MeanTimeseriesVectorBCC_0001,100.0,beta,0.08692264695685822,0.08478381454400707,-0.0021388324128511493,0.0021388324128511493
joint_devices,trackpad,Trackpad,joint_devices_MeanTimeseriesVectorBCC_0001,135.0,alpha,0.9637836492265864,0.9648489957492581,0.0010653465226716508,0.0010653465226716508
joint_devices,trackpad,Trackpad,joint_devices_MeanTimeseriesVectorBCC_0001,135.0,beta,0.0829417307658885,0.08042140383448407,-0.002520326931404429,0.002520326931404429
joint_devices,trackpad,Trackpad,joint_devices_MeanTimeseriesVectorBCC_0001,170.0,alpha,0.9634051547099683,0.9646638329202933,0.0012586782103249927,0.0012586782103249927
joint_devices,trackpad,Trackpad,joint_devices_MeanTimeseriesVectorBCC_0001,170.0,beta,0.07889480315683221,0.07600426504445616,-0.002890538112376051,0.002890538112376051
joint_devices,mouse,Mouse,joint_devices_MeanTimeseriesVectorBCC_0002,2.0,alpha,0.9531037843548131,0.955514545736802,0.002410761381988813,0.002410761381988813
joint_devices,mouse,Mouse,joint_devices_MeanTimeseriesVectorBCC_0002,2.0,beta,0.08922662753788096,0.08568040107222917,-0.0035462264656517944,0.0035462264656517944
joint_devices,mouse,Mouse,joint_devices_MeanTimeseriesVectorBCC_0002,5.0,alpha,0.9526167766623294,0.9550228867530356,0.002406110090706237,0.002406110090706237
joint_devices,mouse,Mouse,joint_devices_MeanTimeseriesVectorBCC_0002,5.0,beta,0.0864256848934176,0.08297902930177803,-0.0034466555916395775,0.0034466555916395775
joint_devices,mouse,Mouse,joint_devices_MeanTimeseriesVectorBCC_0002,10.0,alpha,0.951682975800948,0.9540811127149846,0.002398136914036675,0.002398136914036675
joint_devices,mouse,Mouse,joint_devices_MeanTimeseriesVectorBCC_0002,10.0,beta,0.08105508665760622,0.07780454478194636,-0.0032505418756598597,0.0032505418756598597
joint_devices,mouse,Mouse,joint_devices_MeanTimeseriesVectorBCC_0002,20.0,alpha,0.9496012733483282,0.951984403798177,0.002383130449848725,0.002383130449848725
joint_devices,mouse,Mouse,joint_devices_MeanTimeseriesVectorBCC_0002,20.0,beta,0.06908252593091609,0.06628438453728021,-0.002798141393635878,0.002798141393635878
joint_devices,mouse,Mouse,joint_devices_MeanTimeseriesVectorBCC_0002,50.0,alpha,0.9443476482497299,0.9467028628933496,0.002355214643619652,0.002355214643619652
joint_devices,mouse,Mouse,joint_devices_MeanTimeseriesVectorBCC_0002,50.0,beta,0.03886718682273784,0.037265479206821286,-0.0016017076159165547,0.0016017076159165547
joint_devices,mouse,Mouse,joint_devices_MeanTimeseriesVectorBCC_0002,100.0,alpha,0.9404582681746594,0.9427985575641746,0.002340289389515249,0.002340289389515249
joint_devices,mouse,Mouse,joint_devices_MeanTimeseriesVectorBCC_0002,100.0,beta,0.01649807298547411,0.015813658844135235,-0.0006844141413388759,0.0006844141413388759
joint_devices,mouse,Mouse,joint_devices_MeanTimeseriesVectorBCC_0002,135.0,alpha,0.939381681536602,0.9417183506239905,0.0023366690873884988,0.0023366690873884988
joint_devices,mouse,Mouse,joint_devices_MeanTimeseriesVectorBCC_0002,135.0,beta,0.010306266425672736,0.00987856840379469,-0.0004276980218780469,0.0004276980218780469
joint_devices,mouse,Mouse,joint_devices_MeanTimeseriesVectorBCC_0002,170.0,alpha,0.9388028585399343,0.941137623829595,0.0023347652896607007,0.0023347652896607007
joint_devices,mouse,Mouse,joint_devices_MeanTimeseriesVectorBCC_0002,170.0,beta,0.006977263537249688,0.006687822336862041,-0.0002894412003876471,0.0002894412003876471
joint_devices,trackpad,Trackpad,joint_devices_MeanTimeseriesVectorBCC_0002,2.0,alpha,0.9511075802358805,0.9535262430726231,0.0024186628367426355,0.0024186628367426355
joint_devices,trackpad,Trackpad,joint_devices_MeanTimeseriesVectorBCC_0002,2.0,beta,0.08339744693441146,0.08002225315238604,-0.003375193782025429,0.003375193782025429
joint_devices,trackpad,Trackpad,joint_devices_MeanTimeseriesVectorBCC_0002,5.0,alpha,0.9498559431255927,0.9522782795106467,0.002422336385053958,0.002422336385053958
joint_devices,trackpad,Trackpad,joint_devices_MeanTimeseriesVectorBCC_0002,5.0,beta,0.07849028460969239,0.07528933202808193,-0.003200952581610461,0.003200952581610461
joint_devices,trackpad,Trackpad,joint_devices_MeanTimeseriesVectorBCC_0002,10.0,alpha,0.9476442142036372,0.9500762471064489,0.002432032902811687,0.002432032902811687
joint_devices,trackpad,Trackpad,joint_devices_MeanTimeseriesVectorBCC_0002,10.0,beta,0.06981899103018564,0.06693809005293658,-0.002880900977249065,0.002880900977249065
joint_devices,trackpad,Trackpad,joint_devices_MeanTimeseriesVectorBCC_0002,20.0,alpha,0.9434496773082734,0.9459082880440384,0.002458610735764921,0.002458610735764921
joint_devices,trackpad,Trackpad,joint_devices_MeanTimeseriesVectorBCC_0002,20.0,beta,0.05337391022090845,0.05113104079864971,-0.0022428694222587364,0.0022428694222587364
joint_devices,trackpad,Trackpad,joint_devices_MeanTimeseriesVectorBCC_0002,50.0,alpha,0.9359144495826576,0.9384397973128972,0.002525347730239602,0.002525347730239602
joint_devices,trackpad,Trackpad,joint_devices_MeanTimeseriesVectorBCC_0002,50.0,beta,0.02383133330353236,0.022806674106319536,-0.0010246591972128231,0.0010246591972128231
joint_devices,trackpad,Trackpad,joint_devices_MeanTimeseriesVectorBCC_0002,100.0,alpha,0.932074119663197,0.9346399478229755,0.0025658281597785715,0.0025658281597785715
joint_devices,trackpad,Trackpad,joint_devices_MeanTimeseriesVectorBCC_0002,100.0,beta,0.008774954629257398,0.008395686103157302,-0.0003792685261000961,0.0003792685261000961
joint_devices,trackpad,Trackpad,joint_devices_MeanTimeseriesVectorBCC_0002,135.0,alpha,0.9311846419138358,0.933760192124049,0.0025755502102132732,0.0025755502102132732
joint_devices,trackpad,Trackpad,joint_devices_MeanTimeseriesVectorBCC_0002,135.0,beta,0.005287672521316888,0.005059198998452202,-0.00022847352286468631,0.00022847352286468631
joint_devices,trackpad,Trackpad,joint_devices_MeanTimeseriesVectorBCC_0002,170.0,alpha,0.9307319554951726,0.9333124665763617,0.002580511081189063,0.002580511081189063
joint_devices,trackpad,Trackpad,joint_devices_MeanTimeseriesVectorBCC_0002,170.0,beta,0.0035128723653316853,0.0033611929291214302,-0.00015167943621025503,0.00015167943621025503
joint_devices,mouse,Mouse,joint_devices_MeanTimeseriesVectorBCC_0003,2.0,alpha,0.9540364625602439,0.9583618612517568,0.004325398691512938,0.004325398691512938
joint_devices,mouse,Mouse,joint_devices_MeanTimeseriesVectorBCC_0003,2.0,beta,0.05425366309087206,0.04852770622353607,-0.005725956867335992,0.005725956867335992
joint_devices,mouse,Mouse,joint_devices_MeanTimeseriesVectorBCC_0003,5.0,alpha,0.9525122802311107,0.9571358879462699,0.004623607715159239,0.004623607715159239
joint_devices,mouse,Mouse,joint_devices_MeanTimeseriesVectorBCC_0003,5.0,beta,0.050004125214234654,0.04485151845017029,-0.005152606764064364,0.005152606764064364
joint_devices,mouse,Mouse,joint_devices_MeanTimeseriesVectorBCC_0003,10.0,alpha,0.949736770349407,0.9548861546175891,0.005149384268182122,0.005149384268182122
joint_devices,mouse,Mouse,joint_devices_MeanTimeseriesVectorBCC_0003,10.0,beta,0.04226578962023263,0.03810549704887579,-0.00416029257135684,0.00416029257135684
joint_devices,mouse,Mouse,joint_devices_MeanTimeseriesVectorBCC_0003,20.0,alpha,0.9448475997927678,0.9508668903061918,0.0060192905134239805,0.0060192905134239805
joint_devices,mouse,Mouse,joint_devices_MeanTimeseriesVectorBCC_0003,20.0,beta,0.02863440506167188,0.02605338281983386,-0.0025810222418380206,0.0025810222418380206
joint_devices,mouse,Mouse,joint_devices_MeanTimeseriesVectorBCC_0003,50.0,alpha,0.938155573173158,0.9452444584633349,0.007088885290176927,0.007088885290176927
joint_devices,mouse,Mouse,joint_devices_MeanTimeseriesVectorBCC_0003,50.0,beta,0.00997651876556961,0.009194031066588153,-0.0007824876989814562,0.0007824876989814562
joint_devices,mouse,Mouse,joint_devices_MeanTimeseriesVectorBCC_0003,100.0,alpha,0.935718956190754,0.9431612566085067,0.007442300417752734,0.007442300417752734
joint_devices,mouse,Mouse,joint_devices_MeanTimeseriesVectorBCC_0003,100.0,beta,0.003183042709806733,0.0029473687992302984,-0.0002356739105764346,0.0002356739105764346
joint_devices,mouse,Mouse,joint_devices_MeanTimeseriesVectorBCC_0003,135.0,alpha,0.9352389670681446,0.9427485508042106,0.007509583736066028,0.007509583736066028
joint_devices,mouse,Mouse,joint_devices_MeanTimeseriesVectorBCC_0003,135.0,beta,0.0018447960198176548,0.001709834486729224,-0.00013496153308843089,0.00013496153308843089
joint_devices,mouse,Mouse,joint_devices_MeanTimeseriesVectorBCC_0003,170.0,alpha,0.9350071865945958,0.9425489805129298,0.007541793918333983,0.007541793918333983
joint_devices,mouse,Mouse,joint_devices_MeanTimeseriesVectorBCC_0003,170.0,beta,0.0011985741849466392,0.0011114055801209764,-8.716860482566274e-05,8.716860482566274e-05
joint_devices,trackpad,Trackpad,joint_devices_MeanTimeseriesVectorBCC_0003,2.0,alpha,0.9545173359453486,0.9587836158093213,0.004266279863972655,0.004266279863972655
joint_devices,trackpad,Trackpad,joint_devices_MeanTimeseriesVectorBCC_0003,2.0,beta,0.05169549793463779,0.046233475238611633,-0.005462022696026157,0.005462022696026157
joint_devices,trackpad,Trackpad,joint_devices_MeanTimeseriesVectorBCC_0003,5.0,alpha,0.9534187146675367,0.9579241875206984,0.004505472853161718,0.004505472853161718
joint_devices,trackpad,Trackpad,joint_devices_MeanTimeseriesVectorBCC_0003,5.0,beta,0.04613761067834198,0.0413670790151562,-0.0047705316631857855,0.0047705316631857855
joint_devices,trackpad,Trackpad,joint_devices_MeanTimeseriesVectorBCC_0003,10.0,alpha,0.9515871056477027,0.9564819114387674,0.004894805791064716,0.004894805791064716
joint_devices,trackpad,Trackpad,joint_devices_MeanTimeseriesVectorBCC_0003,10.0,beta,0.03687156364698739,0.03320038614362446,-0.0036711775033629324,0.0036711775033629324
joint_devices,trackpad,Trackpad,joint_devices_MeanTimeseriesVectorBCC_0003,20.0,alpha,0.9488038450214568,0.954266778553031,0.005462933531574232,0.005462933531574232
joint_devices,trackpad,Trackpad,joint_devices_MeanTimeseriesVectorBCC_0003,20.0,beta,0.022791143871784072,0.02065749635014011,-0.002133647521643963,0.002133647521643963
joint_devices,trackpad,Trackpad,joint_devices_MeanTimeseriesVectorBCC_0003,50.0,alpha,0.9457002812272914,0.9517620819404213,0.0060618007131298945,0.0060618007131298945
joint_devices,trackpad,Trackpad,joint_devices_MeanTimeseriesVectorBCC_0003,50.0,beta,0.0070903213872169045,0.006474991191930878,-0.0006153301952860268,0.0006153301952860268
joint_devices,trackpad,Trackpad,joint_devices_MeanTimeseriesVectorBCC_0003,100.0,alpha,0.9447291290286833,0.9509705703457411,0.006241441317057728,0.006241441317057728
joint_devices,trackpad,Trackpad,joint_devices_MeanTimeseriesVectorBCC_0003,100.0,beta,0.002177295818189704,0.00199316404455468,-0.00018413177363502424,0.00018413177363502424
joint_devices,trackpad,Trackpad,joint_devices_MeanTimeseriesVectorBCC_0003,135.0,alpha,0.9445463523746647,0.9508211762207367,0.006274823846072031,0.006274823846072031
joint_devices,trackpad,Trackpad,joint_devices_MeanTimeseriesVectorBCC_0003,135.0,beta,0.001252635012291195,0.0011472400560707423,-0.00010539495622045262,0.00010539495622045262
joint_devices,trackpad,Trackpad,joint_devices_MeanTimeseriesVectorBCC_0003,170.0,alpha,0.9444590489781094,0.95074976903881,0.006290720060700639,0.006290720060700639
joint_devices,trackpad,Trackpad,joint_devices_MeanTimeseriesVectorBCC_0003,170.0,beta,0.0008109701320038625,0.000742906564776855,-6.806356722700749e-05,6.806356722700749e-05
joint_devices,mouse,Mouse,joint_devices_MeanTimeseriesVectorBCC_0004,2.0,alpha,0.9966967656221498,0.9965568762689418,-0.00013988935320796703,0.00013988935320796703
joint_devices,mouse,Mouse,joint_devices_MeanTimeseriesVectorBCC_0004,2.0,beta,0.2294000654926212,0.2310571421205215,0.0016570766279002946,0.0016570766279002946
joint_devices,mouse,Mouse,joint_devices_MeanTimeseriesVectorBCC_0004,5.0,alpha,0.996426427967106,0.9963077423752376,-0.0001186855918684504,0.0001186855918684504
joint_devices,mouse,Mouse,joint_devices_MeanTimeseriesVectorBCC_0004,5.0,beta,0.22822799902439805,0.2298701075443071,0.0016421085199090357,0.0016421085199090357
joint_devices,mouse,Mouse,joint_devices_MeanTimeseriesVectorBCC_0004,10.0,alpha,0.9959557807234679,0.9958733661006386,-8.241462282931877e-05,8.241462282931877e-05
joint_devices,mouse,Mouse,joint_devices_MeanTimeseriesVectorBCC_0004,10.0,beta,0.2261874773200123,0.22780045877283875,0.0016129814528264563,0.0016129814528264563
joint_devices,mouse,Mouse,joint_devices_MeanTimeseriesVectorBCC_0004,20.0,alpha,0.9949447873281452,0.9949381667401845,-6.6205879606373585e-06,6.6205879606373585e-06
joint_devices,mouse,Mouse,joint_devices_MeanTimeseriesVectorBCC_0004,20.0,beta,0.22180424976682286,0.22334456575881806,0.0015403159919951948,0.0015403159919951948
joint_devices,mouse,Mouse,joint_devices_MeanTimeseriesVectorBCC_0004,50.0,alpha,0.9914692722928979,0.9917113785223263,0.00024210622942832938,0.00024210622942832938
joint_devices,mouse,Mouse,joint_devices_MeanTimeseriesVectorBCC_0004,50.0,beta,0.20673592851517314,0.2079700652130753,0.0012341366979021495,0.0012341366979021495
joint_devices,mouse,Mouse,joint_devices_MeanTimeseriesVectorBCC_0004,100.0,alpha,0.9849257653230401,0.9856245726296375,0.0006988073065974376,0.0006988073065974376
joint_devices,mouse,Mouse,joint_devices_MeanTimeseriesVectorBCC_0004,100.0,beta,0.17836612889288134,0.17896859557801983,0.0006024666851384974,0.0006024666851384974
joint_devices,mouse,Mouse,joint_devices_MeanTimeseriesVectorBCC_0004,135.0,alpha,0.9803394698906222,0.9813651766343957,0.0010257067437735579,0.0010257067437735579
joint_devices,mouse,Mouse,joint_devices_MeanTimeseriesVectorBCC_0004,135.0,beta,0.1584819470580209,0.15867408548561468,0.0001921384275937743,0.0001921384275937743
joint_devices,mouse,Mouse,joint_devices_MeanTimeseriesVectorBCC_0004,170.0,alpha,0.9760485618200982,0.977390926574874,0.0013423647547757822,0.0013423647547757822
joint_devices,mouse,Mouse,joint_devices_MeanTimeseriesVectorBCC_0004,170.0,beta,0.13987843632299937,0.13973819456755793,-0.0001402417554414448,0.0001402417554414448
joint_devices,trackpad,Trackpad,joint_devices_MeanTimeseriesVectorBCC_0004,2.0,alpha,0.9867447242407905,0.9866505469341246,-9.417730666594348e-05,9.417730666594348e-05
joint_devices,trackpad,Trackpad,joint_devices_MeanTimeseriesVectorBCC_0004,2.0,beta,0.2120376829542392,0.21366543164085136,0.0016277486866121682,0.0016277486866121682
joint_devices,trackpad,Trackpad,joint_devices_MeanTimeseriesVectorBCC_0004,5.0,alpha,0.9856956091551075,0.9855997329378627,-9.587621724471695e-05,9.587621724471695e-05
joint_devices,trackpad,Trackpad,joint_devices_MeanTimeseriesVectorBCC_0004,5.0,beta,0.20956423665123747,0.21113206304059765,0.0015678263893601774,0.0015678263893601774
joint_devices,trackpad,Trackpad,joint_devices_MeanTimeseriesVectorBCC_0004,10.0,alpha,0.983901755813256,0.9838011452247764,-0.00010061058847965487,0.00010061058847965487
joint_devices,trackpad,Trackpad,joint_devices_MeanTimeseriesVectorBCC_0004,10.0,beta,0.20533495811251476,0.20679591444213496,0.0014609563296202055,0.0014609563296202055
joint_devices,trackpad,Trackpad,joint_devices_MeanTimeseriesVectorBCC_0004,20.0,alpha,0.980182708769174,0.9800674667552728,-0.0001152420139012289,0.0001152420139012289
joint_devices,trackpad,Trackpad,joint_devices_MeanTimeseriesVectorBCC_0004,20.0,beta,0.19656674641924324,0.19779452710647588,0.0012277806872326436,0.0012277806872326436
joint_devices,trackpad,Trackpad,joint_devices_MeanTimeseriesVectorBCC_0004,50.0,alpha,0.9686450920269535,0.9684773793210648,-0.00016771270588866738,0.00016771270588866738
joint_devices,trackpad,Trackpad,joint_devices_MeanTimeseriesVectorBCC_0004,50.0,beta,0.16936508297360206,0.16985241395945608,0.0004873309858540176,0.0004873309858540176
joint_devices,trackpad,Trackpad,joint_devices_MeanTimeseriesVectorBCC_0004,100.0,alpha,0.9510661209715552,0.9508950338055525,-0.00017108716600267027,0.00017108716600267027
joint_devices,trackpad,Trackpad,joint_devices_MeanTimeseriesVectorBCC_0004,100.0,beta,0.12792001983332799,0.12746378742205705,-0.00045623241127093483,0.00045623241127093483
joint_devices,trackpad,Trackpad,joint_devices_MeanTimeseriesVectorBCC_0004,135.0,alpha,0.9411462083098153,0.9410474087543726,-9.87995554426746e-05,9.87995554426746e-05
joint_devices,trackpad,Trackpad,joint_devices_MeanTimeseriesVectorBCC_0004,135.0,beta,0.10453233659998214,0.10372251239100297,-0.000809824208979168,0.000809824208979168
joint_devices,trackpad,Trackpad,joint_devices_MeanTimeseriesVectorBCC_0004,170.0,alpha,0.933206978769203,0.9332147481615948,7.769392391776542e-06,7.769392391776542e-06
joint_devices,trackpad,Trackpad,joint_devices_MeanTimeseriesVectorBCC_0004,170.0,beta,0.0858144111560604,0.08483904065120937,-0.0009753705048510253,0.0009753705048510253
joint_devices,mouse,Mouse,joint_devices_MeanTimeseriesVectorBCC_0005,2.0,alpha,0.9523677959250589,0.9520770681244689,-0.00029072780059002934,0.00029072780059002934
joint_devices,mouse,Mouse,joint_devices_MeanTimeseriesVectorBCC_0005,2.0,beta,0.186091495276092,0.1855430084207035,-0.000548486855388497,0.000548486855388497
joint_devices,mouse,Mouse,joint_devices_MeanTimeseriesVectorBCC_0005,5.0,alpha,0.9523338764721391,0.9520667720606456,-0.0002671044114934684,0.0002671044114934684
joint_devices,mouse,Mouse,joint_devices_MeanTimeseriesVectorBCC_0005,5.0,beta,0.18596838915725386,0.18540626978404087,-0.0005621193732129881,0.0005621193732129881
joint_devices,mouse,Mouse,joint_devices_MeanTimeseriesVectorBCC_0005,10.0,alpha,0.9522769974291918,0.9520494564187684,-0.00022754101042343766,0.00022754101042343766
joint_devices,mouse,Mouse,joint_devices_MeanTimeseriesVectorBCC_0005,10.0,beta,0.185761954276449,0.18517630644039418,-0.0005856478360548312,0.0005856478360548312
joint_devices,mouse,Mouse,joint_devices_MeanTimeseriesVectorBCC_0005,20.0,alpha,0.9521619514108642,0.9520142476637115,-0.00014770374715278312,0.00014770374715278312
joint_devices,mouse,Mouse,joint_devices_MeanTimeseriesVectorBCC_0005,20.0,beta,0.18534441013629013,0.18470871054669516,-0.0006356995895949735,0.0006356995895949735
joint_devices,mouse,Mouse,joint_devices_MeanTimeseriesVectorBCC_0005,50.0,alpha,0.951806750056325,0.9519041192822768,9.736922595182662e-05,9.736922595182662e-05
joint_devices,mouse,Mouse,joint_devices_MeanTimeseriesVectorBCC_0005,50.0,beta,0.1840552543156844,0.1832461317405073,-0.0008091225751770958,0.0008091225751770958
joint_devices,mouse,Mouse,joint_devices_MeanTimeseriesVectorBCC_0005,100.0,alpha,0.951182829742546,0.9517063714972974,0.0005235417547514443,0.0005235417547514443
joint_devices,mouse,Mouse,joint_devices_MeanTimeseriesVectorBCC_0005,100.0,beta,0.18179081896423258,0.180619908458971,-0.0011709105052615798,0.0011709105052615798
joint_devices,mouse,Mouse,joint_devices_MeanTimeseriesVectorBCC_0005,135.0,alpha,0.9507239172202393,0.951558175646641,0.0008342584264017239,0.0008342584264017239
joint_devices,mouse,Mouse,joint_devices_MeanTimeseriesVectorBCC_0005,135.0,beta,0.18012525732793808,0.17865176811665745,-0.0014734892112806264,0.0014734892112806264
joint_devices,mouse,Mouse,joint_devices_MeanTimeseriesVectorBCC_0005,170.0,alpha,0.9502481164506672,0.9514026271715272,0.0011545107208600358,0.0011545107208600358
joint_devices,mouse,Mouse,joint_devices_MeanTimeseriesVectorBCC_0005,170.0,beta,0.17839840205640312,0.17658597998763317,-0.0018124220687699422,0.0018124220687699422
joint_devices,trackpad,Trackpad,joint_devices_MeanTimeseriesVectorBCC_0005,2.0,alpha,0.9497123091300256,0.9500667482237002,0.0003544390936746078,0.0003544390936746078
joint_devices,trackpad,Trackpad,joint_devices_MeanTimeseriesVectorBCC_0005,2.0,beta,0.17731906313559856,0.1773688974533524,4.983431775384961e-05,4.983431775384961e-05
joint_devices,trackpad,Trackpad,joint_devices_MeanTimeseriesVectorBCC_0005,5.0,alpha,0.9496514898880095,0.9500262203017839,0.0003747304137743379,0.0003747304137743379
joint_devices,trackpad,Trackpad,joint_devices_MeanTimeseriesVectorBCC_0005,5.0,beta,0.1771076198732341,0.17711347731936003,5.857446125939747e-06,5.857446125939747e-06
joint_devices,trackpad,Trackpad,joint_devices_MeanTimeseriesVectorBCC_0005,10.0,alpha,0.9495496478845494,0.9499581899952353,0.0004085421106858611,0.0004085421106858611
joint_devices,trackpad,Trackpad,joint_devices_MeanTimeseriesVectorBCC_0005,10.0,beta,0.17675355749521768,0.17668472822015707,-6.882927506060565e-05,6.882927506060565e-05
joint_devices,trackpad,Trackpad,joint_devices_MeanTimeseriesVectorBCC_0005,20.0,alpha,0.9493442110260287,0.9498203553320967,0.00047614430606801594,0.00047614430606801594
joint_devices,trackpad,Trackpad,joint_devices_MeanTimeseriesVectorBCC_0005,20.0,beta,0.17603933880166522,0.1758160493818905,-0.00022328941977473038,0.00022328941977473038
joint_devices,trackpad,Trackpad,joint_devices_MeanTimeseriesVectorBCC_0005,50.0,alpha,0.9487145638491509,0.9493934614018344,0.0006788975526835772,0.0006788975526835772
joint_devices,trackpad,Trackpad,joint_devices_MeanTimeseriesVectorBCC_0005,50.0,beta,0.17385031689339173,0.17312562510863921,-0.0007246917847525125,0.0007246917847525125
joint_devices,trackpad,Trackpad,joint_devices_MeanTimeseriesVectorBCC_0005,100.0,alpha,0.9476252328849362,0.9486426655586491,0.0010174326737129036,0.0010174326737129036
joint_devices,trackpad,Trackpad,joint_devices_MeanTimeseriesVectorBCC_0005,100.0,beta,0.17006316524149231,0.1683938657240041,-0.0016692995174882042,0.0016692995174882042
joint_devices,trackpad,Trackpad,joint_devices_MeanTimeseriesVectorBCC_0005,135.0,alpha,0.9468372511383276,0.9480928602186,0.0012556090802723352,0.0012556090802723352
joint_devices,trackpad,Trackpad,joint_devices_MeanTimeseriesVectorBCC_0005,135.0,beta,0.1673236797486818,0.16492881380461374,-0.002394865944068042,0.002394865944068042
joint_devices,trackpad,Trackpad,joint_devices_MeanTimeseriesVectorBCC_0005,170.0,alpha,0.9460318533325436,0.9475272351957909,0.0014953818632472693,0.0014953818632472693
joint_devices,trackpad,Trackpad,joint_devices_MeanTimeseriesVectorBCC_0005,170.0,beta,0.1645236458463958,0.16136406110365795,-0.0031595847427378643,0.0031595847427378643
joint_devices,mouse,Mouse,joint_devices_MeanTimeseriesVectorBCC_0006,2.0,alpha,0.9568716435119836,0.9568388474230516,-3.279608893203001e-05,3.279608893203001e-05
joint_devices,mouse,Mouse,joint_devices_MeanTimeseriesVectorBCC_0006,2.0,beta,0.024660969612201794,0.025097573167156308,0.0004366035549545136,0.0004366035549545136
joint_devices,mouse,Mouse,joint_devices_MeanTimeseriesVectorBCC_0006,5.0,alpha,0.9567390280654907,0.9566773630644497,-6.166500104098915e-05,6.166500104098915e-05
joint_devices,mouse,Mouse,joint_devices_MeanTimeseriesVectorBCC_0006,5.0,beta,0.023738592007158228,0.02416748529225516,0.0004288932850969318,0.0004288932850969318
joint_devices,mouse,Mouse,joint_devices_MeanTimeseriesVectorBCC_0006,10.0,alpha,0.9564824780628159,0.9563663285689753,-0.00011614949384064488,0.00011614949384064488
joint_devices,mouse,Mouse,joint_devices_MeanTimeseriesVectorBCC_0006,10.0,beta,0.02195421482260717,0.022376046075346233,0.0004218312527390633,0.0004218312527390633
joint_devices,mouse,Mouse,joint_devices_MeanTimeseriesVectorBCC_0006,20.0,alpha,0.9559217408240552,0.9556873698832681,-0.00023437094078715415,0.00023437094078715415
joint_devices,mouse,Mouse,joint_devices_MeanTimeseriesVectorBCC_0006,20.0,beta,0.018054130141487344,0.018465504852639227,0.000411374711151883,0.000411374711151883
joint_devices,mouse,Mouse,joint_devices_MeanTimeseriesVectorBCC_0006,50.0,alpha,0.9546469340869561,0.9541308133605363,-0.000516120726419822,0.000516120726419822
joint_devices,mouse,Mouse,joint_devices_MeanTimeseriesVectorBCC_0006,50.0,beta,0.009187491931875374,0.00950033719847347,0.0003128452665980951,0.0003128452665980951
joint_devices,mouse,Mouse,joint_devices_MeanTimeseriesVectorBCC_0006,100.0,alpha,0.9538436957380597,0.953133718826171,-0.0007099769118886767,0.0007099769118886767
joint_devices,mouse,Mouse,joint_devices_MeanTimeseriesVectorBCC_0006,100.0,beta,0.0036007440519917034,0.0037574556923474236,0.0001567116403557202,0.0001567116403557202
joint_devices,mouse,Mouse,joint_devices_MeanTimeseriesVectorBCC_0006,135.0,alpha,0.9536417961963212,0.9528804194390208,-0.0007613767573003694,0.0007613767573003694
joint_devices,mouse,Mouse,joint_devices_MeanTimeseriesVectorBCC_0006,135.0,beta,0.0021964761428374647,0.002298548521720496,0.00010207237888303121,0.00010207237888303121
joint_devices,mouse,Mouse,joint_devices_MeanTimeseriesVectorBCC_0006,170.0,alpha,0.9535369046189209,0.9527483091585571,-0.0007885954603638057,0.0007885954603638057
joint_devices,mouse,Mouse,joint_devices_MeanTimeseriesVectorBCC_0006,170.0,beta,0.0014669258188726615,0.001537644053492725,7.071823462006339e-05,7.071823462006339e-05
joint_devices,trackpad,Trackpad,joint_devices_MeanTimeseriesVectorBCC_0006,2.0,alpha,0.9552244009821843,0.9549670305899778,-0.000257370392206524,0.000257370392206524
joint_devices,trackpad,Trackpad,joint_devices_MeanTimeseriesVectorBCC_0006,2.0,beta,0.02201217401399255,0.02223690245434961,0.00022472844035706027,0.00022472844035706027
joint_devices,trackpad,Trackpad,joint_devices_MeanTimeseriesVectorBCC_0006,5.0,alpha,0.954386373174716,0.9540406605229264,-0.0003457126517896203,0.0003457126517896203
joint_devices,trackpad,Trackpad,joint_devices_MeanTimeseriesVectorBCC_0006,5.0,beta,0.020065213420935337,0.020248649050814176,0.0001834356298788392,0.0001834356298788392
joint_devices,trackpad,Trackpad,joint_devices_MeanTimeseriesVectorBCC_0006,10.0,alpha,0.9529939907380466,0.9525133301863226,-0.00048066055172402145,0.00048066055172402145
joint_devices,trackpad,Trackpad,joint_devices_MeanTimeseriesVectorBCC_0006,10.0,beta,0.016830340173889173,0.016970564138441054,0.00014022396455188116,0.00014022396455188116
joint_devices,trackpad,Trackpad,joint_devices_MeanTimeseriesVectorBCC_0006,20.0,alpha,0.9507003010004853,0.9500127725415005,-0.0006875284589847874,0.0006875284589847874
joint_devices,trackpad,Trackpad,joint_devices_MeanTimeseriesVectorBCC_0006,20.0,beta,0.011501491307617984,0.011603656867917197,0.00010216556029921282,0.00010216556029921282
joint_devices,trackpad,Trackpad,joint_devices_MeanTimeseriesVectorBCC_0006,50.0,alpha,0.94756974435338,0.9466031046287685,-0.0009666397246115288,0.0009666397246115288
joint_devices,trackpad,Trackpad,joint_devices_MeanTimeseriesVectorBCC_0006,50.0,beta,0.004228378921693751,0.004285540627403485,5.716170570973372e-05,5.716170570973372e-05
joint_devices,trackpad,Trackpad,joint_devices_MeanTimeseriesVectorBCC_0006,100.0,alpha,0.9463568470443131,0.9452752141237623,-0.0010816329205508568,0.0010816329205508568
joint_devices,trackpad,Trackpad,joint_devices_MeanTimeseriesVectorBCC_0006,100.0,beta,0.001410497172265399,0.0014355102669618156,2.501309469641667e-05,2.501309469641667e-05
joint_devices,trackpad,Trackpad,joint_devices_MeanTimeseriesVectorBCC_0006,135.0,alpha,0.9461067174768547,0.9450002108477176,-0.0011065066291371384,0.0011065066291371384
joint_devices,trackpad,Trackpad,joint_devices_MeanTimeseriesVectorBCC_0006,135.0,beta,0.0008293799269187618,0.0008452750909488138,1.5895164030052056e-05,1.5895164030052056e-05
joint_devices,trackpad,Trackpad,joint_devices_MeanTimeseriesVectorBCC_0006,170.0,alpha,0.9459837599492766,0.9448647931076493,-0.001118966841627378,0.001118966841627378
joint_devices,trackpad,Trackpad,joint_devices_MeanTimeseriesVectorBCC_0006,170.0,beta,0.0005437170185036331,0.0005546301401172197,1.0913121613586587e-05,1.0913121613586587e-05
joint_devices,mouse,Mouse,joint_devices_MeanTimeseriesVectorBCC_0007,2.0,alpha,0.9821329012188934,0.9818420051549188,-0.00029089606397458834,0.00029089606397458834
joint_devices,mouse,Mouse,joint_devices_MeanTimeseriesVectorBCC_0007,2.0,beta,0.03927436990605725,0.03969454811455352,0.000420178208496276,0.000420178208496276
joint_devices,mouse,Mouse,joint_devices_MeanTimeseriesVectorBCC_0007,5.0,alpha,0.9821231982680922,0.9818401489008752,-0.00028304936721701424,0.00028304936721701424
joint_devices,mouse,Mouse,joint_devices_MeanTimeseriesVectorBCC_0007,5.0,beta,0.03924791039959585,0.03966989581523199,0.00042198541563613634,0.00042198541563613634
joint_devices,mouse,Mouse,joint_devices_MeanTimeseriesVectorBCC_0007,10.0,alpha,0.9821069410070354,0.9818370314183251,-0.00026990958871031534,0.00026990958871031534
joint_devices,mouse,Mouse,joint_devices_MeanTimeseriesVectorBCC_0007,10.0,beta,0.0392035775865385,0.03962849355500554,0.0004249159684670406,0.0004249159684670406
joint_devices,mouse,Mouse,joint_devices_MeanTimeseriesVectorBCC_0007,20.0,alpha,0.9820741082570056,0.9818307082236744,-0.0002434000333312314,0.0002434000333312314
joint_devices,mouse,Mouse,joint_devices_MeanTimeseriesVectorBCC_0007,20.0,beta,0.039114044167339074,0.039544517286915916,0.00043047311957684214,0.00043047311957684214
joint_devices,mouse,Mouse,joint_devices_MeanTimeseriesVectorBCC_0007,50.0,alpha,0.9819731257623285,0.9818110478596046,-0.00016207790272393385,0.00016207790272393385
joint_devices,mouse,Mouse,joint_devices_MeanTimeseriesVectorBCC_0007,50.0,beta,0.03883866948749913,0.03928341445914503,0.00044474497164589955,0.00044474497164589955
joint_devices,mouse,Mouse,joint_devices_MeanTimeseriesVectorBCC_0007,100.0,alpha,0.9817969558256388,0.9817760808685488,-2.0874957089911383e-05,2.0874957089911383e-05
joint_devices,mouse,Mouse,joint_devices_MeanTimeseriesVectorBCC_0007,100.0,beta,0.03835826206571261,0.038819029353615586,0.0004607672879029731,0.0004607672879029731
joint_devices,mouse,Mouse,joint_devices_MeanTimeseriesVectorBCC_0007,135.0,alpha,0.981668185349239,0.9817500683774515,8.18830282124372e-05,8.18830282124372e-05
joint_devices,mouse,Mouse,joint_devices_MeanTimeseriesVectorBCC_0007,135.0,beta,0.03800711082088752,0.03847356601637628,0.00046645519548876163,0.00046645519548876163
joint_devices,mouse,Mouse,joint_devices_MeanTimeseriesVectorBCC_0007,170.0,alpha,0.9815352705686945,0.9817228797553988,0.00018760918670435167,0.00018760918670435167
joint_devices,mouse,Mouse,joint_devices_MeanTimeseriesVectorBCC_0007,170.0,beta,0.03764465824675075,0.038112482870818844,0.00046782462406809444,0.00046782462406809444
joint_devices,trackpad,Trackpad,joint_devices_MeanTimeseriesVectorBCC_0007,2.0,alpha,0.9817828290122949,0.9815085251280034,-0.00027430388429150465,0.00027430388429150465
joint_devices,trackpad,Trackpad,joint_devices_MeanTimeseriesVectorBCC_0007,2.0,beta,0.03761888447864275,0.038037431863584,0.00041854738494125077,0.00041854738494125077
joint_devices,trackpad,Trackpad,joint_devices_MeanTimeseriesVectorBCC_0007,5.0,alpha,0.98177017178405,0.9815024383585125,-0.00026773342553754187,0.00026773342553754187
joint_devices,trackpad,Trackpad,joint_devices_MeanTimeseriesVectorBCC_0007,5.0,beta,0.03757762754595414,0.037992409849773,0.0004147823038188614,0.0004147823038188614
joint_devices,trackpad,Trackpad,joint_devices_MeanTimeseriesVectorBCC_0007,10.0,alpha,0.9817489886411445,0.9814922313484763,-0.00025675729266816383,0.00025675729266816383
joint_devices,trackpad,Trackpad,joint_devices_MeanTimeseriesVectorBCC_0007,10.0,beta,0.03750857992477803,0.03791691164871304,0.00040833172393500705,0.00040833172393500705
joint_devices,trackpad,Trackpad,joint_devices_MeanTimeseriesVectorBCC_0007,20.0,alpha,0.9817062991259268,0.9814715875566509,-0.00023471156927590275,0.00023471156927590275
joint_devices,trackpad,Trackpad,joint_devices_MeanTimeseriesVectorBCC_0007,20.0,beta,0.03736943109837027,0.03776421569364582,0.0003947845952755463,0.0003947845952755463
joint_devices,trackpad,Trackpad,joint_devices_MeanTimeseriesVectorBCC_0007,50.0,alpha,0.9815757620191982,0.981407902289156,-0.0001678597300421858,0.0001678597300421858
joint_devices,trackpad,Trackpad,joint_devices_MeanTimeseriesVectorBCC_0007,50.0,beta,0.03694393820833984,0.03729315481364323,0.00034921660530339016,0.00034921660530339016
joint_devices,trackpad,Trackpad,joint_devices_MeanTimeseriesVectorBCC_0007,100.0,alpha,0.9813507470579114,0.9812964753411444,-5.427171676697373e-05,5.427171676697373e-05
joint_devices,trackpad,Trackpad,joint_devices_MeanTimeseriesVectorBCC_0007,100.0,beta,0.03621048954705636,0.036468962998941486,0.00025847345188512866,0.00025847345188512866
joint_devices,trackpad,Trackpad,joint_devices_MeanTimeseriesVectorBCC_0007,135.0,alpha,0.9811884189436495,0.981215075217073,2.6656273423464327e-05,2.6656273423464327e-05
joint_devices,trackpad,Trackpad,joint_devices_MeanTimeseriesVectorBCC_0007,135.0,beta,0.03568137211676093,0.03586687062207415,0.00018549850531322104,0.00018549850531322104
joint_devices,trackpad,Trackpad,joint_devices_MeanTimeseriesVectorBCC_0007,170.0,alpha,0.9810227314355123,0.981131320181856,0.0001085887463436741,0.0001085887463436741
joint_devices,trackpad,Trackpad,joint_devices_MeanTimeseriesVectorBCC_0007,170.0,beta,0.035141304557076584,0.03524735967164686,0.00010605511457027761,0.00010605511457027761
joint_devices,mouse,Mouse,joint_devices_MeanTimeseriesVectorBCC_0008,2.0,alpha,0.984067934673749,0.9840293769547519,-3.8557718997078716e-05,3.8557718997078716e-05
joint_devices,mouse,Mouse,joint_devices_MeanTimeseriesVectorBCC_0008,2.0,beta,0.09309237033407532,0.09273015937578241,-0.00036221095829290506,0.00036221095829290506
joint_devices,mouse,Mouse,joint_devices_MeanTimeseriesVectorBCC_0008,5.0,alpha,0.9839833843753231,0.9839582631973491,-2.512117797393021e-05,2.512117797393021e-05
joint_devices,mouse,Mouse,joint_devices_MeanTimeseriesVectorBCC_0008,5.0,beta,0.09218872950794235,0.0918199934923256,-0.0003687360156167524,0.0003687360156167524
joint_devices,mouse,Mouse,joint_devices_MeanTimeseriesVectorBCC_0008,10.0,alpha,0.9838300376885701,0.9838290241297335,-1.0135588366377846e-06,1.0135588366377846e-06
joint_devices,mouse,Mouse,joint_devices_MeanTimeseriesVectorBCC_0008,10.0,beta,0.09054981954213594,0.0901658973729572,-0.00038392216917873534,0.00038392216917873534
joint_devices,mouse,Mouse,joint_devices_MeanTimeseriesVectorBCC_0008,20.0,alpha,0.9834836075024478,0.9835363568145221,5.2749312074329424e-05,5.2749312074329424e-05
joint_devices,mouse,Mouse,joint_devices_MeanTimeseriesVectorBCC_0008,20.0,beta,0.0868473079553877,0.0864201270011323,-0.00042718095425539615,0.00042718095425539615
joint_devices,mouse,Mouse,joint_devices_MeanTimeseriesVectorBCC_0008,50.0,alpha,0.982261792671629,0.9825028873303457,0.00024109465871668956,0.00024109465871668956
joint_devices,mouse,Mouse,joint_devices_MeanTimeseriesVectorBCC_0008,50.0,beta,0.07378902449977072,0.07319302861053374,-0.0005959958892369777,0.0005959958892369777
joint_devices,mouse,Mouse,joint_devices_MeanTimeseriesVectorBCC_0008,100.0,alpha,0.9802737800172044,0.9808301338746129,0.000556353857408487,0.000556353857408487
joint_devices,mouse,Mouse,joint_devices_MeanTimeseriesVectorBCC_0008,100.0,beta,0.05254191560894719,0.051783906347167175,-0.0007580092617800183,0.0007580092617800183
joint_devices,mouse,Mouse,joint_devices_MeanTimeseriesVectorBCC_0008,135.0,alpha,0.9791893784245785,0.9799252638792998,0.0007358854547212523,0.0007358854547212523
joint_devices,mouse,Mouse,joint_devices_MeanTimeseriesVectorBCC_0008,135.0,beta,0.040952251595177076,0.04020271827924209,-0.0007495333159349832,0.0007495333159349832
joint_devices,mouse,Mouse,joint_devices_MeanTimeseriesVectorBCC_0008,170.0,alpha,0.9783679848008195,0.9792440680454929,0.0008760832446733646,0.0008760832446733646
joint_devices,mouse,Mouse,joint_devices_MeanTimeseriesVectorBCC_0008,170.0,beta,0.03217351483643722,0.03148427573692652,-0.0006892390995106995,0.0006892390995106995
joint_devices,trackpad,Trackpad,joint_devices_MeanTimeseriesVectorBCC_0008,2.0,alpha,0.9803611076272801,0.9804621433454553,0.00010103571817521306,0.00010103571817521306
joint_devices,trackpad,Trackpad,joint_devices_MeanTimeseriesVectorBCC_0008,2.0,beta,0.08616100606378575,0.08593144609005875,-0.00022955997372700598,0.00022955997372700598
joint_devices,trackpad,Trackpad,joint_devices_MeanTimeseriesVectorBCC_0008,5.0,alpha,0.9796627267812338,0.9797836292381951,0.00012090245696128044,0.00012090245696128044
joint_devices,trackpad,Trackpad,joint_devices_MeanTimeseriesVectorBCC_0008,5.0,beta,0.08417438169341099,0.08393021052897957,-0.0002441711644314143,0.0002441711644314143
joint_devices,trackpad,Trackpad,joint_devices_MeanTimeseriesVectorBCC_0008,10.0,alpha,0.9784429899448903,0.9785966585066064,0.00015366856171605825,0.00015366856171605825
joint_devices,trackpad,Trackpad,joint_devices_MeanTimeseriesVectorBCC_0008,10.0,beta,0.08070470044679376,0.08042931347673221,-0.00027538697006154744,0.00027538697006154744
joint_devices,trackpad,Trackpad,joint_devices_MeanTimeseriesVectorBCC_0008,20.0,alpha,0.9758908187548159,0.9761094983992175,0.00021867964440158705,0.00021867964440158705
joint_devices,trackpad,Trackpad,joint_devices_MeanTimeseriesVectorBCC_0008,20.0,beta,0.07344475694709186,0.07309358795570729,-0.0003511689913845706,0.0003511689913845706
joint_devices,trackpad,Trackpad,joint_devices_MeanTimeseriesVectorBCC_0008,50.0,alpha,0.9686556065394623,0.969069966332966,0.0004143597935037935,0.0004143597935037935
joint_devices,trackpad,Trackpad,joint_devices_MeanTimeseriesVectorBCC_0008,50.0,beta,0.052863366444722434,0.05233092178031264,-0.000532444664409791,0.000532444664409791
joint_devices,trackpad,Trackpad,joint_devices_MeanTimeseriesVectorBCC_0008,100.0,alpha,0.960668987597138,0.9613667867655833,0.0006977991684452567,0.0006977991684452567
joint_devices,trackpad,Trackpad,joint_devices_MeanTimeseriesVectorBCC_0008,100.0,beta,0.030144513375453888,0.029610868182793314,-0.0005336451926605743,0.0005336451926605743
joint_devices,trackpad,Trackpad,joint_devices_MeanTimeseriesVectorBCC_0008,135.0,alpha,0.9575220955387425,0.9583598088757385,0.0008377133369960044,0.0008377133369960044
joint_devices,trackpad,Trackpad,joint_devices_MeanTimeseriesVectorBCC_0008,135.0,beta,0.02119281819432248,0.020741972134581,-0.0004508460597414804,0.0004508460597414804
joint_devices,trackpad,Trackpad,joint_devices_MeanTimeseriesVectorBCC_0008,170.0,alpha,0.9555205980652818,0.9564573109278225,0.0009367128625407117,0.0009367128625407117
joint_devices,trackpad,Trackpad,joint_devices_MeanTimeseriesVectorBCC_0008,170.0,beta,0.015499329203994975,0.015130671636167955,-0.00036865756782701944,0.00036865756782701944
joint_devices,mouse,Mouse,joint_devices_MeanTimeseriesVectorBCC_0009,2.0,alpha,0.9644965591305629,0.9648160206621805,0.00031946153161765967,0.00031946153161765967
joint_devices,mouse,Mouse,joint_devices_MeanTimeseriesVectorBCC_0009,2.0,beta,0.18336440658318748,0.18083393269229397,-0.002530473890893503,0.002530473890893503
joint_devices,mouse,Mouse,joint_devices_MeanTimeseriesVectorBCC_0009,5.0,alpha,0.9620306171633585,0.9623846538536079,0.0003540366902494707,0.0003540366902494707
joint_devices,mouse,Mouse,joint_devices_MeanTimeseriesVectorBCC_0009,5.0,beta,0.1695589583375239,0.1673230492667244,-0.0022359090707995133,0.0022359090707995133
joint_devices,mouse,Mouse,joint_devices_MeanTimeseriesVectorBCC_0009,10.0,alpha,0.9573983065625946,0.9578144285847031,0.00041612202210850047,0.00041612202210850047
joint_devices,mouse,Mouse,joint_devices_MeanTimeseriesVectorBCC_0009,10.0,beta,0.14362520762189554,0.1419267246072554,-0.0016984830146401508,0.0016984830146401508
joint_devices,mouse,Mouse,joint_devices_MeanTimeseriesVectorBCC_0009,20.0,alpha,0.9490678310758324,0.9495701727317502,0.0005023416559177818,0.0005023416559177818
joint_devices,mouse,Mouse,joint_devices_MeanTimeseriesVectorBCC_0009,20.0,beta,0.09698747253981391,0.09611414734944061,-0.0008733251903732947,0.0008733251903732947
joint_devices,mouse,Mouse,joint_devices_MeanTimeseriesVectorBCC_0009,50.0,alpha,0.9376779917578419,0.9382255694457331,0.0005475776878911542,0.0005475776878911542
joint_devices,mouse,Mouse,joint_devices_MeanTimeseriesVectorBCC_0009,50.0,beta,0.03322204767492772,0.03307322239879718,-0.0001488252761305403,0.0001488252761305403
joint_devices,mouse,Mouse,joint_devices_MeanTimeseriesVectorBCC_0009,100.0,alpha,0.933612855467198,0.9341520978166611,0.0005392423494631204,0.0005392423494631204
joint_devices,mouse,Mouse,joint_devices_MeanTimeseriesVectorBCC_0009,100.0,beta,0.010463592926830459,0.010437312373329252,-2.6280553501206727e-05,2.6280553501206727e-05
joint_devices,mouse,Mouse,joint_devices_MeanTimeseriesVectorBCC_0009,135.0,alpha,0.9328227341129104,0.9333585669494052,0.0005358328364948317,0.0005358328364948317
joint_devices,mouse,Mouse,joint_devices_MeanTimeseriesVectorBCC_0009,135.0,beta,0.006040139492207726,0.006027733775693314,-1.2405716514412093e-05,1.2405716514412093e-05
joint_devices,mouse,Mouse,joint_devices_MeanTimeseriesVectorBCC_0009,170.0,alpha,0.9324430892262895,0.9329770430377631,0.0005339538114735864,0.0005339538114735864
joint_devices,mouse,Mouse,joint_devices_MeanTimeseriesVectorBCC_0009,170.0,beta,0.003914717278838654,0.003907640223338028,-7.077055500626095e-06,7.077055500626095e-06
joint_devices,trackpad,Trackpad,joint_devices_MeanTimeseriesVectorBCC_0009,2.0,alpha,0.9479296776839288,0.9488340275949393,0.0009043499110105158,0.0009043499110105158
joint_devices,trackpad,Trackpad,joint_devices_MeanTimeseriesVectorBCC_0009,2.0,beta,0.15818431296122296,0.1563411873814282,-0.0018431255797947688,0.0018431255797947688
joint_devices,trackpad,Trackpad,joint_devices_MeanTimeseriesVectorBCC_0009,5.0,alpha,0.9357432119517278,0.9370432502519902,0.0013000383002623739,0.0013000383002623739
joint_devices,trackpad,Trackpad,joint_devices_MeanTimeseriesVectorBCC_0009,5.0,beta,0.1318417944524879,0.13063241250017923,-0.001209381952308658,0.001209381952308658
joint_devices,trackpad,Trackpad,joint_devices_MeanTimeseriesVectorBCC_0009,10.0,alpha,0.9183360062626604,0.9201149847055047,0.0017789784428442479,0.0017789784428442479
joint_devices,trackpad,Trackpad,joint_devices_MeanTimeseriesVectorBCC_0009,10.0,beta,0.0942140155602069,0.09372178689797078,-0.0004922286622361244,0.0004922286622361244
joint_devices,trackpad,Trackpad,joint_devices_MeanTimeseriesVectorBCC_0009,20.0,alpha,0.8977232991479299,0.8999063177092508,0.0021830185613208597,0.0021830185613208597
joint_devices,trackpad,Trackpad,joint_devices_MeanTimeseriesVectorBCC_0009,20.0,beta,0.049657157926729756,0.04965852835738795,1.3704306581971415e-06,1.3704306581971415e-06
joint_devices,trackpad,Trackpad,joint_devices_MeanTimeseriesVectorBCC_0009,50.0,alpha,0.8808036781366501,0.8831625369201724,0.0023588587835223773,0.0023588587835223773
joint_devices,trackpad,Trackpad,joint_devices_MeanTimeseriesVectorBCC_0009,50.0,beta,0.013083352243863665,0.013150155885677068,6.680364181340347e-05,6.680364181340347e-05
joint_devices,trackpad,Trackpad,joint_devices_MeanTimeseriesVectorBCC_0009,100.0,alpha,0.8765123303712455,0.8788893429188183,0.002377012547572721,0.002377012547572721
joint_devices,trackpad,Trackpad,joint_devices_MeanTimeseriesVectorBCC_0009,100.0,beta,0.0038070854063932177,0.00383282426204066,2.57388556474422e-05,2.57388556474422e-05
joint_devices,trackpad,Trackpad,joint_devices_MeanTimeseriesVectorBCC_0009,135.0,alpha,0.8757529596903542,0.8781317949579049,0.002378835267550783,0.002378835267550783
joint_devices,trackpad,Trackpad,joint_devices_MeanTimeseriesVectorBCC_0009,135.0,beta,0.002165613903829895,0.0021810561535947257,1.544224976483084e-05,1.544224976483084e-05
joint_devices,trackpad,Trackpad,joint_devices_MeanTimeseriesVectorBCC_0009,170.0,alpha,0.8753959101916648,0.8777754270363737,0.002379516844708829,0.002379516844708829
joint_devices,trackpad,Trackpad,joint_devices_MeanTimeseriesVectorBCC_0009,170.0,beta,0.0013938082602210741,0.0014040265818316502,1.021832161057605e-05,1.021832161057605e-05
joint_devices,mouse,Mouse,joint_devices_MeanTimeseriesVectorBCC_0010,2.0,alpha,0.9869111910378163,0.9867068922748732,-0.00020429876294314475,0.00020429876294314475
joint_devices,mouse,Mouse,joint_devices_MeanTimeseriesVectorBCC_0010,2.0,beta,0.0893628387462111,0.09078532554042555,0.0014224867942144448,0.0014224867942144448
joint_devices,mouse,Mouse,joint_devices_MeanTimeseriesVectorBCC_0010,5.0,alpha,0.9865054671345265,0.9863068448607845,-0.0001986222737420107,0.0001986222737420107
joint_devices,mouse,Mouse,joint_devices_MeanTimeseriesVectorBCC_0010,5.0,beta,0.08510983168783803,0.08642350614211823,0.0013136744542801976,0.0013136744542801976
joint_devices,mouse,Mouse,joint_devices_MeanTimeseriesVectorBCC_0010,10.0,alpha,0.9857148044294659,0.9855269765516959,-0.0001878278777700526,0.0001878278777700526
joint_devices,mouse,Mouse,joint_devices_MeanTimeseriesVectorBCC_0010,10.0,beta,0.07682169771755085,0.07792040226265569,0.0010987045451048422,0.0010987045451048422
joint_devices,mouse,Mouse,joint_devices_MeanTimeseriesVectorBCC_0010,20.0,alpha,0.9840608890039287,0.9838990196842753,-0.00016186931965345153,0.00016186931965345153
joint_devices,mouse,Mouse,joint_devices_MeanTimeseriesVectorBCC_0010,20.0,beta,0.05948450382356516,0.060170371656666916,0.000685867833101754,0.000685867833101754
joint_devices,mouse,Mouse,joint_devices_MeanTimeseriesVectorBCC_0010,50.0,alpha,0.9808794790531465,0.9807901497224301,-8.932933071648108e-05,8.932933071648108e-05
joint_devices,mouse,Mouse,joint_devices_MeanTimeseriesVectorBCC_0010,50.0,beta,0.02613532506791712,0.02627356635602938,0.0001382412881122605,0.0001382412881122605
joint_devices,mouse,Mouse,joint_devices_MeanTimeseriesVectorBCC_0010,100.0,alpha,0.9792730074186606,0.9792343320333726,-3.867538528801173e-05,3.867538528801173e-05
joint_devices,mouse,Mouse,joint_devices_MeanTimeseriesVectorBCC_0010,100.0,beta,0.009295461443558542,0.009310087684838701,1.4626241280159269e-05,1.4626241280159269e-05
joint_devices,mouse,Mouse,joint_devices_MeanTimeseriesVectorBCC_0010,135.0,alpha,0.9789131141361557,0.9788872939071729,-2.5820228982786908e-05,2.5820228982786908e-05
joint_devices,mouse,Mouse,joint_devices_MeanTimeseriesVectorBCC_0010,135.0,beta,0.0055228745726756,0.0055262421267856235,3.36755411002327e-06,3.36755411002327e-06
joint_devices,mouse,Mouse,joint_devices_MeanTimeseriesVectorBCC_0010,170.0,alpha,0.9787330088694307,0.9787138564126646,-1.9152456766091674e-05,1.9152456766091674e-05
joint_devices,mouse,Mouse,joint_devices_MeanTimeseriesVectorBCC_0010,170.0,beta,0.0036349183432787327,0.0036352087110012063,2.903677224735772e-07,2.903677224735772e-07
joint_devices,trackpad,Trackpad,joint_devices_MeanTimeseriesVectorBCC_0010,2.0,alpha,0.9857096521766328,0.9854977596489326,-0.00021189252770015266,0.00021189252770015266
joint_devices,trackpad,Trackpad,joint_devices_MeanTimeseriesVectorBCC_0010,2.0,beta,0.08369539435830667,0.0850199022953466,0.0013245079370399343,0.0013245079370399343
joint_devices,trackpad,Trackpad,joint_devices_MeanTimeseriesVectorBCC_0010,5.0,alpha,0.9846522276822763,0.9844352510370914,-0.00021697664518494086,0.00021697664518494086
joint_devices,trackpad,Trackpad,joint_devices_MeanTimeseriesVectorBCC_0010,5.0,beta,0.07660226596205029,0.07774575066259765,0.0011434847005473564,0.0011434847005473564
joint_devices,trackpad,Trackpad,joint_devices_MeanTimeseriesVectorBCC_0010,10.0,alpha,0.9828118643031534,0.9825875186365859,-0.00022434566656748256,0.00022434566656748256
joint_devices,trackpad,Trackpad,joint_devices_MeanTimeseriesVectorBCC_0010,10.0,beta,0.06425723914116742,0.06509579610389651,0.0008385569627290951,0.0008385569627290951
joint_devices,trackpad,Trackpad,joint_devices_MeanTimeseriesVectorBCC_0010,20.0,alpha,0.9796948719636308,0.979469863572487,-0.00022500839114381055,0.00022500839114381055
joint_devices,trackpad,Trackpad,joint_devices_MeanTimeseriesVectorBCC_0010,20.0,beta,0.043348675936530336,0.04375169082124474,0.00040301488471440605,0.00040301488471440605
joint_devices,trackpad,Trackpad,joint_devices_MeanTimeseriesVectorBCC_0010,50.0,alpha,0.9755082082913034,0.9753160372046332,-0.00019217108667013427,0.00019217108667013427
joint_devices,trackpad,Trackpad,joint_devices_MeanTimeseriesVectorBCC_0010,50.0,beta,0.01526483341325195,0.015313744512726704,4.891109947475353e-05,4.891109947475353e-05
joint_devices,trackpad,Trackpad,joint_devices_MeanTimeseriesVectorBCC_0010,100.0,alpha,0.9739681947719763,0.973800242466364,-0.00016795230561228447,0.00016795230561228447
joint_devices,trackpad,Trackpad,joint_devices_MeanTimeseriesVectorBCC_0010,100.0,beta,0.004934532117170411,0.0049363031937458045,1.7710765753938332e-06,1.7710765753938332e-06
joint_devices,trackpad,Trackpad,joint_devices_MeanTimeseriesVectorBCC_0010,135.0,alpha,0.9736608960155141,0.9734987465892824,-0.0001621494262317169,0.0001621494262317169
joint_devices,trackpad,Trackpad,joint_devices_MeanTimeseriesVectorBCC_0010,135.0,beta,0.0028731938871313584,0.0028722006518003993,-9.932353309590608e-07,9.932353309590608e-07
joint_devices,trackpad,Trackpad,joint_devices_MeanTimeseriesVectorBCC_0010,170.0,alpha,0.9735116810497895,0.9733524890215262,-0.0001591920282633108,0.0001591920282633108
joint_devices,trackpad,Trackpad,joint_devices_MeanTimeseriesVectorBCC_0010,170.0,beta,0.0018722704962165885,0.001870891379161641,-1.3791170549474693e-06,1.3791170549474693e-06
joint_devices,mouse,Mouse,joint_devices_MeanTimeseriesVectorBCC_0011,2.0,alpha,0.9566595958976174,0.9523433398578499,-0.004316256039767485,0.004316256039767485
joint_devices,mouse,Mouse,joint_devices_MeanTimeseriesVectorBCC_0011,2.0,beta,0.23359004469801192,0.2502242126343281,0.01663416793631617,0.01663416793631617
joint_devices,mouse,Mouse,joint_devices_MeanTimeseriesVectorBCC_0011,5.0,alpha,0.9525338199544219,0.948995964860234,-0.003537855094187914,0.003537855094187914
joint_devices,mouse,Mouse,joint_devices_MeanTimeseriesVectorBCC_0011,5.0,beta,0.2151734287619563,0.22857600204698159,0.013402573285025282,0.013402573285025282
joint_devices,mouse,Mouse,joint_devices_MeanTimeseriesVectorBCC_0011,10.0,alpha,0.9448702696375905,0.9427974010901896,-0.0020728685474008524,0.0020728685474008524
joint_devices,mouse,Mouse,joint_devices_MeanTimeseriesVectorBCC_0011,10.0,beta,0.1809649150581302,0.1884885263597384,0.007523611301608196,0.007523611301608196
joint_devices,mouse,Mouse,joint_devices_MeanTimeseriesVectorBCC_0011,20.0,alpha,0.931361764814085,0.9323046318815256,0.0009428670674406225,0.0009428670674406225
joint_devices,mouse,Mouse,joint_devices_MeanTimeseriesVectorBCC_0011,20.0,beta,0.12066572561349782,0.12062947930484873,-3.624630864909606e-05,3.624630864909606e-05
joint_devices,mouse,Mouse,joint_devices_MeanTimeseriesVectorBCC_0011,50.0,alpha,0.913433873420277,0.9195467439956805,0.00611287057540344,0.00611287057540344
joint_devices,mouse,Mouse,joint_devices_MeanTimeseriesVectorBCC_0011,50.0,beta,0.04063930273233976,0.03812141140112374,-0.002517891331216021,0.002517891331216021
joint_devices,mouse,Mouse,joint_devices_MeanTimeseriesVectorBCC_0011,100.0,alpha,0.9071802423995902,0.9154481189892565,0.008267876589666323,0.008267876589666323
joint_devices,mouse,Mouse,joint_devices_MeanTimeseriesVectorBCC_0011,100.0,beta,0.012724379018719712,0.011614701719410907,-0.001109677299308805,0.001109677299308805
joint_devices,mouse,Mouse,joint_devices_MeanTimeseriesVectorBCC_0011,135.0,alpha,0.9059733133040666,0.9146810471951702,0.008707733891103575,0.008707733891103575
joint_devices,mouse,Mouse,joint_devices_MeanTimeseriesVectorBCC_0011,135.0,beta,0.007336895568251035,0.006653879658595556,-0.0006830159096554789,0.0006830159096554789
joint_devices,mouse,Mouse,joint_devices_MeanTimeseriesVectorBCC_0011,170.0,alpha,0.9053943704608556,0.9143162982052374,0.00892192774438183,0.00892192774438183
joint_devices,mouse,Mouse,joint_devices_MeanTimeseriesVectorBCC_0011,170.0,beta,0.004752613692757706,0.004294967689901079,-0.0004576460028566272,0.0004576460028566272
joint_devices,trackpad,Trackpad,joint_devices_MeanTimeseriesVectorBCC_0011,2.0,alpha,0.9553521270371123,0.9517832309674399,-0.003568896069672367,0.003568896069672367
joint_devices,trackpad,Trackpad,joint_devices_MeanTimeseriesVectorBCC_0011,2.0,beta,0.2188211846463631,0.2341837973644971,0.015362612718133994,0.015362612718133994
joint_devices,trackpad,Trackpad,joint_devices_MeanTimeseriesVectorBCC_0011,5.0,alpha,0.9507501897684905,0.948381946445002,-0.002368243323488506,0.002368243323488506
joint_devices,trackpad,Trackpad,joint_devices_MeanTimeseriesVectorBCC_0011,5.0,beta,0.1919888399460371,0.20253757108107923,0.010548731135042122,0.010548731135042122
joint_devices,trackpad,Trackpad,joint_devices_MeanTimeseriesVectorBCC_0011,10.0,alpha,0.9432689092724249,0.9429537662152381,-0.00031514305718682856,0.00031514305718682856
joint_devices,trackpad,Trackpad,joint_devices_MeanTimeseriesVectorBCC_0011,10.0,beta,0.14836801563819563,0.15203270483861592,0.0036646892004202902,0.0036646892004202902
joint_devices,trackpad,Trackpad,joint_devices_MeanTimeseriesVectorBCC_0011,20.0,alpha,0.9326673668259293,0.9356922437722448,0.00302487694631548,0.00302487694631548
joint_devices,trackpad,Trackpad,joint_devices_MeanTimeseriesVectorBCC_0011,20.0,beta,0.0865539958732759,0.08447005876266371,-0.002083937110612194,0.002083937110612194
joint_devices,trackpad,Trackpad,joint_devices_MeanTimeseriesVectorBCC_0011,50.0,alpha,0.9221104166558347,0.9290862118705185,0.006975795214683833,0.006975795214683833
joint_devices,trackpad,Trackpad,joint_devices_MeanTimeseriesVectorBCC_0011,50.0,beta,0.0249999786380565,0.02300622678436599,-0.001993751853690509,0.001993751853690509
joint_devices,trackpad,Trackpad,joint_devices_MeanTimeseriesVectorBCC_0011,100.0,alpha,0.9191017118755311,0.9273348882366356,0.008233176361104433,0.008233176361104433
joint_devices,trackpad,Trackpad,joint_devices_MeanTimeseriesVectorBCC_0011,100.0,beta,0.007457235429216055,0.006711564092155659,-0.0007456713370603959,0.0007456713370603959
joint_devices,trackpad,Trackpad,joint_devices_MeanTimeseriesVectorBCC_0011,135.0,alpha,0.9185535247112521,0.9270235282107739,0.008470003499521872,0.008470003499521872
joint_devices,trackpad,Trackpad,joint_devices_MeanTimeseriesVectorBCC_0011,135.0,beta,0.00426094089201631,0.0038146086128290806,-0.00044633227918722956,0.00044633227918722956
joint_devices,trackpad,Trackpad,joint_devices_MeanTimeseriesVectorBCC_0011,170.0,alpha,0.918294074789213,0.9268771913404297,0.008583116551216685,0.008583116551216685
joint_devices,trackpad,Trackpad,joint_devices_MeanTimeseriesVectorBCC_0011,170.0,beta,0.0027481758684487034,0.0024530613262168416,-0.0002951145422318618,0.0002951145422318618
joint_devices,mouse,Mouse,joint_devices_MeanTimeseriesVectorBCC_0012,2.0,alpha,0.9759257389419087,0.9749553498644468,-0.0009703890774619417,0.0009703890774619417
joint_devices,mouse,Mouse,joint_devices_MeanTimeseriesVectorBCC_0012,2.0,beta,0.08499518202644715,0.0883468304299231,0.003351648403475946,0.003351648403475946
joint_devices,mouse,Mouse,joint_devices_MeanTimeseriesVectorBCC_0012,5.0,alpha,0.9752182869714855,0.9743903711374607,-0.0008279158340247506,0.0008279158340247506
joint_devices,mouse,Mouse,joint_devices_MeanTimeseriesVectorBCC_0012,5.0,beta,0.07799122464544236,0.08084353381126266,0.0028523091658202993,0.0028523091658202993
joint_devices,mouse,Mouse,joint_devices_MeanTimeseriesVectorBCC_0012,10.0,alpha,0.9738908467418949,0.9733315854278409,-0.0005592613140539271,0.0005592613140539271
joint_devices,mouse,Mouse,joint_devices_MeanTimeseriesVectorBCC_0012,10.0,beta,0.06484922323392407,0.06678214909814828,0.001932925864224208,0.001932925864224208
joint_devices,mouse,Mouse,joint_devices_MeanTimeseriesVectorBCC_0012,20.0,alpha,0.9715921558476664,0.9715231101756636,-6.904567200283207e-05,6.904567200283207e-05
joint_devices,mouse,Mouse,joint_devices_MeanTimeseriesVectorBCC_0012,20.0,beta,0.042091589177652745,0.042764384186926,0.0006727950092732526,0.0006727950092732526
joint_devices,mouse,Mouse,joint_devices_MeanTimeseriesVectorBCC_0012,50.0,alpha,0.9687075247041941,0.9693175679201564,0.0006100432159623637,0.0006100432159623637
joint_devices,mouse,Mouse,joint_devices_MeanTimeseriesVectorBCC_0012,50.0,beta,0.01353299519039885,0.013473303022965925,-5.969216743292524e-05,5.969216743292524e-05
joint_devices,mouse,Mouse,joint_devices_MeanTimeseriesVectorBCC_0012,100.0,alpha,0.9677593635851136,0.9686112719279282,0.0008519083428145668,0.0008519083428145668
joint_devices,mouse,Mouse,joint_devices_MeanTimeseriesVectorBCC_0012,100.0,beta,0.004145955015230003,0.004093218292111051,-5.2736723118952146e-05,5.2736723118952146e-05
joint_devices,mouse,Mouse,joint_devices_MeanTimeseriesVectorBCC_0012,135.0,alpha,0.9675807427650339,0.9684794652301533,0.0008987224651193504,0.0008987224651193504
joint_devices,mouse,Mouse,joint_devices_MeanTimeseriesVectorBCC_0012,135.0,beta,0.002377562723595865,0.0023427368978686113,-3.482582572725355e-05,3.482582572725355e-05
joint_devices,mouse,Mouse,joint_devices_MeanTimeseriesVectorBCC_0012,170.0,alpha,0.9674956787824193,0.9684168610027476,0.0009211822203283315,0.0009211822203283315
joint_devices,mouse,Mouse,joint_devices_MeanTimeseriesVectorBCC_0012,170.0,beta,0.0015354073069736114,0.001511310747875325,-2.4096559098286474e-05,2.4096559098286474e-05
joint_devices,trackpad,Trackpad,joint_devices_MeanTimeseriesVectorBCC_0012,2.0,alpha,0.9716647852056612,0.9707356107129612,-0.0009291744927000245,0.0009291744927000245
joint_devices,trackpad,Trackpad,joint_devices_MeanTimeseriesVectorBCC_0012,2.0,beta,0.07601779009869306,0.07908810408292773,0.003070313984234671,0.003070313984234671
joint_devices,trackpad,Trackpad,joint_devices_MeanTimeseriesVectorBCC_0012,5.0,alpha,0.9679951123658768,0.9671136056310629,-0.0008815067348139083,0.0008815067348139083
joint_devices,trackpad,Trackpad,joint_devices_MeanTimeseriesVectorBCC_0012,5.0,beta,0.06377754436729996,0.06602533775846407,0.002247793391164113,0.002247793391164113
joint_devices,trackpad,Trackpad,joint_devices_MeanTimeseriesVectorBCC_0012,10.0,alpha,0.9625712876905209,0.9617950122981117,-0.0007762753924092092,0.0007762753924092092
joint_devices,trackpad,Trackpad,joint_devices_MeanTimeseriesVectorBCC_0012,10.0,beta,0.04568630034396405,0.04684382356611619,0.0011575232221521375,0.0011575232221521375
joint_devices,trackpad,Trackpad,joint_devices_MeanTimeseriesVectorBCC_0012,20.0,alpha,0.956044933651931,0.9555081437132348,-0.0005367899386962138,0.0005367899386962138
joint_devices,trackpad,Trackpad,joint_devices_MeanTimeseriesVectorBCC_0012,20.0,beta,0.023917554014222547,0.024170223341951437,0.00025266932772888967,0.00025266932772888967
joint_devices,trackpad,Trackpad,joint_devices_MeanTimeseriesVectorBCC_0012,50.0,alpha,0.9507294801677287,0.9505133880827632,-0.00021609208496553567,0.00021609208496553567
joint_devices,trackpad,Trackpad,joint_devices_MeanTimeseriesVectorBCC_0012,50.0,beta,0.006187783633861346,0.0061566302703338635,-3.115336352748233e-05,3.115336352748233e-05
joint_devices,trackpad,Trackpad,joint_devices_MeanTimeseriesVectorBCC_0012,100.0,alpha,0.9494084047823896,0.9492949448346588,-0.00011345994773082069,0.00011345994773082069
joint_devices,trackpad,Trackpad,joint_devices_MeanTimeseriesVectorBCC_0012,100.0,beta,0.0017813179754146292,0.001762313015189375,-1.900496022525411e-05,1.900496022525411e-05
joint_devices,trackpad,Trackpad,joint_devices_MeanTimeseriesVectorBCC_0012,135.0,alpha,0.9491771742446042,0.94908298829056,-9.418595404420138e-05,9.418595404420138e-05
joint_devices,trackpad,Trackpad,joint_devices_MeanTimeseriesVectorBCC_0012,135.0,beta,0.0010100452416683464,0.000997891446500453,-1.2153795167893326e-05,1.2153795167893326e-05
joint_devices,trackpad,Trackpad,joint_devices_MeanTimeseriesVectorBCC_0012,170.0,alpha,0.9490688731550088,0.948983891531607,-8.498162340175863e-05,8.498162340175863e-05
joint_devices,trackpad,Trackpad,joint_devices_MeanTimeseriesVectorBCC_0012,170.0,beta,0.0006488054234331294,0.0006404988486315864,-8.306574801542977e-06,8.306574801542977e-06
joint_devices,mouse,Mouse,joint_devices_MeanTimeseriesVectorBCC_0013,2.0,alpha,0.9617733088503443,0.9637069581057865,0.0019336492554422602,0.0019336492554422602
joint_devices,mouse,Mouse,joint_devices_MeanTimeseriesVectorBCC_0013,2.0,beta,0.15656855305770698,0.14882185651558696,-0.007746696542120013,0.007746696542120013
joint_devices,mouse,Mouse,joint_devices_MeanTimeseriesVectorBCC_0013,5.0,alpha,0.9586343458119491,0.9607593905416889,0.0021250447297398445,0.0021250447297398445
joint_devices,mouse,Mouse,joint_devices_MeanTimeseriesVectorBCC_0013,5.0,beta,0.14374760498910394,0.13667289291906187,-0.007074712070042066,0.007074712070042066
joint_devices,mouse,Mouse,joint_devices_MeanTimeseriesVectorBCC_0013,10.0,alpha,0.9528472924477677,0.955321397710632,0.00247410526286429,0.00247410526286429
joint_devices,mouse,Mouse,joint_devices_MeanTimeseriesVectorBCC_0013,10.0,beta,0.12011065554278723,0.1142591651567603,-0.0058514903860269335,0.0058514903860269335
joint_devices,mouse,Mouse,joint_devices_MeanTimeseriesVectorBCC_0013,20.0,alpha,0.9428144093068678,0.945880660267254,0.003066250960386263,0.003066250960386263
joint_devices,mouse,Mouse,joint_devices_MeanTimeseriesVectorBCC_0013,20.0,beta,0.0791318124807791,0.07534735973422302,-0.0037844527465560884,0.0037844527465560884
joint_devices,mouse,Mouse,joint_devices_MeanTimeseriesVectorBCC_0013,50.0,alpha,0.9298565397666972,0.9336616040682187,0.003805064301521499,0.003805064301521499
joint_devices,mouse,Mouse,joint_devices_MeanTimeseriesVectorBCC_0013,50.0,beta,0.026205998948678602,0.024984182057099895,-0.0012218168915787073,0.0012218168915787073
joint_devices,mouse,Mouse,joint_devices_MeanTimeseriesVectorBCC_0013,100.0,alpha,0.9254366030981127,0.9294866704130529,0.004050067314940176,0.004050067314940176
joint_devices,mouse,Mouse,joint_devices_MeanTimeseriesVectorBCC_0013,100.0,beta,0.008152973856861019,0.007776394316348096,-0.00037657954051292276,0.00037657954051292276
joint_devices,mouse,Mouse,joint_devices_MeanTimeseriesVectorBCC_0013,135.0,alpha,0.9245899001600845,0.9286864730453595,0.004096572885274985,0.004096572885274985
joint_devices,mouse,Mouse,joint_devices_MeanTimeseriesVectorBCC_0013,135.0,beta,0.004694655213025131,0.004478227784542188,-0.0002164274284829435,0.0002164274284829435
joint_devices,mouse,Mouse,joint_devices_MeanTimeseriesVectorBCC_0013,170.0,alpha,0.9241845316100227,0.928303318374447,0.0041187867644243426,0.0041187867644243426
joint_devices,mouse,Mouse,joint_devices_MeanTimeseriesVectorBCC_0013,170.0,beta,0.0030389462844981514,0.0028989825094032943,-0.00013996377509485711,0.00013996377509485711
joint_devices,trackpad,Trackpad,joint_devices_MeanTimeseriesVectorBCC_0013,2.0,alpha,0.9410185123645063,0.9444291849302839,0.0034106725657776504,0.0034106725657776504
joint_devices,trackpad,Trackpad,joint_devices_MeanTimeseriesVectorBCC_0013,2.0,beta,0.12925996837945897,0.12325904690470854,-0.006000921474750426,0.006000921474750426
joint_devices,trackpad,Trackpad,joint_devices_MeanTimeseriesVectorBCC_0013,5.0,alpha,0.9268109315125153,0.9311413934733374,0.004330461960822096,0.004330461960822096
joint_devices,trackpad,Trackpad,joint_devices_MeanTimeseriesVectorBCC_0013,5.0,beta,0.10426245948261177,0.09963199368095493,-0.004630465801656838,0.004630465801656838
joint_devices,trackpad,Trackpad,joint_devices_MeanTimeseriesVectorBCC_0013,10.0,alpha,0.9080085685322885,0.9134709852190795,0.005462416686791038,0.005462416686791038
joint_devices,trackpad,Trackpad,joint_devices_MeanTimeseriesVectorBCC_0013,10.0,beta,0.07118066739032167,0.0682121992281646,-0.0029684681621570674,0.0029684681621570674
joint_devices,trackpad,Trackpad,joint_devices_MeanTimeseriesVectorBCC_0013,20.0,alpha,0.8877879306576317,0.8943563610324644,0.006568430374832679,0.006568430374832679
joint_devices,trackpad,Trackpad,joint_devices_MeanTimeseriesVectorBCC_0013,20.0,beta,0.03560349345498409,0.034224441031289396,-0.001379052423694696,0.001379052423694696
joint_devices,trackpad,Trackpad,joint_devices_MeanTimeseriesVectorBCC_0013,50.0,alpha,0.8726640363732872,0.879982341746034,0.007318305372746803,0.007318305372746803
joint_devices,trackpad,Trackpad,joint_devices_MeanTimeseriesVectorBCC_0013,50.0,beta,0.008993778130020932,0.008665963550653685,-0.0003278145793672478,0.0003278145793672478
joint_devices,trackpad,Trackpad,joint_devices_MeanTimeseriesVectorBCC_0013,100.0,alpha,0.8690235929369694,0.8765122274525388,0.007488634515569359,0.007488634515569359
joint_devices,trackpad,Trackpad,joint_devices_MeanTimeseriesVectorBCC_0013,100.0,beta,0.002588604854158824,0.002495745168572125,-9.285968558669878e-05,9.285968558669878e-05
joint_devices,trackpad,Trackpad,joint_devices_MeanTimeseriesVectorBCC_0013,135.0,alpha,0.8683875390145123,0.8759055114134092,0.007517972398896955,0.007517972398896955
joint_devices,trackpad,Trackpad,joint_devices_MeanTimeseriesVectorBCC_0013,135.0,beta,0.0014695006413350472,0.0014169419532549584,-5.255868808008886e-05,5.255868808008886e-05
joint_devices,trackpad,Trackpad,joint_devices_MeanTimeseriesVectorBCC_0013,170.0,alpha,0.8680893444780584,0.8756210260410112,0.007531681562952808,0.007531681562952808
joint_devices,trackpad,Trackpad,joint_devices_MeanTimeseriesVectorBCC_0013,170.0,beta,0.0009448426678455076,0.0009110978438853971,-3.3744823960110476e-05,3.3744823960110476e-05
joint_devices,mouse,Mouse,joint_devices_MeanTimeseriesVectorBCC_0014,2.0,alpha,0.9573403675064516,0.9573205636202762,-1.9803886175395746e-05,1.9803886175395746e-05
joint_devices,mouse,Mouse,joint_devices_MeanTimeseriesVectorBCC_0014,2.0,beta,0.2545253440275477,0.2544297626107098,-9.558141683785326e-05,9.558141683785326e-05
joint_devices,mouse,Mouse,joint_devices_MeanTimeseriesVectorBCC_0014,5.0,alpha,0.9573118564786816,0.9572944499262361,-1.740655244542033e-05,1.740655244542033e-05
joint_devices,mouse,Mouse,joint_devices_MeanTimeseriesVectorBCC_0014,5.0,beta,0.25418965668956156,0.2540829552304798,-0.00010670145908175943,0.00010670145908175943
joint_devices,mouse,Mouse,joint_devices_MeanTimeseriesVectorBCC_0014,10.0,alpha,0.9572635914718023,0.9572502130033499,-1.337846845239632e-05,1.337846845239632e-05
joint_devices,mouse,Mouse,joint_devices_MeanTimeseriesVectorBCC_0014,10.0,beta,0.2536213870428879,0.2534954592097304,-0.0001259278331575131,0.0001259278331575131
joint_devices,mouse,Mouse,joint_devices_MeanTimeseriesVectorBCC_0014,20.0,alpha,0.9571643119078379,0.9571591110014522,-5.200906385671722e-06,5.200906385671722e-06
joint_devices,mouse,Mouse,joint_devices_MeanTimeseriesVectorBCC_0014,20.0,beta,0.2524524746903618,0.25228556349128695,-0.00016691119907485952,0.00016691119907485952
joint_devices,mouse,Mouse,joint_devices_MeanTimeseriesVectorBCC_0014,50.0,alpha,0.9568455092112492,0.9568658013003445,2.0292089095264032e-05,2.0292089095264032e-05
joint_devices,mouse,Mouse,joint_devices_MeanTimeseriesVectorBCC_0014,50.0,beta,0.24869890854662802,0.2483902138375366,-0.0003086947090914227,0.0003086947090914227
joint_devices,mouse,Mouse,joint_devices_MeanTimeseriesVectorBCC_0014,100.0,alpha,0.9562514395234134,0.9563173545818983,6.591505848485557e-05,6.591505848485557e-05
joint_devices,mouse,Mouse,joint_devices_MeanTimeseriesVectorBCC_0014,100.0,beta,0.24170436335883946,0.24110647338595112,-0.0005978899728883436,0.0005978899728883436
joint_devices,mouse,Mouse,joint_devices_MeanTimeseriesVectorBCC_0014,135.0,alpha,0.9557959268036514,0.9558960451369723,0.0001001183333209088,0.0001001183333209088
joint_devices,mouse,Mouse,joint_devices_MeanTimeseriesVectorBCC_0014,135.0,beta,0.23634118060902615,0.2355112012411294,-0.0008299793678967493,0.0008299793678967493
joint_devices,mouse,Mouse,joint_devices_MeanTimeseriesVectorBCC_0014,170.0,alpha,0.9553138071015472,0.9554499300783599,0.00013612297681264707,0.00013612297681264707
joint_devices,mouse,Mouse,joint_devices_MeanTimeseriesVectorBCC_0014,170.0,beta,0.23066472865171997,0.22958649390094868,-0.0010782347507712897,0.0010782347507712897
joint_devices,trackpad,Trackpad,joint_devices_MeanTimeseriesVectorBCC_0014,2.0,alpha,0.9524469993146839,0.9524546202301294,7.620915445483156e-06,7.620915445483156e-06
joint_devices,trackpad,Trackpad,joint_devices_MeanTimeseriesVectorBCC_0014,2.0,beta,0.2412685404037776,0.2411951092806583,-7.343112311930522e-05,7.343112311930522e-05
joint_devices,trackpad,Trackpad,joint_devices_MeanTimeseriesVectorBCC_0014,5.0,alpha,0.952290017276393,0.9522950088261742,4.991549781285798e-06,4.991549781285798e-06
joint_devices,trackpad,Trackpad,joint_devices_MeanTimeseriesVectorBCC_0014,5.0,beta,0.24059862619513314,0.24049995069232516,-9.867550280798221e-05,9.867550280798221e-05
joint_devices,trackpad,Trackpad,joint_devices_MeanTimeseriesVectorBCC_0014,10.0,alpha,0.9520253116104006,0.9520257302956924,4.1868529176980473e-07,4.1868529176980473e-07
joint_devices,trackpad,Trackpad,joint_devices_MeanTimeseriesVectorBCC_0014,10.0,beta,0.23946900596158557,0.23932715677860963,-0.0001418491829759394,0.0001418491829759394
joint_devices,trackpad,Trackpad,joint_devices_MeanTimeseriesVectorBCC_0014,20.0,alpha,0.9514849027555102,0.9514755128307254,-9.389924784830583e-06,9.389924784830583e-06
joint_devices,trackpad,Trackpad,joint_devices_MeanTimeseriesVectorBCC_0014,20.0,beta,0.23716283403064528,0.23693078417148605,-0.00023204985915922793,0.00023204985915922793
joint_devices,trackpad,Trackpad,joint_devices_MeanTimeseriesVectorBCC_0014,50.0,alpha,0.9497858408435478,0.9497427473282921,-4.3093515255665515e-05,4.3093515255665515e-05
joint_devices,trackpad,Trackpad,joint_devices_MeanTimeseriesVectorBCC_0014,50.0,beta,0.22991215918540697,0.22938403756857811,-0.0005281216168288583,0.0005281216168288583
joint_devices,trackpad,Trackpad,joint_devices_MeanTimeseriesVectorBCC_0014,100.0,alpha,0.9467600933980241,0.9466530385937404,-0.00010705480428374603,0.00010705480428374603
joint_devices,trackpad,Trackpad,joint_devices_MeanTimeseriesVectorBCC_0014,100.0,beta,0.21699990993960813,0.21592737025629052,-0.0010725396833176082,0.0010725396833176082
joint_devices,trackpad,Trackpad,joint_devices_MeanTimeseriesVectorBCC_0014,135.0,alpha,0.9445557416674675,0.9444035416152757,-0.00015220005219174215,0.00015220005219174215
joint_devices,trackpad,Trackpad,joint_devices_MeanTimeseriesVectorBCC_0014,135.0,beta,0.2075929321654177,0.20613009321179712,-0.0014628389536205655,0.0014628389536205655
joint_devices,trackpad,Trackpad,joint_devices_MeanTimeseriesVectorBCC_0014,170.0,alpha,0.9423242365699213,0.9421302779708021,-0.00019395859911919278,0.00019395859911919278
joint_devices,trackpad,Trackpad,joint_devices_MeanTimeseriesVectorBCC_0014,170.0,beta,0.19807007854608644,0.19622930475406583,-0.0018407737920206058,0.0018407737920206058
joint_devices,mouse,Mouse,joint_devices_MeanTimeseriesVectorBCC_0015,2.0,alpha,0.9895809039568181,0.989646898127773,6.599417095487503e-05,6.599417095487503e-05
joint_devices,mouse,Mouse,joint_devices_MeanTimeseriesVectorBCC_0015,2.0,beta,0.24310804073785178,0.24332557108177605,0.0002175303439242715,0.0002175303439242715
joint_devices,mouse,Mouse,joint_devices_MeanTimeseriesVectorBCC_0015,5.0,alpha,0.9891492765270619,0.9891889467221551,3.9670195093211014e-05,3.9670195093211014e-05
joint_devices,mouse,Mouse,joint_devices_MeanTimeseriesVectorBCC_0015,5.0,beta,0.240303620641489,0.2405433692275007,0.00023974858601169546,0.00023974858601169546
joint_devices,mouse,Mouse,joint_devices_MeanTimeseriesVectorBCC_0015,10.0,alpha,0.9883630289239148,0.988356072156453,-6.956767461763214e-06,6.956767461763214e-06
joint_devices,mouse,Mouse,joint_devices_MeanTimeseriesVectorBCC_0015,10.0,beta,0.23519512097957523,0.235483388774011,0.0002882677944357759,0.0002882677944357759
joint_devices,mouse,Mouse,joint_devices_MeanTimeseriesVectorBCC_0015,20.0,alpha,0.9865844952617554,0.9864753726523506,-0.00010912260940476592,0.00010912260940476592
joint_devices,mouse,Mouse,joint_devices_MeanTimeseriesVectorBCC_0015,20.0,beta,0.2236394245609439,0.22405753532436795,0.0004181107634240455,0.0004181107634240455
joint_devices,mouse,Mouse,joint_devices_MeanTimeseriesVectorBCC_0015,50.0,alpha,0.9804463750695309,0.9799870628880263,-0.00045931218150463415,0.00045931218150463415
joint_devices,mouse,Mouse,joint_devices_MeanTimeseriesVectorBCC_0015,50.0,beta,0.18375811388825344,0.18463896986968104,0.0008808559814275918,0.0008808559814275918
joint_devices,mouse,Mouse,joint_devices_MeanTimeseriesVectorBCC_0015,100.0,alpha,0.9711718572579275,0.9701329893370246,-0.0010388679209029084,0.0010388679209029084
joint_devices,mouse,Mouse,joint_devices_MeanTimeseriesVectorBCC_0015,100.0,beta,0.12349863466650293,0.12477230853960022,0.0012736738730972919,0.0012736738730972919
joint_devices,mouse,Mouse,joint_devices_MeanTimeseriesVectorBCC_0015,135.0,alpha,0.9665108754315023,0.9651454060421991,-0.0013654693893031533,0.0013654693893031533
joint_devices,mouse,Mouse,joint_devices_MeanTimeseriesVectorBCC_0015,135.0,beta,0.09321475972790164,0.09447113832593407,0.0012563785980324316,0.0012563785980324316
joint_devices,mouse,Mouse,joint_devices_MeanTimeseriesVectorBCC_0015,170.0,alpha,0.9631622586176167,0.9615447544153775,-0.0016175042022392727,0.0016175042022392727
joint_devices,mouse,Mouse,joint_devices_MeanTimeseriesVectorBCC_0015,170.0,beta,0.071457735867805,0.07259602339048485,0.0011382875226798456,0.0011382875226798456
joint_devices,trackpad,Trackpad,joint_devices_MeanTimeseriesVectorBCC_0015,2.0,alpha,0.9883928805227326,0.9884472567494548,5.43762267222192e-05,5.43762267222192e-05
joint_devices,trackpad,Trackpad,joint_devices_MeanTimeseriesVectorBCC_0015,2.0,beta,0.23269502377024334,0.23291525130156934,0.00022022753132600048,0.00022022753132600048
joint_devices,trackpad,Trackpad,joint_devices_MeanTimeseriesVectorBCC_0015,5.0,alpha,0.9877566760914456,0.9877880149464252,3.133885497963451e-05,3.133885497963451e-05
joint_devices,trackpad,Trackpad,joint_devices_MeanTimeseriesVectorBCC_0015,5.0,beta,0.22804756703568974,0.22832574410258175,0.00027817706689201027,0.00027817706689201027
joint_devices,trackpad,Trackpad,joint_devices_MeanTimeseriesVectorBCC_0015,10.0,alpha,0.9866252553126834,0.9866169041737546,-8.351138928830437e-06,8.351138928830437e-06
joint_devices,trackpad,Trackpad,joint_devices_MeanTimeseriesVectorBCC_0015,10.0,beta,0.21978256783215594,0.22017270936285124,0.0003901415306953038,0.0003901415306953038
joint_devices,trackpad,Trackpad,joint_devices_MeanTimeseriesVectorBCC_0015,20.0,alpha,0.9841894566261222,0.9840973432992702,-9.211332685199469e-05,9.211332685199469e-05
joint_devices,trackpad,Trackpad,joint_devices_MeanTimeseriesVectorBCC_0015,20.0,beta,0.2019891221200981,0.20263203958343035,0.0006429174633322543,0.0006429174633322543
joint_devices,trackpad,Trackpad,joint_devices_MeanTimeseriesVectorBCC_0015,50.0,alpha,0.9769057413640725,0.9765427233934928,-0.0003630179705796932,0.0003630179705796932
joint_devices,trackpad,Trackpad,joint_devices_MeanTimeseriesVectorBCC_0015,50.0,beta,0.14878177259141712,0.1500383140583812,0.0012565414669640784,0.0012565414669640784
joint_devices,trackpad,Trackpad,joint_devices_MeanTimeseriesVectorBCC_0015,100.0,alpha,0.968374767598894,0.967610114595274,-0.0007646530036199417,0.0007646530036199417
joint_devices,trackpad,Trackpad,joint_devices_MeanTimeseriesVectorBCC_0015,100.0,beta,0.08646323231172327,0.08785131044793114,0.0013880781362078654,0.0013880781362078654
joint_devices,trackpad,Trackpad,joint_devices_MeanTimeseriesVectorBCC_0015,135.0,alpha,0.9649035536000834,0.9639406702036425,-0.0009628833964409056,0.0009628833964409056
joint_devices,trackpad,Trackpad,joint_devices_MeanTimeseriesVectorBCC_0015,135.0,beta,0.06110610481857783,0.06230538575947572,0.0011992809408978913,0.0011992809408978913
joint_devices,trackpad,Trackpad,joint_devices_MeanTimeseriesVectorBCC_0015,170.0,alpha,0.9626706178816266,0.9615677734931471,-0.001102844388479407,0.001102844388479407
joint_devices,trackpad,Trackpad,joint_devices_MeanTimeseriesVectorBCC_0015,170.0,beta,0.04479456778389493,0.04578576202623608,0.0009911942423411549,0.0009911942423411549
joint_devices,mouse,Mouse,joint_devices_MeanTimeseriesVectorBCC_0016,2.0,alpha,0.996157087876648,0.9964753216282499,0.00031823375160189293,0.00031823375160189293
joint_devices,mouse,Mouse,joint_devices_MeanTimeseriesVectorBCC_0016,2.0,beta,0.06920160278093941,0.06764795238916295,-0.0015536503917764621,0.0015536503917764621
joint_devices,mouse,Mouse,joint_devices_MeanTimeseriesVectorBCC_0016,5.0,alpha,0.9946124177061378,0.9948854068421659,0.00027298913602802344,0.00027298913602802344
joint_devices,mouse,Mouse,joint_devices_MeanTimeseriesVectorBCC_0016,5.0,beta,0.06289514950707463,0.06163945505450114,-0.0012556944525734873,0.0012556944525734873
joint_devices,mouse,Mouse,joint_devices_MeanTimeseriesVectorBCC_0016,10.0,alpha,0.991807332299363,0.9919947083251764,0.00018737602581342383,0.00018737602581342383
joint_devices,mouse,Mouse,joint_devices_MeanTimeseriesVectorBCC_0016,10.0,beta,0.05144277579988793,0.05071512471512423,-0.0007276510847636988,0.0007276510847636988
joint_devices,mouse,Mouse,joint_devices_MeanTimeseriesVectorBCC_0016,20.0,alpha,0.9871762294009481,0.9871645281720648,-1.1701228883276293e-05,1.1701228883276293e-05
joint_devices,mouse,Mouse,joint_devices_MeanTimeseriesVectorBCC_0016,20.0,beta,0.032535286943759824,0.03246123788425243,-7.404905950739171e-05,7.404905950739171e-05
joint_devices,mouse,Mouse,joint_devices_MeanTimeseriesVectorBCC_0016,50.0,alpha,0.981697216473861,0.9813068146775885,-0.00039040179627247706,0.00039040179627247706
joint_devices,mouse,Mouse,joint_devices_MeanTimeseriesVectorBCC_0016,50.0,beta,0.010166020241234962,0.010324167252019855,0.00015814701078489292,0.00015814701078489292
joint_devices,mouse,Mouse,joint_devices_MeanTimeseriesVectorBCC_0016,100.0,alpha,0.9799642169057468,0.9794116382820096,-0.0005525786237371433,0.0005525786237371433
joint_devices,mouse,Mouse,joint_devices_MeanTimeseriesVectorBCC_0016,100.0,beta,0.003090671076998417,0.0031620460985985013,7.137502160008439e-05,7.137502160008439e-05
joint_devices,mouse,Mouse,joint_devices_MeanTimeseriesVectorBCC_0016,135.0,alpha,0.9796408440090544,0.9790550620087386,-0.0005857820003157821,0.0005857820003157821
joint_devices,mouse,Mouse,joint_devices_MeanTimeseriesVectorBCC_0016,135.0,beta,0.0017704306127501969,0.0018144974083759676,4.406679562577072e-05,4.406679562577072e-05
joint_devices,mouse,Mouse,joint_devices_MeanTimeseriesVectorBCC_0016,170.0,alpha,0.9794871288828039,0.9788851639184553,-0.0006019649643486114,0.0006019649643486114
joint_devices,mouse,Mouse,joint_devices_MeanTimeseriesVectorBCC_0016,170.0,beta,0.0011428550437438234,0.001172430153220984,2.9575109477160627e-05,2.9575109477160627e-05
joint_devices,trackpad,Trackpad,joint_devices_MeanTimeseriesVectorBCC_0016,2.0,alpha,0.9933359319093885,0.9936349177593629,0.0002989858499743425,0.0002989858499743425
joint_devices,trackpad,Trackpad,joint_devices_MeanTimeseriesVectorBCC_0016,2.0,beta,0.06252177006833848,0.06111598531335071,-0.001405784754987767,0.001405784754987767
joint_devices,trackpad,Trackpad,joint_devices_MeanTimeseriesVectorBCC_0016,5.0,alpha,0.9900626631929331,0.990363277837268,0.0003006146443348401,0.0003006146443348401
joint_devices,trackpad,Trackpad,joint_devices_MeanTimeseriesVectorBCC_0016,5.0,beta,0.05255779471303814,0.05162235361774792,-0.0009354410952902223,0.0009354410952902223
joint_devices,trackpad,Trackpad,joint_devices_MeanTimeseriesVectorBCC_0016,10.0,alpha,0.9852244139305487,0.9854953110791399,0.0002708971485911871,0.0002708971485911871
joint_devices,trackpad,Trackpad,joint_devices_MeanTimeseriesVectorBCC_0016,10.0,beta,0.03782994906723247,0.037496507067216266,-0.00033344200001620555,0.00033344200001620555
joint_devices,trackpad,Trackpad,joint_devices_MeanTimeseriesVectorBCC_0016,20.0,alpha,0.9793572307215537,0.9794901271727323,0.00013289645117864346,0.00013289645117864346
joint_devices,trackpad,Trackpad,joint_devices_MeanTimeseriesVectorBCC_0016,20.0,beta,0.01996998278778669,0.020070688325131068,0.00010070553734437687,0.00010070553734437687
joint_devices,trackpad,Trackpad,joint_devices_MeanTimeseriesVectorBCC_0016,50.0,alpha,0.9745113732695639,0.9744088515611268,-0.00010252170843716435,0.00010252170843716435
joint_devices,trackpad,Trackpad,joint_devices_MeanTimeseriesVectorBCC_0016,50.0,beta,0.005218977474904498,0.005325862993147726,0.00010688551824322799,0.00010688551824322799
joint_devices,trackpad,Trackpad,joint_devices_MeanTimeseriesVectorBCC_0016,100.0,alpha,0.973292477671194,0.9731070157383984,-0.0001854619327955609,0.0001854619327955609
joint_devices,trackpad,Trackpad,joint_devices_MeanTimeseriesVectorBCC_0016,100.0,beta,0.0015086051361512193,0.0015482009877238953,3.9595851572676e-05,3.9595851572676e-05
joint_devices,trackpad,Trackpad,joint_devices_MeanTimeseriesVectorBCC_0016,135.0,alpha,0.9730781930613235,0.9728767411568242,-0.00020145190449927242,0.00020145190449927242
joint_devices,trackpad,Trackpad,joint_devices_MeanTimeseriesVectorBCC_0016,135.0,beta,0.000856313266242834,0.0008799911240525733,2.3677857809739308e-05,2.3677857809739308e-05
joint_devices,trackpad,Trackpad,joint_devices_MeanTimeseriesVectorBCC_0016,170.0,alpha,0.9729776942547206,0.9727685510932939,-0.00020914316142672806,0.00020914316142672806
joint_devices,trackpad,Trackpad,joint_devices_MeanTimeseriesVectorBCC_0016,170.0,beta,0.0005503904352834354,0.0005660456286011031,1.56551933176677e-05,1.56551933176677e-05
joint_devices,mouse,Mouse,joint_devices_MeanTimeseriesVectorBCC_0017,2.0,alpha,0.9767664475614715,0.9770478311540715,0.000281383592599993,0.000281383592599993
joint_devices,mouse,Mouse,joint_devices_MeanTimeseriesVectorBCC_0017,2.0,beta,0.07920274287556886,0.07904037367089471,-0.00016236920467414817,0.00016236920467414817
joint_devices,mouse,Mouse,joint_devices_MeanTimeseriesVectorBCC_0017,5.0,alpha,0.9761230216815661,0.9763233215658613,0.00020029988429526302,0.00020029988429526302
joint_devices,mouse,Mouse,joint_devices_MeanTimeseriesVectorBCC_0017,5.0,beta,0.0758010302915772,0.07570759217252458,-9.343811905261623e-05,9.343811905261623e-05
joint_devices,mouse,Mouse,joint_devices_MeanTimeseriesVectorBCC_0017,10.0,alpha,0.9748845463913518,0.9749346617639217,5.011537256993659e-05,5.011537256993659e-05
joint_devices,mouse,Mouse,joint_devices_MeanTimeseriesVectorBCC_0017,10.0,beta,0.0692533655002515,0.06931968541359901,6.631991334750398e-05,6.631991334750398e-05
joint_devices,mouse,Mouse,joint_devices_MeanTimeseriesVectorBCC_0017,20.0,alpha,0.9722526983087495,0.9719802708413265,-0.0002724274674229532,0.0002724274674229532
joint_devices,mouse,Mouse,joint_devices_MeanTimeseriesVectorBCC_0017,20.0,beta,0.0553391120930706,0.05572933469084047,0.00039022259776986395,0.00039022259776986395
joint_devices,mouse,Mouse,joint_devices_MeanTimeseriesVectorBCC_0017,50.0,alpha,0.966756334154729,0.965714444056667,-0.0010418900980619927,0.0010418900980619927
joint_devices,mouse,Mouse,joint_devices_MeanTimeseriesVectorBCC_0017,50.0,beta,0.02628051856605744,0.0269062080963492,0.0006256895302917606,0.0006256895302917606
joint_devices,mouse,Mouse,joint_devices_MeanTimeseriesVectorBCC_0017,100.0,alpha,0.9636462596078479,0.9620813725594642,-0.0015648870483836452,0.0015648870483836452
joint_devices,mouse,Mouse,joint_devices_MeanTimeseriesVectorBCC_0017,100.0,beta,0.009837941334266962,0.010193891703070161,0.00035595036880319876,0.00035595036880319876
joint_devices,mouse,Mouse,joint_devices_MeanTimeseriesVectorBCC_0017,135.0,alpha,0.9629066646363006,0.9612052500207389,-0.001701414615561725,0.001701414615561725
joint_devices,mouse,Mouse,joint_devices_MeanTimeseriesVectorBCC_0017,135.0,beta,0.005927794726332756,0.006163682807447162,0.00023588808111440606,0.00023588808111440606
joint_devices,mouse,Mouse,joint_devices_MeanTimeseriesVectorBCC_0017,170.0,alpha,0.9625292271394437,0.9607559749647918,-0.0017732521746518515,0.0017732521746518515
joint_devices,mouse,Mouse,joint_devices_MeanTimeseriesVectorBCC_0017,170.0,beta,0.003932329634196212,0.00409699436259356,0.00016466472839734778,0.00016466472839734778
joint_devices,trackpad,Trackpad,joint_devices_MeanTimeseriesVectorBCC_0017,2.0,alpha,0.9748041757728976,0.9749090518689325,0.00010487609603493375,0.00010487609603493375
joint_devices,trackpad,Trackpad,joint_devices_MeanTimeseriesVectorBCC_0017,2.0,beta,0.07359701554603322,0.0733326494246013,-0.00026436612143192206,0.00026436612143192206
joint_devices,trackpad,Trackpad,joint_devices_MeanTimeseriesVectorBCC_0017,5.0,alpha,0.9732598251010888,0.9732467599854271,-1.3065115661681226e-05,1.3065115661681226e-05
joint_devices,trackpad,Trackpad,joint_devices_MeanTimeseriesVectorBCC_0017,5.0,beta,0.06778689607269243,0.06764622152639686,-0.00014067454629557163,0.00014067454629557163
joint_devices,trackpad,Trackpad,joint_devices_MeanTimeseriesVectorBCC_0017,10.0,alpha,0.9705921621215519,0.9703812004059813,-0.00021096171557055676,0.00021096171557055676
joint_devices,trackpad,Trackpad,joint_devices_MeanTimeseriesVectorBCC_0017,10.0,beta,0.0577506776744679,0.05784361219032395,9.293451585604823e-05,9.293451585604823e-05
joint_devices,trackpad,Trackpad,joint_devices_MeanTimeseriesVectorBCC_0017,20.0,alpha,0.9659690965075785,0.9653898030574227,-0.0005792934501557268,0.0005792934501557268
joint_devices,trackpad,Trackpad,joint_devices_MeanTimeseriesVectorBCC_0017,20.0,beta,0.040357889857165215,0.040768860508318364,0.00041097065115314885,0.00041097065115314885
joint_devices,trackpad,Trackpad,joint_devices_MeanTimeseriesVectorBCC_0017,50.0,alpha,0.9592785417911079,0.9580330988809694,-0.0012454429101385056,0.0012454429101385056
joint_devices,trackpad,Trackpad,joint_devices_MeanTimeseriesVectorBCC_0017,50.0,beta,0.015186843568767254,0.015602782106007186,0.0004159385372399325,0.0004159385372399325
joint_devices,trackpad,Trackpad,joint_devices_MeanTimeseriesVectorBCC_0017,100.0,alpha,0.9565940846911849,0.9550146244929956,-0.0015794601981893308,0.0015794601981893308
joint_devices,trackpad,Trackpad,joint_devices_MeanTimeseriesVectorBCC_0017,100.0,beta,0.005087442729097204,0.0052770762897727756,0.00018963356067557176,0.00018963356067557176
joint_devices,trackpad,Trackpad,joint_devices_MeanTimeseriesVectorBCC_0017,135.0,alpha,0.9560367480490372,0.9543812112390855,-0.0016555368099516743,0.0016555368099516743
joint_devices,trackpad,Trackpad,joint_devices_MeanTimeseriesVectorBCC_0017,135.0,beta,0.0029906440311977104,0.0031102734353116077,0.0001196294041138973,0.0001196294041138973
joint_devices,trackpad,Trackpad,joint_devices_MeanTimeseriesVectorBCC_0017,170.0,alpha,0.9557626709895733,0.9540686334813532,-0.0016940375082201697,0.0016940375082201697
joint_devices,trackpad,Trackpad,joint_devices_MeanTimeseriesVectorBCC_0017,170.0,beta,0.0019595178177958276,0.002040996192509481,8.147837471365318e-05,8.147837471365318e-05
joint_devices,mouse,Mouse,joint_devices_MeanTimeseriesVectorBCC_0018,2.0,alpha,0.9816285608405435,0.9812029193448725,-0.0004256414956710364,0.0004256414956710364
joint_devices,mouse,Mouse,joint_devices_MeanTimeseriesVectorBCC_0018,2.0,beta,0.19203301927542943,0.19579297477503899,0.0037599554996095574,0.0037599554996095574
joint_devices,mouse,Mouse,joint_devices_MeanTimeseriesVectorBCC_0018,5.0,alpha,0.9814606576648384,0.9810320316731476,-0.00042862599169080084,0.00042862599169080084
joint_devices,mouse,Mouse,joint_devices_MeanTimeseriesVectorBCC_0018,5.0,beta,0.19053368007673643,0.1942522593226238,0.0037185792458873657,0.0037185792458873657
joint_devices,mouse,Mouse,joint_devices_MeanTimeseriesVectorBCC_0018,10.0,alpha,0.9811602683995803,0.9807261504501836,-0.0004341179493966285,0.0004341179493966285
joint_devices,mouse,Mouse,joint_devices_MeanTimeseriesVectorBCC_0018,10.0,beta,0.18785126863111176,0.19149444817061306,0.003643179539501301,0.003643179539501301
joint_devices,mouse,Mouse,joint_devices_MeanTimeseriesVectorBCC_0018,20.0,alpha,0.9804914031063829,0.9800446636538164,-0.0004467394525665691,0.0004467394525665691
joint_devices,mouse,Mouse,joint_devices_MeanTimeseriesVectorBCC_0018,20.0,beta,0.18187844561257954,0.18535019430383817,0.0034717486912586304,0.0034717486912586304
joint_devices,mouse,Mouse,joint_devices_MeanTimeseriesVectorBCC_0018,50.0,alpha,0.9781218198232314,0.9776301397728743,-0.0004916800503571572,0.0004916800503571572
joint_devices,mouse,Mouse,joint_devices_MeanTimeseriesVectorBCC_0018,50.0,beta,0.1607185772177328,0.16358095714329435,0.0028623799255615423,0.0028623799255615423
joint_devices,mouse,Mouse,joint_devices_MeanTimeseriesVectorBCC_0018,100.0,alpha,0.9739605531323259,0.9733995924281713,-0.0005609607041545672,0.0005609607041545672
joint_devices,mouse,Mouse,joint_devices_MeanTimeseriesVectorBCC_0018,100.0,beta,0.12355936185632348,0.12543853528005944,0.0018791734237359609,0.0018791734237359609
joint_devices,mouse,Mouse,joint_devices_MeanTimeseriesVectorBCC_0018,135.0,alpha,0.9714381884989222,0.9708441496765606,-0.0005940388223615312,0.0005940388223615312
joint_devices,mouse,Mouse,joint_devices_MeanTimeseriesVectorBCC_0018,135.0,beta,0.10103518890737603,0.10239878001025451,0.0013635911028784808,0.0013635911028784808
joint_devices,mouse,Mouse,joint_devices_MeanTimeseriesVectorBCC_0018,170.0,alpha,0.9693718693350659,0.9687565134559163,-0.0006153558791496261,0.0006153558791496261
joint_devices,mouse,Mouse,joint_devices_MeanTimeseriesVectorBCC_0018,170.0,beta,0.08258340378556482,0.08357674708241453,0.0009933432968497052,0.0009933432968497052
joint_devices,trackpad,Trackpad,joint_devices_MeanTimeseriesVectorBCC_0018,2.0,alpha,0.9806990420430474,0.9803212334572546,-0.00037780858579272714,0.00037780858579272714
joint_devices,trackpad,Trackpad,joint_devices_MeanTimeseriesVectorBCC_0018,2.0,beta,0.18406304994848358,0.18772209174356239,0.00365904179507881,0.00365904179507881
joint_devices,trackpad,Trackpad,joint_devices_MeanTimeseriesVectorBCC_0018,5.0,alpha,0.9804078299694126,0.980032827021223,-0.00037500294818959556,0.00037500294818959556
joint_devices,trackpad,Trackpad,joint_devices_MeanTimeseriesVectorBCC_0018,5.0,beta,0.18150925080108588,0.18510450851553573,0.003595257714449851,0.003595257714449851
joint_devices,trackpad,Trackpad,joint_devices_MeanTimeseriesVectorBCC_0018,10.0,alpha,0.9798956223375974,0.9795253156933575,-0.0003703066442398706,0.0003703066442398706
joint_devices,trackpad,Trackpad,joint_devices_MeanTimeseriesVectorBCC_0018,10.0,beta,0.17701741982342947,0.1804983244159971,0.0034809045925676407,0.0034809045925676407
joint_devices,trackpad,Trackpad,joint_devices_MeanTimeseriesVectorBCC_0018,20.0,alpha,0.9787939942669367,0.9784332432542145,-0.00036075101272214916,0.00036075101272214916
joint_devices,trackpad,Trackpad,joint_devices_MeanTimeseriesVectorBCC_0018,20.0,beta,0.16735663621480984,0.17058665066896375,0.003230014454153912,0.003230014454153912
joint_devices,trackpad,Trackpad,joint_devices_MeanTimeseriesVectorBCC_0018,50.0,alpha,0.9752762967867269,0.9749465922980951,-0.0003297044886317879,0.0003297044886317879
joint_devices,trackpad,Trackpad,joint_devices_MeanTimeseriesVectorBCC_0018,50.0,beta,0.1365080085681754,0.13894172904274127,0.002433720474565859,0.002433720474565859
joint_devices,trackpad,Trackpad,joint_devices_MeanTimeseriesVectorBCC_0018,100.0,alpha,0.9702528375893243,0.9699797301381932,-0.0002731074511311826,0.0002731074511311826
joint_devices,trackpad,Trackpad,joint_devices_MeanTimeseriesVectorBCC_0018,100.0,beta,0.09245452666685725,0.09386237760881501,0.001407850941957764,0.001407850941957764
joint_devices,trackpad,Trackpad,joint_devices_MeanTimeseriesVectorBCC_0018,135.0,alpha,0.9677508241808503,0.9675139292699545,-0.00023689491089584624,0.00023689491089584624
joint_devices,trackpad,Trackpad,joint_devices_MeanTimeseriesVectorBCC_0018,135.0,beta,0.07051299234245069,0.07148271408547573,0.0009697217430250371,0.0009697217430250371
joint_devices,trackpad,Trackpad,joint_devices_MeanTimeseriesVectorBCC_0018,170.0,alpha,0.9659389929864329,0.9657322764510006,-0.0002067165354323608,0.0002067165354323608
joint_devices,trackpad,Trackpad,joint_devices_MeanTimeseriesVectorBCC_0018,170.0,beta,0.05462404618105274,0.055312393473949915,0.0006883472928971776,0.0006883472928971776
joint_devices,mouse,Mouse,joint_devices_MeanTimeseriesVectorBCC_0019,2.0,alpha,0.9534399422064114,0.954635947848527,0.0011960056421156384,0.0011960056421156384
joint_devices,mouse,Mouse,joint_devices_MeanTimeseriesVectorBCC_0019,2.0,beta,0.2096379554740818,0.205376908670115,-0.0042610468039668,0.0042610468039668
joint_devices,mouse,Mouse,joint_devices_MeanTimeseriesVectorBCC_0019,5.0,alpha,0.9493993966406615,0.9504985190630092,0.0010991224223476648,0.0010991224223476648
joint_devices,mouse,Mouse,joint_devices_MeanTimeseriesVectorBCC_0019,5.0,beta,0.19667887771846781,0.1928534767711614,-0.0038254009473064066,0.0038254009473064066
joint_devices,mouse,Mouse,joint_devices_MeanTimeseriesVectorBCC_0019,10.0,alpha,0.9418390874125114,0.9427751256257554,0.0009360382132439504,0.0009360382132439504
joint_devices,mouse,Mouse,joint_devices_MeanTimeseriesVectorBCC_0019,10.0,beta,0.17243100486323273,0.1694758195946003,-0.002955185268632421,0.002955185268632421
joint_devices,mouse,Mouse,joint_devices_MeanTimeseriesVectorBCC_0019,20.0,alpha,0.9273141507201611,0.9278905962888876,0.0005764455687264913,0.0005764455687264913
joint_devices,mouse,Mouse,joint_devices_MeanTimeseriesVectorBCC_0019,20.0,beta,0.12584576509088707,0.12442238202228291,-0.0014233830686041643,0.0014233830686041643
joint_devices,mouse,Mouse,joint_devices_MeanTimeseriesVectorBCC_0019,50.0,alpha,0.9035719918792804,0.9032248429422309,-0.0003471489370494574,0.0003471489370494574
joint_devices,mouse,Mouse,joint_devices_MeanTimeseriesVectorBCC_0019,50.0,beta,0.049698502920853906,0.04976251516137842,6.401224052451221e-05,6.401224052451221e-05
joint_devices,mouse,Mouse,joint_devices_MeanTimeseriesVectorBCC_0019,100.0,alpha,0.8933140517557586,0.8923821299233917,-0.0009319218323668998,0.0009319218323668998
joint_devices,mouse,Mouse,joint_devices_MeanTimeseriesVectorBCC_0019,100.0,beta,0.016798628012875672,0.016943103606399248,0.00014447559352357559,0.00014447559352357559
joint_devices,mouse,Mouse,joint_devices_MeanTimeseriesVectorBCC_0019,135.0,alpha,0.8911533356275017,0.8900793190663127,-0.0010740165611889951,0.0010740165611889951
joint_devices,mouse,Mouse,joint_devices_MeanTimeseriesVectorBCC_0019,135.0,beta,0.009868650895120951,0.009972809629196475,0.00010415873407552435,0.00010415873407552435
joint_devices,mouse,Mouse,joint_devices_MeanTimeseriesVectorBCC_0019,170.0,alpha,0.8900899869265461,0.8889430666951368,-0.0011469202314092763,0.0011469202314092763
joint_devices,mouse,Mouse,joint_devices_MeanTimeseriesVectorBCC_0019,170.0,beta,0.006458215776204702,0.0065335288758327364,7.531309962803458e-05,7.531309962803458e-05
joint_devices,trackpad,Trackpad,joint_devices_MeanTimeseriesVectorBCC_0019,2.0,alpha,0.9541548536704149,0.9553370173853561,0.0011821637149412867,0.0011821637149412867
joint_devices,trackpad,Trackpad,joint_devices_MeanTimeseriesVectorBCC_0019,2.0,beta,0.1994047648920523,0.195474489443527,-0.003930275448525311,0.003930275448525311
joint_devices,trackpad,Trackpad,joint_devices_MeanTimeseriesVectorBCC_0019,5.0,alpha,0.9508397557481514,0.9519070289580204,0.0010672732098689908,0.0010672732098689908
joint_devices,trackpad,Trackpad,joint_devices_MeanTimeseriesVectorBCC_0019,5.0,beta,0.181518651416383,0.17831011386691634,-0.00320853754946665,0.00320853754946665
joint_devices,trackpad,Trackpad,joint_devices_MeanTimeseriesVectorBCC_0019,10.0,alpha,0.9451382178335059,0.9460021298339071,0.0008639120004011458,0.0008639120004011458
joint_devices,trackpad,Trackpad,joint_devices_MeanTimeseriesVectorBCC_0019,10.0,beta,0.15075685899923758,0.148760770347118,-0.0019960886521195875,0.0019960886521195875
joint_devices,trackpad,Trackpad,joint_devices_MeanTimeseriesVectorBCC_0019,20.0,alpha,0.9357150383160923,0.9361590237138002,0.00044398539770795775,0.00044398539770795775
joint_devices,trackpad,Trackpad,joint_devices_MeanTimeseriesVectorBCC_0019,20.0,beta,0.09991550767197872,0.09950381981647777,-0.00041168785550095566,0.00041168785550095566
joint_devices,trackpad,Trackpad,joint_devices_MeanTimeseriesVectorBCC_0019,50.0,alpha,0.9235544530163939,0.9232063233085313,-0.0003481297078626877,0.0003481297078626877
joint_devices,trackpad,Trackpad,joint_devices_MeanTimeseriesVectorBCC_0019,50.0,beta,0.034304894139196185,0.03468581264318836,0.0003809185039921753,0.0003809185039921753
joint_devices,trackpad,Trackpad,joint_devices_MeanTimeseriesVectorBCC_0019,100.0,alpha,0.9192305771507698,0.9185088644383267,-0.0007217127124431455,0.0007217127124431455
joint_devices,trackpad,Trackpad,joint_devices_MeanTimeseriesVectorBCC_0019,100.0,beta,0.010976070617007297,0.011178751318640635,0.00020268070163333846,0.00020268070163333846
joint_devices,trackpad,Trackpad,joint_devices_MeanTimeseriesVectorBCC_0019,135.0,alpha,0.9183780423091255,0.9175751088479611,-0.0008029334611643346,0.0008029334611643346
joint_devices,trackpad,Trackpad,joint_devices_MeanTimeseriesVectorBCC_0019,135.0,beta,0.006376346784656441,0.006506044110050213,0.00012969732539377162,0.00012969732539377162
joint_devices,trackpad,Trackpad,joint_devices_MeanTimeseriesVectorBCC_0019,170.0,alpha,0.9179654132723142,0.9171220538327123,-0.0008433594396018984,0.0008433594396018984
joint_devices,trackpad,Trackpad,joint_devices_MeanTimeseriesVectorBCC_0019,170.0,beta,0.004150068723245854,0.004238862571878618,8.879384863276409e-05,8.879384863276409e-05
