clamp_magnitude,forward,forward_ci95,sideways,sideways_ci95,n_participants,ballistic_fraction,sample_percent,panel,path_type
2.0,-17.803861714898442,12.734799551622679,12.264063077757115,13.649783295203273,48.0,0.2,20.0,Human,condition_mean
3.0,-8.323389060829816,9.929931095319485,5.3255215344597815,7.381220362121992,49.0,0.2,20.0,Human,condition_mean
4.0,-13.294410274480349,14.56084463266518,-2.5602075926553436,11.627470692305165,48.0,0.2,20.0,Human,condition_mean
5.0,-24.735707687587183,18.05799349736013,-4.78647707821788,16.298725454187558,49.0,0.2,20.0,Human,condition_mean
6.0,-22.712171951742068,17.845618191712994,12.648147223395098,9.952168332576411,48.0,0.2,20.0,Human,condition_mean
7.0,-15.598862769927791,16.347435955916513,3.145418913284503,7.138307089639764,49.0,0.2,20.0,Human,condition_mean
8.0,-9.591215504549659,13.285318404711461,-4.814964095474319,14.087920431206568,48.0,0.2,20.0,Human,condition_mean
10.0,-12.902670780698204,11.265363229799009,9.140238700285675,7.3424528928753166,49.0,0.2,20.0,Human,condition_mean
15.0,-5.0694878887668064,16.207577965231543,-1.1413386116898676,9.992413882151952,49.0,0.2,20.0,Human,condition_mean
20.0,-14.407202146119241,14.788001466710535,7.59577472995162,5.501350958053102,50.0,0.2,20.0,Human,condition_mean
25.0,-12.372983818653594,13.57635686490452,14.422046057065506,10.956398387483373,50.0,0.2,20.0,Human,condition_mean
30.0,3.729282950252157,13.96769011222389,11.603050920436708,7.726257319139828,50.0,0.2,20.0,Human,condition_mean
35.0,-6.347664374573028,16.42390259776065,15.066134762352242,7.338602168723969,50.0,0.2,20.0,Human,condition_mean
40.0,0.14286642917339548,15.59765364655201,14.399171267027757,6.230401789981998,50.0,0.2,20.0,Human,condition_mean
45.0,-9.668920393347333,12.238450658088286,12.03133007409019,7.534451237710869,50.0,0.2,20.0,Human,condition_mean
50.0,3.6518155540502915,13.720065927142274,12.455044121026445,6.033741919770217,50.0,0.2,20.0,Human,condition_mean
55.0,-8.61459334974644,12.351043427112838,4.306955379115307,8.00559645746235,48.0,0.2,20.0,Human,condition_mean
60.0,-2.3463618632842578,22.04552339580363,-6.9351306722832415,19.3052098433106,46.0,0.2,20.0,Human,condition_mean
65.0,-4.913698904097732,13.61414291229138,12.786026622599273,9.413503823749425,48.0,0.2,20.0,Human,condition_mean
70.0,-4.431624468924476,20.70574742912019,8.339348683930782,11.911950384878025,46.0,0.2,20.0,Human,condition_mean
75.0,-12.206931093312642,15.981686256324538,15.220014315332415,18.4428007551898,48.0,0.2,20.0,Human,condition_mean
80.0,5.664925690876418,17.144551177584685,-2.9655375108274113,16.766283631857437,46.0,0.2,20.0,Human,condition_mean
85.0,-0.40792514152975606,11.656525225979758,12.445707281818343,6.409951383971272,48.0,0.2,20.0,Human,condition_mean
90.0,-2.857538286408235,19.775663181405875,20.334917527408354,23.556229144497966,46.0,0.2,20.0,Human,condition_mean
95.0,-14.130905200550776,17.723381412934994,10.788964598225274,10.83829428708738,49.0,0.2,20.0,Human,condition_mean
100.0,-7.006625055368033,15.339000216555734,4.135786979257259,6.638944112139182,47.0,0.2,20.0,Human,condition_mean
105.0,-0.08808709331011819,12.848990381972019,5.341840065682953,8.589493189089803,49.0,0.2,20.0,Human,condition_mean
110.0,-1.6288302870557538,10.77036466087703,3.5394340325466387,7.645605248574963,47.0,0.2,20.0,Human,condition_mean
115.0,-9.494549043095637,14.082419883999437,1.4138541541200842,6.7876253091434995,49.0,0.2,20.0,Human,condition_mean
120.0,-11.570406659388867,10.650054434197763,-2.5257908848695463,7.084673506658103,47.0,0.2,20.0,Human,condition_mean
125.0,-7.051237623444512,14.906648239024056,-3.358448343093401,8.563955639159394,49.0,0.2,20.0,Human,condition_mean
130.0,11.79092575023367,19.55351556721895,-5.3769683196193805,7.0736506372598775,47.0,0.2,20.0,Human,condition_mean
135.0,7.455324850669059,11.010414322570476,-0.7351840919488267,3.421060618930343,48.0,0.2,20.0,Human,condition_mean
140.0,4.619554839230342,13.548783215049308,-2.5669408230620676,8.183576650943838,49.0,0.2,20.0,Human,condition_mean
145.0,16.608868286887894,17.630934632603644,-1.899328599276285,7.002085605687526,48.0,0.2,20.0,Human,condition_mean
150.0,3.2392039487357316,17.177107246560574,0.7118790026932521,9.058879840032292,49.0,0.2,20.0,Human,condition_mean
155.0,2.2008483244430246,13.467855144534344,-3.38640424231634,9.3232354271167,48.0,0.2,20.0,Human,condition_mean
160.0,7.125851300212192,12.213384908682798,-1.5891588975350688,5.527263689872045,49.0,0.2,20.0,Human,condition_mean
165.0,8.37807352606362,14.90040308036525,-3.4114155248679285,8.610714060751386,48.0,0.2,20.0,Human,condition_mean
170.0,17.3049889752794,18.543274870632647,-6.289198376168106,10.421528045192519,49.0,0.2,20.0,Human,condition_mean
2.0,-4.191633300239588,,0.6752615864013771,,,0.2,20.0,Calibrated 1D,condition_mean
3.0,-4.191633300239588,,2.267748185528061,,,0.2,20.0,Calibrated 1D,condition_mean
4.0,-4.191633300239588,,3.7032514064795863,,,0.2,20.0,Calibrated 1D,condition_mean
5.0,-4.191633300239588,,4.9794115276876205,,,0.2,20.0,Calibrated 1D,condition_mean
6.0,-4.191633300239588,,6.09910430067243,,,0.2,20.0,Calibrated 1D,condition_mean
7.0,-4.191633300239588,,7.069098174332797,,,0.2,20.0,Calibrated 1D,condition_mean
8.0,-4.191633300239588,,7.898820282984046,,,0.2,20.0,Calibrated 1D,condition_mean
10.0,-4.191633300239588,,9.182379102356212,,,0.2,20.0,Calibrated 1D,condition_mean
15.0,-4.191633300239588,,10.739157569331045,,,0.2,20.0,Calibrated 1D,condition_mean
20.0,-4.191633300239588,,10.888731848057493,,,0.2,20.0,Calibrated 1D,condition_mean
25.0,-4.191633300239588,,10.397154642772998,,,0.2,20.0,Calibrated 1D,condition_mean
30.0,-4.191633300239588,,9.656906018735087,,,0.2,20.0,Calibrated 1D,condition_mean
35.0,-4.191633300239588,,8.853440752311963,,,0.2,20.0,Calibrated 1D,condition_mean
40.0,-4.191633300239588,,8.069350916422005,,,0.2,20.0,Calibrated 1D,condition_mean
45.0,-4.191633300239588,,7.338159731057274,,,0.2,20.0,Calibrated 1D,condition_mean
50.0,-4.191633300239588,,6.670502578933318,,,0.2,20.0,Calibrated 1D,condition_mean
55.0,-4.191633300239588,,6.066653810979425,,,0.2,20.0,Calibrated 1D,condition_mean
60.0,-4.191633300239588,,5.5224939454317035,,,0.2,20.0,Calibrated 1D,condition_mean
65.0,-4.191633300239588,,5.032334065730655,,,0.2,20.0,Calibrated 1D,condition_mean
70.0,-4.191633300239588,,4.5902261427553235,,,0.2,20.0,Calibrated 1D,condition_mean
75.0,-4.191633300239588,,4.190540415602108,,,0.2,20.0,Calibrated 1D,condition_mean
80.0,-4.191633300239588,,3.8281887114620567,,,0.2,20.0,Calibrated 1D,condition_mean
85.0,-4.191633300239588,,3.4986794674726442,,,0.2,20.0,Calibrated 1D,condition_mean
90.0,-4.191633300239588,,3.1980961308225013,,,0.2,20.0,Calibrated 1D,condition_mean
95.0,-4.191633300239588,,2.923044122937402,,,0.2,20.0,Calibrated 1D,condition_mean
100.0,-4.191633300239588,,2.670588324144887,,,0.2,20.0,Calibrated 1D,condition_mean
105.0,-4.191633300239588,,2.4381913572642433,,,0.2,20.0,Calibrated 1D,condition_mean
110.0,-4.191633300239588,,2.2236570862750464,,,0.2,20.0,Calibrated 1D,condition_mean
115.0,-4.191633300239588,,2.025080841625764,,,0.2,20.0,Calibrated 1D,condition_mean
120.0,-4.191633300239588,,1.8408064911061026,,,0.2,20.0,Calibrated 1D,condition_mean
125.0,-4.191633300239588,,1.6693898540430214,,,0.2,20.0,Calibrated 1D,condition_mean
130.0,-4.191633300239588,,1.5095677242808399,,,0.2,20.0,Calibrated 1D,condition_mean
135.0,-4.191633300239588,,1.3602317254588,,,0.2,20.0,Calibrated 1D,condition_mean
140.0,-4.191633300239588,,1.2204062677391208,,,0.2,20.0,Calibrated 1D,condition_mean
145.0,-4.191633300239588,,1.0892299557728191,,,0.2,20.0,Calibrated 1D,condition_mean
150.0,-4.191633300239588,,0.9659398871028175,,,0.2,20.0,Calibrated 1D,condition_mean
155.0,-4.191633300239588,,0.8498583660090708,,,0.2,20.0,Calibrated 1D,condition_mean
160.0,-4.191633300239588,,0.7403816347883967,,,0.2,20.0,Calibrated 1D,condition_mean
165.0,-4.191633300239588,,0.636970291055694,,,0.2,20.0,Calibrated 1D,condition_mean
170.0,-4.191633300239588,,0.5391411160338095,,,0.2,20.0,Calibrated 1D,condition_mean
2.0,-10.292683422215797,,-1.8660499476244579,,,0.2,20.0,Calibrated 2D,condition_mean
3.0,-10.241355287515747,,-0.715487682733043,,,0.2,20.0,Calibrated 2D,condition_mean
4.0,-10.171523880412092,,0.3890735413891857,,,0.2,20.0,Calibrated 2D,condition_mean
5.0,-10.084462127499064,,1.4456095599208334,,,0.2,20.0,Calibrated 2D,condition_mean
6.0,-9.981480944950453,,2.4526401417584216,,,0.2,20.0,Calibrated 2D,condition_mean
7.0,-9.863908616651905,,3.4091891830218675,,,0.2,20.0,Calibrated 2D,condition_mean
8.0,-9.733072567391554,,4.314740239270803,,,0.2,20.0,Calibrated 2D,condition_mean
10.0,-9.436822868627448,,5.9727976589755905,,,0.2,20.0,Calibrated 2D,condition_mean
15.0,-8.551009750040674,,9.257082436116194,,,0.2,20.0,Calibrated 2D,condition_mean
20.0,-7.56015848433484,,11.443111455017732,,,0.2,20.0,Calibrated 2D,condition_mean
25.0,-6.558805860963023,,12.739437071950565,,,0.2,20.0,Calibrated 2D,condition_mean
30.0,-5.6063099754129055,,13.35378571569741,,,0.2,20.0,Calibrated 2D,condition_mean
35.0,-4.735604527362342,,13.465050607777812,,,0.2,20.0,Calibrated 2D,condition_mean
40.0,-3.9618419483783107,,13.216116671602688,,,0.2,20.0,Calibrated 2D,condition_mean
45.0,-3.2891239568822987,,12.716236180159473,,,0.2,20.0,Calibrated 2D,condition_mean
50.0,-2.7151731168963504,,12.04674023129309,,,0.2,20.0,Calibrated 2D,condition_mean
55.0,-2.2343508966997216,,11.267156031292654,,,0.2,20.0,Calibrated 2D,condition_mean
60.0,-1.8395045992298105,,10.4205709960327,,,0.2,20.0,Calibrated 2D,condition_mean
65.0,-1.5230420162241316,,9.537933885342618,,,0.2,20.0,Calibrated 2D,condition_mean
70.0,-1.2775206958625613,,8.641342136636734,,,0.2,20.0,Calibrated 2D,condition_mean
75.0,-1.095943433444635,,7.746485755852005,,,0.2,20.0,Calibrated 2D,condition_mean
80.0,-0.9718821838261729,,6.864434701628415,,,0.2,20.0,Calibrated 2D,condition_mean
85.0,-0.8995058366013797,,6.0029337208229645,,,0.2,20.0,Calibrated 2D,condition_mean
90.0,-0.8735572212904525,,5.1673354368422775,,,0.2,20.0,Calibrated 2D,condition_mean
95.0,-0.8893059442786626,,4.361271019139398,,,0.2,20.0,Calibrated 2D,condition_mean
100.0,-0.9424922046163751,,3.587131788069419,,,0.2,20.0,Calibrated 2D,condition_mean
105.0,-1.0292698702312855,,2.846415060955451,,,0.2,20.0,Calibrated 2D,condition_mean
110.0,-1.1461530542927605,,2.1399726261303442,,,0.2,20.0,Calibrated 2D,condition_mean
115.0,-1.2899681015861812,,1.4681893603246694,,,0.2,20.0,Calibrated 2D,condition_mean
120.0,-1.4578115896893173,,0.8311116778176206,,,0.2,20.0,Calibrated 2D,condition_mean
125.0,-1.647014250337854,,0.2285399013455125,,,0.2,20.0,Calibrated 2D,condition_mean
130.0,-1.8551103694428477,,-0.33990534783379633,,,0.2,20.0,Calibrated 2D,condition_mean
135.0,-2.079812078176065,,-0.8747354890402583,,,0.2,20.0,Calibrated 2D,condition_mean
140.0,-2.318987912423694,,-1.3765598290859646,,,0.2,20.0,Calibrated 2D,condition_mean
145.0,-2.5706450409557826,,-1.8460611472501225,,,0.2,20.0,Calibrated 2D,condition_mean
150.0,-2.832914613411856,,-2.2839782892797604,,,0.2,20.0,Calibrated 2D,condition_mean
155.0,-3.1040397404546187,,-2.6910937899406986,,,0.2,20.0,Calibrated 2D,condition_mean
160.0,-3.3823656808749503,,-3.068225083943955,,,0.2,20.0,Calibrated 2D,condition_mean
165.0,-3.6663318692501807,,-3.4162182564655144,,,0.2,20.0,Calibrated 2D,condition_mean
170.0,-3.9544654708475013,,-3.735943569029467,,,0.2,20.0,Calibrated 2D,condition_mean
2.0,-14.01508273189087,,4.4243881029602905,,,0.2,20.0,Human,smoothed_path
2.702928870292887,-13.944117334551068,,4.467414345677008,,,0.2,20.0,Human,smoothed_path
3.405857740585774,-13.870058069220597,,4.513357373757995,,,0.2,20.0,Human,smoothed_path
4.108786610878661,-13.792778131431174,,4.562333975826208,,,0.2,20.0,Human,smoothed_path
4.811715481171548,-13.712148605478237,,4.614460982433626,,,0.2,20.0,Human,smoothed_path
5.514644351464435,-13.628038981781877,,4.669854494013863,,,0.2,20.0,Human,smoothed_path
6.217573221757322,-13.540317766864526,,4.728628997367418,,,0.2,20.0,Human,smoothed_path
6.920502092050209,-13.44885319406916,,4.790896362844858,,,0.2,20.0,Human,smoothed_path
7.623430962343096,-13.353514042975512,,4.856764714975219,,,0.2,20.0,Human,smoothed_path
8.326359832635983,-13.254170575083815,,4.926337170174847,,,0.2,20.0,Human,smoothed_path
9.02928870292887,-13.150695592680897,,4.999710436418004,,,0.2,20.0,Human,smoothed_path
9.732217573221757,-13.04296562683487,,5.076973271407779,,,0.2,20.0,Human,smoothed_path
10.435146443514643,-12.930862259133391,,5.158204797907333,,,0.2,20.0,Human,smoothed_path
11.13807531380753,-12.81427358003787,,5.243472677526568,,,0.2,20.0,Human,smoothed_path
11.841004184100418,-12.6930957845269,,5.332831147451037,,,0.2,20.0,Human,smoothed_path
12.543933054393305,-12.567234903006383,,5.42631892838086,,,0.2,20.0,Human,smoothed_path
13.246861924686192,-12.436608662241326,,5.523957016334576,,,0.2,20.0,Human,smoothed_path
13.949790794979078,-12.301148467298216,,5.625746375962459,,,0.2,20.0,Human,smoothed_path
14.652719665271965,-12.160801491180464,,5.7316655585755925,,,0.2,20.0,Human,smoothed_path
15.355648535564853,-12.015532854017744,,5.841668274167011,,,0.2,20.0,Human,smoothed_path
16.05857740585774,-11.865327868390025,,5.955680953177334,,,0.2,20.0,Human,smoothed_path
16.761506276150627,-11.710194321719316,,6.0736003404918115,,,0.2,20.0,Human,smoothed_path
17.464435146443513,-11.550164760775932,,6.195291170952817,,,0.2,20.0,Human,smoothed_path
18.1673640167364,-11.385298737395885,,6.320583982283793,,,0.2,20.0,Human,smoothed_path
18.870292887029287,-11.215684968707926,,6.449273127449411,,,0.2,20.0,Human,smoothed_path
19.573221757322173,-11.041443359784509,,6.5811150537768475,,,0.2,20.0,Human,smoothed_path
20.27615062761506,-10.862726831959979,,6.715826920251118,,,0.2,20.0,Human,smoothed_path
20.97907949790795,-10.679722896431638,,6.853085626864609,,,0.2,20.0,Human,smoothed_path
21.682008368200837,-10.492654910524198,,6.992527330332098,,,0.2,20.0,Human,smoothed_path
22.384937238493723,-10.301782953503414,,7.1337475184804555,,,0.2,20.0,Human,smoothed_path
23.08786610878661,-10.107404260399004,,7.276301710835646,,,0.2,20.0,Human,smoothed_path
23.790794979079497,-9.909853156222253,,7.419706845085981,,,0.2,20.0,Human,smoothed_path
24.493723849372383,-9.709500439447805,,7.56344339803907,,,0.2,20.0,Human,smoothed_path
25.19665271966527,-9.506752172779242,,7.7069582753932835,,,0.2,20.0,Human,smoothed_path
25.899581589958157,-9.302047851014782,,7.849668487268789,,,0.2,20.0,Human,smoothed_path
26.602510460251043,-9.095857930103216,,7.99096560633429,,,0.2,20.0,Human,smoothed_path
27.30543933054393,-8.888680717903734,,8.130220983072043,,,0.2,20.0,Human,smoothed_path
28.008368200836816,-8.681038645242309,,8.266791668987864,,,0.2,20.0,Human,smoothed_path
28.711297071129707,-8.473473954945355,,8.400026974310027,,,0.2,20.0,Human,smoothed_path
29.414225941422593,-8.266543865851418,,8.529275562981997,,,0.2,20.0,Human,smoothed_path
30.11715481171548,-8.060815287483035,,8.653892965666687,,,0.2,20.0,Human,smoothed_path
30.820083682008367,-7.856859178189929,,8.77324937218589,,,0.2,20.0,Human,smoothed_path
31.523012552301253,-7.655244654251604,,8.886737549392166,,,0.2,20.0,Human,smoothed_path
32.22594142259414,-7.456532968830015,,8.99378071984426,,,0.2,20.0,Human,smoothed_path
32.92887029288703,-7.261271487107582,,9.093840231547059,,,0.2,20.0,Human,smoothed_path
33.63179916317991,-7.069987786941936,,9.186422849861199,,,0.2,20.0,Human,smoothed_path
34.3347280334728,-6.883184012661492,,9.271087509606847,,,0.2,20.0,Human,smoothed_path
35.037656903765686,-6.7013316032206145,,9.347451378163605,,,0.2,20.0,Human,smoothed_path
35.74058577405857,-6.524866505099668,,9.415195098459627,,,0.2,20.0,Human,smoothed_path
36.44351464435146,-6.354184965592751,,9.474067103310706,,,0.2,20.0,Human,smoothed_path
37.146443514644346,-6.189639984206137,,9.523886918539846,,,0.2,20.0,Human,smoothed_path
37.84937238493723,-6.0315384796848885,,9.564547400447964,,,0.2,20.0,Human,smoothed_path
38.55230125523012,-5.880139208682681,,9.596015882208814,,,0.2,20.0,Human,smoothed_path
39.255230125523006,-5.735651450307343,,9.618334232334853,,,0.2,20.0,Human,smoothed_path
39.9581589958159,-5.5982344496882295,,9.631617855310056,,,0.2,20.0,Human,smoothed_path
40.66108786610879,-5.467997594199205,,9.63605368878453,,,0.2,20.0,Human,smoothed_path
41.36401673640167,-5.345001278760522,,9.63189727256546,,,0.2,20.0,Human,smoothed_path
42.06694560669456,-5.229258402280962,,9.619468981464628,,,0.2,20.0,Human,smoothed_path
42.76987447698745,-5.120736426135977,,9.599149526577264,,,0.2,20.0,Human,smoothed_path
43.47280334728033,-5.019359917755963,,9.571374837726058,,,0.2,20.0,Human,smoothed_path
44.17573221757322,-4.925013497883068,,9.536630443785644,,,0.2,20.0,Human,smoothed_path
44.87866108786611,-4.8375451086453065,,9.495445467768029,,,0.2,20.0,Human,smoothed_path
45.58158995815899,-4.756769520964779,,9.448386350398263,,,0.2,20.0,Human,smoothed_path
46.28451882845188,-4.682472003542313,,9.396050410027584,,,0.2,20.0,Human,smoothed_path
46.98744769874477,-4.614412081268106,,9.339059338745585,,,0.2,20.0,Human,smoothed_path
47.69037656903765,-4.5523273179024635,,9.278052725086653,,,0.2,20.0,Human,smoothed_path
48.39330543933054,-4.4959370657676,,9.213681683366012,,,0.2,20.0,Human,smoothed_path
49.096234309623426,-4.444946133541329,,9.146602658948234,,,0.2,20.0,Human,smoothed_path
49.79916317991631,-4.399048331649932,,9.077471468088032,,,0.2,20.0,Human,smoothed_path
50.5020920502092,-4.357929862888411,,9.00693762073983,,,0.2,20.0,Human,smoothed_path
51.205020920502086,-4.321272533489372,,8.935638965168641,,,0.2,20.0,Human,smoothed_path
51.90794979079497,-4.2887567667255055,,8.864196684483598,,,0.2,20.0,Human,smoothed_path
52.61087866108786,-4.260064407139498,,8.793210667451927,,,0.2,20.0,Human,smoothed_path
53.313807531380746,-4.234881308584384,,8.723255269165072,,,0.2,20.0,Human,smoothed_path
54.01673640167363,-4.212899703414246,,8.654875471296958,,,0.2,20.0,Human,smoothed_path
54.71966527196653,-4.193820353418534,,8.588583446755218,,,0.2,20.0,Human,smoothed_path
55.42259414225941,-4.177354485506984,,8.524855529391413,,,0.2,20.0,Human,smoothed_path
56.1255230125523,-4.163225516812198,,8.464129586003047,,,0.2,20.0,Human,smoothed_path
56.82845188284519,-4.151170574886953,,8.40680278502105,,,0.2,20.0,Human,smoothed_path
57.53138075313807,-4.140941819144539,,8.353229753925998,,,0.2,20.0,Human,smoothed_path
58.23430962343096,-4.132307569737275,,8.303721115479082,,,0.2,20.0,Human,smoothed_path
58.93723849372385,-4.125053249802741,,8.258542391205623,,,0.2,20.0,Human,smoothed_path
59.64016736401673,-4.118982146534977,,8.21791325916082,,,0.2,20.0,Human,smoothed_path
60.34309623430962,-4.113915995955946,,8.182007151786838,,,0.2,20.0,Human,smoothed_path
61.046025104602506,-4.109695395656425,,8.150951178598161,,,0.2,20.0,Human,smoothed_path
61.74895397489539,-4.106180049219105,,8.124826357485313,,,0.2,20.0,Human,smoothed_path
62.45188284518828,-4.103248845590272,,8.103668137592463,,,0.2,20.0,Human,smoothed_path
63.154811715481166,-4.100799776377539,,8.08746719600004,,,0.2,20.0,Human,smoothed_path
63.85774058577405,-4.098749693954047,,8.076170489833634,,,0.2,20.0,Human,smoothed_path
64.56066945606693,-4.0970339133660145,,8.069682544933924,,,0.2,20.0,Human,smoothed_path
65.26359832635983,-4.0956056613805005,,8.067866961870816,,,0.2,20.0,Human,smoothed_path
65.96652719665272,-4.094435376572637,,8.070548119878715,,,0.2,20.0,Human,smoothed_path
66.6694560669456,-4.093509865125191,,8.077513059238655,,,0.2,20.0,Human,smoothed_path
67.3723849372385,-4.092831317978082,,8.088513522742176,,,0.2,20.0,Human,smoothed_path
68.07531380753137,-4.092416196093932,,8.103268137142752,,,0.2,20.0,Human,smoothed_path
68.77824267782427,-4.092293991863254,,8.12146471592934,,,0.2,20.0,Human,smoothed_path
69.48117154811715,-4.0925058760205975,,8.142762665333894,,,0.2,20.0,Human,smoothed_path
70.18410041841004,-4.093103240837567,,8.166795476196242,,,0.2,20.0,Human,smoothed_path
70.88702928870292,-4.094146151754764,,8.19317328513565,,,0.2,20.0,Human,smoothed_path
71.58995815899581,-4.095701720965758,,8.221485489396066,,,0.2,20.0,Human,smoothed_path
72.29288702928869,-4.097842417726353,,8.251303400714109,,,0.2,20.0,Human,smoothed_path
72.99581589958159,-4.100644331286995,,8.282182924577452,,,0.2,20.0,Human,smoothed_path
73.69874476987447,-4.104185403293912,,8.313667252266272,,,0.2,20.0,Human,smoothed_path
74.40167364016736,-4.10854364723838,,8.345289554073505,,,0.2,20.0,Human,smoothed_path
75.10460251046024,-4.113795373021118,,8.376575663052703,,,0.2,20.0,Human,smoothed_path
75.80753138075313,-4.120013434914938,,8.407046739521068,,,0.2,20.0,Human,smoothed_path
76.51046025104601,-4.127265521134406,,8.43622190732835,,,0.2,20.0,Human,smoothed_path
77.2133891213389,-4.135612502845684,,8.463620853573586,,,0.2,20.0,Human,smoothed_path
77.9163179916318,-4.145106859769878,,8.488766383999362,,,0.2,20.0,Human,smoothed_path
78.61924686192468,-4.155791198554615,,8.51118692671201,,,0.2,20.0,Human,smoothed_path
79.32217573221757,-4.167696878825071,,8.530418977165644,,,0.2,20.0,Human,smoothed_path
80.02510460251045,-4.180842760298647,,8.546009477513884,,,0.2,20.0,Human,smoothed_path
80.72803347280335,-4.195234082587112,,8.557518123486826,,,0.2,20.0,Human,smoothed_path
81.43096234309623,-4.210861487351704,,8.564519591907914,,,0.2,20.0,Human,smoothed_path
82.13389121338912,-4.227700190363545,,8.566605681846596,,,0.2,20.0,Human,smoothed_path
82.836820083682,-4.245709308800458,,8.563387362231493,,,0.2,20.0,Human,smoothed_path
83.5397489539749,-4.264831346833191,,8.554496718551572,,,0.2,20.0,Human,smoothed_path
84.24267782426777,-4.284991840272094,,8.539588791077241,,,0.2,20.0,Human,smoothed_path
84.94560669456067,-4.306099158813701,,8.51834329686752,,,0.2,20.0,Human,smoothed_path
85.64853556485355,-4.328044462298548,,8.490466227720693,,,0.2,20.0,Human,smoothed_path
86.35146443514644,-4.350701805418244,,8.45569131620018,,,0.2,20.0,Human,smoothed_path
87.05439330543932,-4.373928383538145,,8.41378136194746,,,0.2,20.0,Human,smoothed_path
87.75732217573221,-4.397564910774453,,8.364529410699063,,,0.2,20.0,Human,smoothed_path
88.46025104602509,-4.421436120216377,,8.307759778770906,,,0.2,20.0,Human,smoothed_path
89.16317991631799,-4.445351375243155,,8.243328916269633,,,0.2,20.0,Human,smoothed_path
89.86610878661087,-4.469105380271447,,8.171126102943585,,,0.2,20.0,Human,smoothed_path
90.56903765690376,-4.492478978990777,,8.091073971394334,,,0.2,20.0,Human,smoothed_path
91.27196652719664,-4.515240028203538,,8.00312885332833,,,0.2,20.0,Human,smoothed_path
91.97489539748953,-4.537144335771645,,7.9072809456258994,,,0.2,20.0,Human,smoothed_path
92.67782426778243,-4.557936651864838,,7.803554294226044,,,0.2,20.0,Human,smoothed_path
93.3807531380753,-4.5773517036768085,,7.692006595150181,,,0.2,20.0,Human,smoothed_path
94.0836820083682,-4.595115264986962,,7.572728813392467,,,0.2,20.0,Human,smoothed_path
94.78661087866108,-4.6109452533527415,,7.4458446218620775,,,0.2,20.0,Human,smoothed_path
95.48953974895397,-4.624552849267755,,7.31150966404528,,,0.2,20.0,Human,smoothed_path
96.19246861924685,-4.635643633257943,,7.1699106455328705,,,0.2,20.0,Human,smoothed_path
96.89539748953975,-4.643918738551248,,7.021264261001397,,,0.2,20.0,Human,smoothed_path
97.59832635983263,-4.649076018583896,,6.865815964616453,,,0.2,20.0,Human,smoothed_path
98.30125523012552,-4.650811230136556,,6.703838593114786,,,0.2,20.0,Human,smoothed_path
99.0041841004184,-4.648819234266818,,6.535630851995499,,,0.2,20.0,Human,smoothed_path
99.7071129707113,-4.642795218364566,,6.361515676286629,,,0.2,20.0,Human,smoothed_path
100.41004184100417,-4.632435943553823,,6.181838478234923,,,0.2,20.0,Human,smoothed_path
101.11297071129707,-4.617441022255462,,5.996965294979407,,,0.2,20.0,Human,smoothed_path
101.81589958158995,-4.5975142309754515,,5.807280849805208,,,0.2,20.0,Human,smoothed_path
102.51882845188284,-4.572364863268706,,5.613186540927851,,,0.2,20.0,Human,smoothed_path
103.22175732217572,-4.541709127335237,,5.415098371931343,,,0.2,20.0,Human,smoothed_path
103.92468619246861,-4.505271591831187,,5.213444837979569,,,0.2,20.0,Human,smoothed_path
104.62761506276149,-4.462786682231779,,5.008664781750243,,,0.2,20.0,Human,smoothed_path
105.33054393305439,-4.414000228487602,,4.801205232715764,,,0.2,20.0,Human,smoothed_path
106.03347280334727,-4.358671062802646,,4.5915192429330025,,,0.2,20.0,Human,smoothed_path
106.73640167364016,-4.2965726641753,,4.380063731922493,,,0.2,20.0,Human,smoothed_path
107.43933054393305,-4.227494843935446,,4.16729735253826,,,0.2,20.0,Human,smoothed_path
108.14225941422593,-4.15124546394308,,3.953678388974102,,,0.2,20.0,Human,smoothed_path
108.84518828451883,-4.067652176455343,,3.739662697243937,,,0.2,20.0,Human,smoothed_path
109.5481171548117,-3.9765641719928757,,3.5257016976346716,,,0.2,20.0,Human,smoothed_path
110.2510460251046,-3.8778539189200645,,3.312240427781794,,,0.2,20.0,Human,smoothed_path
110.95397489539748,-3.7714188759755505,,3.099715664180822,,,0.2,20.0,Human,smoothed_path
111.65690376569037,-3.657183156726599,,2.8885541191390844,,,0.2,20.0,Human,smoothed_path
112.35983263598325,-3.5350991229486963,,2.6791707194083187,,,0.2,20.0,Human,smoothed_path
113.06276150627615,-3.405148882319886,,2.471966972030674,,,0.2,20.0,Human,smoothed_path
113.76569037656903,-3.2673456646315016,,2.2673294222890434,,,0.2,20.0,Human,smoothed_path
114.46861924686192,-3.12173505000784,,2.065628208081958,,,0.2,20.0,Human,smoothed_path
115.1715481171548,-2.968396022442517,,1.86721571454695,,,0.2,20.0,Human,smoothed_path
115.8744769874477,-2.80744182233201,,1.672425332332265,,,0.2,20.0,Human,smoothed_path
116.57740585774057,-2.639020572639769,,1.481570322561846,,,0.2,20.0,Human,smoothed_path
117.28033472803347,-2.4633156548650126,,1.2949427912444496,,,0.2,20.0,Human,smoothed_path
117.98326359832635,-2.2805458131151832,,1.1128127756359103,,,0.2,20.0,Human,smoothed_path
118.68619246861924,-2.090964967270843,,0.9354274448608709,,,0.2,20.0,Human,smoothed_path
119.38912133891212,-1.894861719455827,,0.7630104169242753,,,0.2,20.0,Human,smoothed_path
120.09205020920501,-1.6925585417382365,,0.5957611940777313,,,0.2,20.0,Human,smoothed_path
120.79497907949789,-1.4844106371336827,,0.4338547183370184,,,0.2,20.0,Human,smoothed_path
121.49790794979079,-1.2708044704921204,,0.277441048758163,,,0.2,20.0,Human,smoothed_path
122.20083682008368,-1.0521559706470531,,0.12664516185652935,,,0.2,20.0,Human,smoothed_path
122.90376569037656,-0.82890841020361,,-0.01843312371856004,,,0.2,20.0,Human,smoothed_path
123.60669456066945,-0.6015299744479023,,-0.15771909747372825,,,0.2,20.0,Human,smoothed_path
124.30962343096233,-0.3705110359758837,,-0.2911629819500888,,,0.2,20.0,Human,smoothed_path
125.01255230125523,-0.13636115666462814,,-0.4187396322979983,,,0.2,20.0,Human,smoothed_path
125.7154811715481,0.10039415655871847,,-0.5404481112232737,,,0.2,20.0,Human,smoothed_path
126.418410041841,0.339216911156788,,-0.656311140634667,,,0.2,20.0,Human,smoothed_path
127.12133891213388,0.5795602684893123,,-0.7663744320619332,,,0.2,20.0,Human,smoothed_path
127.82426778242677,0.8208723245825245,,-0.8707058987343679,,,0.2,20.0,Human,smoothed_path
128.52719665271965,1.0625999902584446,,-0.969394753102506,,,0.2,20.0,Human,smoothed_path
129.23012552301253,1.3041929262686311,,-1.062550494539931,,,0.2,20.0,Human,smoothed_path
129.93305439330544,1.5451074873299917,,-1.1503017929625876,,,0.2,20.0,Human,smoothed_path
130.63598326359832,1.784810627971132,,-1.2327952751325175,,,0.2,20.0,Human,smoothed_path
131.3389121338912,2.022783722901973,,-1.3101942214511242,,,0.2,20.0,Human,smoothed_path
132.04184100418408,2.258526255236666,,-1.3826771820716472,,,0.2,20.0,Human,smoothed_path
132.744769874477,2.4915593273343166,,-1.4504365221480637,,,0.2,20.0,Human,smoothed_path
133.44769874476987,2.7214289512578858,,-1.5136769069631226,,,0.2,20.0,Human,smoothed_path
134.15062761506275,2.9477090788576508,,-1.5726137385171928,,,0.2,20.0,Human,smoothed_path
134.85355648535563,3.1700043352108214,,-1.6274715558876232,,,0.2,20.0,Human,smoothed_path
135.55648535564853,3.3879524235275005,,-1.6784824122628428,,,0.2,20.0,Human,smoothed_path
136.2594142259414,3.60122617458141,,-1.7258842419954907,,,0.2,20.0,Human,smoothed_path
136.9623430962343,3.809535219145798,,-1.7699192312869818,,,0.2,20.0,Human,smoothed_path
137.6652719665272,4.012627267700937,,-1.8108322061976163,,,0.2,20.0,Human,smoothed_path
138.36820083682008,4.210288987712335,,-1.8488690515619104,,,0.2,20.0,Human,smoothed_path
139.07112970711296,4.402346474932704,,-1.8842751740727248,,,0.2,20.0,Human,smoothed_path
139.77405857740584,4.588665321327776,,-1.9172940222796933,,,0.2,20.0,Human,smoothed_path
140.47698744769875,4.76915028823889,,-1.9481656755324015,,,0.2,20.0,Human,smoothed_path
141.17991631799163,4.9437445991488955,,-1.9771255129965963,,,0.2,20.0,Human,smoothed_path
141.8828451882845,5.112428871795647,,-2.00440297279758,,,0.2,20.0,Human,smoothed_path
142.58577405857739,5.275219714271861,,-2.0302204101184596,,,0.2,20.0,Human,smoothed_path
143.2887029288703,5.4321680140689,,-2.0547920617259003,,,0.2,20.0,Human,smoothed_path
143.99163179916317,5.583356952686469,,-2.0783231229395955,,,0.2,20.0,Human,smoothed_path
144.69456066945605,5.728899781381964,,-2.1010089415335793,,,0.2,20.0,Human,smoothed_path
145.39748953974893,5.86893739583108,,-2.123034331489145,,,0.2,20.0,Human,smoothed_path
146.10041841004184,6.003635748896212,,-2.144573007942637,,,0.2,20.0,Human,smoothed_path
146.80334728033472,6.133183141350514,,-2.165787143118549,,,0.2,20.0,Human,smoothed_path
147.5062761506276,6.257787430303299,,-2.1868270415396784,,,0.2,20.0,Human,smoothed_path
148.20920502092048,6.3776731942542515,,-2.2078309313900366,,,0.2,20.0,Human,smoothed_path
148.9121338912134,6.493078892224144,,-2.228924867598197,,,0.2,20.0,Human,smoothed_path
149.61506276150627,6.604254052336037,,-2.2502227410305937,,,0.2,20.0,Human,smoothed_path
150.31799163179915,6.711456522633073,,-2.2718263871537707,,,0.2,20.0,Human,smoothed_path
151.02092050209203,6.8149498139039215,,-2.293825786654828,,,0.2,20.0,Human,smoothed_path
151.72384937238493,6.915000560937983,,-2.316299349809126,,,0.2,20.0,Human,smoothed_path
152.4267782426778,7.01187612504384,,-2.33931427585752,,,0.2,20.0,Human,smoothed_path
153.1297071129707,7.105842356930387,,-2.3629269783016755,,,0.2,20.0,Human,smoothed_path
153.8326359832636,7.197161535260689,,-2.38718356684066,,,0.2,20.0,Human,smoothed_path
154.53556485355648,7.286090492428575,,-2.412120376646718,,,0.2,20.0,Human,smoothed_path
155.23849372384936,7.372878935453679,,-2.4377645358014677,,,0.2,20.0,Human,smoothed_path
155.94142259414224,7.457767966409155,,-2.4641345619713344,,,0.2,20.0,Human,smoothed_path
156.64435146443515,7.540988803544752,,-2.4912409797770607,,,0.2,20.0,Human,smoothed_path
157.34728033472803,7.622761701291498,,-2.51908695078881,,,0.2,20.0,Human,smoothed_path
158.0502092050209,7.703295064667788,,-2.5476689086377684,,,0.2,20.0,Human,smoothed_path
158.75313807531379,7.782784751273171,,-2.576977192358635,,,0.2,20.0,Human,smoothed_path
159.4560669456067,7.861413552069038,,-2.606996671747215,,,0.2,20.0,Human,smoothed_path
160.15899581589957,7.939350840507399,,-2.637707359216062,,,0.2,20.0,Human,smoothed_path
160.86192468619245,8.0167523782753,,-2.6690850033430262,,,0.2,20.0,Human,smoothed_path
161.56485355648533,8.093760264959755,,-2.701101660017783,,,0.2,20.0,Human,smoothed_path
162.26778242677824,8.170503018288025,,-2.733726237787546,,,0.2,20.0,Human,smoothed_path
162.97071129707112,8.247095771236502,,-2.7669250146737774,,,0.2,20.0,Human,smoothed_path
163.673640167364,8.323640572200999,,-2.800662124367995,,,0.2,20.0,Human,smoothed_path
164.37656903765688,8.400226774552229,,-2.834900010309228,,,0.2,20.0,Human,smoothed_path
165.0794979079498,8.476931502231588,,-2.869599846693027,,,0.2,20.0,Human,smoothed_path
165.78242677824267,8.553820178542512,,-2.9047219259583046,,,0.2,20.0,Human,smoothed_path
166.48535564853555,8.630947105931062,,-2.9402260127415296,,,0.2,20.0,Human,smoothed_path
167.18828451882845,8.708356085296101,,-2.9760716646770584,,,0.2,20.0,Human,smoothed_path
167.89121338912133,8.786081064197067,,-3.012218520758159,,,0.2,20.0,Human,smoothed_path
168.5941422594142,8.864146804210067,,-3.0486265582569367,,,0.2,20.0,Human,smoothed_path
169.2970711297071,8.942569558597775,,-3.08525631943509,,,0.2,20.0,Human,smoothed_path
170.0,9.02135775238537,,-3.1220691094643835,,,0.2,20.0,Human,smoothed_path
2.0,-4.191633300239588,,6.2282109665916465,,,0.2,20.0,Calibrated 1D,smoothed_path
2.702928870292887,-4.191633300239589,,6.27884363183705,,,0.2,20.0,Calibrated 1D,smoothed_path
3.405857740585774,-4.191633300239587,,6.330221914575295,,,0.2,20.0,Calibrated 1D,smoothed_path
4.108786610878661,-4.191633300239588,,6.382331865107915,,,0.2,20.0,Calibrated 1D,smoothed_path
4.811715481171548,-4.191633300239589,,6.435155498548008,,,0.2,20.0,Calibrated 1D,smoothed_path
5.514644351464435,-4.191633300239589,,6.488670395951215,,,0.2,20.0,Calibrated 1D,smoothed_path
6.217573221757322,-4.191633300239588,,6.542849286203547,,,0.2,20.0,Calibrated 1D,smoothed_path
6.920502092050209,-4.191633300239589,,6.5976596106963346,,,0.2,20.0,Calibrated 1D,smoothed_path
7.623430962343096,-4.191633300239588,,6.6530630735224605,,,0.2,20.0,Calibrated 1D,smoothed_path
8.326359832635983,-4.191633300239587,,6.709015180727723,,,0.2,20.0,Calibrated 1D,smoothed_path
9.02928870292887,-4.191633300239587,,6.765464773047343,,,0.2,20.0,Calibrated 1D,smoothed_path
9.732217573221757,-4.191633300239589,,6.8223535575476095,,,0.2,20.0,Calibrated 1D,smoothed_path
10.435146443514643,-4.191633300239587,,6.879615644669715,,,0.2,20.0,Calibrated 1D,smoothed_path
11.13807531380753,-4.191633300239589,,6.937177098324522,,,0.2,20.0,Calibrated 1D,smoothed_path
11.841004184100418,-4.191633300239589,,6.994955507895321,,,0.2,20.0,Calibrated 1D,smoothed_path
12.543933054393305,-4.191633300239589,,7.052859592244558,,,0.2,20.0,Calibrated 1D,smoothed_path
13.246861924686192,-4.191633300239588,,7.110788847056387,,,0.2,20.0,Calibrated 1D,smoothed_path
13.949790794979078,-4.191633300239589,,7.168633248036823,,,0.2,20.0,Calibrated 1D,smoothed_path
14.652719665271965,-4.191633300239587,,7.226273023585029,,,0.2,20.0,Calibrated 1D,smoothed_path
15.355648535564853,-4.191633300239587,,7.283578511481508,,,0.2,20.0,Calibrated 1D,smoothed_path
16.05857740585774,-4.191633300239589,,7.340410114840884,,,0.2,20.0,Calibrated 1D,smoothed_path
16.761506276150627,-4.191633300239587,,7.396618372971287,,,0.2,20.0,Calibrated 1D,smoothed_path
17.464435146443513,-4.191633300239589,,7.452044162785564,,,0.2,20.0,Calibrated 1D,smoothed_path
18.1673640167364,-4.191633300239589,,7.506519045936659,,,0.2,20.0,Calibrated 1D,smoothed_path
18.870292887029287,-4.191633300239589,,7.5598657758178565,,,0.2,20.0,Calibrated 1D,smoothed_path
19.573221757322173,-4.191633300239588,,7.6118989769026815,,,0.2,20.0,Calibrated 1D,smoothed_path
20.27615062761506,-4.191633300239588,,7.662426006538324,,,0.2,20.0,Calibrated 1D,smoothed_path
20.97907949790795,-4.191633300239589,,7.7112480062100754,,,0.2,20.0,Calibrated 1D,smoothed_path
21.682008368200837,-4.191633300239587,,7.758161145451534,,,0.2,20.0,Calibrated 1D,smoothed_path
22.384937238493723,-4.191633300239587,,7.802958057010193,,,0.2,20.0,Calibrated 1D,smoothed_path
23.08786610878661,-4.191633300239588,,7.845429456657721,,,0.2,20.0,Calibrated 1D,smoothed_path
23.790794979079497,-4.191633300239589,,7.885365935272594,,,0.2,20.0,Calibrated 1D,smoothed_path
24.493723849372383,-4.191633300239587,,7.922559904683508,,,0.2,20.0,Calibrated 1D,smoothed_path
25.19665271966527,-4.191633300239588,,7.956807672457101,,,0.2,20.0,Calibrated 1D,smoothed_path
25.899581589958157,-4.191633300239589,,7.987911614599804,,,0.2,20.0,Calibrated 1D,smoothed_path
26.602510460251043,-4.19163330023959,,8.015682409310976,,,0.2,20.0,Calibrated 1D,smoothed_path
27.30543933054393,-4.191633300239588,,8.03994128978572,,,0.2,20.0,Calibrated 1D,smoothed_path
28.008368200836816,-4.191633300239589,,8.06052226993576,,,0.2,20.0,Calibrated 1D,smoothed_path
28.711297071129707,-4.191633300239587,,8.077274294073785,,,0.2,20.0,Calibrated 1D,smoothed_path
29.414225941422593,-4.191633300239587,,8.090063260349567,,,0.2,20.0,Calibrated 1D,smoothed_path
30.11715481171548,-4.191633300239589,,8.098773868231312,,,0.2,20.0,Calibrated 1D,smoothed_path
30.820083682008367,-4.191633300239589,,8.103311242708141,,,0.2,20.0,Calibrated 1D,smoothed_path
31.523012552301253,-4.191633300239589,,8.103602292166647,,,0.2,20.0,Calibrated 1D,smoothed_path
32.22594142259414,-4.191633300239588,,8.099596762976702,,,0.2,20.0,Calibrated 1D,smoothed_path
32.92887029288703,-4.191633300239588,,8.091267961512003,,,0.2,20.0,Calibrated 1D,smoothed_path
33.63179916317991,-4.191633300239587,,8.078613123330783,,,0.2,20.0,Calibrated 1D,smoothed_path
34.3347280334728,-4.191633300239587,,8.061653419169017,,,0.2,20.0,Calibrated 1D,smoothed_path
35.037656903765686,-4.191633300239587,,8.04043359780708,,,0.2,20.0,Calibrated 1D,smoothed_path
35.74058577405857,-4.191633300239589,,8.015021276283983,,,0.2,20.0,Calibrated 1D,smoothed_path
36.44351464435146,-4.191633300239588,,7.985505897872345,,,0.2,20.0,Calibrated 1D,smoothed_path
37.146443514644346,-4.191633300239587,,7.951997387244607,,,0.2,20.0,Calibrated 1D,smoothed_path
37.84937238493723,-4.191633300239589,,7.91462453997007,,,0.2,20.0,Calibrated 1D,smoothed_path
38.55230125523012,-4.191633300239587,,7.873533189580041,,,0.2,20.0,Calibrated 1D,smoothed_path
39.255230125523006,-4.191633300239589,,7.828884199722712,,,0.2,20.0,Calibrated 1D,smoothed_path
39.9581589958159,-4.191633300239588,,7.780851331306741,,,0.2,20.0,Calibrated 1D,smoothed_path
40.66108786610879,-4.191633300239589,,7.729619035017203,,,0.2,20.0,Calibrated 1D,smoothed_path
41.36401673640167,-4.191633300239587,,7.6753802182926485,,,0.2,20.0,Calibrated 1D,smoothed_path
42.06694560669456,-4.191633300239587,,7.618334032974618,,,0.2,20.0,Calibrated 1D,smoothed_path
42.76987447698745,-4.191633300239587,,7.55868372564102,,,0.2,20.0,Calibrated 1D,smoothed_path
43.47280334728033,-4.191633300239587,,7.4966345874147935,,,0.2,20.0,Calibrated 1D,smoothed_path
44.17573221757322,-4.191633300239587,,7.432392034118179,,,0.2,20.0,Calibrated 1D,smoothed_path
44.87866108786611,-4.191633300239587,,7.366159841338979,,,0.2,20.0,Calibrated 1D,smoothed_path
45.58158995815899,-4.191633300239587,,7.298138552584014,,,0.2,20.0,Calibrated 1D,smoothed_path
46.28451882845188,-4.191633300239587,,7.228524072478361,,,0.2,20.0,Calibrated 1D,smoothed_path
46.98744769874477,-4.191633300239589,,7.157506451143619,,,0.2,20.0,Calibrated 1D,smoothed_path
47.69037656903765,-4.191633300239589,,7.085268860621394,,,0.2,20.0,Calibrated 1D,smoothed_path
48.39330543933054,-4.191633300239587,,7.0119867596161916,,,0.2,20.0,Calibrated 1D,smoothed_path
49.096234309623426,-4.191633300239588,,6.937827238982404,,,0.2,20.0,Calibrated 1D,smoothed_path
49.79916317991631,-4.191633300239589,,6.862948537297829,,,0.2,20.0,Calibrated 1D,smoothed_path
50.5020920502092,-4.191633300239587,,6.787499713538378,,,0.2,20.0,Calibrated 1D,smoothed_path
51.205020920502086,-4.191633300239589,,6.71162046225313,,,0.2,20.0,Calibrated 1D,smoothed_path
51.90794979079497,-4.191633300239589,,6.635441055671912,,,0.2,20.0,Calibrated 1D,smoothed_path
52.61087866108786,-4.191633300239589,,6.559082396780527,,,0.2,20.0,Calibrated 1D,smoothed_path
53.313807531380746,-4.191633300239589,,6.48265616748551,,,0.2,20.0,Calibrated 1D,smoothed_path
54.01673640167363,-4.191633300239589,,6.406265056472261,,,0.2,20.0,Calibrated 1D,smoothed_path
54.71966527196653,-4.191633300239589,,6.330003052151072,,,0.2,20.0,Calibrated 1D,smoothed_path
55.42259414225941,-4.191633300239589,,6.253955787104509,,,0.2,20.0,Calibrated 1D,smoothed_path
56.1255230125523,-4.191633300239588,,6.178200921623363,,,0.2,20.0,Calibrated 1D,smoothed_path
56.82845188284519,-4.191633300239587,,6.102808555183781,,,0.2,20.0,Calibrated 1D,smoothed_path
57.53138075313807,-4.191633300239588,,6.027841656020967,,,0.2,20.0,Calibrated 1D,smoothed_path
58.23430962343096,-4.191633300239587,,5.9533565002512905,,,0.2,20.0,Calibrated 1D,smoothed_path
58.93723849372385,-4.191633300239589,,5.879403113249975,,,0.2,20.0,Calibrated 1D,smoothed_path
59.64016736401673,-4.191633300239587,,5.806025707179808,,,0.2,20.0,Calibrated 1D,smoothed_path
60.34309623430962,-4.191633300239589,,5.733263109669302,,,0.2,20.0,Calibrated 1D,smoothed_path
61.046025104602506,-4.191633300239589,,5.661149179644206,,,0.2,20.0,Calibrated 1D,smoothed_path
61.74895397489539,-4.191633300239587,,5.5897132072185505,,,0.2,20.0,Calibrated 1D,smoothed_path
62.45188284518828,-4.191633300239587,,5.518980295348095,,,0.2,20.0,Calibrated 1D,smoothed_path
63.154811715481166,-4.191633300239587,,5.448971721641976,,,0.2,20.0,Calibrated 1D,smoothed_path
63.85774058577405,-4.191633300239587,,5.379705279321943,,,0.2,20.0,Calibrated 1D,smoothed_path
64.56066945606693,-4.191633300239588,,5.31119559681861,,,0.2,20.0,Calibrated 1D,smoothed_path
65.26359832635983,-4.191633300239589,,5.243454435908326,,,0.2,20.0,Calibrated 1D,smoothed_path
65.96652719665272,-4.191633300239587,,5.176490968630544,,,0.2,20.0,Calibrated 1D,smoothed_path
66.6694560669456,-4.191633300239589,,5.110312033492264,,,0.2,20.0,Calibrated 1D,smoothed_path
67.3723849372385,-4.191633300239589,,5.044922371671927,,,0.2,20.0,Calibrated 1D,smoothed_path
68.07531380753137,-4.191633300239587,,4.980324844087769,,,0.2,20.0,Calibrated 1D,smoothed_path
68.77824267782427,-4.191633300239587,,4.916520630303129,,,0.2,20.0,Calibrated 1D,smoothed_path
69.48117154811715,-4.191633300239587,,4.8535094103105045,,,0.2,20.0,Calibrated 1D,smoothed_path
70.18410041841004,-4.191633300239587,,4.791289530273783,,,0.2,20.0,Calibrated 1D,smoothed_path
70.88702928870292,-4.191633300239587,,4.729858153319938,,,0.2,20.0,Calibrated 1D,smoothed_path
71.58995815899581,-4.191633300239588,,4.669211396462657,,,0.2,20.0,Calibrated 1D,smoothed_path
72.29288702928869,-4.191633300239588,,4.609344454715522,,,0.2,20.0,Calibrated 1D,smoothed_path
72.99581589958159,-4.191633300239589,,4.550251713415161,,,0.2,20.0,Calibrated 1D,smoothed_path
73.69874476987447,-4.191633300239589,,4.491926849728856,,,0.2,20.0,Calibrated 1D,smoothed_path
74.40167364016736,-4.191633300239587,,4.434362924268905,,,0.2,20.0,Calibrated 1D,smoothed_path
75.10460251046024,-4.191633300239587,,4.377552463680173,,,0.2,20.0,Calibrated 1D,smoothed_path
75.80753138075313,-4.191633300239587,,4.321487535009323,,,0.2,20.0,Calibrated 1D,smoothed_path
76.51046025104601,-4.191633300239587,,4.2661598126060785,,,0.2,20.0,Calibrated 1D,smoothed_path
77.2133891213389,-4.191633300239587,,4.211560638249257,,,0.2,20.0,Calibrated 1D,smoothed_path
77.9163179916318,-4.191633300239589,,4.157681075134539,,,0.2,20.0,Calibrated 1D,smoothed_path
78.61924686192468,-4.191633300239587,,4.104511956307293,,,0.2,20.0,Calibrated 1D,smoothed_path
79.32217573221757,-4.191633300239587,,4.05204392807317,,,0.2,20.0,Calibrated 1D,smoothed_path
80.02510460251045,-4.191633300239589,,4.000267488871311,,,0.2,20.0,Calibrated 1D,smoothed_path
80.72803347280335,-4.191633300239589,,3.9491730240506993,,,0.2,20.0,Calibrated 1D,smoothed_path
81.43096234309623,-4.191633300239587,,3.8987508369489556,,,0.2,20.0,Calibrated 1D,smoothed_path
82.13389121338912,-4.191633300239588,,3.8489911766349776,,,0.2,20.0,Calibrated 1D,smoothed_path
82.836820083682,-4.191633300239589,,3.799884262642214,,,0.2,20.0,Calibrated 1D,smoothed_path
83.5397489539749,-4.191633300239588,,3.7514203069876384,,,0.2,20.0,Calibrated 1D,smoothed_path
84.24267782426777,-4.191633300239587,,3.703589533742845,,,0.2,20.0,Calibrated 1D,smoothed_path
84.94560669456067,-4.191633300239587,,3.6563821963975993,,,0.2,20.0,Calibrated 1D,smoothed_path
85.64853556485355,-4.191633300239589,,3.609788593232774,,,0.2,20.0,Calibrated 1D,smoothed_path
86.35146443514644,-4.191633300239588,,3.563799080898407,,,0.2,20.0,Calibrated 1D,smoothed_path
87.05439330543932,-4.191633300239588,,3.5184040863736437,,,0.2,20.0,Calibrated 1D,smoothed_path
87.75732217573221,-4.191633300239587,,3.473594117468208,,,0.2,20.0,Calibrated 1D,smoothed_path
88.46025104602509,-4.191633300239588,,3.429359772009883,,,0.2,20.0,Calibrated 1D,smoothed_path
89.16317991631799,-4.191633300239587,,3.385691745848643,,,0.2,20.0,Calibrated 1D,smoothed_path
89.86610878661087,-4.191633300239587,,3.3425808397960046,,,0.2,20.0,Calibrated 1D,smoothed_path
90.56903765690376,-4.191633300239589,,3.300017965607098,,,0.2,20.0,Calibrated 1D,smoothed_path
91.27196652719664,-4.191633300239587,,3.2579941511033104,,,0.2,20.0,Calibrated 1D,smoothed_path
91.97489539748953,-4.191633300239588,,3.216500544524556,,,0.2,20.0,Calibrated 1D,smoothed_path
92.67782426778243,-4.191633300239589,,3.1755284181925494,,,0.2,20.0,Calibrated 1D,smoothed_path
93.3807531380753,-4.191633300239589,,3.135069171559495,,,0.2,20.0,Calibrated 1D,smoothed_path
94.0836820083682,-4.191633300239587,,3.0951143337104794,,,0.2,20.0,Calibrated 1D,smoothed_path
94.78661087866108,-4.191633300239589,,3.055655565382443,,,0.2,20.0,Calibrated 1D,smoothed_path
95.48953974895397,-4.191633300239586,,3.016684660557689,,,0.2,20.0,Calibrated 1D,smoothed_path
96.19246861924685,-4.191633300239587,,2.9781935476857537,,,0.2,20.0,Calibrated 1D,smoothed_path
96.89539748953975,-4.191633300239589,,2.9401742905835446,,,0.2,20.0,Calibrated 1D,smoothed_path
97.59832635983263,-4.191633300239587,,2.9026190890605257,,,0.2,20.0,Calibrated 1D,smoothed_path
98.30125523012552,-4.191633300239587,,2.8655202793126926,,,0.2,20.0,Calibrated 1D,smoothed_path
99.0041841004184,-4.191633300239589,,2.828870334126692,,,0.2,20.0,Calibrated 1D,smoothed_path
99.7071129707113,-4.191633300239589,,2.792661862933169,,,0.2,20.0,Calibrated 1D,smoothed_path
100.41004184100417,-4.191633300239589,,2.7568876117466443,,,0.2,20.0,Calibrated 1D,smoothed_path
101.11297071129707,-4.191633300239588,,2.7215404630275097,,,0.2,20.0,Calibrated 1D,smoothed_path
101.81589958158995,-4.191633300239588,,2.686613435500427,,,0.2,20.0,Calibrated 1D,smoothed_path
102.51882845188284,-4.191633300239588,,2.6520996839621773,,,0.2,20.0,Calibrated 1D,smoothed_path
103.22175732217572,-4.191633300239587,,2.6179924991109598,,,0.2,20.0,Calibrated 1D,smoothed_path
103.92468619246861,-4.191633300239588,,2.5842853074282344,,,0.2,20.0,Calibrated 1D,smoothed_path
104.62761506276149,-4.191633300239588,,2.5509716711433255,,,0.2,20.0,Calibrated 1D,smoothed_path
105.33054393305439,-4.191633300239588,,2.518045288310201,,,0.2,20.0,Calibrated 1D,smoothed_path
106.03347280334727,-4.191633300239589,,2.4854999930249777,,,0.2,20.0,Calibrated 1D,smoothed_path
106.73640167364016,-4.191633300239589,,2.453329755811846,,,0.2,20.0,Calibrated 1D,smoothed_path
107.43933054393305,-4.191633300239589,,2.421528684204066,,,0.2,20.0,Calibrated 1D,smoothed_path
108.14225941422593,-4.191633300239588,,2.3900910235455326,,,0.2,20.0,Calibrated 1D,smoothed_path
108.84518828451883,-4.191633300239589,,2.3590111580370277,,,0.2,20.0,Calibrated 1D,smoothed_path
109.5481171548117,-4.191633300239587,,2.3282836120496095,,,0.2,20.0,Calibrated 1D,smoothed_path
110.2510460251046,-4.191633300239589,,2.297903051725617,,,0.2,20.0,Calibrated 1D,smoothed_path
110.95397489539748,-4.191633300239588,,2.2678642868853807,,,0.2,20.0,Calibrated 1D,smoothed_path
111.65690376569037,-4.191633300239587,,2.238162273254946,,,0.2,20.0,Calibrated 1D,smoothed_path
112.35983263598325,-4.191633300239588,,2.208792115026813,,,0.2,20.0,Calibrated 1D,smoothed_path
113.06276150627615,-4.191633300239587,,2.1797490677618523,,,0.2,20.0,Calibrated 1D,smoothed_path
113.76569037656903,-4.191633300239587,,2.1510285416361827,,,0.2,20.0,Calibrated 1D,smoothed_path
114.46861924686192,-4.191633300239588,,2.122626105031739,,,0.2,20.0,Calibrated 1D,smoothed_path
115.1715481171548,-4.191633300239588,,2.094537488463657,,,0.2,20.0,Calibrated 1D,smoothed_path
115.8744769874477,-4.191633300239589,,2.066758588831279,,,0.2,20.0,Calibrated 1D,smoothed_path
116.57740585774057,-4.191633300239589,,2.0392854739727193,,,0.2,20.0,Calibrated 1D,smoothed_path
117.28033472803347,-4.191633300239587,,2.0121143874953438,,,0.2,20.0,Calibrated 1D,smoothed_path
117.98326359832635,-4.191633300239587,,1.9852417538465046,,,0.2,20.0,Calibrated 1D,smoothed_path
118.68619246861924,-4.191633300239587,,1.9586641835802396,,,0.2,20.0,Calibrated 1D,smoothed_path
119.38912133891212,-4.191633300239589,,1.9323784787667004,,,0.2,20.0,Calibrated 1D,smoothed_path
120.09205020920501,-4.191633300239587,,1.9063816384817809,,,0.2,20.0,Calibrated 1D,smoothed_path
120.79497907949789,-4.191633300239588,,1.880670864305031,,,0.2,20.0,Calibrated 1D,smoothed_path
121.49790794979079,-4.191633300239589,,1.8552435657445177,,,0.2,20.0,Calibrated 1D,smoothed_path
122.20083682008368,-4.191633300239589,,1.8300973654981685,,,0.2,20.0,Calibrated 1D,smoothed_path
122.90376569037656,-4.191633300239589,,1.8052301044523666,,,0.2,20.0,Calibrated 1D,smoothed_path
123.60669456066945,-4.191633300239587,,1.7806398463105368,,,0.2,20.0,Calibrated 1D,smoothed_path
124.30962343096233,-4.191633300239589,,1.7563248817373598,,,0.2,20.0,Calibrated 1D,smoothed_path
125.01255230125523,-4.191633300239588,,1.7322837318983095,,,0.2,20.0,Calibrated 1D,smoothed_path
125.7154811715481,-4.191633300239588,,1.7085151512698433,,,0.2,20.0,Calibrated 1D,smoothed_path
126.418410041841,-4.191633300239587,,1.685018129592868,,,0.2,20.0,Calibrated 1D,smoothed_path
127.12133891213388,-4.191633300239588,,1.6617918928415063,,,0.2,20.0,Calibrated 1D,smoothed_path
127.82426778242677,-4.191633300239587,,1.6388359030807977,,,0.2,20.0,Calibrated 1D,smoothed_path
128.52719665271965,-4.191633300239588,,1.6161498570911137,,,0.2,20.0,Calibrated 1D,smoothed_path
129.23012552301253,-4.191633300239587,,1.5937336836438203,,,0.2,20.0,Calibrated 1D,smoothed_path
129.93305439330544,-4.191633300239589,,1.571587539322311,,,0.2,20.0,Calibrated 1D,smoothed_path
130.63598326359832,-4.191633300239589,,1.5497118027949341,,,0.2,20.0,Calibrated 1D,smoothed_path
131.3389121338912,-4.191633300239587,,1.5281070674615753,,,0.2,20.0,Calibrated 1D,smoothed_path
132.04184100418408,-4.191633300239587,,1.5067741324136938,,,0.2,20.0,Calibrated 1D,smoothed_path
132.744769874477,-4.191633300239589,,1.4857139916681796,,,0.2,20.0,Calibrated 1D,smoothed_path
133.44769874476987,-4.191633300239588,,1.4649278216583452,,,0.2,20.0,Calibrated 1D,smoothed_path
134.15062761506275,-4.191633300239587,,1.444416966990282,,,0.2,20.0,Calibrated 1D,smoothed_path
134.85355648535563,-4.191633300239588,,1.424182924499346,,,0.2,20.0,Calibrated 1D,smoothed_path
135.55648535564853,-4.191633300239588,,1.404227325669089,,,0.2,20.0,Calibrated 1D,smoothed_path
136.2594142259414,-4.191633300239589,,1.3845519175030887,,,0.2,20.0,Calibrated 1D,smoothed_path
136.9623430962343,-4.191633300239588,,1.3651585419681131,,,0.2,20.0,Calibrated 1D,smoothed_path
137.6652719665272,-4.191633300239588,,1.3460491141543476,,,0.2,20.0,Calibrated 1D,smoothed_path
138.36820083682008,-4.191633300239589,,1.3272255993242372,,,0.2,20.0,Calibrated 1D,smoothed_path
139.07112970711296,-4.191633300239587,,1.3086899890452766,,,0.2,20.0,Calibrated 1D,smoothed_path
139.77405857740584,-4.191633300239587,,1.2904442766231567,,,0.2,20.0,Calibrated 1D,smoothed_path
140.47698744769875,-4.191633300239589,,1.2724904320694308,,,0.2,20.0,Calibrated 1D,smoothed_path
141.17991631799163,-4.191633300239588,,1.2548303768518192,,,0.2,20.0,Calibrated 1D,smoothed_path
141.8828451882845,-4.191633300239588,,1.2374659586849817,,,0.2,20.0,Calibrated 1D,smoothed_path
142.58577405857739,-4.191633300239588,,1.2203989266247537,,,0.2,20.0,Calibrated 1D,smoothed_path
143.2887029288703,-4.191633300239587,,1.2036309067292166,,,0.2,20.0,Calibrated 1D,smoothed_path
143.99163179916317,-4.191633300239587,,1.187163378545545,,,0.2,20.0,Calibrated 1D,smoothed_path
144.69456066945605,-4.191633300239588,,1.170997652672356,,,0.2,20.0,Calibrated 1D,smoothed_path
145.39748953974893,-4.191633300239588,,1.1551348496335,,,0.2,20.0,Calibrated 1D,smoothed_path
146.10041841004184,-4.191633300239588,,1.1395758802811757,,,0.2,20.0,Calibrated 1D,smoothed_path
146.80334728033472,-4.191633300239588,,1.1243214279243579,,,0.2,20.0,Calibrated 1D,smoothed_path
147.5062761506276,-4.191633300239588,,1.1093719323533384,,,0.2,20.0,Calibrated 1D,smoothed_path
148.20920502092048,-4.191633300239588,,1.0947275759033173,,,0.2,20.0,Calibrated 1D,smoothed_path
148.9121338912134,-4.191633300239589,,1.0803882716700401,,,0.2,20.0,Calibrated 1D,smoothed_path
149.61506276150627,-4.191633300239588,,1.0663536539592946,,,0.2,20.0,Calibrated 1D,smoothed_path
150.31799163179915,-4.191633300239589,,1.0526230710202302,,,0.2,20.0,Calibrated 1D,smoothed_path
151.02092050209203,-4.191633300239587,,1.0391955800807746,,,0.2,20.0,Calibrated 1D,smoothed_path
151.72384937238493,-4.191633300239589,,1.0260699446724848,,,0.2,20.0,Calibrated 1D,smoothed_path
152.4267782426778,-4.191633300239587,,1.0132446342026526,,,0.2,20.0,Calibrated 1D,smoothed_path
153.1297071129707,-4.191633300239587,,1.0007178257039364,,,0.2,20.0,Calibrated 1D,smoothed_path
153.8326359832636,-4.191633300239588,,0.9884874076666774,,,0.2,20.0,Calibrated 1D,smoothed_path
154.53556485355648,-4.191633300239587,,0.9765509858367645,,,0.2,20.0,Calibrated 1D,smoothed_path
155.23849372384936,-4.191633300239588,,0.9649058908427357,,,0.2,20.0,Calibrated 1D,smoothed_path
155.94142259414224,-4.191633300239587,,0.9535491874999378,,,0.2,20.0,Calibrated 1D,smoothed_path
156.64435146443515,-4.191633300239587,,0.9424776856270852,,,0.2,20.0,Calibrated 1D,smoothed_path
157.34728033472803,-4.191633300239588,,0.9316879522015042,,,0.2,20.0,Calibrated 1D,smoothed_path
158.0502092050209,-4.191633300239589,,0.9211763246736049,,,0.2,20.0,Calibrated 1D,smoothed_path
158.75313807531379,-4.191633300239587,,0.9109389252585876,,,0.2,20.0,Calibrated 1D,smoothed_path
159.4560669456067,-4.191633300239589,,0.9009716760237998,,,0.2,20.0,Calibrated 1D,smoothed_path
160.15899581589957,-4.191633300239588,,0.8912703145932928,,,0.2,20.0,Calibrated 1D,smoothed_path
160.86192468619245,-4.191633300239588,,0.8818304102966792,,,0.2,20.0,Calibrated 1D,smoothed_path
161.56485355648533,-4.191633300239589,,0.8726473805970218,,,0.2,20.0,Calibrated 1D,smoothed_path
162.26778242677824,-4.191633300239589,,0.8637165076418724,,,0.2,20.0,Calibrated 1D,smoothed_path
162.97071129707112,-4.191633300239589,,0.8550329547923894,,,0.2,20.0,Calibrated 1D,smoothed_path
163.673640167364,-4.191633300239587,,0.8465917829973295,,,0.2,20.0,Calibrated 1D,smoothed_path
164.37656903765688,-4.191633300239588,,0.8383879668913653,,,0.2,20.0,Calibrated 1D,smoothed_path
165.0794979079498,-4.191633300239589,,0.8304164105102713,,,0.2,20.0,Calibrated 1D,smoothed_path
165.78242677824267,-4.191633300239589,,0.8226719625288146,,,0.2,20.0,Calibrated 1D,smoothed_path
166.48535564853555,-4.191633300239588,,0.8151494309404063,,,0.2,20.0,Calibrated 1D,smoothed_path
167.18828451882845,-4.191633300239588,,0.8078435971105419,,,0.2,20.0,Calibrated 1D,smoothed_path
167.89121338912133,-4.191633300239587,,0.8007492291485453,,,0.2,20.0,Calibrated 1D,smoothed_path
168.5941422594142,-4.191633300239588,,0.7938610945540432,,,0.2,20.0,Calibrated 1D,smoothed_path
169.2970711297071,-4.191633300239588,,0.7871739721057682,,,0.2,20.0,Calibrated 1D,smoothed_path
170.0,-4.191633300239587,,0.780682662970666,,,0.2,20.0,Calibrated 1D,smoothed_path
2.0,-9.393384454450938,,3.8171509716387506,,,0.2,20.0,Calibrated 2D,smoothed_path
2.702928870292887,-9.363373846086532,,3.90958164797369,,,0.2,20.0,Calibrated 2D,smoothed_path
3.405857740585774,-9.33192691831242,,4.004906287425017,,,0.2,20.0,Calibrated 2D,smoothed_path
4.108786610878661,-9.298974074028699,,4.1032054076187405,,,0.2,20.0,Calibrated 2D,smoothed_path
4.811715481171548,-9.264443411442056,,4.204557429609389,,,0.2,20.0,Calibrated 2D,smoothed_path
5.514644351464435,-9.228260833034161,,4.309037961772638,,,0.2,20.0,Calibrated 2D,smoothed_path
6.217573221757322,-9.19035018911163,,4.416719003053744,,,0.2,20.0,Calibrated 2D,smoothed_path
6.920502092050209,-9.15063346006026,,4.527668061801684,,,0.2,20.0,Calibrated 2D,smoothed_path
7.623430962343096,-9.10903098157437,,4.641947187139209,,,0.2,20.0,Calibrated 2D,smoothed_path
8.326359832635983,-9.065461717215825,,4.759611910771458,,,0.2,20.0,Calibrated 2D,smoothed_path
9.02928870292887,-9.019843582658574,,4.880710098350877,,,0.2,20.0,Calibrated 2D,smoothed_path
9.732217573221757,-8.972093825872246,,5.005280711023602,,,0.2,20.0,Calibrated 2D,smoothed_path
10.435146443514643,-8.922129467270146,,5.133352479608995,,,0.2,20.0,Calibrated 2D,smoothed_path
11.13807531380753,-8.869867803468203,,5.264942496031878,,,0.2,20.0,Calibrated 2D,smoothed_path
11.841004184100418,-8.815226977748054,,5.40005472915084,,,0.2,20.0,Calibrated 2D,smoothed_path
12.543933054393305,-8.758126619563653,,5.538678475010683,,,0.2,20.0,Calibrated 2D,smoothed_path
13.246861924686192,-8.69848855445462,,5.680786754783682,,,0.2,20.0,Calibrated 2D,smoothed_path
13.949790794979078,-8.63623758450963,,5.826334677227121,,,0.2,20.0,Calibrated 2D,smoothed_path
14.652719665271965,-8.571302338045175,,5.975257786327174,,,0.2,20.0,Calibrated 2D,smoothed_path
15.355648535564853,-8.503616185420752,,6.127470418850999,,,0.2,20.0,Calibrated 2D,smoothed_path
16.05857740585774,-8.433118215902292,,6.282864100691613,,,0.2,20.0,Calibrated 2D,smoothed_path
16.761506276150627,-8.359754268226244,,6.441306015036299,,,0.2,20.0,Calibrated 2D,smoothed_path
17.464435146443513,-8.283478005035384,,6.602637579359555,,,0.2,20.0,Calibrated 2D,smoothed_path
18.1673640167364,-8.204252018700993,,6.766673171847057,,,0.2,20.0,Calibrated 2D,smoothed_path
18.870292887029287,-8.122048953280062,,6.933199050880077,,,0.2,20.0,Calibrated 2D,smoothed_path
19.573221757322173,-8.036852624566867,,7.101972513410772,,,0.2,20.0,Calibrated 2D,smoothed_path
20.27615062761506,-7.948659117492599,,7.272721339183879,,,0.2,20.0,Calibrated 2D,smoothed_path
20.97907949790795,-7.857477837631124,,7.445143567553159,,,0.2,20.0,Calibrated 2D,smoothed_path
21.682008368200837,-7.763332491425765,,7.618907651858384,,,0.2,20.0,Calibrated 2D,smoothed_path
22.384937238493723,-7.666261968115489,,7.793653032756785,,,0.2,20.0,Calibrated 2D,smoothed_path
23.08786610878661,-7.566321095366995,,7.968991166379922,,,0.2,20.0,Calibrated 2D,smoothed_path
23.790794979079497,-7.463581240465292,,8.144507035621164,,,0.2,20.0,Calibrated 2D,smoothed_path
24.493723849372383,-7.358130729717436,,8.319761163252071,,,0.2,20.0,Calibrated 2D,smoothed_path
25.19665271966527,-7.250075060591769,,8.49429213402816,,,0.2,20.0,Calibrated 2D,smoothed_path
25.899581589958157,-7.139536884119293,,8.667619619710855,,,0.2,20.0,Calibrated 2D,smoothed_path
26.602510460251043,-7.026655739242875,,8.839247886364962,,,0.2,20.0,Calibrated 2D,smoothed_path
27.30543933054393,-6.911587526072173,,9.008669747880447,,,0.2,20.0,Calibrated 2D,smoothed_path
28.008368200836816,-6.794503711277262,,9.175370914015408,,,0.2,20.0,Calibrated 2D,smoothed_path
28.711297071129707,-6.675590265951934,,9.338834666055384,,,0.2,20.0,Calibrated 2D,smoothed_path
29.414225941422593,-6.555046343952318,,9.498546779176829,,,0.2,20.0,Calibrated 2D,smoothed_path
30.11715481171548,-6.433082716662524,,9.654000598543629,,,0.2,20.0,Calibrated 2D,smoothed_path
30.820083682008367,-6.30991998800847,,9.804702166766806,,,0.2,20.0,Calibrated 2D,smoothed_path
31.523012552301253,-6.185786620961988,,9.950175294238473,,,0.2,20.0,Calibrated 2D,smoothed_path
32.22594142259414,-6.060916813376789,,10.089966461486167,,,0.2,20.0,Calibrated 2D,smoothed_path
32.92887029288703,-5.935548266429393,,10.223649444371897,,,0.2,20.0,Calibrated 2D,smoothed_path
33.63179916317991,-5.809919892903881,,10.350829558753599,,,0.2,20.0,Calibrated 2D,smoothed_path
34.3347280334728,-5.684269514835896,,10.471147430976245,,,0.2,20.0,Calibrated 2D,smoothed_path
35.037656903765686,-5.5588316004844405,,10.584282213877698,,,0.2,20.0,Calibrated 2D,smoothed_path
35.74058577405857,-5.433835089197661,,10.689954184287824,,,0.2,20.0,Calibrated 2D,smoothed_path
36.44351464435146,-5.309501349552818,,10.787926676506025,,,0.2,20.0,Calibrated 2D,smoothed_path
37.146443514644346,-5.18604231135199,,10.878007326084507,,,0.2,20.0,Calibrated 2D,smoothed_path
37.84937238493723,-5.063658805900915,,10.960048618489033,,,0.2,20.0,Calibrated 2D,smoothed_path
38.55230125523012,-4.942539141812523,,11.033947756928438,,,0.2,20.0,Calibrated 2D,smoothed_path
39.255230125523006,-4.822857935725626,,11.099645881980528,,,0.2,20.0,Calibrated 2D,smoothed_path
39.9581589958159,-4.704775209196508,,11.157126691855906,,,0.2,20.0,Calibrated 2D,smoothed_path
40.66108786610879,-4.588435754981692,,11.206414525653734,,,0.2,20.0,Calibrated 2D,smoothed_path
41.36401673640167,-4.4739687683264275,,11.247571982379432,,,0.2,20.0,Calibrated 2D,smoothed_path
42.06694560669456,-4.361487731998337,,11.280697155614302,,,0.2,20.0,Calibrated 2D,smoothed_path
42.76987447698745,-4.251090537886624,,11.305920567537687,,,0.2,20.0,Calibrated 2D,smoothed_path
43.47280334728033,-4.142859823181965,,11.323401886662039,,,0.2,20.0,Calibrated 2D,smoothed_path
44.17573221757322,-4.0368634955442495,,11.33332651144755,,,0.2,20.0,Calibrated 2D,smoothed_path
44.87866108786611,-3.9331554192704212,,11.335902097320947,,,0.2,20.0,Calibrated 2D,smoothed_path
45.58158995815899,-3.8317762332470733,,11.331355098005549,,,0.2,20.0,Calibrated 2D,smoothed_path
46.28451882845188,-3.732754271317032,,11.319927383982446,,,0.2,20.0,Calibrated 2D,smoothed_path
46.98744769874477,-3.636106556473111,,11.301872991849887,,,0.2,20.0,Calibrated 2D,smoothed_path
47.69037656903765,-3.5418398418591526,,11.277455048805486,,,0.2,20.0,Calibrated 2D,smoothed_path
48.39330543933054,-3.449951673739525,,11.246942906869553,,,0.2,20.0,Calibrated 2D,smoothed_path
49.096234309623426,-3.3604314542241416,,11.210609512158992,,,0.2,20.0,Calibrated 2D,smoothed_path
49.79916317991631,-3.2732614844452805,,11.16872902579945,,,0.2,20.0,Calibrated 2D,smoothed_path
50.5020920502092,-3.188417971928586,,11.121574705144518,,,0.2,20.0,Calibrated 2D,smoothed_path
51.205020920502086,-3.105871988956393,,11.06941704699889,,,0.2,20.0,Calibrated 2D,smoothed_path
51.90794979079497,-3.0255903716819206,,11.012522188597881,,,0.2,20.0,Calibrated 2D,smoothed_path
52.61087866108786,-2.9475365525354804,,10.951150557202103,,,0.2,20.0,Calibrated 2D,smoothed_path
53.313807531380746,-2.8716713210084452,,10.885555755301578,,,0.2,20.0,Calibrated 2D,smoothed_path
54.01673640167363,-2.7979535101672948,,10.81598366553075,,,0.2,20.0,Calibrated 2D,smoothed_path
54.71966527196653,-2.726340608216928,,10.742671757390955,,,0.2,20.0,Calibrated 2D,smoothed_path
55.42259414225941,-2.6567892960925956,,10.665848576660812,,,0.2,20.0,Calibrated 2D,smoothed_path
56.1255230125523,-2.5892559134190636,,10.585733397838553,,,0.2,20.0,Calibrated 2D,smoothed_path
56.82845188284519,-2.5236968562488,,10.502536019992963,,,0.2,20.0,Calibrated 2D,smoothed_path
57.53138075313807,-2.460068910799748,,10.416456686893174,,,0.2,20.0,Calibrated 2D,smoothed_path
58.23430962343096,-2.398329527983895,,10.32768611314037,,,0.2,20.0,Calibrated 2D,smoothed_path
58.93723849372385,-2.3384370438788693,,10.236405599144131,,,0.2,20.0,Calibrated 2D,smoothed_path
59.64016736401673,-2.2803508514756348,,10.142787219090454,,,0.2,20.0,Calibrated 2D,smoothed_path
60.34309623430962,-2.2240315290651997,,10.046994067466894,,,0.2,20.0,Calibrated 2D,smoothed_path
61.046025104602506,-2.169440930533418,,9.949180551183177,,,0.2,20.0,Calibrated 2D,smoothed_path
61.74895397489539,-2.1165422426416303,,9.849492715804775,,,0.2,20.0,Calibrated 2D,smoothed_path
62.45188284518828,-2.0653000141047135,,9.748068595863128,,,0.2,20.0,Calibrated 2D,smoothed_path
63.154811715481166,-2.01568016095817,,9.645038580591052,,,0.2,20.0,Calibrated 2D,smoothed_path
63.85774058577405,-1.9676499523497188,,9.54052578773289,,,0.2,20.0,Calibrated 2D,smoothed_path
64.56066945606693,-1.921177980513885,,9.434646439282414,,,0.2,20.0,Calibrated 2D,smoothed_path
65.26359832635983,-1.8762341183028377,,9.327510234098273,,,0.2,20.0,Calibrated 2D,smoothed_path
65.96652719665272,-1.8327894672636296,,9.219220713332597,,,0.2,20.0,Calibrated 2D,smoothed_path
66.6694560669456,-1.7908162988791871,,9.109875615483652,,,0.2,20.0,Calibrated 2D,smoothed_path
67.3723849372385,-1.7502879912341436,,8.999567218649936,,,0.2,20.0,Calibrated 2D,smoothed_path
68.07531380753137,-1.7111789630316743,,8.888382668226537,,,0.2,20.0,Calibrated 2D,smoothed_path
68.77824267782427,-1.6734646065767913,,8.776404288850557,,,0.2,20.0,Calibrated 2D,smoothed_path
69.48117154811715,-1.6371212210574977,,8.663709879879224,,,0.2,20.0,Calibrated 2D,smoothed_path
70.18410041841004,-1.6021259471982947,,8.550372994079055,,,0.2,20.0,Calibrated 2D,smoothed_path
70.88702928870292,-1.568456704131381,,8.436463199526397,,,0.2,20.0,Calibrated 2D,smoothed_path
71.58995815899581,-1.5360921291286487,,8.322046324976313,,,0.2,20.0,Calibrated 2D,smoothed_path
72.29288702928869,-1.505011520661509,,8.20718468915659,,,0.2,20.0,Calibrated 2D,smoothed_path
72.99581589958159,-1.4751947851041285,,8.09193731459417,,,0.2,20.0,Calibrated 2D,smoothed_path
73.69874476987447,-1.446622387267292,,7.976360126689762,,,0.2,20.0,Calibrated 2D,smoothed_path
74.40167364016736,-1.4192753048428948,,7.8605061388291055,,,0.2,20.0,Calibrated 2D,smoothed_path
75.10460251046024,-1.3931349867511948,,7.7444256243628224,,,0.2,20.0,Calibrated 2D,smoothed_path
75.80753138075313,-1.368183315312326,,7.628166276305835,,,0.2,20.0,Calibrated 2D,smoothed_path
76.51046025104601,-1.3444025721083688,,7.511773355607172,,,0.2,20.0,Calibrated 2D,smoothed_path
77.2133891213389,-1.3217754073604797,,7.395289828825426,,,0.2,20.0,Calibrated 2D,smoothed_path
77.9163179916318,-1.3002848126154891,,7.278756496018152,,,0.2,20.0,Calibrated 2D,smoothed_path
78.61924686192468,-1.2799140965161884,,7.162212109617646,,,0.2,20.0,Calibrated 2D,smoothed_path
79.32217573221757,-1.2606468634177928,,7.045693485024246,,,0.2,20.0,Calibrated 2D,smoothed_path
80.02510460251045,-1.2424669946081952,,6.92923560360266,,,0.2,20.0,Calibrated 2D,smoothed_path
80.72803347280335,-1.2253586318904723,,6.812871708719605,,,0.2,20.0,Calibrated 2D,smoothed_path
81.43096234309623,-1.2093061632913955,,6.69663339541309,,,0.2,20.0,Calibrated 2D,smoothed_path
82.13389121338912,-1.1942942106684553,,6.580550694236048,,,0.2,20.0,Calibrated 2D,smoothed_path
82.836820083682,-1.1803076189992834,,6.464652149771265,,,0.2,20.0,Calibrated 2D,smoothed_path
83.5397489539749,-1.1673314471504888,,6.348964894270262,,,0.2,20.0,Calibrated 2D,smoothed_path
84.24267782426777,-1.1553509599372669,,6.233514716827409,,,0.2,20.0,Calibrated 2D,smoothed_path
84.94560669456067,-1.144351621300091,,6.118326128461693,,,0.2,20.0,Calibrated 2D,smoothed_path
85.64853556485355,-1.1343190884399235,,6.003422423442767,,,0.2,20.0,Calibrated 2D,smoothed_path
86.35146443514644,-1.125239206768351,,5.888825737165016,,,0.2,20.0,Calibrated 2D,smoothed_path
87.05439330543932,-1.1170980055435464,,5.7745571008436585,,,0.2,20.0,Calibrated 2D,smoothed_path
87.75732217573221,-1.1098816940767748,,5.660636493279741,,,0.2,20.0,Calibrated 2D,smoothed_path
88.46025104602509,-1.103576658407172,,5.547082889917089,,,0.2,20.0,Calibrated 2D,smoothed_path
89.16317991631799,-1.098169458354557,,5.433914309392486,,,0.2,20.0,Calibrated 2D,smoothed_path
89.86610878661087,-1.0936468248710947,,5.321147857761658,,,0.2,20.0,Calibrated 2D,smoothed_path
90.56903765690376,-1.0899956576225815,,5.208799770566721,,,0.2,20.0,Calibrated 2D,smoothed_path
91.27196652719664,-1.0872030227390783,,5.096885452896467,,,0.2,20.0,Calibrated 2D,smoothed_path
91.97489539748953,-1.0852561506824643,,4.985419517578025,,,0.2,20.0,Calibrated 2D,smoothed_path
92.67782426778243,-1.0841424341853179,,4.87441582162783,,,0.2,20.0,Calibrated 2D,smoothed_path
93.3807531380753,-1.0838494262214127,,4.763887501080487,,,0.2,20.0,Calibrated 2D,smoothed_path
94.0836820083682,-1.0843648379729602,,4.653847004306377,,,0.2,20.0,Calibrated 2D,smoothed_path
94.78661087866108,-1.085676536763793,,4.544306123922505,,,0.2,20.0,Calibrated 2D,smoothed_path
95.48953974895397,-1.0877725439307977,,4.435276027395583,,,0.2,20.0,Calibrated 2D,smoothed_path
96.19246861924685,-1.0906410326083031,,4.326767286432366,,,0.2,20.0,Calibrated 2D,smoothed_path
96.89539748953975,-1.0942703254017447,,4.218789905248654,,,0.2,20.0,Calibrated 2D,smoothed_path
97.59832635983263,-1.0986488919279014,,4.111353347806162,,,0.2,20.0,Calibrated 2D,smoothed_path
98.30125523012552,-1.1037653461993104,,4.004466564104421,,,0.2,20.0,Calibrated 2D,smoothed_path
99.0041841004184,-1.1096084438302287,,3.8981380156139442,,,0.2,20.0,Calibrated 2D,smoothed_path
99.7071129707113,-1.116167079040728,,3.792375699936099,,,0.2,20.0,Calibrated 2D,smoothed_path
100.41004184100417,-1.1234302814342876,,3.687187174775148,,,0.2,20.0,Calibrated 2D,smoothed_path
101.11297071129707,-1.1313872125225566,,3.5825795813079147,,,0.2,20.0,Calibrated 2D,smoothed_path
101.81589958158995,-1.1400271619689581,,3.4785596670371772,,,0.2,20.0,Calibrated 2D,smoothed_path
102.51882845188284,-1.1493395435204474,,3.3751338082153657,,,0.2,20.0,Calibrated 2D,smoothed_path
103.22175732217572,-1.1593138905941658,,3.2723080319259674,,,0.2,20.0,Calibrated 2D,smoothed_path
103.92468619246861,-1.169939851482952,,3.1700880379105865,,,0.2,20.0,Calibrated 2D,smoothed_path
104.62761506276149,-1.1812071841407987,,3.0684792202302127,,,0.2,20.0,Calibrated 2D,smoothed_path
105.33054393305439,-1.193105750506431,,2.967486688849349,,,0.2,20.0,Calibrated 2D,smoothed_path
106.03347280334727,-1.2056255103203117,,2.867115291231592,,,0.2,20.0,Calibrated 2D,smoothed_path
106.73640167364016,-1.218756514387711,,2.7673696340343277,,,0.2,20.0,Calibrated 2D,smoothed_path
107.43933054393305,-1.2324888972379964,,2.6682541049889026,,,0.2,20.0,Calibrated 2D,smoothed_path
108.14225941422593,-1.24681286912827,,2.5697728950500593,,,0.2,20.0,Calibrated 2D,smoothed_path
108.84518828451883,-1.261718707337927,,2.471930020895173,,,0.2,20.0,Calibrated 2D,smoothed_path
109.5481171548117,-1.2771967466997884,,2.374729347849083,,,0.2,20.0,Calibrated 2D,smoothed_path
110.2510460251046,-1.2932373693134016,,2.27817461330422,,,0.2,20.0,Calibrated 2D,smoothed_path
110.95397489539748,-1.309830993386923,,2.182269450698165,,,0.2,20.0,Calibrated 2D,smoothed_path
111.65690376569037,-1.3269680611560126,,2.0870174141012408,,,0.2,20.0,Calibrated 2D,smoothed_path
112.35983263598325,-1.3446390258314382,,1.9924220034555198,,,0.2,20.0,Calibrated 2D,smoothed_path
113.06276150627615,-1.3628343375318226,,1.8984866904931095,,,0.2,20.0,Calibrated 2D,smoothed_path
113.76569037656903,-1.3815444281643516,,1.8052149453461164,,,0.2,20.0,Calibrated 2D,smoothed_path
114.46861924686192,-1.4007596952244183,,1.712610263842708,,,0.2,20.0,Calibrated 2D,smoothed_path
115.1715481171548,-1.4204704844952571,,1.6206761954636528,,,0.2,20.0,Calibrated 2D,smoothed_path
115.8744769874477,-1.4406670716407861,,1.5294163719110974,,,0.2,20.0,Calibrated 2D,smoothed_path
116.57740585774057,-1.4613396426991596,,1.438834536216731,,,0.2,20.0,Calibrated 2D,smoothed_path
117.28033472803347,-1.4824782735010409,,1.3489345722894563,,,0.2,20.0,Calibrated 2D,smoothed_path
117.98326359832635,-1.5040729080553383,,1.2597205347740088,,,0.2,20.0,Calibrated 2D,smoothed_path
118.68619246861924,-1.5261133359660866,,1.171196679061332,,,0.2,20.0,Calibrated 2D,smoothed_path
119.38912133891212,-1.5485891689671463,,1.0833674912598577,,,0.2,20.0,Calibrated 2D,smoothed_path
120.09205020920501,-1.5714898166864053,,0.9962377179040762,,,0.2,20.0,Calibrated 2D,smoothed_path
120.79497907949789,-1.594804461777779,,0.909812395143965,,,0.2,20.0,Calibrated 2D,smoothed_path
121.49790794979079,-1.6185220345873934,,0.8240968771261209,,,0.2,20.0,Calibrated 2D,smoothed_path
122.20083682008368,-1.6426311875493442,,0.7390968632460458,,,0.2,20.0,Calibrated 2D,smoothed_path
122.90376569037656,-1.6671202695359824,,0.6548184239212755,,,0.2,20.0,Calibrated 2D,smoothed_path
123.60669456066945,-1.6919773004171461,,0.5712680245082433,,,0.2,20.0,Calibrated 2D,smoothed_path
124.30962343096233,-1.7171899461115014,,0.4884525469625946,,,0.2,20.0,Calibrated 2D,smoothed_path
125.01255230125523,-1.7427454944404945,,0.4063793088241121,,,0.2,20.0,Calibrated 2D,smoothed_path
125.7154811715481,-1.7686308321204773,,0.3250560790946937,,,0.2,20.0,Calibrated 2D,smoothed_path
126.418410041841,-1.7948324232506339,,0.2444910905715182,,,0.2,20.0,Calibrated 2D,smoothed_path
127.12133891213388,-1.8213362896723924,,0.16469304819900388,,,0.2,20.0,Calibrated 2D,smoothed_path
127.82426778242677,-1.8481279935893584,,0.08567113301281445,,,0.2,20.0,Calibrated 2D,smoothed_path
128.52719665271965,-1.8751926228444313,,0.00743500126812233,,,0.2,20.0,Calibrated 2D,smoothed_path
129.23012552301253,-1.9025147792520114,,-0.07000522162724077,,,0.2,20.0,Calibrated 2D,smoothed_path
129.93305439330544,-1.930078570377229,,-0.1466389527154961,,,0.2,20.0,Calibrated 2D,smoothed_path
130.63598326359832,-1.9578676051404114,,-0.22245516891958833,,,0.2,20.0,Calibrated 2D,smoothed_path
131.3389121338912,-1.9858649936030672,,-0.29744243053523467,,,0.2,20.0,Calibrated 2D,smoothed_path
132.04184100418408,-2.0140533512611265,,-0.37158891094934887,,,0.2,20.0,Calibrated 2D,smoothed_path
132.744769874477,-2.0424148081321487,,-0.444882432672732,,,0.2,20.0,Calibrated 2D,smoothed_path
133.44769874476987,-2.0709310228756372,,-0.5173105096897688,,,0.2,20.0,Calibrated 2D,smoothed_path
134.15062761506275,-2.099583202130005,,-0.5888603960363288,,,0.2,20.0,Calibrated 2D,smoothed_path
134.85355648535563,-2.1283521251867055,,-0.6595191404204489,,,0.2,20.0,Calibrated 2D,smoothed_path
135.55648535564853,-2.157218174052524,,-0.7292736466009202,,,0.2,20.0,Calibrated 2D,smoothed_path
136.2594142259414,-2.1861613688761135,,-0.7981107391383319,,,0.2,20.0,Calibrated 2D,smoothed_path
136.9623430962343,-2.2151614086360096,,-0.8660172340340591,,,0.2,20.0,Calibrated 2D,smoothed_path
137.6652719665272,-2.2441977169060268,,-0.9329800136771408,,,0.2,20.0,Calibrated 2D,smoothed_path
138.36820083682008,-2.2732494924320354,,-0.9989861054297673,,,0.2,20.0,Calibrated 2D,smoothed_path
139.07112970711296,-2.302295764173316,,-1.0640227631012475,,,0.2,20.0,Calibrated 2D,smoothed_path
139.77405857740584,-2.3313154503840128,,-1.128077550490152,,,0.2,20.0,Calibrated 2D,smoothed_path
140.47698744769875,-2.360287421237489,,-1.1911384261170408,,,0.2,20.0,Calibrated 2D,smoothed_path
141.17991631799163,-2.3891905644305393,,-1.2531938282272685,,,0.2,20.0,Calibrated 2D,smoothed_path
141.8828451882845,-2.4180038531470416,,-1.3142327591164573,,,0.2,20.0,Calibrated 2D,smoothed_path
142.58577405857739,-2.446706415713308,,-1.3742448678210923,,,0.2,20.0,Calibrated 2D,smoothed_path
143.2887029288703,-2.475277606241444,,-1.433220530224173,,,0.2,20.0,Calibrated 2D,smoothed_path
143.99163179916317,-2.503697075533257,,-1.4911509256507087,,,0.2,20.0,Calibrated 2D,smoothed_path
144.69456066945605,-2.5319448415065615,,-1.5480281090699335,,,0.2,20.0,Calibrated 2D,smoothed_path
145.39748953974893,-2.560001358408141,,-1.6038450780793068,,,0.2,20.0,Calibrated 2D,smoothed_path
146.10041841004184,-2.587847584093347,,-1.658595833918612,,,0.2,20.0,Calibrated 2D,smoothed_path
146.80334728033472,-2.615465044680713,,-1.712275435848753,,,0.2,20.0,Calibrated 2D,smoothed_path
147.5062761506276,-2.6428358959304186,,-1.7648800483273748,,,0.2,20.0,Calibrated 2D,smoothed_path
148.20920502092048,-2.669942980746785,,-1.8164069805196026,,,0.2,20.0,Calibrated 2D,smoothed_path
148.9121338912134,-2.696769882265986,,-1.8668547177947854,,,0.2,20.0,Calibrated 2D,smoothed_path
149.61506276150627,-2.723300972059109,,-1.916222944976226,,,0.2,20.0,Calibrated 2D,smoothed_path
150.31799163179915,-2.7495214530560794,,-1.964512561228107,,,0.2,20.0,Calibrated 2D,smoothed_path
151.02092050209203,-2.7754173968756763,,-2.0117256865793527,,,0.2,20.0,Calibrated 2D,smoothed_path
151.72384937238493,-2.800975775329326,,-2.057865660195902,,,0.2,20.0,Calibrated 2D,smoothed_path
152.4267782426778,-2.8261844859494962,,-2.1029370306182398,,,0.2,20.0,Calibrated 2D,smoothed_path
153.1297071129707,-2.8510323714756662,,-2.1469455382784686,,,0.2,20.0,Calibrated 2D,smoothed_path
153.8326359832636,-2.875509233310298,,-2.1898980906987338,,,0.2,20.0,Calibrated 2D,smoothed_path
154.53556485355648,-2.899605839032557,,-2.2318027308494752,,,0.2,20.0,Calibrated 2D,smoothed_path
155.23849372384936,-2.9233139241274024,,-2.272668599210684,,,0.2,20.0,Calibrated 2D,smoothed_path
155.94142259414224,-2.946626188150959,,-2.312505890131435,,,0.2,20.0,Calibrated 2D,smoothed_path
156.64435146443515,-2.9695362856091356,,-2.351325803122588,,,0.2,20.0,Calibrated 2D,smoothed_path
157.34728033472803,-2.9920388118744894,,-2.389140489744339,,,0.2,20.0,Calibrated 2D,smoothed_path
158.0502092050209,-3.0141292845061414,,-2.4259629967651524,,,0.2,20.0,Calibrated 2D,smoothed_path
158.75313807531379,-3.0358041203689097,,-2.4618072062716916,,,0.2,20.0,Calibrated 2D,smoothed_path
159.4560669456067,-3.057060608970921,,-2.4966877734020576,,,0.2,20.0,Calibrated 2D,smoothed_path
160.15899581589957,-3.077896882453947,,-2.5306200623575252,,,0.2,20.0,Calibrated 2D,smoothed_path
160.86192468619245,-3.098311882678163,,-2.5636200813225964,,,0.2,20.0,Calibrated 2D,smoothed_path
161.56485355648533,-3.1183053258432762,,-2.595704416890431,,,0.2,20.0,Calibrated 2D,smoothed_path
162.26778242677824,-3.1378776650820077,,-2.626890168552234,,,0.2,20.0,Calibrated 2D,smoothed_path
162.97071129707112,-3.157030051450087,,-2.657194883765873,,,0.2,20.0,Calibrated 2D,smoothed_path
163.673640167364,-3.1757642937203467,,-2.686636494072413,,,0.2,20.0,Calibrated 2D,smoothed_path
164.37656903765688,-3.194082817367719,,-2.7152332526802794,,,0.2,20.0,Calibrated 2D,smoothed_path
165.0794979079498,-3.2119886231079224,,-2.74300367388678,,,0.2,20.0,Calibrated 2D,smoothed_path
165.78242677824267,-3.229485245325999,,-2.7699664746564094,,,0.2,20.0,Calibrated 2D,smoothed_path
166.48535564853555,-3.2465767107024712,,-2.7961405186258377,,,0.2,20.0,Calibrated 2D,smoothed_path
167.18828451882845,-3.2632674973152893,,-2.8215447627573194,,,0.2,20.0,Calibrated 2D,smoothed_path
167.89121338912133,-3.2795624944656643,,-2.8461982068162146,,,0.2,20.0,Calibrated 2D,smoothed_path
168.5941422594142,-3.2954669634458114,,-2.870119845804809,,,0.2,20.0,Calibrated 2D,smoothed_path
169.2970711297071,-3.3109864994369844,,-2.8933286254440125,,,0.2,20.0,Calibrated 2D,smoothed_path
170.0,-3.3261269946975514,,-2.9158434007572622,,,0.2,20.0,Calibrated 2D,smoothed_path
2.0,-28.72801709134626,18.684479307782496,22.522616524484064,19.07465685073202,48.0,0.4,40.0,Human,condition_mean
3.0,-14.722330841557806,18.243932334268916,6.435995595432652,12.940480544465675,49.0,0.4,40.0,Human,condition_mean
4.0,-24.3335112582206,23.132220422942282,-2.7501502860148057,19.752945570125945,48.0,0.4,40.0,Human,condition_mean
5.0,-27.76369425265151,19.8643343606612,-1.0571951835922635,17.57224439273322,49.0,0.4,40.0,Human,condition_mean
6.0,-36.53441205234956,29.869941816547037,22.964693948151155,17.350010753651677,48.0,0.4,40.0,Human,condition_mean
7.0,-16.619643124958145,18.398046737122268,6.504841418710589,8.528308352069754,49.0,0.4,40.0,Human,condition_mean
8.0,-14.065711056457436,20.853636631305463,-10.288836093319484,24.200673946362944,48.0,0.4,40.0,Human,condition_mean
10.0,-16.27148231491711,18.175447850564744,15.639007073055918,12.06527141552002,49.0,0.4,40.0,Human,condition_mean
15.0,-9.830148305430825,26.405226805902174,-2.3390856340978097,16.571676153275924,49.0,0.4,40.0,Human,condition_mean
20.0,-19.98394617366913,24.526218501416746,9.391574801997379,8.237804449738544,50.0,0.4,40.0,Human,condition_mean
25.0,-22.698978813856833,22.563657639121363,23.291592050191756,17.80477744463889,50.0,0.4,40.0,Human,condition_mean
30.0,-3.8159383282495414,25.82979588748416,12.375622499996474,16.000461209752547,50.0,0.4,40.0,Human,condition_mean
35.0,-8.17054882801204,23.607984669283343,24.98174443886479,11.186889824255363,50.0,0.4,40.0,Human,condition_mean
40.0,-0.6410905199230775,20.48479806298119,22.29053090112364,10.302828283833785,50.0,0.4,40.0,Human,condition_mean
45.0,-12.820684744189887,20.204682976307613,19.306450595192565,11.564462672115832,50.0,0.4,40.0,Human,condition_mean
50.0,5.363847209242535,22.05185686941744,19.6001523629383,9.296159566679671,50.0,0.4,40.0,Human,condition_mean
55.0,-15.353997770895399,19.569636984613357,5.17594433971664,13.334590392290202,48.0,0.4,40.0,Human,condition_mean
60.0,2.034807715771302,30.220621620220548,-4.7496365419195365,22.4933772041494,46.0,0.4,40.0,Human,condition_mean
65.0,-6.64662813676312,23.954001407174076,21.056200439569384,15.631090693781504,48.0,0.4,40.0,Human,condition_mean
70.0,-11.13824566329896,35.85723743781996,18.328851531870356,21.070973797522495,46.0,0.4,40.0,Human,condition_mean
75.0,-19.588667020674418,25.027211088730148,23.51168381301974,24.987330054686616,48.0,0.4,40.0,Human,condition_mean
80.0,13.223798093362879,29.3322118180586,-4.590913936412924,25.242047729736957,46.0,0.4,40.0,Human,condition_mean
85.0,-1.081794537786515,20.054199861571114,20.807644011725696,9.99503982073762,48.0,0.4,40.0,Human,condition_mean
90.0,2.5313151585312723,36.02499913806745,37.29965565195314,42.99643270723485,46.0,0.4,40.0,Human,condition_mean
95.0,-22.479980689261232,27.606256486169478,14.912768909349733,16.345417750270766,49.0,0.4,40.0,Human,condition_mean
100.0,-1.8824519010134921,26.57924425334993,8.867504501772055,11.373838175220785,47.0,0.4,40.0,Human,condition_mean
105.0,-0.22579332664020743,24.255731130550423,8.941853922493186,13.905443141110165,49.0,0.4,40.0,Human,condition_mean
110.0,-2.890933927192219,15.562827080057525,6.96765451847691,10.560205310204115,47.0,0.4,40.0,Human,condition_mean
115.0,-10.9361502779058,24.224951091657754,6.453052685605416,11.606932021724736,49.0,0.4,40.0,Human,condition_mean
120.0,-19.40336506713164,15.583355995237017,-3.979573820907009,11.074451151106858,47.0,0.4,40.0,Human,condition_mean
125.0,-10.633243805376688,24.462045468960632,-4.556408748490686,14.028442904249646,49.0,0.4,40.0,Human,condition_mean
130.0,20.17906781755097,34.428569943768274,-6.414461251707631,11.358674448616945,47.0,0.4,40.0,Human,condition_mean
135.0,13.276896238691444,19.067270586941884,1.5084455520660371,6.992340727393025,48.0,0.4,40.0,Human,condition_mean
140.0,15.344923040169904,23.747685286493997,-2.8613680241823265,13.867058530211944,49.0,0.4,40.0,Human,condition_mean
145.0,28.531900477050403,25.43660327894386,-1.0568785490882742,11.807015236493758,48.0,0.4,40.0,Human,condition_mean
150.0,8.598749792840142,31.231917206797082,1.0368043039767976,14.32273071951812,49.0,0.4,40.0,Human,condition_mean
155.0,2.8329679396010436,19.965895816986652,-7.373841974700134,16.471948635315748,48.0,0.4,40.0,Human,condition_mean
160.0,8.79407644481935,21.35218162166769,-3.996066532708738,9.829602342918225,49.0,0.4,40.0,Human,condition_mean
165.0,8.86412295532841,25.111808678732867,-2.748546185717347,10.8782317939964,48.0,0.4,40.0,Human,condition_mean
170.0,35.58501929447729,35.302176379758386,-10.617021163452119,19.24970605946205,49.0,0.4,40.0,Human,condition_mean
2.0,-5.352497441307313,,2.6527976612440636,,,0.4,40.0,Calibrated 1D,condition_mean
3.0,-5.352497441307313,,4.85357260307529,,,0.4,40.0,Calibrated 1D,condition_mean
4.0,-5.352497441307313,,6.837400610997393,,,0.4,40.0,Calibrated 1D,condition_mean
5.0,-5.352497441307313,,8.601020611353526,,,0.4,40.0,Calibrated 1D,condition_mean
6.0,-5.352497441307313,,10.148406817734067,,,0.4,40.0,Calibrated 1D,condition_mean
7.0,-5.352497441307313,,11.488913049970009,,,0.4,40.0,Calibrated 1D,condition_mean
8.0,-5.352497441307313,,12.635567361789288,,,0.4,40.0,Calibrated 1D,condition_mean
10.0,-5.352497441307313,,14.409412170021813,,,0.4,40.0,Calibrated 1D,condition_mean
15.0,-5.352497441307313,,16.560839404624303,,,0.4,40.0,Calibrated 1D,condition_mean
20.0,-5.352497441307313,,16.767547156353057,,,0.4,40.0,Calibrated 1D,condition_mean
25.0,-5.352497441307313,,16.08820028086988,,,0.4,40.0,Calibrated 1D,condition_mean
30.0,-5.352497441307313,,15.065195990974392,,,0.4,40.0,Calibrated 1D,condition_mean
35.0,-5.352497441307313,,13.954827950235167,,,0.4,40.0,Calibrated 1D,condition_mean
40.0,-5.352497441307313,,12.871236249107199,,,0.4,40.0,Calibrated 1D,condition_mean
45.0,-5.352497441307313,,11.860749103205283,,,0.4,40.0,Calibrated 1D,condition_mean
50.0,-5.352497441307313,,10.938064334030713,,,0.4,40.0,Calibrated 1D,condition_mean
55.0,-5.352497441307313,,10.103561087411638,,,0.4,40.0,Calibrated 1D,condition_mean
60.0,-5.352497441307313,,9.351546347002255,,,0.4,40.0,Calibrated 1D,condition_mean
65.0,-5.352497441307313,,8.674158178506111,,,0.4,40.0,Calibrated 1D,condition_mean
70.0,-5.352497441307313,,8.063176560825475,,,0.4,40.0,Calibrated 1D,condition_mean
75.0,-5.352497441307313,,7.510821311237332,,,0.4,40.0,Calibrated 1D,condition_mean
80.0,-5.352497441307313,,7.010060707638792,,,0.4,40.0,Calibrated 1D,condition_mean
85.0,-5.352497441307313,,6.554687527311034,,,0.4,40.0,Calibrated 1D,condition_mean
90.0,-5.352497441307313,,6.139289196427479,,,0.4,40.0,Calibrated 1D,condition_mean
95.0,-5.352497441307313,,5.7591744959421804,,,0.4,40.0,Calibrated 1D,condition_mean
100.0,-5.352497441307313,,5.4102871670269845,,,0.4,40.0,Calibrated 1D,condition_mean
105.0,-5.352497441307313,,5.089120620602681,,,0.4,40.0,Calibrated 1D,condition_mean
110.0,-5.352497441307313,,4.792639853972697,,,0.4,40.0,Calibrated 1D,condition_mean
115.0,-5.352497441307313,,4.518212663497908,,,0.4,40.0,Calibrated 1D,condition_mean
120.0,-5.352497441307313,,4.263550317661971,,,0.4,40.0,Calibrated 1D,condition_mean
125.0,-5.352497441307313,,4.026656996444517,,,0.4,40.0,Calibrated 1D,condition_mean
130.0,-5.352497441307313,,3.805786981887662,,,0.4,40.0,Calibrated 1D,condition_mean
135.0,-5.352497441307313,,3.599408526771546,,,0.4,40.0,Calibrated 1D,condition_mean
140.0,-5.352497441307313,,3.4061733913874823,,,0.4,40.0,Calibrated 1D,condition_mean
145.0,-5.352497441307313,,3.2248911498316737,,,0.4,40.0,Calibrated 1D,condition_mean
150.0,-5.352497441307313,,3.054507490807862,,,0.4,40.0,Calibrated 1D,condition_mean
155.0,-5.352497441307313,,2.894085856507849,,,0.4,40.0,Calibrated 1D,condition_mean
160.0,-5.352497441307313,,2.742791869534158,,,0.4,40.0,Calibrated 1D,condition_mean
165.0,-5.352497441307313,,2.5998800898602594,,,0.4,40.0,Calibrated 1D,condition_mean
170.0,-5.352497441307313,,2.4646827217403304,,,0.4,40.0,Calibrated 1D,condition_mean
2.0,-14.704465765791024,,-1.8012725439010917,,,0.4,40.0,Calibrated 2D,condition_mean
3.0,-14.625787656240563,,-0.03763814629915174,,,0.4,40.0,Calibrated 2D,condition_mean
4.0,-14.518746885515677,,1.6554837546725576,,,0.4,40.0,Calibrated 2D,condition_mean
5.0,-14.385294653647609,,3.2749904267114403,,,0.4,40.0,Calibrated 2D,condition_mean
6.0,-14.227440392830534,,4.81861290396475,,,0.4,40.0,Calibrated 2D,condition_mean
7.0,-14.047220157280712,,6.2848549698164256,,,0.4,40.0,Calibrated 2D,condition_mean
8.0,-13.846668684350497,,7.672924994636954,,,0.4,40.0,Calibrated 2D,condition_mean
10.0,-13.392563613323421,,10.214471148044352,,,0.4,40.0,Calibrated 2D,condition_mean
15.0,-12.034748800985456,,15.248772881407945,,,0.4,40.0,Calibrated 2D,condition_mean
20.0,-10.515926718574166,,18.59961801994082,,,0.4,40.0,Calibrated 2D,condition_mean
25.0,-8.981007675427776,,20.586685142058773,,,0.4,40.0,Calibrated 2D,condition_mean
30.0,-7.52097847180267,,21.528386806795965,,,0.4,40.0,Calibrated 2D,condition_mean
35.0,-6.186321386984835,,21.69893871598532,,,0.4,40.0,Calibrated 2D,condition_mean
40.0,-5.000262760247052,,21.31736140725069,,,0.4,40.0,Calibrated 2D,condition_mean
45.0,-3.969089892953315,,20.551121755298766,,,0.4,40.0,Calibrated 2D,condition_mean
50.0,-3.0893118272027618,,19.524887782131447,,,0.4,40.0,Calibrated 2D,condition_mean
55.0,-2.352285564004273,,18.32990550876659,,,0.4,40.0,Calibrated 2D,condition_mean
60.0,-1.747047122563277,,17.03222129450078,,,0.4,40.0,Calibrated 2D,condition_mean
65.0,-1.261958819241034,,15.679274812147714,,,0.4,40.0,Calibrated 2D,condition_mean
70.0,-0.8856125239145669,,14.304938023192616,,,0.4,40.0,Calibrated 2D,condition_mean
75.0,-0.607282601584922,,12.933261285459114,,,0.4,40.0,Calibrated 2D,condition_mean
80.0,-0.4171158510203643,,11.581213137229092,,,0.4,40.0,Calibrated 2D,condition_mean
85.0,-0.30617407982428446,,10.260665080266964,,,0.4,40.0,Calibrated 2D,condition_mean
90.0,-0.2663988569363589,,8.979821860239603,,,0.4,40.0,Calibrated 2D,condition_mean
95.0,-0.2905392189383509,,7.744249499557375,,,0.4,40.0,Calibrated 2D,condition_mean
100.0,-0.372065548345871,,6.5576135232966895,,,0.4,40.0,Calibrated 2D,condition_mean
105.0,-0.5050823182262043,,5.422209087848241,,,0.4,40.0,Calibrated 2D,condition_mean
110.0,-0.6842462020091578,,4.339341853278535,,,0.4,40.0,Calibrated 2D,condition_mean
115.0,-0.9046924760083854,,3.309601776221456,,,0.4,40.0,Calibrated 2D,condition_mean
120.0,-1.1619706417060254,,2.3330600026043644,,,0.4,40.0,Calibrated 2D,condition_mean
125.0,-1.4519891227736768,,1.40941045799618,,,0.4,40.0,Calibrated 2D,condition_mean
130.0,-1.7709683600213655,,0.5380716133308292,,,0.4,40.0,Calibrated 2D,condition_mean
135.0,-2.115401403598746,,-0.28174045828707595,,,0.4,40.0,Calibrated 2D,condition_mean
140.0,-2.482021047946345,,-1.050959730172397,,,0.4,40.0,Calibrated 2D,condition_mean
145.0,-2.867772590321856,,-1.7706327975938345,,,0.4,40.0,Calibrated 2D,condition_mean
150.0,-3.2697913715231834,,-2.441892197063095,,,0.4,40.0,Calibrated 2D,condition_mean
155.0,-3.6853843513189695,,-3.065937433615615,,,0.4,40.0,Calibrated 2D,condition_mean
160.0,-4.112015066794877,,-3.644021508517067,,,0.4,40.0,Calibrated 2D,condition_mean
165.0,-4.547291411984013,,-4.177441339774586,,,0.4,40.0,Calibrated 2D,condition_mean
170.0,-4.98895575852846,,-4.6675309040060675,,,0.4,40.0,Calibrated 2D,condition_mean
2.0,-20.657985479547442,,7.913158159261284,,,0.4,40.0,Human,smoothed_path
2.702928870292887,-20.567056765880082,,7.955726175069689,,,0.4,40.0,Human,smoothed_path
3.405857740585774,-20.472650560704228,,8.002172502131042,,,0.4,40.0,Human,smoothed_path
4.108786610878661,-20.374601227567528,,8.052676041649237,,,0.4,40.0,Human,smoothed_path
4.811715481171548,-20.272737496430196,,8.107418007036015,,,0.4,40.0,Human,smoothed_path
5.514644351464435,-20.16688279775081,,8.166581012282805,,,0.4,40.0,Human,smoothed_path
6.217573221757322,-20.05685569937642,,8.230348006908732,,,0.4,40.0,Human,smoothed_path
6.920502092050209,-19.942470458705607,,8.298901044761461,,,0.4,40.0,Human,smoothed_path
7.623430962343096,-19.823537703046796,,8.372419874406365,,,0.4,40.0,Human,smoothed_path
8.326359832635983,-19.69986525135227,,8.451080339696734,,,0.4,40.0,Human,smoothed_path
9.02928870292887,-19.571259090508917,,8.535052580449175,,,0.4,40.0,Human,smoothed_path
9.732217573221757,-19.43752451904802,,8.624499025035043,,,0.4,40.0,Human,smoothed_path
10.435146443514643,-19.298467470426147,,8.719572169221944,,,0.4,40.0,Human,smoothed_path
11.13807531380753,-19.153896026851676,,8.820412138840073,,,0.4,40.0,Human,smoothed_path
11.841004184100418,-19.003622132910465,,8.927144037879302,,,0.4,40.0,Human,smoothed_path
12.543933054393305,-18.84746351589961,,9.039875088508513,,,0.4,40.0,Human,smoothed_path
13.246861924686192,-18.685245816739375,,9.15869157529145,,,0.4,40.0,Human,smoothed_path
13.949790794979078,-18.516804931534892,,9.283655612573114,,,0.4,40.0,Human,smoothed_path
14.652719665271965,-18.34198955925303,,9.414801761611196,,,0.4,40.0,Human,smoothed_path
15.355648535564853,-18.16066394554061,,9.552133532468854,,,0.4,40.0,Human,smoothed_path
16.05857740585774,-17.972710806440098,,9.695619814856116,,,0.4,40.0,Human,smoothed_path
16.761506276150627,-17.778034408702435,,9.845191291833178,,,0.4,40.0,Human,smoothed_path
17.464435146443513,-17.57656377564077,,10.0007369003263,,,0.4,40.0,Human,smoothed_path
18.1673640167364,-17.368255979158008,,10.162100412437383,,,0.4,40.0,Human,smoothed_path
18.870292887029287,-17.15309946991838,,10.329077221156773,,,0.4,40.0,Human,smoothed_path
19.573221757322173,-16.931117388887365,,10.501411422846864,,,0.4,40.0,Human,smoothed_path
20.27615062761506,-16.702370794968108,,10.678793296217806,,,0.4,40.0,Human,smoothed_path
20.97907949790795,-16.466961735611147,,10.860857282884211,,,0.4,40.0,Human,smoothed_path
21.682008368200837,-16.22503608051403,,11.047180577364811,,,0.4,40.0,Human,smoothed_path
22.384937238493723,-15.97678603334062,,11.23728243396381,,,0.4,40.0,Human,smoothed_path
23.08786610878661,-15.72245223327541,,11.430624293796566,,,0.4,40.0,Human,smoothed_path
23.790794979079497,-15.462325357668194,,11.626610826825313,,,0.4,40.0,Human,smoothed_path
24.493723849372383,-15.196747139456972,,11.824591970823729,,,0.4,40.0,Human,smoothed_path
25.19665271966527,-14.926110718832684,,12.023866031548607,,,0.4,40.0,Human,smoothed_path
25.899581589958157,-14.650860257958067,,12.22368388614938,,,0.4,40.0,Human,smoothed_path
26.602510460251043,-14.371489760542737,,12.423254305343216,,,0.4,40.0,Human,smoothed_path
27.30543933054393,-14.08854105458705,,12.621750379761565,,,0.4,40.0,Human,smoothed_path
28.008368200836816,-13.802600916304534,,12.818317003057626,,,0.4,40.0,Human,smoothed_path
28.711297071129707,-13.514297335566276,,13.012079330042512,,,0.4,40.0,Human,smoothed_path
29.414225941422593,-13.224294947417103,,13.20215209370291,,,0.4,40.0,Human,smoothed_path
30.11715481171548,-12.933289679348112,,13.387649632006816,,,0.4,40.0,Human,smoothed_path
30.820083682008367,-12.642002688989042,,13.567696445553567,,,0.4,40.0,Human,smoothed_path
31.523012552301253,-12.351173690544531,,13.741438081953246,,,0.4,40.0,Human,smoothed_path
32.22594142259414,-12.061553789474756,,13.908052123761657,,,0.4,40.0,Human,smoothed_path
32.92887029288703,-11.773897962521433,,14.066759045021856,,,0.4,40.0,Human,smoothed_path
33.63179916317991,-11.488957333265676,,14.216832697790442,,,0.4,40.0,Human,smoothed_path
34.3347280334728,-11.207471401261067,,14.357610194849773,,,0.4,40.0,Human,smoothed_path
35.037656903765686,-10.930160384979093,,14.488500968055071,,,0.4,40.0,Human,smoothed_path
35.74058577405857,-10.65771783521454,,14.608994802899062,,,0.4,40.0,Human,smoothed_path
36.44351464435146,-10.3908036664309,,14.718668677922892,,,0.4,40.0,Human,smoothed_path
37.146443514644346,-10.130037739294206,,14.817192271219318,,,0.4,40.0,Human,smoothed_path
37.84937238493723,-9.875994109131634,,14.904332033850698,,,0.4,40.0,Human,smoothed_path
38.55230125523012,-9.629196033251784,,14.979953769770109,,,0.4,40.0,Human,smoothed_path
39.255230125523006,-9.390111806105788,,15.044023701983477,,,0.4,40.0,Human,smoothed_path
39.9581589958159,-9.159151466335198,,15.096608043501305,,,0.4,40.0,Human,smoothed_path
40.66108786610879,-8.93666439500388,,15.137871127564267,,,0.4,40.0,Human,smoothed_path
41.36401673640167,-8.722937800806083,,15.168072183421076,,,0.4,40.0,Human,smoothed_path
42.06694560669456,-8.518196066688096,,15.187560870647616,,,0.4,40.0,Human,smoothed_path
42.76987447698745,-8.322600913820741,,15.196771706030784,,,0.4,40.0,Human,smoothed_path
43.47280334728033,-8.136252323700232,,15.19621753215603,,,0.4,40.0,Human,smoothed_path
44.17573221757322,-7.959190147593145,,15.186482186109732,,,0.4,40.0,Human,smoothed_path
44.87866108786611,-7.791396324620907,,15.168212530488265,,,0.4,40.0,Human,smoothed_path
45.58158995815899,-7.632797625354785,,15.142110007762117,,,0.4,40.0,Human,smoothed_path
46.28451882845188,-7.483268836562158,,15.108921873692037,,,0.4,40.0,Human,smoothed_path
46.98744769874477,-7.342636304292654,,15.069432256739091,,,0.4,40.0,Human,smoothed_path
47.69037656903765,-7.210681756326936,,15.024453179078762,,,0.4,40.0,Human,smoothed_path
48.39330543933054,-7.087146330605442,,14.97481566172522,,,0.4,40.0,Human,smoothed_path
49.096234309623426,-6.9717347430808045,,14.921361022131446,,,0.4,40.0,Human,smoothed_path
49.79916317991631,-6.864119535997168,,14.864932458098616,,,0.4,40.0,Human,smoothed_path
50.5020920502092,-6.763945355441345,,14.80636699743621,,,0.4,40.0,Human,smoothed_path
51.205020920502086,-6.67083321474907,,14.746487878979705,,,0.4,40.0,Human,smoothed_path
51.90794979079497,-6.584384707671333,,14.68609741759649,,,0.4,40.0,Human,smoothed_path
52.61087866108786,-6.504186141873209,,14.625970393891333,,,0.4,40.0,Human,smoothed_path
53.313807531380746,-6.429812569186348,,14.566847998564148,,,0.4,40.0,Human,smoothed_path
54.01673640167363,-6.3608316939702885,,14.509432351806769,,,0.4,40.0,Human,smoothed_path
54.71966527196653,-6.296807644921329,,14.45438160972332,,,0.4,40.0,Human,smoothed_path
55.42259414225941,-6.237304598716503,,14.40230566245193,,,0.4,40.0,Human,smoothed_path
56.1255230125523,-6.181890246051213,,14.353762422358566,,,0.4,40.0,Human,smoothed_path
56.82845188284519,-6.130139092011679,,14.309254695259252,,,0.4,40.0,Human,smoothed_path
57.53138075313807,-6.08163558342947,,14.269227622993913,,,0.4,40.0,Human,smoothed_path
58.23430962343096,-6.035977056021246,,14.234066681720048,,,0.4,40.0,Human,smoothed_path
58.93723849372385,-5.992776493856505,,14.204096216924487,,,0.4,40.0,Human,smoothed_path
59.64016736401673,-5.951665093153867,,14.179578493288467,,,0.4,40.0,Human,smoothed_path
60.34309623430962,-5.912294621713011,,14.16071323512443,,,0.4,40.0,Human,smoothed_path
61.046025104602506,-5.874339564566581,,14.147637631085573,,,0.4,40.0,Human,smoothed_path
61.74895397489539,-5.837499045794854,,14.140426775201163,,,0.4,40.0,Human,smoothed_path
62.45188284518828,-5.801498515982173,,14.139094514991642,,,0.4,40.0,Human,smoothed_path
63.154811715481166,-5.766091194588411,,14.143594676457885,,,0.4,40.0,Human,smoothed_path
63.85774058577405,-5.731059256625462,,14.153822635114263,,,0.4,40.0,Human,smoothed_path
64.56066945606693,-5.696214753513938,,14.16961720194261,,,0.4,40.0,Human,smoothed_path
65.26359832635983,-5.661400258878132,,14.19076279318313,,,0.4,40.0,Human,smoothed_path
65.96652719665272,-5.626489231330061,,14.21699185324146,,,0.4,40.0,Human,smoothed_path
66.6694560669456,-5.591386087991172,,14.24798750067076,,,0.4,40.0,Human,smoothed_path
67.3723849372385,-5.556025984583492,,14.283386368164521,,,0.4,40.0,Human,smoothed_path
68.07531380753137,-5.52037430035686,,14.322781608748432,,,0.4,40.0,Human,smoothed_path
68.77824267782427,-5.484425828858205,,14.365726041853861,,,0.4,40.0,Human,smoothed_path
69.48117154811715,-5.448203678536336,,14.411735414654311,,,0.4,40.0,Human,smoothed_path
70.18410041841004,-5.411757890343879,,14.460291755902293,,,0.4,40.0,Human,smoothed_path
70.88702928870292,-5.375163782775195,,14.510846801467823,,,0.4,40.0,Human,smoothed_path
71.58995815899581,-5.338520038086442,,14.562825472795364,,,0.4,40.0,Human,smoothed_path
72.29288702928869,-5.301946546702488,,14.61562939150776,,,0.4,40.0,Human,smoothed_path
72.99581589958159,-5.265582029944421,,14.668640415337165,,,0.4,40.0,Human,smoothed_path
73.69874476987447,-5.229581464133895,,14.721224182399366,,,0.4,40.0,Human,smoothed_path
74.40167364016736,-5.194113331772429,,14.772733652500328,,,0.4,40.0,Human,smoothed_path
75.10460251046024,-5.15935672778921,,14.822512635627803,,,0.4,40.0,Human,smoothed_path
75.80753138075313,-5.125498350740722,,14.869899299000721,,,0.4,40.0,Human,smoothed_path
76.51046025104601,-5.092729410282142,,14.914229644997734,,,0.4,40.0,Human,smoothed_path
77.2133891213389,-5.061242483176705,,14.95484095294757,,,0.4,40.0,Human,smoothed_path
77.9163179916318,-5.031228350541349,,14.991075178130554,,,0.4,40.0,Human,smoothed_path
78.61924686192468,-5.00287284893391,,15.022282301419029,,,0.4,40.0,Human,smoothed_path
79.32217573221757,-4.976353767272186,,15.047823622789675,,,0.4,40.0,Human,smoothed_path
80.02510460251045,-4.951837820454806,,15.067074991498,,,0.4,40.0,Human,smoothed_path
80.72803347280335,-4.929477728958112,,15.079429965052022,,,0.4,40.0,Human,smoothed_path
81.43096234309623,-4.909409431654773,,15.084302888298584,,,0.4,40.0,Human,smoothed_path
82.13389121338912,-4.891749456692329,,15.081131882994548,,,0.4,40.0,Human,smoothed_path
82.836820083682,-4.876592472547124,,15.069381737227953,,,0.4,40.0,Human,smoothed_path
83.5397489539749,-4.864009038402807,,15.048546683040133,,,0.4,40.0,Human,smoothed_path
84.24267782426777,-4.854043569870264,,15.018153049635,,,0.4,40.0,Human,smoothed_path
84.94560669456067,-4.846712532848884,,14.977761778703556,,,0.4,40.0,Human,smoothed_path
85.64853556485355,-4.842002875109931,,14.926970787692746,,,0.4,40.0,Human,smoothed_path
86.35146443514644,-4.839870702042547,,14.865417166356139,,,0.4,40.0,Human,smoothed_path
87.05439330543932,-4.840240200019273,,14.792779191681293,,,0.4,40.0,Human,smoothed_path
87.75732217573221,-4.8430028080820104,,14.708778146327171,,,0.4,40.0,Human,smoothed_path
88.46025104602509,-4.848016636184528,,14.613179926050126,,,0.4,40.0,Human,smoothed_path
89.16317991631799,-4.855106126105877,,14.50579642226118,,,0.4,40.0,Human,smoothed_path
89.86610878661087,-4.864061949412092,,14.386486666845773,,,0.4,40.0,Human,smoothed_path
90.56903765690376,-4.874641135517362,,14.255157727681782,,,0.4,40.0,Human,smoothed_path
91.27196652719664,-4.886567421994618,,14.111765344896952,,,0.4,40.0,Human,smoothed_path
91.97489539748953,-4.899531818806204,,13.956314299785362,,,0.4,40.0,Human,smoothed_path
92.67782426778243,-4.913193378051985,,13.788858510420576,,,0.4,40.0,Human,smoothed_path
93.3807531380753,-4.9271801611333945,,13.609500850317666,,,0.4,40.0,Human,smoothed_path
94.0836820083682,-4.941090395862444,,13.418392688959909,,,0.4,40.0,Human,smoothed_path
94.78661087866108,-4.95449381694824,,13.215733155566388,,,0.4,40.0,Human,smoothed_path
95.48953974895397,-4.966933184401776,,13.001768130078723,,,0.4,40.0,Human,smoothed_path
96.19246861924685,-4.977925975637307,,12.776788967933847,,,0.4,40.0,Human,smoothed_path
96.89539748953975,-4.98696624833302,,12.54113096770945,,,0.4,40.0,Human,smoothed_path
97.59832635983263,-4.993526672359938,,12.2951715931288,,,0.4,40.0,Human,smoothed_path
98.30125523012552,-4.997060730209574,,12.03932846314234,,,0.4,40.0,Human,smoothed_path
99.0041841004184,-4.997005086264343,,11.774057125824495,,,0.4,40.0,Human,smoothed_path
99.7071129707113,-4.9927821258808995,,11.499848633597875,,,0.4,40.0,Human,smoothed_path
100.41004184100417,-4.983802665524689,,11.217226938797126,,,0.4,40.0,Human,smoothed_path
101.11297071129707,-4.969468835042917,,10.926746129789557,,,0.4,40.0,Human,smoothed_path
101.81589958158995,-4.949177132544896,,10.628987528769692,,,0.4,40.0,Human,smoothed_path
102.51882845188284,-4.9223216512394,,10.32455667293557,,,0.4,40.0,Human,smoothed_path
103.22175732217572,-4.888297475940501,,10.014080201043214,,,0.4,40.0,Human,smoothed_path
103.92468619246861,-4.846504244795704,,9.698202667333696,,,0.4,40.0,Human,smoothed_path
104.62761506276149,-4.7963498691302116,,9.377583304557254,,,0.4,40.0,Human,smoothed_path
105.33054393305439,-4.73725440117338,,9.05289275730507,,,0.4,40.0,Human,smoothed_path
106.03347280334727,-4.668654035890288,,8.724809806135617,,,0.4,40.0,Human,smoothed_path
106.73640167364016,-4.5900052292513145,,8.394018102081473,,,0.4,40.0,Human,smoothed_path
107.43933054393305,-4.500788911119221,,8.061202930084415,,,0.4,40.0,Human,smoothed_path
108.14225941422593,-4.400514766613313,,7.727048018767295,,,0.4,40.0,Human,smoothed_path
108.84518828451883,-4.288725555431306,,7.392232412751248,,,0.4,40.0,Human,smoothed_path
109.5481171548117,-4.16500143428748,,7.057427422500872,,,0.4,40.0,Human,smoothed_path
110.2510460251046,-4.028964243481772,,6.72329366546269,,,0.4,40.0,Human,smoothed_path
110.95397489539748,-3.8802817147724005,,6.390478211083337,,,0.4,40.0,Human,smoothed_path
111.65690376569037,-3.718671554307136,,6.059611841177778,,,0.4,40.0,Human,smoothed_path
112.35983263598325,-3.5439053514945114,,5.731306436085181,,,0.4,40.0,Human,smoothed_path
113.06276150627615,-3.3558122624774978,,5.40615249611326,,,0.4,40.0,Human,smoothed_path
113.76569037656903,-3.1542824154107705,,5.084716806940001,,,0.4,40.0,Human,smoothed_path
114.46861924686192,-2.9392699841265677,,4.767540256914584,,,0.4,40.0,Human,smoothed_path
115.1715481171548,-2.7107958770777727,,4.4551358135741665,,,0.4,40.0,Human,smoothed_path
115.8744769874477,-2.468949989725052,,4.147986666158137,,,0.4,40.0,Human,smoothed_path
116.57740585774057,-2.21389297082531,,3.8465445404434417,,,0.4,40.0,Human,smoothed_path
117.28033472803347,-1.9458574563960922,,3.5512281918222426,,,0.4,40.0,Human,smoothed_path
117.98326359832635,-1.6651487294703728,,3.262422082176089,,,0.4,40.0,Human,smoothed_path
118.68619246861924,-1.3721447690891047,,2.980475245741823,,,0.4,40.0,Human,smoothed_path
119.38912133891212,-1.0672956582564934,,2.705700348789448,,,0.4,40.0,Human,smoothed_path
120.09205020920501,-0.7511223277318334,,2.438372947512625,,,0.4,40.0,Human,smoothed_path
120.79497907949789,-0.42421462046096714,,2.178730948044497,,,0.4,40.0,Human,smoothed_path
121.49790794979079,-0.08722867004620516,,1.9269742719297955,,,0.4,40.0,Human,smoothed_path
122.20083682008368,0.25911640421249704,,1.6832647296892884,,,0.4,40.0,Human,smoothed_path
122.90376569037656,0.6140424736475133,,1.447726104286163,,,0.4,40.0,Human,smoothed_path
123.60669456066945,0.9767170261096005,,1.220444445334676,,,0.4,40.0,Human,smoothed_path
124.30962343096233,1.3462584097752224,,1.001468573771396,,,0.4,40.0,Human,smoothed_path
125.01255230125523,1.7217416535366197,,0.790810795437375,,,0.4,40.0,Human,smoothed_path
125.7154811715481,2.1022048132294016,,0.5884478206008343,,,0.4,40.0,Human,smoothed_path
126.418410041841,2.4866557840280294,,0.39432188489440145,,,0.4,40.0,Human,smoothed_path
127.12133891213388,2.874079511076492,,0.2083420654669701,,,0.4,40.0,Human,smoothed_path
127.82426778242677,3.26344552299648,,0.030385784379790337,,,0.4,40.0,Human,smoothed_path
128.52719665271965,3.6537157064913446,,-0.13969951056071128,,,0.4,40.0,Human,smoothed_path
129.23012552301253,4.0438522349941,,-0.30209449921206954,,,0.4,40.0,Human,smoothed_path
129.93305439330544,4.432825560323231,,-0.4570059902921117,,,0.4,40.0,Human,smoothed_path
130.63598326359832,4.819622373725017,,-0.6046647857294081,,,0.4,40.0,Human,smoothed_path
131.3389121338912,5.2032534415824765,,-0.7453234252682434,,,0.4,40.0,Human,smoothed_path
132.04184100418408,5.582761221518335,,-0.8792538300296774,,,0.4,40.0,Human,smoothed_path
132.744769874477,5.957227166644121,,-1.0067448651563065,,,0.4,40.0,Human,smoothed_path
133.44769874476987,6.325778629305001,,-1.1280998428769566,,,0.4,40.0,Human,smoothed_path
134.15062761506275,6.687595280805677,,-1.2436339882808136,,,0.4,40.0,Human,smoothed_path
134.85355648535563,7.041914970204313,,-1.3536718907540484,,,0.4,40.0,Human,smoothed_path
135.55648535564853,7.388038953225971,,-1.4585449643782002,,,0.4,40.0,Human,smoothed_path
136.2594142259414,7.725336431535233,,-1.5585889405965903,,,0.4,40.0,Human,smoothed_path
136.9623430962343,8.053248352852856,,-1.6541414161099035,,,0.4,40.0,Human,smoothed_path
137.6652719665272,8.37129043350648,,-1.7455394782594191,,,0.4,40.0,Human,smoothed_path
138.36820083682008,8.679055376754054,,-1.8331174291007595,,,0.4,40.0,Human,smoothed_path
139.07112970711296,8.976214272372928,,-1.9172046279753292,,,0.4,40.0,Human,smoothed_path
139.77405857740584,9.2625171753198,,-1.9981234706731756,,,0.4,40.0,Human,smoothed_path
140.47698744769875,9.537792873484005,,-2.0761875212808327,,,0.4,40.0,Human,smoothed_path
141.17991631799163,9.801947866426154,,-2.1516998105591076,,,0.4,40.0,Human,smoothed_path
141.8828451882845,10.0549645882734,,-2.224951312244295,,,0.4,40.0,Human,smoothed_path
142.58577405857739,10.29689891840298,,-2.2962196060623925,,,0.4,40.0,Human,smoothed_path
143.2887029288703,10.52787703298305,,-2.365767733544512,,,0.4,40.0,Human,smoothed_path
143.99163179916317,10.748091658674769,,-2.433843249989254,,,0.4,40.0,Human,smoothed_path
144.69456066945605,10.957797796689224,,-2.5006774731919448,,,0.4,40.0,Human,smoothed_path
145.39748953974893,11.157307990827189,,-2.5664849269070866,,,0.4,40.0,Human,smoothed_path
146.10041841004184,11.346987217041955,,-2.6314629744824645,,,0.4,40.0,Human,smoothed_path
146.80334728033472,11.527247474425394,,-2.695791635749327,,,0.4,40.0,Human,smoothed_path
147.5062761506276,11.69854215833768,,-2.7596335781158907,,,0.4,40.0,Human,smoothed_path
148.20920502092048,11.861360295730833,,-2.8231342709264147,,,0.4,40.0,Human,smoothed_path
148.9121338912134,12.016220720641435,,-2.8864222905435195,,,0.4,40.0,Human,smoothed_path
149.61506276150627,12.163666264464727,,-2.9496097623064688,,,0.4,40.0,Human,smoothed_path
150.31799163179915,12.304258031114282,,-3.012792924524061,,,0.4,40.0,Human,smoothed_path
151.02092050209203,12.438569821681916,,-3.0760527989799353,,,0.4,40.0,Human,smoothed_path
151.72384937238493,12.567182766920869,,-3.1394559520554264,,,0.4,40.0,Human,smoothed_path
152.4267782426778,12.690680218967367,,-3.203055330497446,,,0.4,40.0,Human,smoothed_path
153.1297071129707,12.809642946382244,,-3.2668911560574347,,,0.4,40.0,Human,smoothed_path
153.8326359832636,12.924644669019978,,-3.3309918636771045,,,0.4,40.0,Human,smoothed_path
154.53556485355648,13.03624796159619,,-3.3953750685690087,,,0.4,40.0,Human,smoothed_path
155.23849372384936,13.145000547290088,,-3.460048548402572,,,0.4,40.0,Human,smoothed_path
155.94142259414224,13.251431995433318,,-3.5250112278251584,,,0.4,40.0,Human,smoothed_path
156.64435146443515,13.35605083043062,,-3.5902541536887083,,,0.4,40.0,Human,smoothed_path
157.34728033472803,13.459342052636678,,-3.655761450580575,,,0.4,40.0,Human,smoothed_path
158.0502092050209,13.561765066063817,,-3.721511247539943,,,0.4,40.0,Human,smoothed_path
158.75313807531379,13.663752002578512,,-3.787476568146954,,,0.4,40.0,Human,smoothed_path
159.4560669456067,13.765706427703257,,-3.8536261774728384,,,0.4,40.0,Human,smoothed_path
160.15899581589957,13.868002409293926,,-3.9199253806501466,,,0.4,40.0,Human,smoothed_path
160.86192468619245,13.970983927214567,,-3.986336769041724,,,0.4,40.0,Human,smoothed_path
161.56485355648533,14.074964599665929,,-4.05282091113681,,,0.4,40.0,Human,smoothed_path
162.26778242677824,14.18022770001406,,-4.119336986369134,,,0.4,40.0,Human,smoothed_path
162.97071129707112,14.287026436769725,,-4.185843361024002,,,0.4,40.0,Human,smoothed_path
163.673640167364,14.395584468739974,,-4.252298106272522,,,0.4,40.0,Human,smoothed_path
164.37656903765688,14.506096627254028,,-4.318659459136966,,,0.4,40.0,Human,smoothed_path
165.0794979079498,14.61872981769742,,-4.384886227851264,,,0.4,40.0,Human,smoothed_path
165.78242677824267,14.733624073308768,,-4.450938143635643,,,0.4,40.0,Human,smoothed_path
166.48535564853555,14.850893735241073,,-4.5167761613584165,,,0.4,40.0,Human,smoothed_path
167.18828451882845,14.970628734202897,,-4.58236271191572,,,0.4,40.0,Human,smoothed_path
167.89121338912133,15.092895950516905,,-4.647661909428376,,,0.4,40.0,Human,smoothed_path
168.5941422594142,15.217740631109182,,-4.712639716541425,,,0.4,40.0,Human,smoothed_path
169.2970711297071,15.345187843722892,,-4.777264071223979,,,0.4,40.0,Human,smoothed_path
170.0,15.475243950489993,,-4.841504978514093,,,0.4,40.0,Human,smoothed_path
2.0,-5.352497441307313,,10.326828862437115,,,0.4,40.0,Calibrated 1D,smoothed_path
2.702928870292887,-5.352497441307314,,10.396801885112048,,,0.4,40.0,Calibrated 1D,smoothed_path
3.405857740585774,-5.352497441307311,,10.467805331713514,,,0.4,40.0,Calibrated 1D,smoothed_path
4.108786610878661,-5.352497441307312,,10.53981992412211,,,0.4,40.0,Calibrated 1D,smoothed_path
4.811715481171548,-5.352497441307314,,10.612820807693243,,,0.4,40.0,Calibrated 1D,smoothed_path
5.514644351464435,-5.352497441307314,,10.686777000030578,,,0.4,40.0,Calibrated 1D,smoothed_path
6.217573221757322,-5.352497441307312,,10.761650813165929,,,0.4,40.0,Calibrated 1D,smoothed_path
6.920502092050209,-5.352497441307313,,10.837397251951359,,,0.4,40.0,Calibrated 1D,smoothed_path
7.623430962343096,-5.352497441307312,,10.913963392442131,,,0.4,40.0,Calibrated 1D,smoothed_path
8.326359832635983,-5.352497441307312,,10.991287745154128,,,0.4,40.0,Calibrated 1D,smoothed_path
9.02928870292887,-5.352497441307314,,11.069299609317845,,,0.4,40.0,Calibrated 1D,smoothed_path
9.732217573221757,-5.352497441307314,,11.147918425619396,,,0.4,40.0,Calibrated 1D,smoothed_path
10.435146443514643,-5.352497441307312,,11.227053136407164,,,0.4,40.0,Calibrated 1D,smoothed_path
11.13807531380753,-5.352497441307312,,11.306601563934496,,,0.4,40.0,Calibrated 1D,smoothed_path
11.841004184100418,-5.352497441307314,,11.386449818878686,,,0.4,40.0,Calibrated 1D,smoothed_path
12.543933054393305,-5.352497441307313,,11.466471753088598,,,0.4,40.0,Calibrated 1D,smoothed_path
13.246861924686192,-5.352497441307312,,11.546528472221272,,,0.4,40.0,Calibrated 1D,smoothed_path
13.949790794979078,-5.352497441307313,,11.626467925572271,,,0.4,40.0,Calibrated 1D,smoothed_path
14.652719665271965,-5.352497441307314,,11.706124591913344,,,0.4,40.0,Calibrated 1D,smoothed_path
15.355648535564853,-5.352497441307312,,11.785319281439243,,,0.4,40.0,Calibrated 1D,smoothed_path
16.05857740585774,-5.352497441307314,,11.863859074895586,,,0.4,40.0,Calibrated 1D,smoothed_path
16.761506276150627,-5.352497441307314,,11.941537421504727,,,0.4,40.0,Calibrated 1D,smoothed_path
17.464435146443513,-5.352497441307314,,12.018134417310758,,,0.4,40.0,Calibrated 1D,smoothed_path
18.1673640167364,-5.352497441307314,,12.093417284911563,,,0.4,40.0,Calibrated 1D,smoothed_path
18.870292887029287,-5.352497441307313,,12.167141074119934,,,0.4,40.0,Calibrated 1D,smoothed_path
19.573221757322173,-5.35249744130731,,12.2390496007936,,,0.4,40.0,Calibrated 1D,smoothed_path
20.27615062761506,-5.352497441307312,,12.308876637811222,,,0.4,40.0,Calibrated 1D,smoothed_path
20.97907949790795,-5.352497441307313,,12.37634736789247,,,0.4,40.0,Calibrated 1D,smoothed_path
21.682008368200837,-5.352497441307313,,12.441180102649462,,,0.4,40.0,Calibrated 1D,smoothed_path
22.384937238493723,-5.352497441307312,,12.503088265948161,,,0.4,40.0,Calibrated 1D,smoothed_path
23.08786610878661,-5.352497441307313,,12.561782632443952,,,0.4,40.0,Calibrated 1D,smoothed_path
23.790794979079497,-5.352497441307312,,12.616973804193087,,,0.4,40.0,Calibrated 1D,smoothed_path
24.493723849372383,-5.352497441307312,,12.66837489975751,,,0.4,40.0,Calibrated 1D,smoothed_path
25.19665271966527,-5.352497441307312,,12.715704421507404,,,0.4,40.0,Calibrated 1D,smoothed_path
25.899581589958157,-5.352497441307314,,12.758689258238443,,,0.4,40.0,Calibrated 1D,smoothed_path
26.602510460251043,-5.352497441307314,,12.797067772160378,,,0.4,40.0,Calibrated 1D,smoothed_path
27.30543933054393,-5.352497441307312,,12.83059291221178,,,0.4,40.0,Calibrated 1D,smoothed_path
28.008368200836816,-5.352497441307314,,12.859035289948189,,,0.4,40.0,Calibrated 1D,smoothed_path
28.711297071129707,-5.352497441307314,,12.882186150349865,,,0.4,40.0,Calibrated 1D,smoothed_path
29.414225941422593,-5.352497441307312,,12.899860168157673,,,0.4,40.0,Calibrated 1D,smoothed_path
30.11715481171548,-5.352497441307314,,12.911898001044163,,,0.4,40.0,Calibrated 1D,smoothed_path
30.820083682008367,-5.352497441307314,,12.918168534219001,,,0.4,40.0,Calibrated 1D,smoothed_path
31.523012552301253,-5.352497441307312,,12.918570756978971,,,0.4,40.0,Calibrated 1D,smoothed_path
32.22594142259414,-5.352497441307313,,12.91303522011804,,,0.4,40.0,Calibrated 1D,smoothed_path
32.92887029288703,-5.352497441307314,,12.901525033740931,,,0.4,40.0,Calibrated 1D,smoothed_path
33.63179916317991,-5.352497441307314,,12.884036377461227,,,0.4,40.0,Calibrated 1D,smoothed_path
34.3347280334728,-5.352497441307312,,12.86059850868384,,,0.4,40.0,Calibrated 1D,smoothed_path
35.037656903765686,-5.352497441307312,,12.831273269056016,,,0.4,40.0,Calibrated 1D,smoothed_path
35.74058577405857,-5.352497441307314,,12.796154103561964,,,0.4,40.0,Calibrated 1D,smoothed_path
36.44351464435146,-5.352497441307312,,12.755364620471422,,,0.4,40.0,Calibrated 1D,smoothed_path
37.146443514644346,-5.352497441307312,,12.709056732814432,,,0.4,40.0,Calibrated 1D,smoothed_path
37.84937238493723,-5.352497441307314,,12.657408432708309,,,0.4,40.0,Calibrated 1D,smoothed_path
38.55230125523012,-5.352497441307313,,12.600621258289397,,,0.4,40.0,Calibrated 1D,smoothed_path
39.255230125523006,-5.352497441307312,,12.538917518923567,,,0.4,40.0,Calibrated 1D,smoothed_path
39.9581589958159,-5.352497441307313,,12.472537347654235,,,0.4,40.0,Calibrated 1D,smoothed_path
40.66108786610879,-5.352497441307312,,12.401735650516988,,,0.4,40.0,Calibrated 1D,smoothed_path
41.36401673640167,-5.352497441307312,,12.326779020560139,,,0.4,40.0,Calibrated 1D,smoothed_path
42.06694560669456,-5.352497441307312,,12.247942680434058,,,0.4,40.0,Calibrated 1D,smoothed_path
42.76987447698745,-5.352497441307312,,12.165507511607956,,,0.4,40.0,Calibrated 1D,smoothed_path
43.47280334728033,-5.352497441307312,,12.079757221058953,,,0.4,40.0,Calibrated 1D,smoothed_path
44.17573221757322,-5.352497441307312,,11.99097568809536,,,0.4,40.0,Calibrated 1D,smoothed_path
44.87866108786611,-5.352497441307312,,11.89944452526427,,,0.4,40.0,Calibrated 1D,smoothed_path
45.58158995815899,-5.352497441307314,,11.805440878461155,,,0.4,40.0,Calibrated 1D,smoothed_path
46.28451882845188,-5.352497441307313,,11.70923548276794,,,0.4,40.0,Calibrated 1D,smoothed_path
46.98744769874477,-5.352497441307314,,11.611090982495432,,,0.4,40.0,Calibrated 1D,smoothed_path
47.69037656903765,-5.352497441307314,,11.5112605166273,,,0.4,40.0,Calibrated 1D,smoothed_path
48.39330543933054,-5.352497441307312,,11.409986564516526,,,0.4,40.0,Calibrated 1D,smoothed_path
49.096234309623426,-5.352497441307314,,11.307500041365525,,,0.4,40.0,Calibrated 1D,smoothed_path
49.79916317991631,-5.352497441307314,,11.20401962876134,,,0.4,40.0,Calibrated 1D,smoothed_path
50.5020920502092,-5.352497441307312,,11.099751322320646,,,0.4,40.0,Calibrated 1D,smoothed_path
51.205020920502086,-5.352497441307314,,10.994888176266503,,,0.4,40.0,Calibrated 1D,smoothed_path
51.90794979079497,-5.352497441307313,,10.889610223422531,,,0.4,40.0,Calibrated 1D,smoothed_path
52.61087866108786,-5.352497441307314,,10.784084548561495,,,0.4,40.0,Calibrated 1D,smoothed_path
53.313807531380746,-5.352497441307312,,10.678465493165133,,,0.4,40.0,Calibrated 1D,smoothed_path
54.01673640167363,-5.352497441307314,,10.57289497031816,,,0.4,40.0,Calibrated 1D,smoothed_path
54.71966527196653,-5.352497441307314,,10.467502869552014,,,0.4,40.0,Calibrated 1D,smoothed_path
55.42259414225941,-5.352497441307312,,10.362407532862175,,,0.4,40.0,Calibrated 1D,smoothed_path
56.1255230125523,-5.352497441307312,,10.257716284744841,,,0.4,40.0,Calibrated 1D,smoothed_path
56.82845188284519,-5.352497441307314,,10.153526000847581,,,0.4,40.0,Calibrated 1D,smoothed_path
57.53138075313807,-5.352497441307312,,10.049923701628998,,,0.4,40.0,Calibrated 1D,smoothed_path
58.23430962343096,-5.352497441307314,,9.94698715921401,,,0.4,40.0,Calibrated 1D,smoothed_path
58.93723849372385,-5.352497441307314,,9.844785507366328,,,0.4,40.0,Calibrated 1D,smoothed_path
59.64016736401673,-5.352497441307314,,9.743379846141703,,,0.4,40.0,Calibrated 1D,smoothed_path
60.34309623430962,-5.352497441307314,,9.642823834309961,,,0.4,40.0,Calibrated 1D,smoothed_path
61.046025104602506,-5.352497441307314,,9.543164264023321,,,0.4,40.0,Calibrated 1D,smoothed_path
61.74895397489539,-5.352497441307312,,9.44444161345537,,,0.4,40.0,Calibrated 1D,smoothed_path
62.45188284518828,-5.352497441307312,,9.346690574236188,,,0.4,40.0,Calibrated 1D,smoothed_path
63.154811715481166,-5.352497441307312,,9.249940551466597,,,0.4,40.0,Calibrated 1D,smoothed_path
63.85774058577405,-5.352497441307312,,9.154216134914947,,,0.4,40.0,Calibrated 1D,smoothed_path
64.56066945606693,-5.352497441307314,,9.059537540690773,,,0.4,40.0,Calibrated 1D,smoothed_path
65.26359832635983,-5.352497441307313,,8.965921023262203,,,0.4,40.0,Calibrated 1D,smoothed_path
65.96652719665272,-5.352497441307313,,8.87337925814851,,,0.4,40.0,Calibrated 1D,smoothed_path
66.6694560669456,-5.352497441307314,,8.78192169598801,,,0.4,40.0,Calibrated 1D,smoothed_path
67.3723849372385,-5.352497441307313,,8.691554888965621,,,0.4,40.0,Calibrated 1D,smoothed_path
68.07531380753137,-5.352497441307313,,8.602282790795737,,,0.4,40.0,Calibrated 1D,smoothed_path
68.77824267782427,-5.352497441307312,,8.514107031604114,,,0.4,40.0,Calibrated 1D,smoothed_path
69.48117154811715,-5.352497441307312,,8.427027169148738,,,0.4,40.0,Calibrated 1D,smoothed_path
70.18410041841004,-5.352497441307314,,8.341040917871236,,,0.4,40.0,Calibrated 1D,smoothed_path
70.88702928870292,-5.352497441307312,,8.25614435728708,,,0.4,40.0,Calibrated 1D,smoothed_path
71.58995815899581,-5.352497441307312,,8.172332121210479,,,0.4,40.0,Calibrated 1D,smoothed_path
72.29288702928869,-5.352497441307314,,8.089597569275522,,,0.4,40.0,Calibrated 1D,smoothed_path
72.99581589958159,-5.352497441307313,,8.00793294216389,,,0.4,40.0,Calibrated 1D,smoothed_path
73.69874476987447,-5.352497441307312,,7.927329501885692,,,0.4,40.0,Calibrated 1D,smoothed_path
74.40167364016736,-5.352497441307313,,7.847777658388125,,,0.4,40.0,Calibrated 1D,smoothed_path
75.10460251046024,-5.352497441307312,,7.769267083689327,,,0.4,40.0,Calibrated 1D,smoothed_path
75.80753138075313,-5.352497441307312,,7.691786814654707,,,0.4,40.0,Calibrated 1D,smoothed_path
76.51046025104601,-5.352497441307313,,7.615325345452748,,,0.4,40.0,Calibrated 1D,smoothed_path
77.2133891213389,-5.352497441307312,,7.5398707106476195,,,0.4,40.0,Calibrated 1D,smoothed_path
77.9163179916318,-5.352497441307314,,7.465410559808854,,,0.4,40.0,Calibrated 1D,smoothed_path
78.61924686192468,-5.352497441307311,,7.391932224444263,,,0.4,40.0,Calibrated 1D,smoothed_path
79.32217573221757,-5.352497441307312,,7.31942277799223,,,0.4,40.0,Calibrated 1D,smoothed_path
80.02510460251045,-5.352497441307312,,7.247869089543492,,,0.4,40.0,Calibrated 1D,smoothed_path
80.72803347280335,-5.352497441307312,,7.177257871901132,,,0.4,40.0,Calibrated 1D,smoothed_path
81.43096234309623,-5.352497441307312,,7.107575724530662,,,0.4,40.0,Calibrated 1D,smoothed_path
82.13389121338912,-5.352497441307312,,7.038809171899645,,,0.4,40.0,Calibrated 1D,smoothed_path
82.836820083682,-5.352497441307314,,6.970944697658416,,,0.4,40.0,Calibrated 1D,smoothed_path
83.5397489539749,-5.352497441307314,,6.903968775069741,,,0.4,40.0,Calibrated 1D,smoothed_path
84.24267782426777,-5.352497441307311,,6.8378678940555595,,,0.4,40.0,Calibrated 1D,smoothed_path
84.94560669456067,-5.352497441307312,,6.772628585192951,,,0.4,40.0,Calibrated 1D,smoothed_path
85.64853556485355,-5.352497441307314,,6.708237440959142,,,0.4,40.0,Calibrated 1D,smoothed_path
86.35146443514644,-5.352497441307313,,6.644681134496018,,,0.4,40.0,Calibrated 1D,smoothed_path
87.05439330543932,-5.352497441307313,,6.58194643613846,,,0.4,40.0,Calibrated 1D,smoothed_path
87.75732217573221,-5.352497441307313,,6.5200202279271,,,0.4,40.0,Calibrated 1D,smoothed_path
88.46025104602509,-5.352497441307314,,6.458889516305179,,,0.4,40.0,Calibrated 1D,smoothed_path
89.16317991631799,-5.352497441307312,,6.398541443180047,,,0.4,40.0,Calibrated 1D,smoothed_path
89.86610878661087,-5.352497441307314,,6.338963295513175,,,0.4,40.0,Calibrated 1D,smoothed_path
90.56903765690376,-5.352497441307312,,6.280142513587205,,,0.4,40.0,Calibrated 1D,smoothed_path
91.27196652719664,-5.352497441307313,,6.222066698085323,,,0.4,40.0,Calibrated 1D,smoothed_path
91.97489539748953,-5.352497441307315,,6.164723616105981,,,0.4,40.0,Calibrated 1D,smoothed_path
92.67782426778243,-5.352497441307313,,6.108101206225438,,,0.4,40.0,Calibrated 1D,smoothed_path
93.3807531380753,-5.352497441307314,,6.052187582710975,,,0.4,40.0,Calibrated 1D,smoothed_path
94.0836820083682,-5.352497441307314,,5.996971038979138,,,0.4,40.0,Calibrated 1D,smoothed_path
94.78661087866108,-5.352497441307313,,5.942440050385896,,,0.4,40.0,Calibrated 1D,smoothed_path
95.48953974895397,-5.352497441307312,,5.8885832764288395,,,0.4,40.0,Calibrated 1D,smoothed_path
96.19246861924685,-5.352497441307312,,5.835389562435763,,,0.4,40.0,Calibrated 1D,smoothed_path
96.89539748953975,-5.352497441307313,,5.782847940808639,,,0.4,40.0,Calibrated 1D,smoothed_path
97.59832635983263,-5.352497441307312,,5.730947631887604,,,0.4,40.0,Calibrated 1D,smoothed_path
98.30125523012552,-5.352497441307313,,5.679678044495428,,,0.4,40.0,Calibrated 1D,smoothed_path
99.0041841004184,-5.352497441307314,,5.629028776219593,,,0.4,40.0,Calibrated 1D,smoothed_path
99.7071129707113,-5.352497441307314,,5.578989613486029,,,0.4,40.0,Calibrated 1D,smoothed_path
100.41004184100417,-5.352497441307314,,5.52955053147601,,,0.4,40.0,Calibrated 1D,smoothed_path
101.11297071129707,-5.352497441307313,,5.480701693935452,,,0.4,40.0,Calibrated 1D,smoothed_path
101.81589958158995,-5.352497441307313,,5.432433452923938,,,0.4,40.0,Calibrated 1D,smoothed_path
102.51882845188284,-5.352497441307312,,5.384736348549168,,,0.4,40.0,Calibrated 1D,smoothed_path
103.22175732217572,-5.352497441307312,,5.337601108731057,,,0.4,40.0,Calibrated 1D,smoothed_path
103.92468619246861,-5.352497441307313,,5.291018649038444,,,0.4,40.0,Calibrated 1D,smoothed_path
104.62761506276149,-5.352497441307312,,5.24498007264018,,,0.4,40.0,Calibrated 1D,smoothed_path
105.33054393305439,-5.352497441307313,,5.199476670411224,,,0.4,40.0,Calibrated 1D,smoothed_path
106.03347280334727,-5.352497441307314,,5.154499921233242,,,0.4,40.0,Calibrated 1D,smoothed_path
106.73640167364016,-5.352497441307313,,5.110041492527938,,,0.4,40.0,Calibrated 1D,smoothed_path
107.43933054393305,-5.352497441307314,,5.066093241059974,,,0.4,40.0,Calibrated 1D,smoothed_path
108.14225941422593,-5.352497441307313,,5.022647214044717,,,0.4,40.0,Calibrated 1D,smoothed_path
108.84518828451883,-5.352497441307314,,4.979695650594127,,,0.4,40.0,Calibrated 1D,smoothed_path
109.5481171548117,-5.352497441307312,,4.937230983531835,,,0.4,40.0,Calibrated 1D,smoothed_path
110.2510460251046,-5.352497441307312,,4.89524584160568,,,0.4,40.0,Calibrated 1D,smoothed_path
110.95397489539748,-5.352497441307313,,4.853733052122736,,,0.4,40.0,Calibrated 1D,smoothed_path
111.65690376569037,-5.352497441307314,,4.812685644027978,,,0.4,40.0,Calibrated 1D,smoothed_path
112.35983263598325,-5.352497441307313,,4.772096851443134,,,0.4,40.0,Calibrated 1D,smoothed_path
113.06276150627615,-5.352497441307314,,4.731960117677087,,,0.4,40.0,Calibrated 1D,smoothed_path
113.76569037656903,-5.352497441307314,,4.692269099712952,,,0.4,40.0,Calibrated 1D,smoothed_path
114.46861924686192,-5.352497441307313,,4.6530176731701545,,,0.4,40.0,Calibrated 1D,smoothed_path
115.1715481171548,-5.352497441307314,,4.6141999377319785,,,0.4,40.0,Calibrated 1D,smoothed_path
115.8744769874477,-5.352497441307314,,4.57581022302034,,,0.4,40.0,Calibrated 1D,smoothed_path
116.57740585774057,-5.352497441307314,,4.537843094890077,,,0.4,40.0,Calibrated 1D,smoothed_path
117.28033472803347,-5.352497441307313,,4.500293362104552,,,0.4,40.0,Calibrated 1D,smoothed_path
117.98326359832635,-5.352497441307312,,4.463156083343268,,,0.4,40.0,Calibrated 1D,smoothed_path
118.68619246861924,-5.352497441307312,,4.426426574480316,,,0.4,40.0,Calibrated 1D,smoothed_path
119.38912133891212,-5.352497441307314,,4.390100416060061,,,0.4,40.0,Calibrated 1D,smoothed_path
120.09205020920501,-5.352497441307312,,4.354173460883661,,,0.4,40.0,Calibrated 1D,smoothed_path
120.79497907949789,-5.352497441307313,,4.318641841607052,,,0.4,40.0,Calibrated 1D,smoothed_path
121.49790794979079,-5.352497441307313,,4.283501978237949,,,0.4,40.0,Calibrated 1D,smoothed_path
122.20083682008368,-5.352497441307314,,4.248750585406899,,,0.4,40.0,Calibrated 1D,smoothed_path
122.90376569037656,-5.352497441307314,,4.2143846792752,,,0.4,40.0,Calibrated 1D,smoothed_path
123.60669456066945,-5.352497441307314,,4.180401583931491,,,0.4,40.0,Calibrated 1D,smoothed_path
124.30962343096233,-5.352497441307312,,4.146798937118948,,,0.4,40.0,Calibrated 1D,smoothed_path
125.01255230125523,-5.352497441307313,,4.11357469512683,,,0.4,40.0,Calibrated 1D,smoothed_path
125.7154811715481,-5.352497441307313,,4.080727136674087,,,0.4,40.0,Calibrated 1D,smoothed_path
126.418410041841,-5.352497441307312,,4.048254865609003,,,0.4,40.0,Calibrated 1D,smoothed_path
127.12133891213388,-5.352497441307313,,4.01615681224801,,,0.4,40.0,Calibrated 1D,smoothed_path
127.82426778242677,-5.352497441307312,,3.984432233179019,,,0.4,40.0,Calibrated 1D,smoothed_path
128.52719665271965,-5.352497441307312,,3.953080709360416,,,0.4,40.0,Calibrated 1D,smoothed_path
129.23012552301253,-5.352497441307312,,3.922102142356084,,,0.4,40.0,Calibrated 1D,smoothed_path
129.93305439330544,-5.352497441307314,,3.891496748560191,,,0.4,40.0,Calibrated 1D,smoothed_path
130.63598326359832,-5.352497441307314,,3.8612650512825155,,,0.4,40.0,Calibrated 1D,smoothed_path
131.3389121338912,-5.352497441307312,,3.8314078705862213,,,0.4,40.0,Calibrated 1D,smoothed_path
132.04184100418408,-5.352497441307313,,3.8019263107948635,,,0.4,40.0,Calibrated 1D,smoothed_path
132.744769874477,-5.352497441307312,,3.772821745613854,,,0.4,40.0,Calibrated 1D,smoothed_path
133.44769874476987,-5.352497441307314,,3.7440958008433456,,,0.4,40.0,Calibrated 1D,smoothed_path
134.15062761506275,-5.352497441307314,,3.7157503346938845,,,0.4,40.0,Calibrated 1D,smoothed_path
134.85355648535563,-5.352497441307313,,3.687787415752889,,,0.4,40.0,Calibrated 1D,smoothed_path
135.55648535564853,-5.352497441307312,,3.6602092986880734,,,0.4,40.0,Calibrated 1D,smoothed_path
136.2594142259414,-5.352497441307314,,3.6330183978128128,,,0.4,40.0,Calibrated 1D,smoothed_path
136.9623430962343,-5.352497441307312,,3.606217258677135,,,0.4,40.0,Calibrated 1D,smoothed_path
137.6652719665272,-5.352497441307314,,3.5798085278857226,,,0.4,40.0,Calibrated 1D,smoothed_path
138.36820083682008,-5.352497441307314,,3.5537949213800153,,,0.4,40.0,Calibrated 1D,smoothed_path
139.07112970711296,-5.352497441307313,,3.5281791914543392,,,0.4,40.0,Calibrated 1D,smoothed_path
139.77405857740584,-5.352497441307312,,3.50296409280517,,,0.4,40.0,Calibrated 1D,smoothed_path
140.47698744769875,-5.352497441307313,,3.4781523479370864,,,0.4,40.0,Calibrated 1D,smoothed_path
141.17991631799163,-5.352497441307313,,3.4537466122683593,,,0.4,40.0,Calibrated 1D,smoothed_path
141.8828451882845,-5.352497441307313,,3.4297494392924537,,,0.4,40.0,Calibrated 1D,smoothed_path
142.58577405857739,-5.352497441307313,,3.406163246158912,,,0.4,40.0,Calibrated 1D,smoothed_path
143.2887029288703,-5.352497441307313,,3.3829902800375873,,,0.4,40.0,Calibrated 1D,smoothed_path
143.99163179916317,-5.352497441307313,,3.3602325856240842,,,0.4,40.0,Calibrated 1D,smoothed_path
144.69456066945605,-5.352497441307313,,3.337891974131505,,,0.4,40.0,Calibrated 1D,smoothed_path
145.39748953974893,-5.352497441307314,,3.3159699940945857,,,0.4,40.0,Calibrated 1D,smoothed_path
146.10041841004184,-5.352497441307313,,3.294467904287303,,,0.4,40.0,Calibrated 1D,smoothed_path
146.80334728033472,-5.352497441307312,,3.2733866490248387,,,0.4,40.0,Calibrated 1D,smoothed_path
147.5062761506276,-5.352497441307313,,3.2527268360859054,,,0.4,40.0,Calibrated 1D,smoothed_path
148.20920502092048,-5.352497441307312,,3.2324887174529913,,,0.4,40.0,Calibrated 1D,smoothed_path
148.9121338912134,-5.352497441307314,,3.2126721730266854,,,0.4,40.0,Calibrated 1D,smoothed_path
149.61506276150627,-5.352497441307313,,3.193276697427124,,,0.4,40.0,Calibrated 1D,smoothed_path
150.31799163179915,-5.352497441307313,,3.1743013899516335,,,0.4,40.0,Calibrated 1D,smoothed_path
151.02092050209203,-5.352497441307312,,3.1557449477137984,,,0.4,40.0,Calibrated 1D,smoothed_path
151.72384937238493,-5.352497441307313,,3.137605661946485,,,0.4,40.0,Calibrated 1D,smoothed_path
152.4267782426778,-5.352497441307314,,3.1198814174104923,,,0.4,40.0,Calibrated 1D,smoothed_path
153.1297071129707,-5.352497441307313,,3.102569694812505,,,0.4,40.0,Calibrated 1D,smoothed_path
153.8326359832636,-5.352497441307314,,3.085667576101251,,,0.4,40.0,Calibrated 1D,smoothed_path
154.53556485355648,-5.352497441307313,,3.06917175248,,,0.4,40.0,Calibrated 1D,smoothed_path
155.23849372384936,-5.352497441307313,,3.0530785349470193,,,0.4,40.0,Calibrated 1D,smoothed_path
155.94142259414224,-5.352497441307312,,3.037383867153678,,,0.4,40.0,Calibrated 1D,smoothed_path
156.64435146443515,-5.352497441307312,,3.022083340352653,,,0.4,40.0,Calibrated 1D,smoothed_path
157.34728033472803,-5.352497441307312,,3.0071722101961544,,,0.4,40.0,Calibrated 1D,smoothed_path
158.0502092050209,-5.352497441307314,,2.9926454151361828,,,0.4,40.0,Calibrated 1D,smoothed_path
158.75313807531379,-5.352497441307313,,2.978497596175293,,,0.4,40.0,Calibrated 1D,smoothed_path
159.4560669456067,-5.352497441307314,,2.964723117716927,,,0.4,40.0,Calibrated 1D,smoothed_path
160.15899581589957,-5.352497441307313,,2.9513160892687025,,,0.4,40.0,Calibrated 1D,smoothed_path
160.86192468619245,-5.352497441307313,,2.9382703877597134,,,0.4,40.0,Calibrated 1D,smoothed_path
161.56485355648533,-5.352497441307314,,2.9255796802434424,,,0.4,40.0,Calibrated 1D,smoothed_path
162.26778242677824,-5.352497441307314,,2.9132374467708653,,,0.4,40.0,Calibrated 1D,smoothed_path
162.97071129707112,-5.352497441307313,,2.9012370032332626,,,0.4,40.0,Calibrated 1D,smoothed_path
163.673640167364,-5.352497441307313,,2.889571523990644,,,0.4,40.0,Calibrated 1D,smoothed_path
164.37656903765688,-5.352497441307314,,2.8782340641192086,,,0.4,40.0,Calibrated 1D,smoothed_path
165.0794979079498,-5.352497441307313,,2.867217581129319,,,0.4,40.0,Calibrated 1D,smoothed_path
165.78242677824267,-5.352497441307314,,2.8565149560238696,,,0.4,40.0,Calibrated 1D,smoothed_path
166.48535564853555,-5.352497441307313,,2.8461190135851817,,,0.4,40.0,Calibrated 1D,smoothed_path
167.18828451882845,-5.352497441307314,,2.836022541796492,,,0.4,40.0,Calibrated 1D,smoothed_path
167.89121338912133,-5.352497441307312,,2.8262183103213543,,,0.4,40.0,Calibrated 1D,smoothed_path
168.5941422594142,-5.352497441307313,,2.8166990879807368,,,0.4,40.0,Calibrated 1D,smoothed_path
169.2970711297071,-5.352497441307313,,2.8074576591830374,,,0.4,40.0,Calibrated 1D,smoothed_path
170.0,-5.352497441307312,,2.798486839276579,,,0.4,40.0,Calibrated 1D,smoothed_path
2.0,-13.325979227795882,,6.910197435206467,,,0.4,40.0,Calibrated 2D,smoothed_path
2.702928870292887,-13.279977596402711,,7.051879398149423,,,0.4,40.0,Calibrated 2D,smoothed_path
3.405857740585774,-13.231774309006902,,7.197997359954149,,,0.4,40.0,Calibrated 2D,smoothed_path
4.108786610878661,-13.181262683994523,,7.348674741715858,,,0.4,40.0,Calibrated 2D,smoothed_path
4.811715481171548,-13.128332507012281,,7.504031750809222,,,0.4,40.0,Calibrated 2D,smoothed_path
5.514644351464435,-13.072870197999293,,7.664184283206286,,,0.4,40.0,Calibrated 2D,smoothed_path
6.217573221757322,-13.014759031226998,,7.829242702179268,,,0.4,40.0,Calibrated 2D,smoothed_path
6.920502092050209,-12.953879414666787,,7.999310487609284,,,0.4,40.0,Calibrated 2D,smoothed_path
7.623430962343096,-12.890109235231836,,8.174482751226101,,,0.4,40.0,Calibrated 2D,smoothed_path
8.326359832635983,-12.823324276568004,,8.354844614564065,,,0.4,40.0,Calibrated 2D,smoothed_path
9.02928870292887,-12.75339871607068,,8.540469448281751,,,0.4,40.0,Calibrated 2D,smoothed_path
9.732217573221757,-12.680205707647584,,8.731416973803718,,,0.4,40.0,Calibrated 2D,smoothed_path
10.435146443514643,-12.603618056397696,,8.927731231042312,,,0.4,40.0,Calibrated 2D,smoothed_path
11.13807531380753,-12.523508990796007,,9.129438419280667,,,0.4,40.0,Calibrated 2D,smoothed_path
11.841004184100418,-12.43975303712537,,9.336544622166524,,,0.4,40.0,Calibrated 2D,smoothed_path
12.543933054393305,-12.352226999741463,,9.549033432188399,,,0.4,40.0,Calibrated 2D,smoothed_path
13.246861924686192,-12.260811049260386,,9.766863494966753,,,0.4,40.0,Calibrated 2D,smoothed_path
13.949790794979078,-12.16538991888859,,9.989965999154109,,,0.4,40.0,Calibrated 2D,smoothed_path
14.652719665271965,-12.065854206849327,,10.218242143628103,,,0.4,40.0,Calibrated 2D,smoothed_path
15.355648535564853,-11.962101780185975,,10.451560619872318,,,0.4,40.0,Calibrated 2D,smoothed_path
16.05857740585774,-11.85403927214293,,10.689755153820455,,,0.4,40.0,Calibrated 2D,smoothed_path
16.761506276150627,-11.74158366186133,,10.932622157794864,,,0.4,40.0,Calibrated 2D,smoothed_path
17.464435146443513,-11.624663921323314,,11.179918549256367,,,0.4,40.0,Calibrated 2D,smoothed_path
18.1673640167364,-11.503222710406787,,11.431359798608725,,,0.4,40.0,Calibrated 2D,smoothed_path
18.870292887029287,-11.377218096672685,,11.68661827293497,,,0.4,40.0,Calibrated 2D,smoothed_path
19.573221757322173,-11.24662527223117,,11.945321945916637,,,0.4,40.0,Calibrated 2D,smoothed_path
20.27615062761506,-11.111438235885942,,12.207053545911371,,,0.4,40.0,Calibrated 2D,smoothed_path
20.97907949790795,-10.97167140493026,,12.471350213846971,,,0.4,40.0,Calibrated 2D,smoothed_path
21.682008368200837,-10.827361117683363,,12.737703739857507,,,0.4,40.0,Calibrated 2D,smoothed_path
22.384937238493723,-10.678566985347224,,13.005561442111944,,,0.4,40.0,Calibrated 2D,smoothed_path
23.08786610878661,-10.525373050273894,,13.274327742819946,,,0.4,40.0,Calibrated 2D,smoothed_path
23.790794979079497,-10.367888707497901,,13.543366484802396,,,0.4,40.0,Calibrated 2D,smoothed_path
24.493723849372383,-10.206249347617486,,13.812004017288091,,,0.4,40.0,Calibrated 2D,smoothed_path
25.19665271966527,-10.040616681971258,,14.079533061912738,,,0.4,40.0,Calibrated 2D,smoothed_path
25.899581589958157,-9.871178715662287,,14.345217349610726,,,0.4,40.0,Calibrated 2D,smoothed_path
26.602510460251043,-9.698149340356354,,14.608296996760938,,,0.4,40.0,Calibrated 2D,smoothed_path
27.30543933054393,-9.52176752686311,,14.867994565325517,,,0.4,40.0,Calibrated 2D,smoothed_path
28.008368200836816,-9.342296107127087,,15.123521727728782,,,0.4,40.0,Calibrated 2D,smoothed_path
28.711297071129707,-9.160020146136045,,15.374086433921352,,,0.4,40.0,Calibrated 2D,smoothed_path
29.414225941422593,-8.975244916018077,,15.618900456603782,,,0.4,40.0,Calibrated 2D,smoothed_path
30.11715481171548,-8.788293496778817,,15.85718717209915,,,0.4,40.0,Calibrated 2D,smoothed_path
30.820083682008367,-8.599504040193171,,16.088189419957537,,,0.4,40.0,Calibrated 2D,smoothed_path
31.523012552301253,-8.409226744740597,,16.3111772749955,,,0.4,40.0,Calibrated 2D,smoothed_path
32.22594142259414,-8.21782059958949,,16.52545556184878,,,0.4,40.0,Calibrated 2D,smoothed_path
32.92887029288703,-8.025649963961468,,16.730370944688623,,,0.4,40.0,Calibrated 2D,smoothed_path
33.63179916317991,-7.8330810542855644,,16.925318433632814,,,0.4,40.0,Calibrated 2D,smoothed_path
34.3347280334728,-7.640478415041786,,17.10974716432664,,,0.4,40.0,Calibrated 2D,smoothed_path
35.037656903765686,-7.4482014498880975,,17.28316532758359,,,0.4,40.0,Calibrated 2D,smoothed_path
35.74058577405857,-7.256601087515351,,17.445144150950675,,,0.4,40.0,Calibrated 2D,smoothed_path
36.44351464435146,-7.066016651790944,,17.59532086243105,,,0.4,40.0,Calibrated 2D,smoothed_path
37.146443514644346,-6.876772998396501,,17.733400597011887,,,0.4,40.0,Calibrated 2D,smoothed_path
37.84937238493723,-6.689177970731494,,17.85915723767662,,,0.4,40.0,Calibrated 2D,smoothed_path
38.55230125523012,-6.503520216839802,,17.972433212807942,,,0.4,40.0,Calibrated 2D,smoothed_path
39.255230125523006,-6.320067397081923,,18.073138299994813,,,0.4,40.0,Calibrated 2D,smoothed_path
39.9581589958159,-6.139064799809162,,18.161247511109785,,,0.4,40.0,Calibrated 2D,smoothed_path
40.66108786610879,-5.9607343699728865,,18.236798154235856,,,0.4,40.0,Calibrated 2D,smoothed_path
41.36401673640167,-5.785274143946685,,18.29988618398808,,,0.4,40.0,Calibrated 2D,smoothed_path
42.06694560669456,-5.612858073300691,,18.35066196268881,,,0.4,40.0,Calibrated 2D,smoothed_path
42.76987447698745,-5.4436362111944,,18.38932556069684,,,0.4,40.0,Calibrated 2D,smoothed_path
43.47280334728033,-5.277735227688574,,18.41612172520174,,,0.4,40.0,Calibrated 2D,smoothed_path
44.17573221757322,-5.115259214746328,,18.431334643432358,,,0.4,40.0,Calibrated 2D,smoothed_path
44.87866108786611,-4.9562907380225445,,18.435282619112506,,,0.4,40.0,Calibrated 2D,smoothed_path
45.58158995815899,-4.800892090659001,,18.428312770853786,,,0.4,40.0,Calibrated 2D,smoothed_path
46.28451882845188,-4.6491067040642715,,18.410795848778292,,,0.4,40.0,Calibrated 2D,smoothed_path
46.98744769874477,-4.5009606718593576,,18.38312125178829,,,0.4,40.0,Calibrated 2D,smoothed_path
47.69037656903765,-4.356464345571624,,18.345692313271996,,,0.4,40.0,Calibrated 2D,smoothed_path
48.39330543933054,-4.21561396400301,,18.298921908310206,,,0.4,40.0,Calibrated 2D,smoothed_path
49.096234309623426,-4.078393282223476,,18.24322842117916,,,0.4,40.0,Calibrated 2D,smoothed_path
49.79916317991631,-3.944775170600085,,18.179032098576016,,,0.4,40.0,Calibrated 2D,smoothed_path
50.5020920502092,-3.8147231589413026,,18.106751801854784,,,0.4,40.0,Calibrated 2D,smoothed_path
51.205020920502086,-3.6881929055200655,,18.026802160874098,,,0.4,40.0,Calibrated 2D,smoothed_path
51.90794979079497,-3.565133575277094,,17.93959112294546,,,0.4,40.0,Calibrated 2D,smoothed_path
52.61087866108786,-3.4454891157711565,,17.845517882870304,,,0.4,40.0,Calibrated 2D,smoothed_path
53.313807531380746,-3.3291994233434776,,17.744971174129972,,,0.4,40.0,Calibrated 2D,smoothed_path
54.01673640167363,-3.2162013954378477,,17.638327896858527,,,0.4,40.0,Calibrated 2D,smoothed_path
54.71966527196653,-3.106429868032783,,17.525952055155276,,,0.4,40.0,Calibrated 2D,smoothed_path
55.42259414225941,-2.9998184396870085,,17.408193974429707,,,0.4,40.0,Calibrated 2D,smoothed_path
56.1255230125523,-2.8963001857829527,,17.28538976864924,,,0.4,40.0,Calibrated 2D,smoothed_path
56.82845188284519,-2.7958082681979954,,17.157861027410185,,,0.4,40.0,Calibrated 2D,smoothed_path
57.53138075313807,-2.698276446872986,,17.02591469350903,,,0.4,40.0,Calibrated 2D,smoothed_path
58.23430962343096,-2.6036395006221653,,16.889843102998384,,,0.4,40.0,Calibrated 2D,smoothed_path
58.93723849372385,-2.5118335650821004,,16.7499241614279,,,0.4,40.0,Calibrated 2D,smoothed_path
59.64016736401673,-2.4227963959744074,,16.606421631970253,,,0.4,40.0,Calibrated 2D,smoothed_path
60.34309623430962,-2.3364675659027445,,16.45958551330617,,,0.4,40.0,Calibrated 2D,smoothed_path
61.046025104602506,-2.2527886027608295,,16.30965248740023,,,0.4,40.0,Calibrated 2D,smoothed_path
61.74895397489539,-2.1717030775348025,,16.15684641956658,,,0.4,40.0,Calibrated 2D,smoothed_path
62.45188284518828,-2.093156648875408,,16.001378895440485,,,0.4,40.0,Calibrated 2D,smoothed_path
63.154811715481166,-2.017097071324896,,15.843449781594185,,,0.4,40.0,Calibrated 2D,smoothed_path
63.85774058577405,-1.943474173537738,,15.683247798530278,,,0.4,40.0,Calibrated 2D,smoothed_path
64.56066945606693,-1.8722398122562998,,15.520951096629876,,,0.4,40.0,Calibrated 2D,smoothed_path
65.26359832635983,-1.8033478072121694,,15.356727827314572,,,0.4,40.0,Calibrated 2D,smoothed_path
65.96652719665272,-1.7367538615365818,,15.190736703192139,,,0.4,40.0,Calibrated 2D,smoothed_path
66.6694560669456,-1.6724154716919193,,15.023127542297445,,,0.4,40.0,Calibrated 2D,smoothed_path
67.3723849372385,-1.6102918303902145,,14.854041792715151,,,0.4,40.0,Calibrated 2D,smoothed_path
68.07531380753137,-1.5503437254511312,,14.68361303488767,,,0.4,40.0,Calibrated 2D,smoothed_path
68.77824267782427,-1.4925334370757084,,14.51196745977937,,,0.4,40.0,Calibrated 2D,smoothed_path
69.48117154811715,-1.4368246355766576,,14.339224321798897,,,0.4,40.0,Calibrated 2D,smoothed_path
70.18410041841004,-1.383182281212276,,14.165496365986677,,,0.4,40.0,Calibrated 2D,smoothed_path
70.88702928870292,-1.3315725274197394,,13.990890229468029,,,0.4,40.0,Calibrated 2D,smoothed_path
71.58995815899581,-1.2819626284335484,,13.815506817565781,,,0.4,40.0,Calibrated 2D,smoothed_path
72.29288702928869,-1.2343208520050302,,13.63944165527262,,,0.4,40.0,Calibrated 2D,smoothed_path
72.99581589958159,-1.1886163977066264,,13.462785215014012,,,0.4,40.0,Calibrated 2D,smoothed_path
73.69874476987447,-1.1448193211079363,,13.28562322179885,,,0.4,40.0,Calibrated 2D,smoothed_path
74.40167364016736,-1.1029004639461522,,13.108036936966455,,,0.4,40.0,Calibrated 2D,smoothed_path
75.10460251046024,-1.0628313902788276,,12.930103421805164,,,0.4,40.0,Calibrated 2D,smoothed_path
75.80753138075313,-1.024584328498643,,12.751895782346876,,,0.4,40.0,Calibrated 2D,smoothed_path
76.51046025104601,-0.9881321190052295,,12.573483396641798,,,0.4,40.0,Calibrated 2D,smoothed_path
77.2133891213389,-0.953448167265035,,12.394932125793662,,,0.4,40.0,Calibrated 2D,smoothed_path
77.9163179916318,-0.9205064019440888,,12.21630450999444,,,0.4,40.0,Calibrated 2D,smoothed_path
78.61924686192468,-0.889281237767598,,12.037659950742587,,,0.4,40.0,Calibrated 2D,smoothed_path
79.32217573221757,-0.8597475427422772,,11.859054880365466,,,0.4,40.0,Calibrated 2D,smoothed_path
80.02510460251045,-0.8318806093699027,,11.680542919896865,,,0.4,40.0,Calibrated 2D,smoothed_path
80.72803347280335,-0.805656129481825,,11.502175026287862,,,0.4,40.0,Calibrated 2D,smoothed_path
81.43096234309623,-0.7810501723323187,,11.323999629855967,,,0.4,40.0,Calibrated 2D,smoothed_path
82.13389121338912,-0.7580391656020684,,11.146062762804537,,,0.4,40.0,Calibrated 2D,smoothed_path
82.836820083682,-0.7365998789805032,,10.968408179573983,,,0.4,40.0,Calibrated 2D,smoothed_path
83.5397489539749,-0.716709410015846,,10.79107746971884,,,0.4,40.0,Calibrated 2D,smoothed_path
84.24267782426777,-0.6983451719437219,,10.614110163941017,,,0.4,40.0,Calibrated 2D,smoothed_path
84.94560669456067,-0.6814848832280771,,10.437543833850086,,,0.4,40.0,Calibrated 2D,smoothed_path
85.64853556485355,-0.6661065585713637,,10.261414185966657,,,0.4,40.0,Calibrated 2D,smoothed_path
86.35146443514644,-0.6521885011738775,,10.085755150434398,,,0.4,40.0,Calibrated 2D,smoothed_path
87.05439330543932,-0.6397092960443587,,9.910598964860704,,,0.4,40.0,Calibrated 2D,smoothed_path
87.75732217573221,-0.6286478041851512,,9.735976253664452,,,0.4,40.0,Calibrated 2D,smoothed_path
88.46025104602509,-0.6189831574951532,,9.561916103272745,,,0.4,40.0,Calibrated 2D,smoothed_path
89.16317991631799,-0.6106947542522341,,9.388446133475142,,,0.4,40.0,Calibrated 2D,smoothed_path
89.86610878661087,-0.6037622550537374,,9.215592565215271,,,0.4,40.0,Calibrated 2D,smoothed_path
90.56903765690376,-0.5981655791089693,,9.043380285073724,,,0.4,40.0,Calibrated 2D,smoothed_path
91.27196652719664,-0.5938849007912657,,8.871832906674312,,,0.4,40.0,Calibrated 2D,smoothed_path
91.97489539748953,-0.5909006463692765,,8.700972829225979,,,0.4,40.0,Calibrated 2D,smoothed_path
92.67782426778243,-0.5891934908475986,,8.530821293396507,,,0.4,40.0,Calibrated 2D,smoothed_path
93.3807531380753,-0.5887443548558466,,8.361398434699792,,,0.4,40.0,Calibrated 2D,smoothed_path
94.0836820083682,-0.5895344015327586,,8.192723334566608,,,0.4,40.0,Calibrated 2D,smoothed_path
94.78661087866108,-0.591545033358081,,8.02481406925898,,,0.4,40.0,Calibrated 2D,smoothed_path
95.48953974895397,-0.5947578888898055,,7.857687756780024,,,0.4,40.0,Calibrated 2D,smoothed_path
96.19246861924685,-0.5991548393679765,,7.691360601924766,,,0.4,40.0,Calibrated 2D,smoothed_path
96.89539748953975,-0.6047179851487796,,7.525847939612184,,,0.4,40.0,Calibrated 2D,smoothed_path
97.59832635983263,-0.6114296519341031,,7.361164276635113,,,0.4,40.0,Calibrated 2D,smoothed_path
98.30125523012552,-0.6192723867622498,,7.197323331961669,,,0.4,40.0,Calibrated 2D,smoothed_path
99.0041841004184,-0.6282289537251045,,7.034338075720374,,,0.4,40.0,Calibrated 2D,smoothed_path
99.7071129707113,-0.6382823293758795,,6.872220766999941,,,0.4,40.0,Calibrated 2D,smoothed_path
100.41004184100417,-0.6494156977896566,,6.710982990594697,,,0.4,40.0,Calibrated 2D,smoothed_path
101.11297071129707,-0.6616124452363877,,6.550635692826695,,,0.4,40.0,Calibrated 2D,smoothed_path
101.81589958158995,-0.6748561544229162,,6.391189216576414,,,0.4,40.0,Calibrated 2D,smoothed_path
102.51882845188284,-0.6891305982569929,,6.232653335654852,,,0.4,40.0,Calibrated 2D,smoothed_path
103.22175732217572,-0.7044197330822948,,6.075037288650895,,,0.4,40.0,Calibrated 2D,smoothed_path
103.92468619246861,-0.7207076913292175,,5.91834981238884,,,0.4,40.0,Calibrated 2D,smoothed_path
104.62761506276149,-0.737978773521782,,5.762599175131773,,,0.4,40.0,Calibrated 2D,smoothed_path
105.33054393305439,-0.7562174395765553,,5.607793209666712,,,0.4,40.0,Calibrated 2D,smoothed_path
106.03347280334727,-0.7754082993250786,,5.453939346407285,,,0.4,40.0,Calibrated 2D,smoothed_path
106.73640167364016,-0.7955361021871881,,5.301044646648373,,,0.4,40.0,Calibrated 2D,smoothed_path
107.43933054393305,-0.8165857259188403,,5.149115836105015,,,0.4,40.0,Calibrated 2D,smoothed_path
108.14225941422593,-0.8385421643549247,,4.998159338864081,,,0.4,40.0,Calibrated 2D,smoothed_path
108.84518828451883,-0.8613905140651608,,4.848181311872139,,,0.4,40.0,Calibrated 2D,smoothed_path
109.5481171548117,-0.8851159598397897,,4.69918768007567,,,0.4,40.0,Calibrated 2D,smoothed_path
110.2510460251046,-0.90970375892165,,4.551184172320514,,,0.4,40.0,Calibrated 2D,smoothed_path
110.95397489539748,-0.9351392239025036,,4.404176358105777,,,0.4,40.0,Calibrated 2D,smoothed_path
111.65690376569037,-0.9614077042045713,,4.2581696852727955,,,0.4,40.0,Calibrated 2D,smoothed_path
112.35983263598325,-0.9884945660732164,,4.11316951869266,,,0.4,40.0,Calibrated 2D,smoothed_path
113.06276150627615,-1.0163851710140235,,3.969181179994931,,,0.4,40.0,Calibrated 2D,smoothed_path
113.76569037656903,-1.0450648526172543,,3.826209988356621,,,0.4,40.0,Calibrated 2D,smoothed_path
114.46861924686192,-1.0745188917252029,,3.6842613023428337,,,0.4,40.0,Calibrated 2D,smoothed_path
115.1715481171548,-1.1047324899134021,,3.5433405627598327,,,0.4,40.0,Calibrated 2D,smoothed_path
115.8744769874477,-1.1356907412752983,,3.4034533364465656,,,0.4,40.0,Calibrated 2D,smoothed_path
116.57740585774057,-1.1673786025218675,,3.264605360892989,,,0.4,40.0,Calibrated 2D,smoothed_path
117.28033472803347,-1.199780861433013,,3.1268025895320846,,,0.4,40.0,Calibrated 2D,smoothed_path
117.98326359832635,-1.2328821037262299,,2.9900512375085215,,,0.4,40.0,Calibrated 2D,smoothed_path
118.68619246861924,-1.2666666784401674,,2.8543578276799266,,,0.4,40.0,Calibrated 2D,smoothed_path
119.38912133891212,-1.3011186619659494,,2.719729236558229,,,0.4,40.0,Calibrated 2D,smoothed_path
120.09205020920501,-1.3362218208974315,,2.5861727398483185,,,0.4,40.0,Calibrated 2D,smoothed_path
120.79497907949789,-1.3719595739123964,,2.4536960571909336,,,0.4,40.0,Calibrated 2D,smoothed_path
121.49790794979079,-1.4083149529397214,,2.3223073956665568,,,0.4,40.0,Calibrated 2D,smoothed_path
122.20083682008368,-1.445270563912028,,2.1920154915689634,,,0.4,40.0,Calibrated 2D,smoothed_path
122.90376569037656,-1.4828085474486294,,2.06282964991145,,,0.4,40.0,Calibrated 2D,smoothed_path
123.60669456066945,-1.5209105398587588,,1.9347597810876955,,,0.4,40.0,Calibrated 2D,smoothed_path
124.30962343096233,-1.5595576348991238,,1.8078164340736846,,,0.4,40.0,Calibrated 2D,smoothed_path
125.01255230125523,-1.59873034676174,,1.6820108255286625,,,0.4,40.0,Calibrated 2D,smoothed_path
125.7154811715481,-1.6384085748064152,,1.5573548641336288,,,0.4,40.0,Calibrated 2D,smoothed_path
126.418410041841,-1.6785715705860542,,1.4338611694961747,,,0.4,40.0,Calibrated 2D,smoothed_path
127.12133891213388,-1.7191979077406732,,1.3115430849527492,,,0.4,40.0,Calibrated 2D,smoothed_path
127.82426778242677,-1.7602654553564354,,1.1904146836142093,,,0.4,40.0,Calibrated 2D,smoothed_path
128.52719665271965,-1.8017513553977471,,1.0704907670295838,,,0.4,40.0,Calibrated 2D,smoothed_path
129.23012552301253,-1.8436320048223278,,0.9517868558865277,,,0.4,40.0,Calibrated 2D,smoothed_path
129.93305439330544,-1.8858830429800375,,0.8343191722261574,,,0.4,40.0,Calibrated 2D,smoothed_path
130.63598326359832,-1.9284793448752073,,0.7181046127245194,,,0.4,40.0,Calibrated 2D,smoothed_path
131.3389121338912,-1.9713950208385798,,0.6031607126829069,,,0.4,40.0,Calibrated 2D,smoothed_path
132.04184100418408,-2.014603423108187,,0.4895056004741025,,,0.4,40.0,Calibrated 2D,smoothed_path
132.744769874477,-2.058077159758641,,0.3771579423098199,,,0.4,40.0,Calibrated 2D,smoothed_path
133.44769874476987,-2.1017881163453893,,0.2661368773251589,,,0.4,40.0,Calibrated 2D,smoothed_path
134.15062761506275,-2.1457074855453073,,0.1564619431161774,,,0.4,40.0,Calibrated 2D,smoothed_path
134.85355648535563,-2.1898058049783273,,0.048152992014814905,,,0.4,40.0,Calibrated 2D,smoothed_path
135.55648535564853,-2.2340530032882944,,-0.058769901462163696,,,0.4,40.0,Calibrated 2D,smoothed_path
136.2594142259414,-2.2784184544463804,,-0.16428654139937277,,,0.4,40.0,Calibrated 2D,smoothed_path
136.9623430962343,-2.322871040119528,,-0.26837671876147107,,,0.4,40.0,Calibrated 2D,smoothed_path
137.6652719665272,-2.3673792198217454,,-0.37102032627516235,,,0.4,40.0,Calibrated 2D,smoothed_path
138.36820083682008,-2.411911108440493,,-0.47219747888861785,,,0.4,40.0,Calibrated 2D,smoothed_path
139.07112970711296,-2.4564345606065956,,-0.5718886386584976,,,0.4,40.0,Calibrated 2D,smoothed_path
139.77405857740584,-2.500917261256986,,-0.6700747428071612,,,0.4,40.0,Calibrated 2D,smoothed_path
140.47698744769875,-2.5453268216281786,,-0.7667373336048657,,,0.4,40.0,Calibrated 2D,smoothed_path
141.17991631799163,-2.5896308798174053,,-0.8618586886659467,,,0.4,40.0,Calibrated 2D,smoothed_path
141.8828451882845,-2.6337972049604037,,-0.9554219502067557,,,0.4,40.0,Calibrated 2D,smoothed_path
142.58577405857739,-2.6777938040023224,,-1.0474112517975822,,,0.4,40.0,Calibrated 2D,smoothed_path
143.2887029288703,-2.7215890299830865,,-1.1378118411522564,,,0.4,40.0,Calibrated 2D,smoothed_path
143.99163179916317,-2.76515169072215,,-1.2266101975372217,,,0.4,40.0,Calibrated 2D,smoothed_path
144.69456066945605,-2.808451156771153,,-1.3137941424463881,,,0.4,40.0,Calibrated 2D,smoothed_path
145.39748953974893,-2.8514574675067097,,-1.3993529422772717,,,0.4,40.0,Calibrated 2D,smoothed_path
146.10041841004184,-2.894141434259653,,-1.4832774018561863,,,0.4,40.0,Calibrated 2D,smoothed_path
146.80334728033472,-2.936474739420579,,-1.5655599477925517,,,0.4,40.0,Calibrated 2D,smoothed_path
147.5062761506276,-2.9784300305235605,,-1.646194700791837,,,0.4,40.0,Calibrated 2D,smoothed_path
148.20920502092048,-3.019981008388605,,-1.7251775362194282,,,0.4,40.0,Calibrated 2D,smoothed_path
148.9121338912134,-3.061102508496908,,-1.8025061323802753,,,0.4,40.0,Calibrated 2D,smoothed_path
149.61506276150627,-3.1017705748787248,,-1.8781800061571396,,,0.4,40.0,Calibrated 2D,smoothed_path
150.31799163179915,-3.141962525909111,,-1.9522005358299532,,,0.4,40.0,Calibrated 2D,smoothed_path
151.02092050209203,-3.181657011529077,,-2.024570971075896,,,0.4,40.0,Calibrated 2D,smoothed_path
151.72384937238493,-3.2208340615360487,,-2.095296430321052,,,0.4,40.0,Calibrated 2D,smoothed_path
152.4267782426778,-3.259475124714947,,-2.164383885776056,,,0.4,40.0,Calibrated 2D,smoothed_path
153.1297071129707,-3.297563098707179,,-2.231842136637458,,,0.4,40.0,Calibrated 2D,smoothed_path
153.8326359832636,-3.335082350636566,,-2.2976817710707396,,,0.4,40.0,Calibrated 2D,smoothed_path
154.53556485355648,-3.3720187286267125,,-2.3619151177083983,,,0.4,40.0,Calibrated 2D,smoothed_path
155.23849372384936,-3.4083595644514384,,-2.4245561874957007,,,0.4,40.0,Calibrated 2D,smoothed_path
155.94142259414224,-3.444093667656884,,-2.4856206067965925,,,0.4,40.0,Calibrated 2D,smoothed_path
156.64435146443515,-3.4792113115798466,,-2.5451255427329125,,,0.4,40.0,Calibrated 2D,smoothed_path
157.34728033472803,-3.5137042117604933,,-2.6030896217712183,,,0.4,40.0,Calibrated 2D,smoothed_path
158.0502092050209,-3.547565497308688,,-2.659532842594191,,,0.4,40.0,Calibrated 2D,smoothed_path
158.75313807531379,-3.5807896758311446,,-2.7144764842984044,,,0.4,40.0,Calibrated 2D,smoothed_path
159.4560669456067,-3.613372592562104,,-2.7679430109489918,,,0.4,40.0,Calibrated 2D,smoothed_path
160.15899581589957,-3.6453113843631497,,-2.8199559734955075,,,0.4,40.0,Calibrated 2D,smoothed_path
160.86192468619245,-3.6766044292692204,,-2.8705399100144136,,,0.4,40.0,Calibrated 2D,smoothed_path
161.56485355648533,-3.7072512922582663,,-2.9197202451933855,,,0.4,40.0,Calibrated 2D,smoothed_path
162.26778242677824,-3.7372526679128195,,-2.96752318991365,,,0.4,40.0,Calibrated 2D,smoothed_path
162.97071129707112,-3.7666103206236836,,-3.0139756417202017,,,0.4,40.0,Calibrated 2D,smoothed_path
163.673640167364,-3.795327022960481,,-3.0591050868982994,,,0.4,40.0,Calibrated 2D,smoothed_path
164.37656903765688,-3.823406492801985,,-3.1029395047996307,,,0.4,40.0,Calibrated 2D,smoothed_path
165.0794979079498,-3.8508533297823204,,-3.1455072749848467,,,0.4,40.0,Calibrated 2D,smoothed_path
165.78242677824267,-3.8776729515683344,,-3.18683708767212,,,0.4,40.0,Calibrated 2D,smoothed_path
166.48535564853555,-3.9038715304398686,,-3.226957857905433,,,0.4,40.0,Calibrated 2D,smoothed_path
167.18828451882845,-3.9294559305993655,,-3.2658986437824895,,,0.4,40.0,Calibrated 2D,smoothed_path
167.89121338912133,-3.9544336465910677,,-3.3036885690115483,,,0.4,40.0,Calibrated 2D,smoothed_path
168.5941422594142,-3.978812743164018,,-3.340356749999809,,,0.4,40.0,Calibrated 2D,smoothed_path
169.2970711297071,-4.002601796867633,,-3.3759322276137262,,,0.4,40.0,Calibrated 2D,smoothed_path
170.0,-4.0258098396246975,,-3.410443903694528,,,0.4,40.0,Calibrated 2D,smoothed_path
2.0,-39.96772289278234,25.49005559552796,29.94946312677203,23.833029615736784,48.0,0.6,60.0,Human,condition_mean
3.0,-21.238946972964555,26.98341746980344,9.916959202190725,18.57368352963788,49.0,0.6,60.0,Human,condition_mean
4.0,-34.92499453347829,32.40451285251024,-2.606588099575699,28.21646295032954,48.0,0.6,60.0,Human,condition_mean
5.0,-30.795728825408652,26.10871745828215,3.6659865472459465,19.639137231415983,49.0,0.6,60.0,Human,condition_mean
6.0,-50.470233164237094,42.088760518056816,32.09489568951443,25.055239413905245,48.0,0.6,60.0,Human,condition_mean
7.0,-17.89310299648999,21.67901698413541,10.583451367743827,10.192981220541004,49.0,0.6,60.0,Human,condition_mean
8.0,-19.431890275132904,29.246841752895246,-15.786514825050537,34.44557104313687,48.0,0.6,60.0,Human,condition_mean
10.0,-20.56297749914454,25.6654267316969,22.851625486903323,16.994450672390226,49.0,0.6,60.0,Human,condition_mean
15.0,-14.736860658024668,37.00840437529683,-3.4775522799913396,22.898804547888066,49.0,0.6,60.0,Human,condition_mean
20.0,-25.245586651833637,35.261095588441194,10.609962963699687,10.671417206937427,50.0,0.6,60.0,Human,condition_mean
25.0,-33.05217917297612,31.941800343365195,32.46046199584216,24.66648313475577,50.0,0.6,60.0,Human,condition_mean
30.0,-8.022058477414554,37.6144250210561,19.87620292426791,18.24968111723508,50.0,0.6,60.0,Human,condition_mean
35.0,-10.14881628125855,31.304008446683998,35.28840752410311,15.551106165006194,50.0,0.6,60.0,Human,condition_mean
40.0,-1.8814133550620613,27.387353131914836,30.33283203325931,13.907600483714877,50.0,0.6,60.0,Human,condition_mean
45.0,-16.36650372237057,28.675585438372167,26.71375154662758,15.635920451827753,50.0,0.6,60.0,Human,condition_mean
50.0,6.979018384134147,30.859877445453815,26.922964708672552,12.184470770457818,50.0,0.6,60.0,Human,condition_mean
55.0,-19.768301152090356,27.608808043305537,6.053248184207283,18.255122665648155,48.0,0.6,60.0,Human,condition_mean
60.0,6.74292211982615,42.666331079736004,-0.5108951284328548,23.67622764129098,46.0,0.6,60.0,Human,condition_mean
65.0,-8.41346204892565,34.82464052226086,29.564665547418624,22.393934846494197,48.0,0.6,60.0,Human,condition_mean
70.0,-17.094420064372915,51.09446821474652,29.81345687185807,32.292761312695426,46.0,0.6,60.0,Human,condition_mean
75.0,-25.75418114160912,34.048201312274635,32.70212026070869,32.612163116279596,48.0,0.6,60.0,Human,condition_mean
80.0,19.53150463674682,43.283906150193026,-3.4011684655388135,34.90346983461377,46.0,0.6,60.0,Human,condition_mean
85.0,-2.063307974800098,28.771485276384013,29.240754259870368,14.031002728298823,48.0,0.6,60.0,Human,condition_mean
90.0,7.605268015189838,53.86832978397764,52.554732428703396,62.16481462513703,46.0,0.6,60.0,Human,condition_mean
95.0,-31.100940219849885,38.65255535929517,19.614555044955907,22.488026358157523,49.0,0.6,60.0,Human,condition_mean
100.0,3.1402935170045057,38.4491322764367,14.06897150321498,16.363072282069794,47.0,0.6,60.0,Human,condition_mean
105.0,-0.4729866795158501,36.29305792180223,13.786915721460534,19.476173861909878,49.0,0.6,60.0,Human,condition_mean
110.0,-2.7083807986670427,23.68074129713794,12.588334842343977,13.969815050451556,47.0,0.6,60.0,Human,condition_mean
115.0,-11.761624469844657,34.43592877492511,12.645291965309951,16.514491670055406,49.0,0.6,60.0,Human,condition_mean
120.0,-28.148762061997665,21.96889181136162,-4.1795144809010525,14.659129527272391,47.0,0.6,60.0,Human,condition_mean
125.0,-14.648622867315657,33.839821465361084,-6.479828846538248,19.3850461661658,49.0,0.6,60.0,Human,condition_mean
130.0,26.212560683900605,50.3075691803348,-5.212762910506482,16.08913017466193,47.0,0.6,60.0,Human,condition_mean
135.0,22.593304087257764,29.754817834169,4.881175569551476,15.053448657390167,48.0,0.6,60.0,Human,condition_mean
140.0,26.009937428309573,34.7774600116553,-2.4839568858700454,20.381949711627446,49.0,0.6,60.0,Human,condition_mean
145.0,40.68166068712309,35.834682151868066,-2.055292653404305,16.680987720553865,48.0,0.6,60.0,Human,condition_mean
150.0,14.666462128945591,45.98584972561856,1.6639749906392323,19.17606944014346,49.0,0.6,60.0,Human,condition_mean
155.0,0.955374672767119,27.775068579942438,-9.27264743614924,22.577817078176523,48.0,0.6,60.0,Human,condition_mean
160.0,10.509321180446317,31.277948618777497,-5.826493130420109,14.230555300531426,49.0,0.6,60.0,Human,condition_mean
165.0,-2.270051312000304,28.94399686123954,-4.2959887687501235,12.237779461136691,48.0,0.6,60.0,Human,condition_mean
170.0,53.859489866087664,52.299249157349905,-15.543752819967269,27.415143981007283,49.0,0.6,60.0,Human,condition_mean
2.0,-6.736423471545712,,4.919847296827253,,,0.6,60.0,Calibrated 1D,condition_mean
3.0,-6.736423471545712,,7.850023950557981,,,0.6,60.0,Calibrated 1D,condition_mean
4.0,-6.736423471545712,,10.491351059178006,,,0.6,60.0,Calibrated 1D,condition_mean
5.0,-6.736423471545712,,12.839486733058479,,,0.6,60.0,Calibrated 1D,condition_mean
6.0,-6.736423471545712,,14.899722357364732,,,0.6,60.0,Calibrated 1D,condition_mean
7.0,-6.736423471545712,,16.684511883644028,,,0.6,60.0,Calibrated 1D,condition_mean
8.0,-6.736423471545712,,18.21120124679936,,,0.6,60.0,Calibrated 1D,condition_mean
10.0,-6.736423471545712,,20.572950531394312,,,0.6,60.0,Calibrated 1D,condition_mean
15.0,-6.736423471545712,,23.43742419256167,,,0.6,60.0,Calibrated 1D,condition_mean
20.0,-6.736423471545712,,23.7126409885857,,,0.6,60.0,Calibrated 1D,condition_mean
25.0,-6.736423471545712,,22.80813852607158,,,0.6,60.0,Calibrated 1D,condition_mean
30.0,-6.736423471545712,,21.446080448281986,,,0.6,60.0,Calibrated 1D,condition_mean
35.0,-6.736423471545712,,19.96770369644767,,,0.6,60.0,Calibrated 1D,condition_mean
40.0,-6.736423471545712,,18.52497775274914,,,0.6,60.0,Calibrated 1D,condition_mean
45.0,-6.736423471545712,,17.179585369576568,,,0.6,60.0,Calibrated 1D,condition_mean
50.0,-6.736423471545712,,15.951095659884308,,,0.6,60.0,Calibrated 1D,condition_mean
55.0,-6.736423471545712,,14.840013429608154,,,0.6,60.0,Calibrated 1D,condition_mean
60.0,-6.736423471545712,,13.838758828910356,,,0.6,60.0,Calibrated 1D,condition_mean
65.0,-6.736423471545712,,12.936864246636876,,,0.6,60.0,Calibrated 1D,condition_mean
70.0,-6.736423471545712,,12.123385304307238,,,0.6,60.0,Calibrated 1D,condition_mean
75.0,-6.736423471545712,,11.38796323722297,,,0.6,60.0,Calibrated 1D,condition_mean
80.0,-6.736423471545712,,10.721235803225733,,,0.6,60.0,Calibrated 1D,condition_mean
85.0,-6.736423471545712,,10.114938522949886,,,0.6,60.0,Calibrated 1D,condition_mean
90.0,-6.736423471545712,,9.561864935997418,,,0.6,60.0,Calibrated 1D,condition_mean
95.0,-6.736423471545712,,9.055769014996475,,,0.6,60.0,Calibrated 1D,condition_mean
100.0,-6.736423471545712,,8.5912501373328,,,0.6,60.0,Calibrated 1D,condition_mean
105.0,-6.736423471545712,,8.163639526904472,,,0.6,60.0,Calibrated 1D,condition_mean
110.0,-6.736423471545712,,7.768896291625493,,,0.6,60.0,Calibrated 1D,condition_mean
115.0,-6.736423471545712,,7.403515837952639,,,0.6,60.0,Calibrated 1D,condition_mean
120.0,-6.736423471545712,,7.0644508812552225,,,0.6,60.0,Calibrated 1D,condition_mean
125.0,-6.736423471545712,,6.749044127905634,,,0.6,60.0,Calibrated 1D,condition_mean
130.0,-6.736423471545712,,6.454971277537231,,,0.6,60.0,Calibrated 1D,condition_mean
135.0,-6.736423471545712,,6.1801929167335246,,,0.6,60.0,Calibrated 1D,condition_mean
140.0,-6.736423471545712,,5.922913959389643,,,0.6,60.0,Calibrated 1D,condition_mean
145.0,-6.736423471545712,,5.681549437354141,,,0.6,60.0,Calibrated 1D,condition_mean
150.0,-6.736423471545712,,5.454695609477779,,,0.6,60.0,Calibrated 1D,condition_mean
155.0,-6.736423471545712,,5.241105515077624,,,0.6,60.0,Calibrated 1D,condition_mean
160.0,-6.736423471545712,,5.039668239482658,,,0.6,60.0,Calibrated 1D,condition_mean
165.0,-6.736423471545712,,4.84939128186012,,,0.6,60.0,Calibrated 1D,condition_mean
170.0,-6.736423471545712,,4.669385519262139,,,0.6,60.0,Calibrated 1D,condition_mean
2.0,-19.655489786635243,,-1.4889689391906664,,,0.6,60.0,Calibrated 2D,condition_mean
3.0,-19.546801681675863,,0.9473641350501829,,,0.6,60.0,Calibrated 2D,condition_mean
4.0,-19.39893261631636,,3.286289306654796,,,0.6,60.0,Calibrated 2D,condition_mean
5.0,-19.214578031957192,,5.523520375864532,,,0.6,60.0,Calibrated 2D,condition_mean
6.0,-18.996513813510663,,7.655922930831402,,,0.6,60.0,Calibrated 2D,condition_mean
7.0,-18.747552622282747,,9.681430056761215,,,0.6,60.0,Calibrated 2D,condition_mean
8.0,-18.47050530042739,,11.59894817470612,,,0.6,60.0,Calibrated 2D,condition_mean
10.0,-17.843192062928683,,15.109909948685779,,,0.6,60.0,Calibrated 2D,condition_mean
15.0,-15.967469327824848,,22.064432856256147,,,0.6,60.0,Calibrated 2D,condition_mean
20.0,-13.869326720548955,,26.693382512016605,,,0.6,60.0,Calibrated 2D,condition_mean
25.0,-11.748947328887922,,29.43837169851421,,,0.6,60.0,Calibrated 2D,condition_mean
30.0,-9.732022821753068,,30.73926428429418,,,0.6,60.0,Calibrated 2D,condition_mean
35.0,-7.888290808512146,,30.97486938351313,,,0.6,60.0,Calibrated 2D,condition_mean
40.0,-6.249836793190685,,30.44774799207618,,,0.6,60.0,Calibrated 2D,condition_mean
45.0,-4.825346226855897,,29.389243457698974,,,0.6,60.0,Calibrated 2D,condition_mean
50.0,-3.60999660422765,,27.971575615578864,,,0.6,60.0,Calibrated 2D,condition_mean
55.0,-2.5918482487316368,,26.320794229318203,,,0.6,60.0,Calibrated 2D,condition_mean
60.0,-1.7557552156802956,,24.528137556577562,,,0.6,60.0,Calibrated 2D,condition_mean
65.0,-1.0856408887436402,,22.659140066442102,,,0.6,60.0,Calibrated 2D,condition_mean
70.0,-0.56574576313335,,20.76059341832155,,,0.6,60.0,Calibrated 2D,condition_mean
75.0,-0.1812531516008029,,18.865721438136237,,,0.6,60.0,Calibrated 2D,condition_mean
80.0,0.08144842909603156,,16.997964931471426,,,0.6,60.0,Calibrated 2D,condition_mean
85.0,0.23470644382254946,,15.173723517448227,,,0.6,60.0,Calibrated 2D,condition_mean
90.0,0.28965303093205463,,13.404331457442527,,,0.6,60.0,Calibrated 2D,condition_mean
95.0,0.2563048707637279,,11.697477807932689,,,0.6,60.0,Calibrated 2D,condition_mean
100.0,0.14368215653958316,,10.058226226097467,,,0.6,60.0,Calibrated 2D,condition_mean
105.0,-0.040070868650211366,,8.489747304114475,,,0.6,60.0,Calibrated 2D,condition_mean
110.0,-0.28757278648725304,,6.9938447167181526,,,0.6,60.0,Calibrated 2D,condition_mean
115.0,-0.5921033338431911,,5.571333446232188,,,0.6,60.0,Calibrated 2D,condition_mean
120.0,-0.9475144696327149,,4.222311775597859,,,0.6,60.0,Calibrated 2D,condition_mean
125.0,-1.3481539777569438,,2.946356885175991,,,0.6,60.0,Calibrated 2D,condition_mean
130.0,-1.7888006711755828,,1.742665434716912,,,0.6,60.0,Calibrated 2D,condition_mean
135.0,-2.26460995288954,,0.6101544860415862,,,0.6,60.0,Calibrated 2D,condition_mean
140.0,-2.771068415258494,,-0.4524661772806411,,,0.6,60.0,Calibrated 2D,condition_mean
145.0,-3.3039562078796685,,-1.4466423507456794,,,0.6,60.0,Calibrated 2D,condition_mean
150.0,-3.859316011724829,,-2.373938551446755,,,0.6,60.0,Calibrated 2D,condition_mean
155.0,-4.433427586933124,,-3.2360118086380765,,,0.6,60.0,Calibrated 2D,condition_mean
160.0,-5.022786993856867,,-4.034593052737975,,,0.6,60.0,Calibrated 2D,condition_mean
165.0,-5.6240897115068105,,-4.771473881959582,,,0.6,60.0,Calibrated 2D,condition_mean
170.0,-6.234216989962217,,-5.44849708830041,,,0.6,60.0,Calibrated 2D,condition_mean
2.0,-27.430207840926826,,11.642481690212517,,,0.6,60.0,Human,smoothed_path
2.702928870292887,-27.314521841992125,,11.694283284599566,,,0.6,60.0,Human,smoothed_path
3.405857740585774,-27.194681694469146,,11.751326644551376,,,0.6,60.0,Human,smoothed_path
4.108786610878661,-27.070474086338724,,11.81386652578781,,,0.6,60.0,Human,smoothed_path
4.811715481171548,-26.941676922494892,,11.882161627751287,,,0.6,60.0,Human,smoothed_path
5.514644351464435,-26.808059566877976,,11.956473368450522,,,0.6,60.0,Human,smoothed_path
6.217573221757322,-26.66938320538666,,12.037064446955743,,,0.6,60.0,Human,smoothed_path
6.920502092050209,-26.52540134632102,,12.124197175727666,,,0.6,60.0,Human,smoothed_path
7.623430962343096,-26.375860476035726,,12.218131565578183,,,0.6,60.0,Human,smoothed_path
8.326359832635983,-26.22050088820869,,12.319123147227202,,,0.6,60.0,Human,smoothed_path
9.02928870292887,-26.059057705583108,,12.4274205152443,,,0.6,60.0,Human,smoothed_path
9.732217573221757,-25.89126211313652,,12.543262582756324,,,0.6,60.0,Human,smoothed_path
10.435146443514643,-25.716842821277233,,12.66687553877762,,,0.6,60.0,Human,smoothed_path
11.13807531380753,-25.53552777676397,,12.798469504488459,,,0.6,60.0,Human,smoothed_path
11.841004184100418,-25.347046137481925,,12.938234890352575,,,0.6,60.0,Human,smoothed_path
12.543933054393305,-25.151130524876763,,13.086338462713574,,,0.6,60.0,Human,smoothed_path
13.246861924686192,-24.94751956463694,,13.24291913650281,,,0.6,60.0,Human,smoothed_path
13.949790794979078,-24.735960722023272,,13.408083519954953,,,0.6,60.0,Human,smoothed_path
14.652719665271965,-24.516213432983488,,13.581901247738923,,,0.6,60.0,Human,smoothed_path
15.355648535564853,-24.288052525795635,,13.764400150589372,,,0.6,60.0,Human,smoothed_path
16.05857740585774,-24.0512719204252,,13.955561322210873,,,0.6,60.0,Human,smoothed_path
16.761506276150627,-23.805688584070687,,14.15531415768217,,,0.6,60.0,Human,smoothed_path
17.464435146443513,-23.551146711580515,,14.363531451472761,,,0.6,60.0,Human,smoothed_path
18.1673640167364,-23.287522088686487,,14.580024657057187,,,0.6,60.0,Human,smoothed_path
18.870292887029287,-23.014726584530628,,14.804539423425652,,,0.6,60.0,Human,smoothed_path
19.573221757322173,-22.732712708061356,,15.03675153589296,,,0.6,60.0,Human,smoothed_path
20.27615062761506,-22.441478150930905,,15.276263398761927,,,0.6,60.0,Human,smoothed_path
20.97907949790795,-22.14107022801372,,15.522601204794416,,,0.6,60.0,Human,smoothed_path
21.682008368200837,-21.831590116143516,,15.775212940241802,,,0.6,60.0,Human,smoothed_path
22.384937238493723,-21.51319678275251,,16.033467373552163,,,0.6,60.0,Human,smoothed_path
23.08786610878661,-21.18611048945385,,16.29665417003495,,,0.6,60.0,Human,smoothed_path
23.790794979079497,-20.8506157519026,,16.56398526307793,,,0.6,60.0,Human,smoothed_path
24.493723849372383,-20.50706363713701,,16.83459759452323,,,0.6,60.0,Human,smoothed_path
25.19665271966527,-20.155873283591678,,17.10755731232287,,,0.6,60.0,Human,smoothed_path
25.899581589958157,-19.797532537507543,,17.381865482734874,,,0.6,60.0,Human,smoothed_path
26.602510460251043,-19.432597612776775,,17.656465337580297,,,0.6,60.0,Human,smoothed_path
27.30543933054393,-19.061691699362363,,17.93025103534782,,,0.6,60.0,Human,smoothed_path
28.008368200836816,-18.685502468065,,18.2020778694926,,,0.6,60.0,Human,smoothed_path
28.711297071129707,-18.304778446034994,,18.470773809784816,,,0.6,60.0,Human,smoothed_path
29.414225941422593,-17.92032426721768,,18.735152214982122,,,0.6,60.0,Human,smoothed_path
30.11715481171548,-17.532994833790944,,18.994025509600704,,,0.6,60.0,Human,smoothed_path
30.820083682008367,-17.143688457299298,,19.246219576398538,,,0.6,60.0,Human,smoothed_path
31.523012552301253,-16.753339080158298,,19.490588581560203,,,0.6,60.0,Human,smoothed_path
32.22594142259414,-16.362907707986935,,19.726029923470183,,,0.6,60.0,Human,smoothed_path
32.92887029288703,-15.973373209348939,,19.95149898000338,,,0.6,60.0,Human,smoothed_path
33.63179916317991,-15.585722660617293,,20.16602332457763,,,0.6,60.0,Human,smoothed_path
34.3347280334728,-15.20094142872713,,20.368716088342133,,,0.6,60.0,Human,smoothed_path
35.037656903765686,-14.820003192777973,,20.558788164710457,,,0.6,60.0,Human,smoothed_path
35.74058577405857,-14.443860106394366,,20.735558982230827,,,0.6,60.0,Human,smoothed_path
36.44351464435146,-14.073433296469672,,20.898465611156766,,,0.6,60.0,Human,smoothed_path
37.146443514644346,-13.709603880819127,,21.047070016167858,,,0.6,60.0,Human,smoothed_path
37.84937238493723,-13.353204668146077,,21.181064320244708,,,0.6,60.0,Human,smoothed_path
38.55230125523012,-13.005012679672411,,21.300274000258007,,,0.6,60.0,Human,smoothed_path
39.255230125523006,-12.665742604119169,,21.404658990874694,,,0.6,60.0,Human,smoothed_path
39.9581589958159,-12.336041267883768,,21.494312727513062,,,0.6,60.0,Human,smoothed_path
40.66108786610879,-12.01648317171144,,21.569459209156804,,,0.6,60.0,Human,smoothed_path
41.36401673640167,-11.707567115287583,,21.630448206097775,,,0.6,60.0,Human,smoothed_path
42.06694560669456,-11.409713903221078,,21.677748774808542,,,0.6,60.0,Human,smoothed_path
42.76987447698745,-11.123265100860978,,21.71194127131959,,,0.6,60.0,Human,smoothed_path
43.47280334728033,-10.848482787048907,,21.733708075353178,,,0.6,60.0,Human,smoothed_path
44.17573221757322,-10.58555023373679,,21.743823250147955,,,0.6,60.0,Human,smoothed_path
44.87866108786611,-10.334573429603562,,21.74314136788304,,,0.6,60.0,Human,smoothed_path
45.58158995815899,-10.09558335634364,,21.732585728664528,,,0.6,60.0,Human,smoothed_path
46.28451882845188,-9.868538921918795,,21.713136193165482,,,0.6,60.0,Human,smoothed_path
46.98744769874477,-9.653330454341084,,21.68581683633255,,,0.6,60.0,Human,smoothed_path
47.69037656903765,-9.449783661943489,,21.651683613238422,,,0.6,60.0,Human,smoothed_path
48.39330543933054,-9.257663970984746,,21.611812209291863,,,0.6,60.0,Human,smoothed_path
49.096234309623426,-9.07668115818612,,21.567286226644168,,,0.6,60.0,Human,smoothed_path
49.79916317991631,-8.90649420378496,,21.519185837655527,,,0.6,60.0,Human,smoothed_path
50.5020920502092,-8.746716299333027,,21.46857701545582,,,0.6,60.0,Human,smoothed_path
51.205020920502086,-8.596919953251273,,21.41650143154154,,,0.6,60.0,Human,smoothed_path
51.90794979079497,-8.456642145647182,,21.36396709142648,,,0.6,60.0,Human,smoothed_path
52.61087866108786,-8.325389491761904,,21.311939761896063,,,0.6,60.0,Human,smoothed_path
53.313807531380746,-8.202643380391487,,21.26133522756463,,,0.6,60.0,Human,smoothed_path
54.01673640167363,-8.087865059553824,,21.213012400261686,,,0.6,60.0,Human,smoothed_path
54.71966527196653,-7.980500646465501,,21.167767292251852,,,0.6,60.0,Human,smoothed_path
55.42259414225941,-7.879986042534823,,21.126327853346645,,,0.6,60.0,Human,smoothed_path
56.1255230125523,-7.785751736611752,,21.089349662476266,,,0.6,60.0,Human,smoothed_path
56.82845188284519,-7.6972274812536,,21.057412456121178,,,0.6,60.0,Human,smoothed_path
57.53138075313807,-7.6138468273926865,,21.031017469016714,,,0.6,60.0,Human,smoothed_path
58.23430962343096,-7.53505150268105,,21.01058555660574,,,0.6,60.0,Human,smoothed_path
58.93723849372385,-7.460295618104839,,20.99645606370553,,,0.6,60.0,Human,smoothed_path
59.64016736401673,-7.389049686381172,,20.988886399673788,,,0.6,60.0,Human,smoothed_path
60.34309623430962,-7.320804434347247,,20.98805227692563,,,0.6,60.0,Human,smoothed_path
61.046025104602506,-7.255074390191489,,20.994048566904894,,,0.6,60.0,Human,smoothed_path
61.74895397489539,-7.191401225115853,,21.006890725507517,,,0.6,60.0,Human,smoothed_path
62.45188284518828,-7.129356827995104,,21.02651673846048,,,0.6,60.0,Human,smoothed_path
63.154811715481166,-7.068546090934048,,21.052789536257094,,,0.6,60.0,Human,smoothed_path
63.85774058577405,-7.0086093834160685,,21.085499827925474,,,0.6,60.0,Human,smoothed_path
64.56066945606693,-6.949224693061801,,21.124369303147404,,,0.6,60.0,Human,smoothed_path
65.26359832635983,-6.890109411928421,,21.16905415303708,,,0.6,60.0,Human,smoothed_path
65.96652719665272,-6.831021748806289,,21.219148861211107,,,0.6,60.0,Human,smoothed_path
66.6694560669456,-6.771761750116529,,21.274190218607337,,,0.6,60.0,Human,smoothed_path
67.3723849372385,-6.712171914762964,,21.333661517800167,,,0.6,60.0,Human,smoothed_path
68.07531380753137,-6.652137391607856,,21.39699688526907,,,0.6,60.0,Human,smoothed_path
68.77824267782427,-6.591585752064519,,21.463585713143303,,,0.6,60.0,Human,smoothed_path
69.48117154811715,-6.530486334558629,,21.532777155304025,,,0.6,60.0,Human,smoothed_path
70.18410041841004,-6.468849162214174,,21.603884656295833,,,0.6,60.0,Human,smoothed_path
70.88702928870292,-6.406723439970236,,21.676190485201523,,,0.6,60.0,Human,smoothed_path
71.58995815899581,-6.344195642322273,,21.748950250378748,,,0.6,60.0,Human,smoothed_path
72.29288702928869,-6.281387207892686,,21.82139737465655,,,0.6,60.0,Human,smoothed_path
72.99581589958159,-6.2184518619542235,,21.89274751415691,,,0.6,60.0,Human,smoothed_path
73.69874476987447,-6.155572592742228,,21.962202907258153,,,0.6,60.0,Human,smoothed_path
74.40167364016736,-6.092958311787518,,22.028956643278892,,,0.6,60.0,Human,smoothed_path
75.10460251046024,-6.0308402324796235,,22.092196843166576,,,0.6,60.0,Human,smoothed_path
75.80753138075313,-5.969468004538024,,22.15111074677072,,,0.6,60.0,Human,smoothed_path
76.51046025104601,-5.909105644949501,,22.20488870312723,,,0.6,60.0,Human,smoothed_path
77.2133891213389,-5.850027308159726,,22.25272806155236,,,0.6,60.0,Human,smoothed_path
77.9163179916318,-5.792512939841432,,22.29383696223263,,,0.6,60.0,Human,smoothed_path
78.61924686192468,-5.736843859372973,,22.327438025408497,,,0.6,60.0,Human,smoothed_path
79.32217573221757,-5.683298316242466,,22.352771938206065,,,0.6,60.0,Human,smoothed_path
80.02510460251045,-5.632147064955095,,22.36910093770873,,,0.6,60.0,Human,smoothed_path
80.72803347280335,-5.583649001696535,,22.3757121880313,,,0.6,60.0,Human,smoothed_path
81.43096234309623,-5.538046904041863,,22.371921048021445,,,0.6,60.0,Human,smoothed_path
82.13389121338912,-5.495563312463117,,22.357074224839245,,,0.6,60.0,Human,smoothed_path
82.836820083682,-5.456396589360112,,22.33055280713092,,,0.6,60.0,Human,smoothed_path
83.5397489539749,-5.420717187910695,,22.29177516989844,,,0.6,60.0,Human,smoothed_path
84.24267782426777,-5.388664159310451,,22.24019974155344,,,0.6,60.0,Human,smoothed_path
84.94560669456067,-5.360341923056058,,22.175327622112512,,,0.6,60.0,Human,smoothed_path
85.64853556485355,-5.335817320932203,,22.096705040115708,,,0.6,60.0,Human,smoothed_path
86.35146443514644,-5.315116971399625,,22.003925634700778,,,0.6,60.0,Human,smoothed_path
87.05439330543932,-5.2982249372577614,,21.896632548400483,,,0.6,60.0,Human,smoothed_path
87.75732217573221,-5.285080715868487,,21.77452031569912,,,0.6,60.0,Human,smoothed_path
88.46025104602509,-5.275577557966168,,21.637336532223394,,,0.6,60.0,Human,smoothed_path
89.16317991631799,-5.26956111821754,,21.484883289674336,,,0.6,60.0,Human,smoothed_path
89.86610878661087,-5.26682843829262,,21.317018362243076,,,0.6,60.0,Human,smoothed_path
90.56903765690376,-5.267127261304478,,21.1336561312868,,,0.6,60.0,Human,smoothed_path
91.27196652719664,-5.270155675093504,,20.934768236458517,,,0.6,60.0,Human,smoothed_path
91.97489539748953,-5.275562080971177,,20.720383943252763,,,0.6,60.0,Human,smoothed_path
92.67782426778243,-5.282945484180228,,20.49059021901097,,,0.6,60.0,Human,smoothed_path
93.3807531380753,-5.291856102433029,,20.245531511774296,,,0.6,60.0,Human,smoothed_path
94.0836820083682,-5.3017962893998,,19.9854092289209,,,0.6,60.0,Human,smoothed_path
94.78661087866108,-5.312221770857518,,19.710480915217374,,,0.6,60.0,Human,smoothed_path
95.48953974895397,-5.322543192289211,,19.421059132684448,,,0.6,60.0,Human,smoothed_path
96.19246861924685,-5.332127977939409,,19.117510047458858,,,0.6,60.0,Human,smoothed_path
96.89539748953975,-5.340302502574506,,18.80025173156215,,,0.6,60.0,Human,smoothed_path
97.59832635983263,-5.346354578350425,,18.469752190102206,,,0.6,60.0,Human,smoothed_path
98.30125523012552,-5.349536260137866,,18.12652712687764,,,0.6,60.0,Human,smoothed_path
99.0041841004184,-5.349066973282624,,17.77113746358266,,,0.6,60.0,Human,smoothed_path
99.7071129707113,-5.344136967978038,,17.404186629778124,,,0.6,60.0,Human,smoothed_path
100.41004184100417,-5.333911104101153,,17.026317642475192,,,0.6,60.0,Human,smoothed_path
101.11297071129707,-5.317532969430691,,16.638209995548934,,,0.6,60.0,Human,smoothed_path
101.81589958158995,-5.294129332558317,,16.240576380252303,,,0.6,60.0,Human,smoothed_path
102.51882845188284,-5.262814929478841,,15.834159258834916,,,0.6,60.0,Human,smoothed_path
103.22175732217572,-5.222697579777648,,15.419727313697406,,,0.6,60.0,Human,smoothed_path
103.92468619246861,-5.172883624525161,,14.998071794648142,,,0.6,60.0,Human,smoothed_path
104.62761506276149,-5.112483673464927,,14.570002786703446,,,0.6,60.0,Human,smoothed_path
105.33054393305439,-5.040618643895007,,14.136345420516026,,,0.6,60.0,Human,smoothed_path
106.03347280334727,-4.95642606786784,,13.697936046968826,,,0.6,60.0,Human,smoothed_path
106.73640167364016,-4.8590666380710665,,13.255618396772274,,,0.6,60.0,Human,smoothed_path
107.43933054393305,-4.7477309561225605,,12.810239745095812,,,0.6,60.0,Human,smoothed_path
108.14225941422593,-4.621646440157324,,12.362647100389623,,,0.6,60.0,Human,smoothed_path
108.84518828451883,-4.480084341658904,,11.913683435651773,,,0.6,60.0,Human,smoothed_path
109.5481171548117,-4.3223668146628365,,11.464183979503751,,,0.6,60.0,Human,smoothed_path
110.2510460251046,-4.147873973911867,,11.01497258358608,,,0.6,60.0,Human,smoothed_path
110.95397489539748,-3.9560508724551906,,10.566858182000942,,,0.6,60.0,Human,smoothed_path
111.65690376569037,-3.746414323737869,,10.120631357827474,,,0.6,60.0,Human,smoothed_path
112.35983263598325,-3.5185594886003764,,9.677061031130684,,,0.6,60.0,Human,smoothed_path
113.06276150627615,-3.2721661439690597,,9.236891282377607,,,0.6,60.0,Human,smoothed_path
113.76569037656903,-3.0070045475221168,,8.80083832476218,,,0.6,60.0,Human,smoothed_path
114.46861924686192,-2.7229408113985123,,8.36958763860921,,,0.6,60.0,Human,smoothed_path
115.1715481171548,-2.419941698196254,,7.943791280761272,,,0.6,60.0,Human,smoothed_path
115.8744769874477,-2.0980787541715293,,7.524065381623652,,,0.6,60.0,Human,smoothed_path
116.57740585774057,-1.7575316977666144,,7.11098784232405,,,0.6,60.0,Human,smoothed_path
117.28033472803347,-1.398590986394887,,6.705096244200938,,,0.6,60.0,Human,smoothed_path
117.98326359832635,-1.0216594907999246,,6.306885982533601,,,0.6,60.0,Human,smoothed_path
118.68619246861924,-0.6272532142510617,,5.916808636030259,,,0.6,60.0,Human,smoothed_path
119.38912133891212,-0.21600100327930205,,5.535270583064776,,,0.6,60.0,Human,smoothed_path
120.09205020920501,0.21135679250244044,,5.162631874962662,,,0.6,60.0,Human,smoothed_path
120.79497907949789,0.6539707418371024,,4.799205375755465,,,0.6,60.0,Human,smoothed_path
121.49790794979079,1.11088585163427,,4.445256176723312,,,0.6,60.0,Human,smoothed_path
122.20083682008368,1.5810461881119047,,4.101001292711724,,,0.6,60.0,Human,smoothed_path
122.90376569037656,2.0633005873543406,,3.76660964562795,,,0.6,60.0,Human,smoothed_path
123.60669456066945,2.556409428016707,,3.4422023386923195,,,0.6,60.0,Human,smoothed_path
124.30962343096233,3.0590524233232883,,3.1278532229457277,,,0.6,60.0,Human,smoothed_path
125.01255230125523,3.5698373739665508,,2.823589755209446,,,0.6,60.0,Human,smoothed_path
125.7154811715481,4.087309808292883,,2.52939414418148,,,0.6,60.0,Human,smoothed_path
126.418410041841,4.60996342154823,,2.2452047786648675,,,0.6,60.0,Human,smoothed_path
127.12133891213388,5.136251212234865,,1.970917929098362,,,0.6,60.0,Human,smoothed_path
127.82426778242677,5.6645972010827474,,1.7063897106441508,,,0.6,60.0,Human,smoothed_path
128.52719665271965,6.193408607032081,,1.4514382931352476,,,0.6,60.0,Human,smoothed_path
129.23012552301253,6.721088345212648,,1.2058463402533446,,,0.6,60.0,Human,smoothed_path
129.93305439330544,7.246047704416917,,0.9693636574595847,,,0.6,60.0,Human,smoothed_path
130.63598326359832,7.766719056199671,,0.7417100254983418,,,0.6,60.0,Human,smoothed_path
131.3389121338912,8.281568444660675,,0.5225781938022533,,,0.6,60.0,Human,smoothed_path
132.04184100418408,8.789107905302068,,0.31163700590834054,,,0.6,60.0,Human,smoothed_path
132.744769874477,9.287907363179688,,0.1085346271078591,,,0.6,60.0,Human,smoothed_path
133.44769874476987,9.77660596491366,,-0.0870981569482494,,,0.6,60.0,Human,smoothed_path
134.15062761506275,10.25392270596666,,-0.27564460303533955,,,0.6,60.0,Human,smoothed_path
134.85355648535563,10.718666223858008,,-0.45749866747740864,,,0.6,60.0,Human,smoothed_path
135.55648535564853,11.169743639525864,,-0.633061690650994,,,0.6,60.0,Human,smoothed_path
136.2594142259414,11.606168342688115,,-0.8027391415007036,,,0.6,60.0,Human,smoothed_path
136.9623430962343,12.027066632546223,,-0.9669374537626766,,,0.6,60.0,Human,smoothed_path
137.6652719665272,12.431683142235565,,-1.1260609841472844,,,0.6,60.0,Human,smoothed_path
138.36820083682008,12.819384993722945,,-1.2805091207983166,,,0.6,60.0,Human,smoothed_path
139.07112970711296,13.189664649021484,,-1.4306735679558404,,,0.6,60.0,Human,smoothed_path
139.77405857740584,13.542141443246257,,-1.5769358299495186,,,0.6,60.0,Human,smoothed_path
140.47698744769875,13.876561804767647,,-1.7196649144951142,,,0.6,60.0,Human,smoothed_path
141.17991631799163,14.192798187124026,,-1.859215271823924,,,0.6,60.0,Human,smoothed_path
141.8828451882845,14.490846756031527,,-1.9959249825162093,,,0.6,60.0,Human,smoothed_path
142.58577405857739,14.770823892392993,,-2.1301142031125866,,,0.6,60.0,Human,smoothed_path
143.2887029288703,15.032961588310979,,-2.2620838747231886,,,0.6,60.0,Human,smoothed_path
143.99163179916317,15.27760182743638,,-2.392114696023582,,,0.6,60.0,Human,smoothed_path
144.69456066945605,15.505190053274632,,-2.520466358298676,,,0.6,60.0,Human,smoothed_path
145.39748953974893,15.716267839116288,,-2.6473770366453833,,,0.6,60.0,Human,smoothed_path
146.10041841004184,15.911464880914577,,-2.773063128140527,,,0.6,60.0,Human,smoothed_path
146.80334728033472,16.09149043961657,,-2.897719224781732,,,0.6,60.0,Human,smoothed_path
147.5062761506276,16.25712436215149,,-3.021518306366448,,,0.6,60.0,Human,smoothed_path
148.20920502092048,16.409207810536124,,-3.1446121362262165,,,0.6,60.0,Human,smoothed_path
148.9121338912134,16.548633826480454,,-3.2671318409077457,,,0.6,60.0,Human,smoothed_path
149.61506276150627,16.676337854627267,,-3.3891886535039015,,,0.6,60.0,Human,smoothed_path
150.31799163179915,16.793288341345114,,-3.5108747993902636,,,0.6,60.0,Human,smoothed_path
151.02092050209203,16.900477518060207,,-3.6322645026079865,,,0.6,60.0,Human,smoothed_path
151.72384937238493,16.99891246873436,,-3.7534150910337063,,,0.6,60.0,Human,smoothed_path
152.4267782426778,17.089606570565188,,-3.874368178764053,,,0.6,60.0,Human,smoothed_path
153.1297071129707,17.173571385603886,,-3.995150904781534,,,0.6,60.0,Human,smoothed_path
153.8326359832636,17.25180906905598,,-4.115777207918388,,,0.6,60.0,Human,smoothed_path
154.53556485355648,17.32530534784305,,-4.2362491193505765,,,0.6,60.0,Human,smoothed_path
155.23849372384936,17.3950231108332,,-4.356558055286939,,,0.6,60.0,Human,smoothed_path
155.94142259414224,17.461896640245843,,-4.476686094119272,,,0.6,60.0,Human,smoothed_path
156.64435146443515,17.52682650232386,,-4.596607224019813,,,0.6,60.0,Human,smoothed_path
157.34728033472803,17.590675104633647,,-4.7162885487655934,,,0.6,60.0,Human,smoothed_path
158.0502092050209,17.654262917455053,,-4.835691441391354,,,0.6,60.0,Human,smoothed_path
158.75313807531379,17.71836534777884,,-4.954772637083564,,,0.6,60.0,Human,smoothed_path
159.4560669456067,17.783710246523373,,-5.073485258493049,,,0.6,60.0,Human,smoothed_path
160.15899581589957,17.850976022765224,,-5.191779768331774,,,0.6,60.0,Human,smoothed_path
160.86192468619245,17.92079033307086,,-5.30960484570632,,,0.6,60.0,Human,smoothed_path
161.56485355648533,17.99372930940922,,-5.426908184106046,,,0.6,60.0,Human,smoothed_path
162.26778242677824,18.070317285586476,,-5.543637210294524,,,0.6,60.0,Human,smoothed_path
162.97071129707112,18.15102697962037,,-5.659739724538062,,,0.6,60.0,Human,smoothed_path
163.673640167364,18.236280087893533,,-5.77516446364087,,,0.6,60.0,Human,smoothed_path
164.37656903765688,18.326448246210692,,-5.889861589141112,,,0.6,60.0,Human,smoothed_path
165.0794979079498,18.421854312943168,,-6.003783103758966,,,0.6,60.0,Human,smoothed_path
165.78242677824267,18.522773930179927,,-6.116883199781806,,,0.6,60.0,Human,smoothed_path
166.48535564853555,18.62943732011953,,-6.229118543531116,,,0.6,60.0,Human,smoothed_path
167.18828451882845,18.74203127573488,,-6.340448500390139,,,0.6,60.0,Human,smoothed_path
167.89121338912133,18.8607013069288,,-6.450835305091799,,,0.6,60.0,Human,smoothed_path
168.5941422594142,18.985553905884046,,-6.560244182085007,,,0.6,60.0,Human,smoothed_path
169.2970711297071,19.11665889801333,,-6.6686434208259495,,,0.6,60.0,Human,smoothed_path
170.0,19.25405184775902,,-6.776004410792375,,,0.6,60.0,Human,smoothed_path
2.0,-6.736423471545712,,15.137278728969342,,,0.6,60.0,Calibrated 1D,smoothed_path
2.702928870292887,-6.736423471545714,,15.230442874714498,,,0.6,60.0,Calibrated 1D,smoothed_path
3.405857740585774,-6.736423471545711,,15.324978957260456,,,0.6,60.0,Calibrated 1D,smoothed_path
4.108786610878661,-6.736423471545711,,15.42086130915057,,,0.6,60.0,Calibrated 1D,smoothed_path
4.811715481171548,-6.736423471545713,,15.518056838178111,,,0.6,60.0,Calibrated 1D,smoothed_path
5.514644351464435,-6.736423471545713,,15.616524293467007,,,0.6,60.0,Calibrated 1D,smoothed_path
6.217573221757322,-6.736423471545711,,15.716213496145063,,,0.6,60.0,Calibrated 1D,smoothed_path
6.920502092050209,-6.736423471545711,,15.817064538345509,,,0.6,60.0,Calibrated 1D,smoothed_path
7.623430962343096,-6.736423471545711,,15.919006955567713,,,0.6,60.0,Calibrated 1D,smoothed_path
8.326359832635983,-6.736423471545711,,16.021958878899326,,,0.6,60.0,Calibrated 1D,smoothed_path
9.02928870292887,-6.736423471545711,,16.125826175251,,,0.6,60.0,Calibrated 1D,smoothed_path
9.732217573221757,-6.736423471545713,,16.230501585576725,,,0.6,60.0,Calibrated 1D,smoothed_path
10.435146443514643,-6.736423471545712,,16.33586387303403,,,0.6,60.0,Calibrated 1D,smoothed_path
11.13807531380753,-6.736423471545711,,16.441776995158015,,,0.6,60.0,Calibrated 1D,smoothed_path
11.841004184100418,-6.736423471545713,,16.54808931634608,,,0.6,60.0,Calibrated 1D,smoothed_path
12.543933054393305,-6.736423471545715,,16.654632879229965,,,0.6,60.0,Calibrated 1D,smoothed_path
13.246861924686192,-6.736423471545713,,16.761222755785738,,,0.6,60.0,Calibrated 1D,smoothed_path
13.949790794979078,-6.736423471545712,,16.86765650122187,,,0.6,60.0,Calibrated 1D,smoothed_path
14.652719665271965,-6.736423471545712,,16.97371373569421,,,0.6,60.0,Calibrated 1D,smoothed_path
15.355648535564853,-6.736423471545713,,17.079155880612102,,,0.6,60.0,Calibrated 1D,smoothed_path
16.05857740585774,-6.736423471545713,,17.183726077591498,,,0.6,60.0,Calibrated 1D,smoothed_path
16.761506276150627,-6.736423471545713,,17.287149318836285,,,0.6,60.0,Calibrated 1D,smoothed_path
17.464435146443513,-6.736423471545711,,17.38913281773508,,,0.6,60.0,Calibrated 1D,smoothed_path
18.1673640167364,-6.736423471545713,,17.4893666475906,,,0.6,60.0,Calibrated 1D,smoothed_path
18.870292887029287,-6.736423471545712,,17.587524674500514,,,0.6,60.0,Calibrated 1D,smoothed_path
19.573221757322173,-6.736423471545709,,17.683265807343474,,,0.6,60.0,Calibrated 1D,smoothed_path
20.27615062761506,-6.736423471545711,,17.776235583479693,,,0.6,60.0,Calibrated 1D,smoothed_path
20.97907949790795,-6.736423471545712,,17.866068103078327,,,0.6,60.0,Calibrated 1D,smoothed_path
21.682008368200837,-6.736423471545711,,17.95238831791337,,,0.6,60.0,Calibrated 1D,smoothed_path
22.384937238493723,-6.736423471545713,,18.034814672069448,,,0.6,60.0,Calibrated 1D,smoothed_path
23.08786610878661,-6.736423471545713,,18.112962082394095,,,0.6,60.0,Calibrated 1D,smoothed_path
23.790794979079497,-6.736423471545712,,18.186445235931266,,,0.6,60.0,Calibrated 1D,smoothed_path
24.493723849372383,-6.736423471545711,,18.254882170274826,,,0.6,60.0,Calibrated 1D,smoothed_path
25.19665271966527,-6.736423471545713,,18.317898091179657,,,0.6,60.0,Calibrated 1D,smoothed_path
25.899581589958157,-6.736423471545712,,18.375129370334864,,,0.6,60.0,Calibrated 1D,smoothed_path
26.602510460251043,-6.736423471545713,,18.426227655471365,,,0.6,60.0,Calibrated 1D,smoothed_path
27.30543933054393,-6.736423471545711,,18.47086401552093,,,0.6,60.0,Calibrated 1D,smoothed_path
28.008368200836816,-6.736423471545711,,18.50873303594448,,,0.6,60.0,Calibrated 1D,smoothed_path
28.711297071129707,-6.736423471545712,,18.539556774152942,,,0.6,60.0,Calibrated 1D,smoothed_path
29.414225941422593,-6.736423471545712,,18.563088482631493,,,0.6,60.0,Calibrated 1D,smoothed_path
30.11715481171548,-6.736423471545714,,18.579116008306677,,,0.6,60.0,Calibrated 1D,smoothed_path
30.820083682008367,-6.736423471545713,,18.587464781080353,,,0.6,60.0,Calibrated 1D,smoothed_path
31.523012552301253,-6.736423471545713,,18.588000312323672,,,0.6,60.0,Calibrated 1D,smoothed_path
32.22594142259414,-6.736423471545711,,18.580630135315808,,,0.6,60.0,Calibrated 1D,smoothed_path
32.92887029288703,-6.736423471545712,,18.565305133762386,,,0.6,60.0,Calibrated 1D,smoothed_path
33.63179916317991,-6.736423471545711,,18.54202022108828,,,0.6,60.0,Calibrated 1D,smoothed_path
34.3347280334728,-6.736423471545711,,18.510814351465118,,,0.6,60.0,Calibrated 1D,smoothed_path
35.037656903765686,-6.736423471545713,,18.471769862685633,,,0.6,60.0,Calibrated 1D,smoothed_path
35.74058577405857,-6.736423471545713,,18.425011170157283,,,0.6,60.0,Calibrated 1D,smoothed_path
36.44351464435146,-6.736423471545711,,18.370702849575352,,,0.6,60.0,Calibrated 1D,smoothed_path
37.146443514644346,-6.73642347154571,,18.309047162427635,,,0.6,60.0,Calibrated 1D,smoothed_path
37.84937238493723,-6.736423471545711,,18.240281092667704,,,0.6,60.0,Calibrated 1D,smoothed_path
38.55230125523012,-6.736423471545712,,18.164672974113266,,,0.6,60.0,Calibrated 1D,smoothed_path
39.255230125523006,-6.736423471545713,,18.082518796009442,,,0.6,60.0,Calibrated 1D,smoothed_path
39.9581589958159,-6.736423471545713,,17.994138278571253,,,0.6,60.0,Calibrated 1D,smoothed_path
40.66108786610879,-6.736423471545712,,17.89987081121112,,,0.6,60.0,Calibrated 1D,smoothed_path
41.36401673640167,-6.73642347154571,,17.80007134377483,,,0.6,60.0,Calibrated 1D,smoothed_path
42.06694560669456,-6.73642347154571,,17.69510631581481,,,0.6,60.0,Calibrated 1D,smoothed_path
42.76987447698745,-6.736423471545711,,17.585349701201775,,,0.6,60.0,Calibrated 1D,smoothed_path
43.47280334728033,-6.736423471545713,,17.471179235770975,,,0.6,60.0,Calibrated 1D,smoothed_path
44.17573221757322,-6.736423471545712,,17.352972884804498,,,0.6,60.0,Calibrated 1D,smoothed_path
44.87866108786611,-6.736423471545711,,17.231105595551675,,,0.6,60.0,Calibrated 1D,smoothed_path
45.58158995815899,-6.736423471545711,,17.105946368230217,,,0.6,60.0,Calibrated 1D,smoothed_path
46.28451882845188,-6.736423471545711,,16.97785566751157,,,0.6,60.0,Calibrated 1D,smoothed_path
46.98744769874477,-6.736423471545714,,16.84718318577599,,,0.6,60.0,Calibrated 1D,smoothed_path
47.69037656903765,-6.736423471545713,,16.71426595973084,,,0.6,60.0,Calibrated 1D,smoothed_path
48.39330543933054,-6.736423471545709,,16.579426833536914,,,0.6,60.0,Calibrated 1D,smoothed_path
49.096234309623426,-6.736423471545713,,16.442973254503883,,,0.6,60.0,Calibrated 1D,smoothed_path
49.79916317991631,-6.736423471545712,,16.305196381745183,,,0.6,60.0,Calibrated 1D,smoothed_path
50.5020920502092,-6.736423471545713,,16.166370483899243,,,0.6,60.0,Calibrated 1D,smoothed_path
51.205020920502086,-6.736423471545713,,16.0267525990514,,,0.6,60.0,Calibrated 1D,smoothed_path
51.90794979079497,-6.736423471545715,,15.886582428211812,,,0.6,60.0,Calibrated 1D,smoothed_path
52.61087866108786,-6.736423471545712,,15.746082432973905,,,0.6,60.0,Calibrated 1D,smoothed_path
53.313807531380746,-6.736423471545711,,15.605458108137677,,,0.6,60.0,Calibrated 1D,smoothed_path
54.01673640167363,-6.736423471545713,,15.464898400968819,,,0.6,60.0,Calibrated 1D,smoothed_path
54.71966527196653,-6.736423471545711,,15.324576250219671,,,0.6,60.0,Calibrated 1D,smoothed_path
55.42259414225941,-6.736423471545711,,15.184649219912655,,,0.6,60.0,Calibrated 1D,smoothed_path
56.1255230125523,-6.736423471545713,,15.045260205046787,,,0.6,60.0,Calibrated 1D,smoothed_path
56.82845188284519,-6.736423471545711,,14.906538188715896,,,0.6,60.0,Calibrated 1D,smoothed_path
57.53138075313807,-6.736423471545713,,14.76859903252461,,,0.6,60.0,Calibrated 1D,smoothed_path
58.23430962343096,-6.73642347154571,,14.631546284573394,,,0.6,60.0,Calibrated 1D,smoothed_path
58.93723849372385,-6.736423471545711,,14.495471991593845,,,0.6,60.0,Calibrated 1D,smoothed_path
59.64016736401673,-6.736423471545711,,14.360457504001904,,,0.6,60.0,Calibrated 1D,smoothed_path
60.34309623430962,-6.736423471545712,,14.22657426466601,,,0.6,60.0,Calibrated 1D,smoothed_path
61.046025104602506,-6.736423471545711,,14.093884574037407,,,0.6,60.0,Calibrated 1D,smoothed_path
61.74895397489539,-6.736423471545711,,13.962442325950045,,,0.6,60.0,Calibrated 1D,smoothed_path
62.45188284518828,-6.736423471545713,,13.83229370986319,,,0.6,60.0,Calibrated 1D,smoothed_path
63.154811715481166,-6.736423471545711,,13.703477876595173,,,0.6,60.0,Calibrated 1D,smoothed_path
63.85774058577405,-6.736423471545711,,13.576027565688662,,,0.6,60.0,Calibrated 1D,smoothed_path
64.56066945606693,-6.736423471545712,,13.449969693468036,,,0.6,60.0,Calibrated 1D,smoothed_path
65.26359832635983,-6.736423471545713,,13.325325901611464,,,0.6,60.0,Calibrated 1D,smoothed_path
65.96652719665272,-6.736423471545711,,13.202113066679082,,,0.6,60.0,Calibrated 1D,smoothed_path
66.6694560669456,-6.736423471545715,,13.080343771529419,,,0.6,60.0,Calibrated 1D,smoothed_path
67.3723849372385,-6.736423471545712,,12.960026739934694,,,0.6,60.0,Calibrated 1D,smoothed_path
68.07531380753137,-6.736423471545711,,12.841167235986823,,,0.6,60.0,Calibrated 1D,smoothed_path
68.77824267782427,-6.736423471545711,,12.723767430083324,,,0.6,60.0,Calibrated 1D,smoothed_path
69.48117154811715,-6.736423471545712,,12.607826733410132,,,0.6,60.0,Calibrated 1D,smoothed_path
70.18410041841004,-6.736423471545711,,12.493342102907423,,,0.6,60.0,Calibrated 1D,smoothed_path
70.88702928870292,-6.736423471545711,,12.380308318726504,,,0.6,60.0,Calibrated 1D,smoothed_path
71.58995815899581,-6.736423471545713,,12.268718236169363,,,0.6,60.0,Calibrated 1D,smoothed_path
72.29288702928869,-6.736423471545711,,12.15856301405703,,,0.6,60.0,Calibrated 1D,smoothed_path
72.99581589958159,-6.736423471545712,,12.049832321404278,,,0.6,60.0,Calibrated 1D,smoothed_path
73.69874476987447,-6.736423471545713,,11.942514524193705,,,0.6,60.0,Calibrated 1D,smoothed_path
74.40167364016736,-6.736423471545713,,11.836596853946217,,,0.6,60.0,Calibrated 1D,smoothed_path
75.10460251046024,-6.736423471545711,,11.732065559682216,,,0.6,60.0,Calibrated 1D,smoothed_path
75.80753138075313,-6.736423471545712,,11.628906044761024,,,0.6,60.0,Calibrated 1D,smoothed_path
76.51046025104601,-6.736423471545711,,11.527102989979284,,,0.6,60.0,Calibrated 1D,smoothed_path
77.2133891213389,-6.736423471545711,,11.426640464202885,,,0.6,60.0,Calibrated 1D,smoothed_path
77.9163179916318,-6.736423471545713,,11.327502023704525,,,0.6,60.0,Calibrated 1D,smoothed_path
78.61924686192468,-6.736423471545711,,11.229670801280129,,,0.6,60.0,Calibrated 1D,smoothed_path
79.32217573221757,-6.736423471545712,,11.133129586124394,,,0.6,60.0,Calibrated 1D,smoothed_path
80.02510460251045,-6.736423471545711,,11.037860895357518,,,0.6,60.0,Calibrated 1D,smoothed_path
80.72803347280335,-6.736423471545712,,10.943847038013711,,,0.6,60.0,Calibrated 1D,smoothed_path
81.43096234309623,-6.736423471545711,,10.851070172226208,,,0.6,60.0,Calibrated 1D,smoothed_path
82.13389121338912,-6.736423471545712,,10.759512356273756,,,0.6,60.0,Calibrated 1D,smoothed_path
82.836820083682,-6.736423471545712,,10.669155594089842,,,0.6,60.0,Calibrated 1D,smoothed_path
83.5397489539749,-6.736423471545713,,10.57998187577764,,,0.6,60.0,Calibrated 1D,smoothed_path
84.24267782426777,-6.736423471545711,,10.491973213620835,,,0.6,60.0,Calibrated 1D,smoothed_path
84.94560669456067,-6.736423471545712,,10.405111674032565,,,0.6,60.0,Calibrated 1D,smoothed_path
85.64853556485355,-6.736423471545714,,10.319379405841651,,,0.6,60.0,Calibrated 1D,smoothed_path
86.35146443514644,-6.736423471545711,,10.234758665276221,,,0.6,60.0,Calibrated 1D,smoothed_path
87.05439330543932,-6.736423471545711,,10.15123183797002,,,0.6,60.0,Calibrated 1D,smoothed_path
87.75732217573221,-6.736423471545712,,10.06878145828512,,,0.6,60.0,Calibrated 1D,smoothed_path
88.46025104602509,-6.736423471545713,,9.987390226216906,,,0.6,60.0,Calibrated 1D,smoothed_path
89.16317991631799,-6.73642347154571,,9.90704102212166,,,0.6,60.0,Calibrated 1D,smoothed_path
89.86610878661087,-6.736423471545713,,9.82771691948501,,,0.6,60.0,Calibrated 1D,smoothed_path
90.56903765690376,-6.736423471545713,,9.749401195928904,,,0.6,60.0,Calibrated 1D,smoothed_path
91.27196652719664,-6.736423471545711,,9.672077342637301,,,0.6,60.0,Calibrated 1D,smoothed_path
91.97489539748953,-6.736423471545713,,9.595729072364366,,,0.6,60.0,Calibrated 1D,smoothed_path
92.67782426778243,-6.736423471545711,,9.52034032617486,,,0.6,60.0,Calibrated 1D,smoothed_path
93.3807531380753,-6.736423471545713,,9.445895279053756,,,0.6,60.0,Calibrated 1D,smoothed_path
94.0836820083682,-6.736423471545711,,9.372378344510643,,,0.6,60.0,Calibrated 1D,smoothed_path
94.78661087866108,-6.736423471545711,,9.29977417829462,,,0.6,60.0,Calibrated 1D,smoothed_path
95.48953974895397,-6.736423471545711,,9.228067681326369,,,0.6,60.0,Calibrated 1D,smoothed_path
96.19246861924685,-6.736423471545711,,9.157244001946392,,,0.6,60.0,Calibrated 1D,smoothed_path
96.89539748953975,-6.736423471545713,,9.087288537571265,,,0.6,60.0,Calibrated 1D,smoothed_path
97.59832635983263,-6.736423471545712,,9.018186935843971,,,0.6,60.0,Calibrated 1D,smoothed_path
98.30125523012552,-6.736423471545711,,8.94992509535884,,,0.6,60.0,Calibrated 1D,smoothed_path
99.0041841004184,-6.736423471545714,,8.882489166037097,,,0.6,60.0,Calibrated 1D,smoothed_path
99.7071129707113,-6.736423471545713,,8.815865549225045,,,0.6,60.0,Calibrated 1D,smoothed_path
100.41004184100417,-6.736423471545713,,8.750040897583432,,,0.6,60.0,Calibrated 1D,smoothed_path
101.11297071129707,-6.736423471545712,,8.685002114833509,,,0.6,60.0,Calibrated 1D,smoothed_path
101.81589958158995,-6.736423471545711,,8.620736355422917,,,0.6,60.0,Calibrated 1D,smoothed_path
102.51882845188284,-6.736423471545713,,8.55723102417209,,,0.6,60.0,Calibrated 1D,smoothed_path
103.22175732217572,-6.736423471545713,,8.494473775960195,,,0.6,60.0,Calibrated 1D,smoothed_path
103.92468619246861,-6.736423471545713,,8.432452515507695,,,0.6,60.0,Calibrated 1D,smoothed_path
104.62761506276149,-6.736423471545711,,8.371155397311252,,,0.6,60.0,Calibrated 1D,smoothed_path
105.33054393305439,-6.736423471545711,,8.310570825784982,,,0.6,60.0,Calibrated 1D,smoothed_path
106.03347280334727,-6.736423471545713,,8.250687455660653,,,0.6,60.0,Calibrated 1D,smoothed_path
106.73640167364016,-6.736423471545712,,8.191494192697817,,,0.6,60.0,Calibrated 1D,smoothed_path
107.43933054393305,-6.736423471545712,,8.13298019475282,,,0.6,60.0,Calibrated 1D,smoothed_path
108.14225941422593,-6.736423471545711,,8.075134873253688,,,0.6,60.0,Calibrated 1D,smoothed_path
108.84518828451883,-6.736423471545713,,8.017947895125234,,,0.6,60.0,Calibrated 1D,smoothed_path
109.5481171548117,-6.736423471545713,,7.9614091852057,,,0.6,60.0,Calibrated 1D,smoothed_path
110.2510460251046,-6.736423471545711,,7.905508929192595,,,0.6,60.0,Calibrated 1D,smoothed_path
110.95397489539748,-6.736423471545711,,7.850237577151052,,,0.6,60.0,Calibrated 1D,smoothed_path
111.65690376569037,-6.736423471545713,,7.795585847612846,,,0.6,60.0,Calibrated 1D,smoothed_path
112.35983263598325,-6.736423471545713,,7.741544732288139,,,0.6,60.0,Calibrated 1D,smoothed_path
113.06276150627615,-6.736423471545713,,7.688105501405033,,,0.6,60.0,Calibrated 1D,smoothed_path
113.76569037656903,-6.736423471545712,,7.635259709683802,,,0.6,60.0,Calibrated 1D,smoothed_path
114.46861924686192,-6.736423471545712,,7.582999202943558,,,0.6,60.0,Calibrated 1D,smoothed_path
115.1715481171548,-6.736423471545712,,7.531316125328635,,,0.6,60.0,Calibrated 1D,smoothed_path
115.8744769874477,-6.736423471545712,,7.4802029271304455,,,0.6,60.0,Calibrated 1D,smoothed_path
116.57740585774057,-6.736423471545712,,7.429652373167883,,,0.6,60.0,Calibrated 1D,smoothed_path
117.28033472803347,-6.736423471545712,,7.379657551675402,,,0.6,60.0,Calibrated 1D,smoothed_path
117.98326359832635,-6.73642347154571,,7.33021188363319,,,0.6,60.0,Calibrated 1D,smoothed_path
118.68619246861924,-6.736423471545711,,7.281309132457887,,,0.6,60.0,Calibrated 1D,smoothed_path
119.38912133891212,-6.736423471545713,,7.232943413955937,,,0.6,60.0,Calibrated 1D,smoothed_path
120.09205020920501,-6.736423471545712,,7.185109206424512,,,0.6,60.0,Calibrated 1D,smoothed_path
120.79497907949789,-6.736423471545713,,7.137801360767682,,,0.6,60.0,Calibrated 1D,smoothed_path
121.49790794979079,-6.736423471545713,,7.091015110478155,,,0.6,60.0,Calibrated 1D,smoothed_path
122.20083682008368,-6.736423471545713,,7.044746081318163,,,0.6,60.0,Calibrated 1D,smoothed_path
122.90376569037656,-6.736423471545713,,6.998990300516871,,,0.6,60.0,Calibrated 1D,smoothed_path
123.60669456066945,-6.736423471545713,,6.953744205286986,,,0.6,60.0,Calibrated 1D,smoothed_path
124.30962343096233,-6.736423471545712,,6.909004650450113,,,0.6,60.0,Calibrated 1D,smoothed_path
125.01255230125523,-6.736423471545712,,6.864768914949507,,,0.6,60.0,Calibrated 1D,smoothed_path
125.7154811715481,-6.736423471545712,,6.821034707020825,,,0.6,60.0,Calibrated 1D,smoothed_path
126.418410041841,-6.736423471545711,,6.7778001677865,,,0.6,60.0,Calibrated 1D,smoothed_path
127.12133891213388,-6.736423471545713,,6.735063873038284,,,0.6,60.0,Calibrated 1D,smoothed_path
127.82426778242677,-6.736423471545711,,6.692824832975404,,,0.6,60.0,Calibrated 1D,smoothed_path
128.52719665271965,-6.736423471545711,,6.651082489673497,,,0.6,60.0,Calibrated 1D,smoothed_path
129.23012552301253,-6.736423471545711,,6.6098367120718144,,,0.6,60.0,Calibrated 1D,smoothed_path
129.93305439330544,-6.736423471545711,,6.569087788283932,,,0.6,60.0,Calibrated 1D,smoothed_path
130.63598326359832,-6.736423471545712,,6.5288364150599225,,,0.6,60.0,Calibrated 1D,smoothed_path
131.3389121338912,-6.736423471545711,,6.489083684256059,,,0.6,60.0,Calibrated 1D,smoothed_path
132.04184100418408,-6.736423471545712,,6.449831066201293,,,0.6,60.0,Calibrated 1D,smoothed_path
132.744769874477,-6.736423471545711,,6.411080389887513,,,0.6,60.0,Calibrated 1D,smoothed_path
133.44769874476987,-6.736423471545711,,6.372833819952987,,,0.6,60.0,Calibrated 1D,smoothed_path
134.15062761506275,-6.736423471545712,,6.335093830474028,,,0.6,60.0,Calibrated 1D,smoothed_path
134.85355648535563,-6.736423471545712,,6.297863175628926,,,0.6,60.0,Calibrated 1D,smoothed_path
135.55648535564853,-6.736423471545711,,6.261144857348759,,,0.6,60.0,Calibrated 1D,smoothed_path
136.2594142259414,-6.736423471545712,,6.224942090121548,,,0.6,60.0,Calibrated 1D,smoothed_path
136.9623430962343,-6.736423471545713,,6.1892582631676625,,,0.6,60.0,Calibrated 1D,smoothed_path
137.6652719665272,-6.736423471545711,,6.15409690025462,,,0.6,60.0,Calibrated 1D,smoothed_path
138.36820083682008,-6.736423471545713,,6.119461617466943,,,0.6,60.0,Calibrated 1D,smoothed_path
139.07112970711296,-6.736423471545711,,6.085356079290451,,,0.6,60.0,Calibrated 1D,smoothed_path
139.77405857740584,-6.736423471545711,,6.051783953409268,,,0.6,60.0,Calibrated 1D,smoothed_path
140.47698744769875,-6.736423471545713,,6.018748864646266,,,0.6,60.0,Calibrated 1D,smoothed_path
141.17991631799163,-6.736423471545711,,5.986254348503639,,,0.6,60.0,Calibrated 1D,smoothed_path
141.8828451882845,-6.736423471545713,,5.9543038047778785,,,0.6,60.0,Calibrated 1D,smoothed_path
142.58577405857739,-6.736423471545712,,5.922900451733163,,,0.6,60.0,Calibrated 1D,smoothed_path
143.2887029288703,-6.736423471545711,,5.8920472813177,,,0.6,60.0,Calibrated 1D,smoothed_path
143.99163179916317,-6.736423471545713,,5.861747015899512,,,0.6,60.0,Calibrated 1D,smoothed_path
144.69456066945605,-6.736423471545711,,5.83200206698113,,,0.6,60.0,Calibrated 1D,smoothed_path
145.39748953974893,-6.736423471545713,,5.8028144963273665,,,0.6,60.0,Calibrated 1D,smoothed_path
146.10041841004184,-6.736423471545711,,5.774185979907012,,,0.6,60.0,Calibrated 1D,smoothed_path
146.80334728033472,-6.736423471545712,,5.746117775009145,,,0.6,60.0,Calibrated 1D,smoothed_path
147.5062761506276,-6.736423471545712,,5.718610690848264,,,0.6,60.0,Calibrated 1D,smoothed_path
148.20920502092048,-6.736423471545713,,5.691665062921288,,,0.6,60.0,Calibrated 1D,smoothed_path
148.9121338912134,-6.736423471545712,,5.665280731324317,,,0.6,60.0,Calibrated 1D,smoothed_path
149.61506276150627,-6.736423471545712,,5.639457023179699,,,0.6,60.0,Calibrated 1D,smoothed_path
150.31799163179915,-6.736423471545713,,5.614192739265333,,,0.6,60.0,Calibrated 1D,smoothed_path
151.02092050209203,-6.736423471545712,,5.589486144879829,,,0.6,60.0,Calibrated 1D,smoothed_path
151.72384937238493,-6.736423471545713,,5.5653349649202335,,,0.6,60.0,Calibrated 1D,smoothed_path
152.4267782426778,-6.736423471545712,,5.541736383094705,,,0.6,60.0,Calibrated 1D,smoothed_path
153.1297071129707,-6.736423471545711,,5.51868704514183,,,0.6,60.0,Calibrated 1D,smoothed_path
153.8326359832636,-6.736423471545713,,5.496183065882101,,,0.6,60.0,Calibrated 1D,smoothed_path
154.53556485355648,-6.736423471545713,,5.4742200398859815,,,0.6,60.0,Calibrated 1D,smoothed_path
155.23849372384936,-6.736423471545713,,5.452793055507782,,,0.6,60.0,Calibrated 1D,smoothed_path
155.94142259414224,-6.736423471545711,,5.431896712005322,,,0.6,60.0,Calibrated 1D,smoothed_path
156.64435146443515,-6.736423471545711,,5.411525139442414,,,0.6,60.0,Calibrated 1D,smoothed_path
157.34728033472803,-6.736423471545712,,5.391672021054509,,,0.6,60.0,Calibrated 1D,smoothed_path
158.0502092050209,-6.736423471545713,,5.372330617747345,,,0.6,60.0,Calibrated 1D,smoothed_path
158.75313807531379,-6.736423471545711,,5.353493794393696,,,0.6,60.0,Calibrated 1D,smoothed_path
159.4560669456067,-6.736423471545713,,5.335154047594128,,,0.6,60.0,Calibrated 1D,smoothed_path
160.15899581589957,-6.736423471545713,,5.317303534573381,,,0.6,60.0,Calibrated 1D,smoothed_path
160.86192468619245,-6.736423471545711,,5.299934102894296,,,0.6,60.0,Calibrated 1D,smoothed_path
161.56485355648533,-6.736423471545713,,5.283037320685135,,,0.6,60.0,Calibrated 1D,smoothed_path
162.26778242677824,-6.736423471545713,,5.266604507093507,,,0.6,60.0,Calibrated 1D,smoothed_path
162.97071129707112,-6.736423471545713,,5.250626762699962,,,0.6,60.0,Calibrated 1D,smoothed_path
163.673640167364,-6.736423471545711,,5.235094999646144,,,0.6,60.0,Calibrated 1D,smoothed_path
164.37656903765688,-6.736423471545713,,5.219999971255714,,,0.6,60.0,Calibrated 1D,smoothed_path
165.0794979079498,-6.736423471545712,,5.2053323009503005,,,0.6,60.0,Calibrated 1D,smoothed_path
165.78242677824267,-6.736423471545713,,5.191082510287233,,,0.6,60.0,Calibrated 1D,smoothed_path
166.48535564853555,-6.736423471545712,,5.177241045970112,,,0.6,60.0,Calibrated 1D,smoothed_path
167.18828451882845,-6.736423471545713,,5.163798305707151,,,0.6,60.0,Calibrated 1D,smoothed_path
167.89121338912133,-6.736423471545711,,5.150744662815199,,,0.6,60.0,Calibrated 1D,smoothed_path
168.5941422594142,-6.736423471545712,,5.1380704894892615,,,0.6,60.0,Calibrated 1D,smoothed_path
169.2970711297071,-6.736423471545712,,5.125766178677906,,,0.6,60.0,Calibrated 1D,smoothed_path
170.0,-6.736423471545711,,5.11382216452403,,,0.6,60.0,Calibrated 1D,smoothed_path
2.0,-17.75121056103162,,10.545295341555313,,,0.6,60.0,Calibrated 2D,smoothed_path
2.702928870292887,-17.687662641925137,,10.741018702820355,,,0.6,60.0,Calibrated 2D,smoothed_path
3.405857740585774,-17.621073294649285,,10.942870074946892,,,0.6,60.0,Calibrated 2D,smoothed_path
4.108786610878661,-17.551295146287792,,11.151019955231163,,,0.6,60.0,Calibrated 2D,smoothed_path
4.811715481171548,-17.478175943701025,,11.365634401447434,,,0.6,60.0,Calibrated 2D,smoothed_path
5.514644351464435,-17.401558784268296,,11.586873515479759,,,0.6,60.0,Calibrated 2D,smoothed_path
6.217573221757322,-17.321282419857063,,11.814889756188482,,,0.6,60.0,Calibrated 2D,smoothed_path
6.920502092050209,-17.237181642749057,,12.04982607352808,,,0.6,60.0,Calibrated 2D,smoothed_path
7.623430962343096,-17.1490877625668,,12.291813857458575,,,0.6,60.0,Calibrated 2D,smoothed_path
8.326359832635983,-17.05682918342152,,12.540970697209193,,,0.6,60.0,Calibrated 2D,smoothed_path
9.02928870292887,-16.960232090505826,,12.797397949026116,,,0.6,60.0,Calibrated 2D,smoothed_path
9.732217573221757,-16.859121255138344,,13.061178113728152,,,0.6,60.0,Calibrated 2D,smoothed_path
10.435146443514643,-16.753320966783647,,13.332372029261757,,,0.6,60.0,Calibrated 2D,smoothed_path
11.13807531380753,-16.642656099769656,,13.611015888037379,,,0.6,60.0,Calibrated 2D,smoothed_path
11.841004184100418,-16.526953321251717,,13.89711809417338,,,0.6,60.0,Calibrated 2D,smoothed_path
12.543933054393305,-16.40604244537767,,14.19065598188202,,,0.6,60.0,Calibrated 2D,smoothed_path
13.246861924686192,-16.27975793654009,,14.491572423085753,,,0.6,60.0,Calibrated 2D,smoothed_path
13.949790794979078,-16.147940562019407,,14.799772359896174,,,0.6,60.0,Calibrated 2D,smoothed_path
14.652719665271965,-16.01043919119159,,15.115119305724857,,,0.6,60.0,Calibrated 2D,smoothed_path
15.355648535564853,-15.867112734780676,,15.437431867374926,,,0.6,60.0,Calibrated 2D,smoothed_path
16.05857740585774,-15.717832213381985,,15.76648034927702,,,0.6,60.0,Calibrated 2D,smoothed_path
16.761506276150627,-15.562482939697183,,16.101983509812555,,,0.6,60.0,Calibrated 2D,smoothed_path
17.464435146443513,-15.400966793668413,,16.443605548074743,,,0.6,60.0,Calibrated 2D,smoothed_path
18.1673640167364,-15.233204564073608,,16.790953407051948,,,0.6,60.0,Calibrated 2D,smoothed_path
18.870292887029287,-15.059138324287883,,17.143574485619528,,,0.6,60.0,Calibrated 2D,smoothed_path
19.573221757322173,-14.878733804009752,,17.500954856386763,,,0.6,60.0,Calibrated 2D,smoothed_path
20.27615062761506,-14.691982713021549,,17.862518088827798,,,0.6,60.0,Calibrated 2D,smoothed_path
20.97907949790795,-14.498904967768807,,18.22762477668708,,,0.6,60.0,Calibrated 2D,smoothed_path
21.682008368200837,-14.299550767005389,,18.59557286487503,,,0.6,60.0,Calibrated 2D,smoothed_path
22.384937238493723,-14.09400245928559,,18.96559886350603,,,0.6,60.0,Calibrated 2D,smoothed_path
23.08786610878661,-13.882376143026526,,19.336880025036233,,,0.6,60.0,Calibrated 2D,smoothed_path
23.790794979079497,-13.664822939538364,,19.70853754443779,,,0.6,60.0,Calibrated 2D,smoothed_path
24.493723849372383,-13.441529881118061,,20.079640822003295,,,0.6,60.0,Calibrated 2D,smoothed_path
25.19665271966527,-13.212720360257464,,20.44921280394317,,,0.6,60.0,Calibrated 2D,smoothed_path
25.899581589958157,-12.978654092377926,,20.81623638791549,,,0.6,60.0,Calibrated 2D,smoothed_path
26.602510460251043,-12.739626553310712,,21.17966184978173,,,0.6,60.0,Calibrated 2D,smoothed_path
27.30543933054393,-12.495967863906333,,21.538415215249163,,,0.6,60.0,Calibrated 2D,smoothed_path
28.008368200836816,-12.248041107443441,,21.89140746691792,,,0.6,60.0,Calibrated 2D,smoothed_path
28.711297071129707,-11.99624008053824,,22.237544445060585,,,0.6,60.0,Calibrated 2D,smoothed_path
29.414225941422593,-11.740986494506469,,22.575737270801653,,,0.6,60.0,Calibrated 2D,smoothed_path
30.11715481171548,-11.482726660955823,,22.904913094829006,,,0.6,60.0,Calibrated 2D,smoothed_path
30.820083682008367,-11.221927712050663,,23.224025954867685,,,0.6,60.0,Calibrated 2D,smoothed_path
31.523012552301253,-10.959073421604447,,23.532067512189165,,,0.6,60.0,Calibrated 2D,smoothed_path
32.22594142259414,-10.694659707130139,,23.828077432421026,,,0.6,60.0,Calibrated 2D,smoothed_path
32.92887029288703,-10.429189904479966,,24.111153179476236,,,0.6,60.0,Calibrated 2D,smoothed_path
33.63179916317991,-10.163169915103577,,24.380459003688294,,,0.6,60.0,Calibrated 2D,smoothed_path
34.3347280334728,-9.897103330774229,,24.635233925883384,,,0.6,60.0,Calibrated 2D,smoothed_path
35.037656903765686,-9.631486641592193,,24.87479854732165,,,0.6,60.0,Calibrated 2D,smoothed_path
35.74058577405857,-9.366804630105019,,25.098560549941027,,,0.6,60.0,Calibrated 2D,smoothed_path
36.44351464435146,-9.103526047637892,,25.306018790525286,,,0.6,60.0,Calibrated 2D,smoothed_path
37.146443514644346,-8.842099658766159,,25.49676593443397,,,0.6,60.0,Calibrated 2D,smoothed_path
37.84937238493723,-8.582950726830582,,25.670489617399955,,,0.6,60.0,Calibrated 2D,smoothed_path
38.55230125523012,-8.326477998179659,,25.826972165656322,,,0.6,60.0,Calibrated 2D,smoothed_path
39.255230125523006,-8.073051226198688,,25.966088943482433,,,0.6,60.0,Calibrated 2D,smoothed_path
39.9581589958159,-7.823009258964017,,26.087805431591626,,,0.6,60.0,Calibrated 2D,smoothed_path
40.66108786610879,-7.576658697337145,,26.192173168396092,,,0.6,60.0,Calibrated 2D,smoothed_path
41.36401673640167,-7.33427311421251,,26.279324708240765,,,0.6,60.0,Calibrated 2D,smoothed_path
42.06694560669456,-7.0960928110744845,,26.349467765774186,,,0.6,60.0,Calibrated 2D,smoothed_path
42.76987447698745,-6.862325075485538,,26.40287872369392,,,0.6,60.0,Calibrated 2D,smoothed_path
43.47280334728033,-6.633144892952286,,26.439895682500605,,,0.6,60.0,Calibrated 2D,smoothed_path
44.17573221757322,-6.40869605897614,,26.46091122625013,,,0.6,60.0,Calibrated 2D,smoothed_path
44.87866108786611,-6.189092632024129,,26.466365068463087,,,0.6,60.0,Calibrated 2D,smoothed_path
45.58158995815899,-5.97442066555597,,26.456736728338697,,,0.6,60.0,Calibrated 2D,smoothed_path
46.28451882845188,-5.764740156914268,,26.432538370294964,,,0.6,60.0,Calibrated 2D,smoothed_path
46.98744769874477,-5.560087152544911,,26.394307920687773,,,0.6,60.0,Calibrated 2D,smoothed_path
47.69037656903765,-5.360475952332564,,26.34260255535527,,,0.6,60.0,Calibrated 2D,smoothed_path
48.39330543933054,-5.165901360454757,,26.27799263129222,,,0.6,60.0,Calibrated 2D,smoothed_path
49.096234309623426,-4.976340935718237,,26.201056116047532,,,0.6,60.0,Calibrated 2D,smoothed_path
49.79916317991631,-4.791757200501737,,26.11237354996957,,,0.6,60.0,Calibrated 2D,smoothed_path
50.5020920502092,-4.612099773879372,,26.01252355965564,,,0.6,60.0,Calibrated 2D,smoothed_path
51.205020920502086,-4.437307400969545,,25.902078926198854,,,0.6,60.0,Calibrated 2D,smoothed_path
51.90794979079497,-4.2673098568229,,25.781603199237914,,,0.6,60.0,Calibrated 2D,smoothed_path
52.61087866108786,-4.10202970905512,,25.651647837453332,,,0.6,60.0,Calibrated 2D,smoothed_path
53.313807531380746,-3.9413839288185315,,25.51274984797024,,,0.6,60.0,Calibrated 2D,smoothed_path
54.01673640167363,-3.7852853445060397,,25.365429891002318,,,0.6,60.0,Calibrated 2D,smoothed_path
54.71966527196653,-3.6336439367457123,,25.21019081182606,,,0.6,60.0,Calibrated 2D,smoothed_path
55.42259414225941,-3.486367976759876,,25.04751655959957,,,0.6,60.0,Calibrated 2D,smoothed_path
56.1255230125523,-3.343365013040726,,24.877871451403877,,,0.6,60.0,Calibrated 2D,smoothed_path
56.82845188284519,-3.204542713566969,,24.701699739954208,,,0.6,60.0,Calibrated 2D,smoothed_path
57.53138075313807,-3.0698095724986354,,24.519425444473647,,,0.6,60.0,Calibrated 2D,smoothed_path
58.23430962343096,-2.9390754914954886,,24.33145240602734,,,0.6,60.0,Calibrated 2D,smoothed_path
58.93723849372385,-2.81225224656898,,24.138164530986764,,,0.6,60.0,Calibrated 2D,smoothed_path
59.64016736401673,-2.689253851760621,,23.939926189054745,,,0.6,60.0,Calibrated 2D,smoothed_path
60.34309623430962,-2.56999683100275,,23.737082735286272,,,0.6,60.0,Calibrated 2D,smoothed_path
61.046025104602506,-2.454400409319187,,23.529961128658307,,,0.6,60.0,Calibrated 2D,smoothed_path
61.74895397489539,-2.342386634117834,,23.318870622874343,,,0.6,60.0,Calibrated 2D,smoothed_path
62.45188284518828,-2.2338804367638994,,23.10410350815159,,,0.6,60.0,Calibrated 2D,smoothed_path
63.154811715481166,-2.128809643944784,,22.885935885671294,,,0.6,60.0,Calibrated 2D,smoothed_path
63.85774058577405,-2.027104947583565,,22.664628459127407,,,0.6,60.0,Calibrated 2D,smoothed_path
64.56066945606693,-1.9286998412597318,,22.44042733035729,,,0.6,60.0,Calibrated 2D,smoothed_path
65.26359832635983,-1.833530530280084,,22.213564788360564,,,0.6,60.0,Calibrated 2D,smoothed_path
65.96652719665272,-1.741535821731509,,21.984260083099777,,,0.6,60.0,Calibrated 2D,smoothed_path
66.6694560669456,-1.6526570000578729,,21.75272017732977,,,0.6,60.0,Calibrated 2D,smoothed_path
67.3723849372385,-1.5668376929489742,,21.51914047132592,,,0.6,60.0,Calibrated 2D,smoothed_path
68.07531380753137,-1.4840237316201734,,21.283705496786144,,,0.6,60.0,Calibrated 2D,smoothed_path
68.77824267782427,-1.4041630089035184,,21.046589577380136,,,0.6,60.0,Calibrated 2D,smoothed_path
69.48117154811715,-1.327205337969562,,20.807957454428674,,,0.6,60.0,Calibrated 2D,smoothed_path
70.18410041841004,-1.2531023139551782,,20.567964877032196,,,0.6,60.0,Calibrated 2D,smoothed_path
70.88702928870292,-1.1818071802873646,,20.32675915664921,,,0.6,60.0,Calibrated 2D,smoothed_path
71.58995815899581,-1.113274701064828,,20.08447968666856,,,0.6,60.0,Calibrated 2D,smoothed_path
72.29288702928869,-1.0474610404863025,,19.84125842794301,,,0.6,60.0,Calibrated 2D,smoothed_path
72.99581589958159,-0.9843236499938415,,19.597220361570006,,,0.6,60.0,Calibrated 2D,smoothed_path
73.69874476987447,-0.9238211635275206,,19.352483910435105,,,0.6,60.0,Calibrated 2D,smoothed_path
74.40167364016736,-0.8659133010609579,,19.107161331187946,,,0.6,60.0,Calibrated 2D,smoothed_path
75.10460251046024,-0.8105607804009877,,18.86135907841218,,,0.6,60.0,Calibrated 2D,smoothed_path
75.80753138075313,-0.7577252370852641,,18.615178142791414,,,0.6,60.0,Calibrated 2D,smoothed_path
76.51046025104601,-0.707369152094681,,18.368714365072783,,,0.6,60.0,Calibrated 2D,smoothed_path
77.2133891213389,-0.6594557870089759,,18.12205872759682,,,0.6,60.0,Calibrated 2D,smoothed_path
77.9163179916318,-0.6139491261701824,,17.87529762510518,,,0.6,60.0,Calibrated 2D,smoothed_path
78.61924686192468,-0.5708138253758535,,17.628513116461953,,,0.6,60.0,Calibrated 2D,smoothed_path
79.32217573221757,-0.5300151665990855,,17.381783158836633,,,0.6,60.0,Calibrated 2D,smoothed_path
80.02510460251045,-0.49151901822213295,,17.13518182580038,,,0.6,60.0,Calibrated 2D,smoothed_path
80.72803347280335,-0.45529180027210714,,16.888779510687236,,,0.6,60.0,Calibrated 2D,smoothed_path
81.43096234309623,-0.42130045415853157,,16.64264311647014,,,0.6,60.0,Calibrated 2D,smoothed_path
82.13389121338912,-0.38951241643103124,,16.396836233301116,,,0.6,60.0,Calibrated 2D,smoothed_path
82.836820083682,-0.3598955960995206,,16.151419304767856,,,0.6,60.0,Calibrated 2D,smoothed_path
83.5397489539749,-0.33241835508707024,,15.906449783825114,,,0.6,60.0,Calibrated 2D,smoothed_path
84.24267782426777,-0.30704949141601445,,15.661982279271989,,,0.6,60.0,Calibrated 2D,smoothed_path
84.94560669456067,-0.28375822475948437,,15.41806869356353,,,0.6,60.0,Calibrated 2D,smoothed_path
85.64853556485355,-0.262514184022635,,15.174758352669597,,,0.6,60.0,Calibrated 2D,smoothed_path
86.35146443514644,-0.24328739664947824,,14.932098128624068,,,0.6,60.0,Calibrated 2D,smoothed_path
87.05439330543932,-0.22604827938196334,,14.690132555344647,,,0.6,60.0,Calibrated 2D,smoothed_path
87.75732217573221,-0.21076763022719705,,14.448903938246051,,,0.6,60.0,Calibrated 2D,smoothed_path
88.46025104602509,-0.19741662141623767,,14.20845245811884,,,0.6,60.0,Calibrated 2D,smoothed_path
89.16317991631799,-0.18596679316338294,,13.968816269700127,,,0.6,60.0,Calibrated 2D,smoothed_path
89.86610878661087,-0.17639004805826858,,13.730031595322771,,,0.6,60.0,Calibrated 2D,smoothed_path
90.56903765690376,-0.16865864594420948,,13.492132813993843,,,0.6,60.0,Calibrated 2D,smoothed_path
91.27196652719664,-0.16274519915513122,,13.255152546222876,,,0.6,60.0,Calibrated 2D,smoothed_path
91.97489539748953,-0.15862266800007552,,13.019121734893305,,,0.6,60.0,Calibrated 2D,smoothed_path
92.67782426778243,-0.15626435639876443,,12.784069722447931,,,0.6,60.0,Calibrated 2D,smoothed_path
93.3807531380753,-0.1556439075840751,,12.55002432463958,,,0.6,60.0,Calibrated 2D,smoothed_path
94.0836820083682,-0.15673529979766077,,12.317011901081646,,,0.6,60.0,Calibrated 2D,smoothed_path
94.78661087866108,-0.15951284191342718,,12.085057422819771,,,0.6,60.0,Calibrated 2D,smoothed_path
95.48953974895397,-0.16395116893026368,,11.854184537134369,,,0.6,60.0,Calibrated 2D,smoothed_path
96.19246861924685,-0.170025237280446,,11.624415629775086,,,0.6,60.0,Calibrated 2D,smoothed_path
96.89539748953975,-0.17771031990359254,,11.395771884820864,,,0.6,60.0,Calibrated 2D,smoothed_path
97.59832635983263,-0.18698200103807344,,11.168273342354391,,,0.6,60.0,Calibrated 2D,smoothed_path
98.30125523012552,-0.19781617068247107,,10.941938954135642,,,0.6,60.0,Calibrated 2D,smoothed_path
99.0041841004184,-0.21018901867915657,,10.716786637456963,,,0.6,60.0,Calibrated 2D,smoothed_path
99.7071129707113,-0.2240770283704256,,10.492833327360742,,,0.6,60.0,Calibrated 2D,smoothed_path
100.41004184100417,-0.23945696977499079,,10.270095027400568,,,0.6,60.0,Calibrated 2D,smoothed_path
101.11297071129707,-0.25630589222912226,,10.048586859126846,,,0.6,60.0,Calibrated 2D,smoothed_path
101.81589958158995,-0.27460111643241497,,9.828323110479214,,,0.6,60.0,Calibrated 2D,smoothed_path
102.51882845188284,-0.2943202258332306,,9.60931728326905,,,0.6,60.0,Calibrated 2D,smoothed_path
103.22175732217572,-0.31544105728336547,,9.391582139937197,,,0.6,60.0,Calibrated 2D,smoothed_path
103.92468619246861,-0.3379416908856526,,9.17512974977309,,,0.6,60.0,Calibrated 2D,smoothed_path
104.62761506276149,-0.361800438952084,,8.959971534782818,,,0.6,60.0,Calibrated 2D,smoothed_path
105.33054393305439,-0.3869958339838989,,8.74611831539384,,,0.6,60.0,Calibrated 2D,smoothed_path
106.03347280334727,-0.413506615579007,,8.533580356183956,,,0.6,60.0,Calibrated 2D,smoothed_path
106.73640167364016,-0.4413117161664277,,8.32236741182017,,,0.6,60.0,Calibrated 2D,smoothed_path
107.43933054393305,-0.47039024546222796,,8.112488773390254,,,0.6,60.0,Calibrated 2D,smoothed_path
108.14225941422593,-0.5007214735371066,,7.903953315304547,,,0.6,60.0,Calibrated 2D,smoothed_path
108.84518828451883,-0.5322848123824816,,7.696769542938405,,,0.6,60.0,Calibrated 2D,smoothed_path
109.5481171548117,-0.5650597958600285,,7.490945641175897,,,0.6,60.0,Calibrated 2D,smoothed_path
110.2510460251046,-0.5990260579194315,,7.286489524002267,,,0.6,60.0,Calibrated 2D,smoothed_path
110.95397489539748,-0.6341633089709021,,7.083408885276792,,,0.6,60.0,Calibrated 2D,smoothed_path
111.65690376569037,-0.6704513103032603,,6.881711250797369,,,0.6,60.0,Calibrated 2D,smoothed_path
112.35983263598325,-0.7078698464452777,,6.681404031744504,,,0.6,60.0,Calibrated 2D,smoothed_path
113.06276150627615,-0.7463986953780657,,6.482494579563674,,,0.6,60.0,Calibrated 2D,smoothed_path
113.76569037656903,-0.7860175965197403,,6.284990242312332,,,0.6,60.0,Calibrated 2D,smoothed_path
114.46861924686192,-0.8267062164209238,,6.088898422459726,,,0.6,60.0,Calibrated 2D,smoothed_path
115.1715481171548,-0.8684441121309552,,5.894226636085305,,,0.6,60.0,Calibrated 2D,smoothed_path
115.8744769874477,-0.9112106922204599,,5.700982573373533,,,0.6,60.0,Calibrated 2D,smoothed_path
116.57740585774057,-0.9549851754761426,,5.509174160250874,,,0.6,60.0,Calibrated 2D,smoothed_path
117.28033472803347,-0.9997465473186737,,5.318809620953429,,,0.6,60.0,Calibrated 2D,smoothed_path
117.98326359832635,-1.0454735140341564,,5.129897541253021,,,0.6,60.0,Calibrated 2D,smoothed_path
118.68619246861924,-1.0921444549540247,,4.942446932004618,,,0.6,60.0,Calibrated 2D,smoothed_path
119.38912133891212,-1.1397373727669193,,4.756467292610971,,,0.6,60.0,Calibrated 2D,smoothed_path
120.09205020920501,-1.188229842199014,,4.57196867393097,,,0.6,60.0,Calibrated 2D,smoothed_path
120.79497907949789,-1.2375989573556474,,4.388961740088696,,,0.6,60.0,Calibrated 2D,smoothed_path
121.49790794979079,-1.2878212780765803,,4.207457828570904,,,0.6,60.0,Calibrated 2D,smoothed_path
122.20083682008368,-1.3388727757186272,,4.027469007934152,,,0.6,60.0,Calibrated 2D,smoothed_path
122.90376569037656,-1.3907287788419982,,3.849008132379784,,,0.6,60.0,Calibrated 2D,smoothed_path
123.60669456066945,-1.4433639193390846,,3.672088892398265,,,0.6,60.0,Calibrated 2D,smoothed_path
124.30962343096233,-1.4967520796052927,,3.49672586063522,,,0.6,60.0,Calibrated 2D,smoothed_path
125.01255230125523,-1.5508663414094221,,3.3229345320923,,,0.6,60.0,Calibrated 2D,smoothed_path
125.7154811715481,-1.6056789371741433,,3.1507313577490423,,,0.6,60.0,Calibrated 2D,smoothed_path
126.418410041841,-1.6611612044238526,,2.980133770678541,,,0.6,60.0,Calibrated 2D,smoothed_path
127.12133891213388,-1.7172835441954302,,2.8111602037328383,,,0.6,60.0,Calibrated 2D,smoothed_path
127.82426778242677,-1.774015384235684,,2.6438300978944214,,,0.6,60.0,Calibrated 2D,smoothed_path
128.52719665271965,-1.8313251478254222,,2.478163900430309,,,0.6,60.0,Calibrated 2D,smoothed_path
129.23012552301253,-1.8891802290727213,,2.3141830520454,,,0.6,60.0,Calibrated 2D,smoothed_path
129.93305439330544,-1.9475469755053192,,2.1519099623135585,,,0.6,60.0,Calibrated 2D,smoothed_path
130.63598326359832,-2.0063906787630135,,1.9913679727679021,,,0.6,60.0,Calibrated 2D,smoothed_path
131.3389121338912,-2.0656755741444686,,1.8325813071560297,,,0.6,60.0,Calibrated 2D,smoothed_path
132.04184100418408,-2.1253648496982267,,1.675575008510814,,,0.6,60.0,Calibrated 2D,smoothed_path
132.744769874477,-2.1854206654650064,,1.5203748628506213,,,0.6,60.0,Calibrated 2D,smoothed_path
133.44769874476987,-2.245804183377678,,1.367007309503195,,,0.6,60.0,Calibrated 2D,smoothed_path
134.15062761506275,-2.3064756082075912,,1.2154993382412056,,,0.6,60.0,Calibrated 2D,smoothed_path
134.85355648535563,-2.3673942398124126,,1.0658783736221302,,,0.6,60.0,Calibrated 2D,smoothed_path
135.55648535564853,-2.428518536793491,,0.9181721471356754,,,0.6,60.0,Calibrated 2D,smoothed_path
136.2594142259414,-2.4898061915120846,,0.7724085579749429,,,0.6,60.0,Calibrated 2D,smoothed_path
136.9623430962343,-2.551214216246845,,0.628615523457301,,,0.6,60.0,Calibrated 2D,smoothed_path
137.6652719665272,-2.6126990401027483,,0.4868208203232304,,,0.6,60.0,Calibrated 2D,smoothed_path
138.36820083682008,-2.6742166161081764,,0.347051918330363,,,0.6,60.0,Calibrated 2D,smoothed_path
139.07112970711296,-2.7357225377658354,,0.2093358077311146,,,0.6,60.0,Calibrated 2D,smoothed_path
139.77405857740584,-2.7971721641586176,,0.0736988223709339,,,0.6,60.0,Calibrated 2D,smoothed_path
140.47698744769875,-2.858520752557636,,-0.05983353973454292,,,0.6,60.0,Calibrated 2D,smoothed_path
141.17991631799163,-2.9197235973401336,,-0.19123679639421745,,,0.6,60.0,Calibrated 2D,smoothed_path
141.8828451882845,-2.980736173903549,,-0.3204876598020028,,,0.6,60.0,Calibrated 2D,smoothed_path
142.58577405857739,-3.041514286161787,,-0.4475642116354124,,,0.6,60.0,Calibrated 2D,smoothed_path
143.2887029288703,-3.102014216133594,,-0.5724460726804973,,,0.6,60.0,Calibrated 2D,smoothed_path
143.99163179916317,-3.1621928740826717,,-0.695114565023969,,,0.6,60.0,Calibrated 2D,smoothed_path
144.69456066945605,-3.222007947646441,,-0.8155528649424859,,,0.6,60.0,Calibrated 2D,smoothed_path
145.39748953974893,-3.2814180483955444,,-0.9337461447422947,,,0.6,60.0,Calibrated 2D,smoothed_path
146.10041841004184,-3.3403828542994174,,-1.0496817019575084,,,0.6,60.0,Calibrated 2D,smoothed_path
146.80334728033472,-3.398863246633415,,-1.1633490744980364,,,0.6,60.0,Calibrated 2D,smoothed_path
147.5062761506276,-3.4568214399486425,,-1.2747401405446743,,,0.6,60.0,Calibrated 2D,smoothed_path
148.20920502092048,-3.514221103834368,,-1.3838492022136983,,,0.6,60.0,Calibrated 2D,smoothed_path
148.9121338912134,-3.5710274753320452,,-1.4906730522516973,,,0.6,60.0,Calibrated 2D,smoothed_path
149.61506276150627,-3.6272074610060407,,-1.5952110232672263,,,0.6,60.0,Calibrated 2D,smoothed_path
150.31799163179915,-3.682729727835688,,-1.6974650192541003,,,0.6,60.0,Calibrated 2D,smoothed_path
151.02092050209203,-3.7375647822621603,,-1.797439529405774,,,0.6,60.0,Calibrated 2D,smoothed_path
151.72384937238493,-3.7916850368982433,,-1.8951416244568473,,,0.6,60.0,Calibrated 2D,smoothed_path
152.4267782426778,-3.8450648645850865,,-1.990580936010895,,,0.6,60.0,Calibrated 2D,smoothed_path
153.1297071129707,-3.897680639654044,,-2.0837696195200976,,,0.6,60.0,Calibrated 2D,smoothed_path
153.8326359832636,-3.949510766419904,,-2.17472230176753,,,0.6,60.0,Calibrated 2D,smoothed_path
154.53556485355648,-4.000535695091298,,-2.263456013865283,,,0.6,60.0,Calibrated 2D,smoothed_path
155.23849372384936,-4.050737925432078,,-2.349990110918588,,,0.6,60.0,Calibrated 2D,smoothed_path
155.94142259414224,-4.100101998641437,,-2.4343461796164805,,,0.6,60.0,Calibrated 2D,smoothed_path
156.64435146443515,-4.148614478039242,,-2.5165479350933317,,,0.6,60.0,Calibrated 2D,smoothed_path
157.34728033472803,-4.19626391924478,,-2.5966211084624584,,,0.6,60.0,Calibrated 2D,smoothed_path
158.0502092050209,-4.243040830621398,,-2.6745933264542763,,,0.6,60.0,Calibrated 2D,smoothed_path
158.75313807531379,-4.288937624825915,,-2.7504939845981804,,,0.6,60.0,Calibrated 2D,smoothed_path
159.4560669456067,-4.3339485623506135,,-2.8243541153717278,,,0.6,60.0,Calibrated 2D,smoothed_path
160.15899581589957,-4.378069687977323,,-2.896206252704518,,,0.6,60.0,Calibrated 2D,smoothed_path
160.86192468619245,-4.421298761078885,,-2.9660842941704146,,,0.6,60.0,Calibrated 2D,smoothed_path
161.56485355648533,-4.463635180703874,,-3.0340233621324035,,,0.6,60.0,Calibrated 2D,smoothed_path
162.26778242677824,-4.505079906367708,,-3.1000596650228704,,,0.6,60.0,Calibrated 2D,smoothed_path
162.97071129707112,-4.545635375448379,,-3.1642303598504182,,,0.6,60.0,Calibrated 2D,smoothed_path
163.673640167364,-4.585305418049839,,-3.2265734169256497,,,0.6,60.0,Calibrated 2D,smoothed_path
164.37656903765688,-4.624095170152103,,-3.287127487694694,,,0.6,60.0,Calibrated 2D,smoothed_path
165.0794979079498,-4.662010985816286,,-3.345931776463353,,,0.6,60.0,Calibrated 2D,smoothed_path
165.78242677824267,-4.699060349156411,,-3.4030259166882764,,,0.6,60.0,Calibrated 2D,smoothed_path
166.48535564853555,-4.735251786729649,,-3.4584498524066705,,,0.6,60.0,Calibrated 2D,smoothed_path
167.18828451882845,-4.77059478093409,,-3.5122437252740886,,,0.6,60.0,Calibrated 2D,smoothed_path
167.89121338912133,-4.80509968493932,,-3.564447767582309,,,0.6,60.0,Calibrated 2D,smoothed_path
168.5941422594142,-4.83877763961153,,-3.6151022015372267,,,0.6,60.0,Calibrated 2D,smoothed_path
169.2970711297071,-4.871640492832025,,-3.6642471449906733,,,0.6,60.0,Calibrated 2D,smoothed_path
170.0,-4.903700721547407,,-3.711922523741209,,,0.6,60.0,Calibrated 2D,smoothed_path
2.0,-50.206741747674535,32.57961731071769,37.26883743157158,28.627851351802054,48.0,0.8,80.0,Human,condition_mean
3.0,-21.93595733820954,32.211754451153745,20.285377508379455,18.117056383514598,49.0,0.8,80.0,Human,condition_mean
4.0,-44.85908314131584,41.51049169000793,-2.34240573542629,37.07293197528135,48.0,0.8,80.0,Human,condition_mean
5.0,-38.355255430438056,33.02373371835788,6.040159989527688,23.554943074361596,49.0,0.8,80.0,Human,condition_mean
6.0,-63.73999414435051,54.201767993525884,41.69215162952152,32.87243158232593,48.0,0.8,80.0,Human,condition_mean
7.0,-19.41666319703975,25.7186648446831,13.523823517565226,12.107035670644297,49.0,0.8,80.0,Human,condition_mean
8.0,-27.082935556468467,38.14277614727887,-20.407590315139938,44.23187638652115,48.0,0.8,80.0,Human,condition_mean
10.0,-27.84608740397932,32.309588106172136,25.675013398246215,15.958730581907314,49.0,0.8,80.0,Human,condition_mean
15.0,-20.33406412438075,47.6043865533871,-3.8853370381644345,29.147629709450815,49.0,0.8,80.0,Human,condition_mean
20.0,-30.44356286214044,46.14658385484591,13.208586491011252,12.126446682640976,50.0,0.8,80.0,Human,condition_mean
25.0,-43.05077056154129,41.10728633208452,41.202536583488936,30.81374684985298,50.0,0.8,80.0,Human,condition_mean
30.0,-9.83524848981435,47.012665137449,27.944262642553166,21.842627175024855,50.0,0.8,80.0,Human,condition_mean
35.0,-11.080145572531672,38.98593563856062,45.450533032644095,20.145460060731715,50.0,0.8,80.0,Human,condition_mean
40.0,-1.851040454455466,34.963424157064985,38.92218902275002,17.35047117096825,50.0,0.8,80.0,Human,condition_mean
45.0,-20.790407364904652,37.27858683688332,34.53277303862107,19.88191817962921,50.0,0.8,80.0,Human,condition_mean
50.0,9.804658174600583,39.9455314427336,33.64250304979343,15.096720658859926,50.0,0.8,80.0,Human,condition_mean
55.0,-22.00745243448478,36.898991347082706,8.72833281257704,22.849835986025745,48.0,0.8,80.0,Human,condition_mean
60.0,11.543829650900067,56.56495824563195,5.877738328019058,24.36995498748993,46.0,0.8,80.0,Human,condition_mean
65.0,-7.687390027278621,45.18517256277988,39.262523087578195,29.329785653662082,48.0,0.8,80.0,Human,condition_mean
70.0,-22.297738453005458,65.80695003404594,42.0020675417986,43.579227229568254,46.0,0.8,80.0,Human,condition_mean
75.0,-30.21726599227758,43.12320467270278,40.32344513662671,38.99533113974069,48.0,0.8,80.0,Human,condition_mean
80.0,30.235378807529514,55.7251864928464,-1.5850686102061804,44.731584417441326,46.0,0.8,80.0,Human,condition_mean
85.0,-3.5936020412234932,37.68297094148053,36.23990700920532,18.4375868789818,48.0,0.8,80.0,Human,condition_mean
90.0,12.217311347991169,72.09887135841036,67.87732209465946,81.43154265830395,46.0,0.8,80.0,Human,condition_mean
95.0,-40.51086698534967,49.43852349453305,25.01331999073341,28.77152339484456,49.0,0.8,80.0,Human,condition_mean
100.0,8.076395927205988,50.26944518564462,20.013332524712272,21.628046122634956,47.0,0.8,80.0,Human,condition_mean
105.0,-0.1706917862417158,48.82905171803136,18.7190741699292,25.15413304161658,49.0,0.8,80.0,Human,condition_mean
110.0,-1.3240149138139887,32.56376512685882,18.037945647103278,17.072791252481522,47.0,0.8,80.0,Human,condition_mean
115.0,-13.1981807517192,44.50056057053553,19.357706229319962,22.39933316049892,49.0,0.8,80.0,Human,condition_mean
120.0,-37.45762964771725,28.83998121084927,-2.7264524298650725,17.763921686819376,47.0,0.8,80.0,Human,condition_mean
125.0,-16.622301192558485,42.8905152023122,-7.771714309678207,25.04308987374393,49.0,0.8,80.0,Human,condition_mean
130.0,31.296325385094107,67.2436053008764,-4.792585557525282,20.029036539508294,47.0,0.8,80.0,Human,condition_mean
135.0,29.16730543049114,41.952057477839325,4.129309240139828,16.729867126140178,48.0,0.8,80.0,Human,condition_mean
140.0,35.421070271675994,45.20802589450387,-2.0635407391446754,28.87450357749996,49.0,0.8,80.0,Human,condition_mean
145.0,48.076598152010995,41.15246394687541,-4.078711758731629,21.432910206116315,48.0,0.8,80.0,Human,condition_mean
150.0,22.26142218655491,60.59441974922875,2.118385633050022,23.857163597377646,49.0,0.8,80.0,Human,condition_mean
155.0,-2.2112630411083427,38.74036317278292,-10.149889882541629,27.81765051336685,48.0,0.8,80.0,Human,condition_mean
160.0,12.504940328698408,41.40104347959569,-6.158748284178584,17.749664619746262,49.0,0.8,80.0,Human,condition_mean
165.0,-14.265126323205978,39.43940477152399,-6.9289996240843115,13.690633644130944,48.0,0.8,80.0,Human,condition_mean
170.0,72.78310979232049,69.60516689836444,-21.159197014290026,34.587203583626085,49.0,0.8,80.0,Human,condition_mean
2.0,-7.975078388103894,,7.373200335911732,,,0.8,80.0,Calibrated 1D,condition_mean
3.0,-7.975078388103894,,11.00864287951335,,,0.8,80.0,Calibrated 1D,condition_mean
4.0,-7.975078388103894,,14.285712516260213,,,0.8,80.0,Calibrated 1D,condition_mean
5.0,-7.975078388103894,,17.199022304632514,,,0.8,80.0,Calibrated 1D,condition_mean
6.0,-7.975078388103894,,19.755137216308714,,,0.8,80.0,Calibrated 1D,condition_mean
7.0,-7.975078388103894,,21.969508751536505,,,0.8,80.0,Calibrated 1D,condition_mean
8.0,-7.975078388103894,,23.863657848183085,,,0.8,80.0,Calibrated 1D,condition_mean
10.0,-7.975078388103894,,26.7938579149966,,,0.8,80.0,Calibrated 1D,condition_mean
15.0,-7.975078388103894,,30.347783375284255,,,0.8,80.0,Calibrated 1D,condition_mean
20.0,-7.975078388103894,,30.689242258899885,,,0.8,80.0,Calibrated 1D,condition_mean
25.0,-7.975078388103894,,29.567034582844034,,,0.8,80.0,Calibrated 1D,condition_mean
30.0,-7.975078388103894,,27.877141969527358,,,0.8,80.0,Calibrated 1D,condition_mean
35.0,-7.975078388103894,,26.042933874173414,,,0.8,80.0,Calibrated 1D,condition_mean
40.0,-7.975078388103894,,24.252957400297166,,,0.8,80.0,Calibrated 1D,condition_mean
45.0,-7.975078388103894,,22.583741757139354,,,0.8,80.0,Calibrated 1D,condition_mean
50.0,-7.975078388103894,,21.059566158611606,,,0.8,80.0,Calibrated 1D,condition_mean
55.0,-7.975078388103894,,19.681056912678315,,,0.8,80.0,Calibrated 1D,condition_mean
60.0,-7.975078388103894,,18.438809771121456,,,0.8,80.0,Calibrated 1D,condition_mean
65.0,-7.975078388103894,,17.319837667488645,,,0.8,80.0,Calibrated 1D,condition_mean
70.0,-7.975078388103894,,16.310562014601345,,,0.8,80.0,Calibrated 1D,condition_mean
75.0,-7.975078388103894,,15.398130790778179,,,0.8,80.0,Calibrated 1D,condition_mean
80.0,-7.975078388103894,,14.570928350456423,,,0.8,80.0,Calibrated 1D,condition_mean
85.0,-7.975078388103894,,13.818701032018673,,,0.8,80.0,Calibrated 1D,condition_mean
90.0,-7.975078388103894,,13.132507848003861,,,0.8,80.0,Calibrated 1D,condition_mean
95.0,-7.975078388103894,,12.504599411149888,,,0.8,80.0,Calibrated 1D,condition_mean
100.0,-7.975078388103894,,11.928275219905482,,,0.8,80.0,Calibrated 1D,condition_mean
105.0,-7.975078388103894,,11.397742767786143,,,0.8,80.0,Calibrated 1D,condition_mean
110.0,-7.975078388103894,,10.907988558085167,,,0.8,80.0,Calibrated 1D,condition_mean
115.0,-7.975078388103894,,10.454664474640735,,,0.8,80.0,Calibrated 1D,condition_mean
120.0,-7.975078388103894,,10.033989780146529,,,0.8,80.0,Calibrated 1D,condition_mean
125.0,-7.975078388103894,,9.64266759545625,,,0.8,80.0,Calibrated 1D,condition_mean
130.0,-7.975078388103894,,9.27781418302246,,,0.8,80.0,Calibrated 1D,condition_mean
135.0,-7.975078388103894,,8.93689926185037,,,0.8,80.0,Calibrated 1D,condition_mean
140.0,-7.975078388103894,,8.617695685536788,,,0.8,80.0,Calibrated 1D,condition_mean
145.0,-7.975078388103894,,8.318236999041986,,,0.8,80.0,Calibrated 1D,condition_mean
150.0,-7.975078388103894,,8.036781593958962,,,0.8,80.0,Calibrated 1D,condition_mean
155.0,-7.975078388103894,,7.771782377926862,,,0.8,80.0,Calibrated 1D,condition_mean
160.0,-7.975078388103894,,7.521861049588943,,,0.8,80.0,Calibrated 1D,condition_mean
165.0,-7.975078388103894,,7.28578622252098,,,0.8,80.0,Calibrated 1D,condition_mean
170.0,-7.975078388103894,,7.062454770265718,,,0.8,80.0,Calibrated 1D,condition_mean
2.0,-24.651112957338,,-1.2407992947444493,,,0.8,80.0,Calibrated 2D,condition_mean
3.0,-24.51081747844181,,1.9040390068249646,,,0.8,80.0,Calibrated 2D,condition_mean
4.0,-24.319946901148207,,4.923142405262782,,,0.8,80.0,Calibrated 2D,condition_mean
5.0,-24.081980522867493,,7.810978239492538,,,0.8,80.0,Calibrated 2D,condition_mean
6.0,-23.800501478141175,,10.563500585524338,,,0.8,80.0,Calibrated 2D,condition_mean
7.0,-23.47914037277513,,13.178041453139777,,,0.8,80.0,Calibrated 2D,condition_mean
8.0,-23.121525464399177,,15.653189241849024,,,0.8,80.0,Calibrated 2D,condition_mean
10.0,-22.311784498672573,,20.185166900773094,,,0.8,80.0,Calibrated 2D,condition_mean
15.0,-19.89058652584731,,29.162120930625534,,,0.8,80.0,Calibrated 2D,condition_mean
20.0,-17.182287195480935,,35.13720632735769,,,0.8,80.0,Calibrated 2D,condition_mean
25.0,-14.445284445217872,,38.68046041784423,,,0.8,80.0,Calibrated 2D,condition_mean
30.0,-11.841822090881069,,40.359663016718486,,,0.8,80.0,Calibrated 2D,condition_mean
35.0,-9.46191799879528,,40.66378397123932,,,0.8,80.0,Calibrated 2D,condition_mean
40.0,-7.346988395276814,,39.98337144517942,,,0.8,80.0,Calibrated 2D,condition_mean
45.0,-5.5082445303273,,38.61704528998753,,,0.8,80.0,Calibrated 2D,condition_mean
50.0,-3.939461475395376,,36.787108252256445,,,0.8,80.0,Calibrated 2D,condition_mean
55.0,-2.6252274000559552,,34.65626637931261,,,0.8,80.0,Calibrated 2D,condition_mean
60.0,-1.5459917972496733,,32.342290746996646,,,0.8,80.0,Calibrated 2D,condition_mean
65.0,-0.6810028414857072,,29.9297737743957,,,0.8,80.0,Calibrated 2D,condition_mean
70.0,-0.009918037398350066,,27.47911451132012,,,0.8,80.0,Calibrated 2D,condition_mean
75.0,0.486388113924896,,25.033198539131355,,,0.8,80.0,Calibrated 2D,condition_mean
80.0,0.8254854243842509,,22.62228343796226,,,0.8,80.0,Calibrated 2D,condition_mean
85.0,1.023312100806404,,20.267537967900896,,,0.8,80.0,Calibrated 2D,condition_mean
90.0,1.0942375967944002,,17.983592484571368,,,0.8,80.0,Calibrated 2D,condition_mean
95.0,1.051191523786958,,15.780372083836689,,,0.8,80.0,Calibrated 2D,condition_mean
100.0,0.9058172196478722,,13.66441297505597,,,0.8,80.0,Calibrated 2D,condition_mean
105.0,0.6686273387748791,,11.639807784079203,,,0.8,80.0,Calibrated 2D,condition_mean
110.0,0.34914987522308394,,9.708884708741234,,,0.8,80.0,Calibrated 2D,condition_mean
115.0,-0.04394060138232092,,7.872695734771664,,,0.8,80.0,Calibrated 2D,condition_mean
120.0,-0.5027081502255584,,6.131367726580532,,,0.8,80.0,Calibrated 2D,condition_mean
125.0,-1.0198568453659398,,4.4843549051813785,,,0.8,80.0,Calibrated 2D,condition_mean
130.0,-1.588647136633746,,2.930620312527262,,,0.8,80.0,Calibrated 2D,condition_mean
135.0,-2.2028255793093408,,1.4687660833182097,,,0.8,80.0,Calibrated 2D,condition_mean
140.0,-2.856566230557579,,0.09712679582213557,,,0.8,80.0,Calibrated 2D,condition_mean
145.0,-3.544422073583494,,-1.1861637944001302,,,0.8,80.0,Calibrated 2D,condition_mean
150.0,-4.261284969199085,,-2.3831251785791867,,,0.8,80.0,Calibrated 2D,condition_mean
155.0,-5.002352801909922,,-3.495896263386107,,,0.8,80.0,Calibrated 2D,condition_mean
160.0,-5.7631026582741,,-4.526711347708211,,,0.8,80.0,Calibrated 2D,condition_mean
165.0,-6.5392690360558205,,-5.477883040909653,,,0.8,80.0,Calibrated 2D,condition_mean
170.0,-7.326826227806681,,-6.351790033702663,,,0.8,80.0,Calibrated 2D,condition_mean
2.0,-34.3016759338653,,15.592263524828425,,,0.8,80.0,Human,smoothed_path
2.702928870292887,-34.164678713895384,,15.646853408328397,,,0.8,80.0,Human,smoothed_path
3.405857740585774,-34.022293732397905,,15.70824376740714,,,0.8,80.0,Human,smoothed_path
4.108786610878661,-33.87423209556679,,15.776775039566846,,,0.8,80.0,Human,smoothed_path
4.811715481171548,-33.720192433458955,,15.852793545634299,,,0.8,80.0,Human,smoothed_path
5.514644351464435,-33.55986114512983,,15.936649949888938,,,0.8,80.0,Human,smoothed_path
6.217573221757322,-33.39291279922534,,16.02869744708721,,,0.8,80.0,Human,smoothed_path
6.920502092050209,-33.21901071237013,,16.129289653209785,,,0.8,80.0,Human,smoothed_path
7.623430962343096,-33.03780772902722,,16.23877817750835,,,0.8,80.0,Human,smoothed_path
8.326359832635983,-32.84894722759264,,16.35750985488297,,,0.8,80.0,Human,smoothed_path
9.02928870292887,-32.65206437823616,,16.485823619916815,,,0.8,80.0,Human,smoothed_path
9.732217573221757,-32.44678767829577,,16.624047007174475,,,0.8,80.0,Human,smoothed_path
10.435146443514643,-32.23274079075739,,16.772492266780098,,,0.8,80.0,Human,smoothed_path
11.13807531380753,-32.00954471036838,,16.931452089975153,,,0.8,80.0,Human,smoothed_path
11.841004184100418,-31.77682028009881,,17.10119494644563,,,0.8,80.0,Human,smoothed_path
12.543933054393305,-31.534191077830958,,17.281960043815687,,,0.8,80.0,Human,smoothed_path
13.246861924686192,-31.281286689174454,,17.473951929911024,,,0.8,80.0,Human,smoothed_path
13.949790794979078,-31.01774637703255,,17.677334770232378,,,0.8,80.0,Human,smoothed_path
14.652719665271965,-30.74322315186008,,17.89222634652268,,,0.8,80.0,Human,smoothed_path
15.355648535564853,-30.4573882383622,,18.118691837254957,,,0.8,80.0,Human,smoothed_path
16.05857740585774,-30.159935924630986,,18.356737457114047,,,0.8,80.0,Human,smoothed_path
16.761506276150627,-29.850588768411157,,18.606304049785876,,,0.8,80.0,Human,smoothed_path
17.464435146443513,-29.52910312240079,,18.86726074617025,,,0.8,80.0,Human,smoothed_path
18.1673640167364,-29.19527492639432,,19.13939881793405,,,0.8,80.0,Human,smoothed_path
18.870292887029287,-28.84894569892736,,19.422425873418657,,,0.8,80.0,Human,smoothed_path
19.573221757322173,-28.490008645265533,,19.715960558477427,,,0.8,80.0,Human,smoothed_path
20.27615062761506,-28.118414782586953,,20.019527937899458,,,0.8,80.0,Human,smoothed_path
20.97907949790795,-27.734178967658153,,20.33255574263861,,,0.8,80.0,Human,smoothed_path
21.682008368200837,-27.3373856979172,,20.654371673035158,,,0.8,80.0,Human,smoothed_path
22.384937238493723,-26.92819454447031,,20.984201947519985,,,0.8,80.0,Human,smoothed_path
23.08786610878661,-26.50684506595229,,21.321171278942323,,,0.8,80.0,Human,smoothed_path
23.790794979079497,-26.073661046386604,,21.664304445829707,,,0.8,80.0,Human,smoothed_path
24.493723849372383,-25.629053898959548,,22.012529602992508,,,0.8,80.0,Human,smoothed_path
25.19665271966527,-25.173525081751063,,22.364683444669268,,,0.8,80.0,Human,smoothed_path
25.899581589958157,-24.70766738153189,,22.719518294034067,,,0.8,80.0,Human,smoothed_path
26.602510460251043,-24.2321649380957,,23.075711145977742,,,0.8,80.0,Human,smoothed_path
27.30543933054393,-23.747791904310702,,23.431874636770992,,,0.8,80.0,Human,smoothed_path
28.008368200836816,-23.255409665861706,,23.78656985616326,,,0.8,80.0,Human,smoothed_path
28.711297071129707,-22.75596257885464,,24.138320856788443,,,0.8,80.0,Human,smoothed_path
29.414225941422593,-22.250472222037907,,24.485630654949638,,,0.8,80.0,Human,smoothed_path
30.11715481171548,-21.7400302019698,,24.826998458723146,,,0.8,80.0,Human,smoothed_path
30.820083682008367,-21.225789592348292,,25.160937806751136,,,0.8,80.0,Human,smoothed_path
31.523012552301253,-20.70895513102868,,25.485995256900353,,,0.8,80.0,Human,smoothed_path
32.22594142259414,-20.190772337999736,,25.80076923069859,,,0.8,80.0,Human,smoothed_path
32.92887029288703,-19.6725157528195,,26.103928599201787,,,0.8,80.0,Human,smoothed_path
33.63179916317991,-19.155476518942443,,26.39423059014252,,,0.8,80.0,Human,smoothed_path
34.3347280334728,-18.6409495635178,,26.67053760555852,,,0.8,80.0,Human,smoothed_path
35.037656903765686,-18.130220633524843,,26.93183256345817,,,0.8,80.0,Human,smoothed_path
35.74058577405857,-17.62455345194966,,27.177232415479466,,,0.8,80.0,Human,smoothed_path
36.44351464435146,-17.1251772510433,,27.405999543189218,,,0.8,80.0,Human,smoothed_path
37.146443514644346,-16.633274924011435,,27.617550796248175,,,0.8,80.0,Human,smoothed_path
37.84937238493723,-16.14997201274131,,27.811464003246847,,,0.8,80.0,Human,smoothed_path
38.55230125523012,-15.676326718755147,,27.987481857426133,,,0.8,80.0,Human,smoothed_path
39.255230125523006,-15.213321089178791,,28.145513151502414,,,0.8,80.0,Human,smoothed_path
39.9581589958159,-14.76185349099659,,28.285631405330975,,,0.8,80.0,Human,smoothed_path
40.66108786610879,-14.322732447141496,,28.408070994411144,,,0.8,80.0,Human,smoothed_path
41.36401673640167,-13.896671868876286,,28.51322094398528,,,0.8,80.0,Human,smoothed_path
42.06694560669456,-13.484287682101192,,28.601616601018794,,,0.8,80.0,Human,smoothed_path
42.76987447698745,-13.086095812043416,,28.673929433597714,,,0.8,80.0,Human,smoothed_path
43.47280334728033,-12.702511462281679,,28.730955233798642,,,0.8,80.0,Human,smoothed_path
44.17573221757322,-12.333849600911003,,28.773601015997762,,,0.8,80.0,Human,smoothed_path
44.87866108786611,-11.980326549181626,,28.80287090851072,,,0.8,80.0,Human,smoothed_path
45.58158995815899,-11.642062556141324,,28.819851333401765,,,0.8,80.0,Human,smoothed_path
46.28451882845188,-11.319085236378006,,28.825695758545372,,,0.8,80.0,Human,smoothed_path
46.98744769874477,-11.011333746377705,,28.821609289006076,,,0.8,80.0,Human,smoothed_path
47.69037656903765,-10.718663577594265,,28.80883334300743,,,0.8,80.0,Human,smoothed_path
48.39330543933054,-10.440851850285366,,28.788630632637542,,,0.8,80.0,Human,smoothed_path
49.096234309623426,-10.17760300067459,,28.762270642319876,,,0.8,80.0,Human,smoothed_path
49.79916317991631,-9.928554764234638,,28.73101577013866,,,0.8,80.0,Human,smoothed_path
50.5020920502092,-9.693284369084534,,28.696108269327535,,,0.8,80.0,Human,smoothed_path
51.205020920502086,-9.47131486497163,,28.658758100385327,,,0.8,80.0,Human,smoothed_path
51.90794979079497,-9.262121524487233,,28.62013177895116,,,0.8,80.0,Human,smoothed_path
52.61087866108786,-9.065138263578426,,28.58134228114362,,,0.8,80.0,Human,smoothed_path
53.313807531380746,-8.879764037720717,,28.54344004677656,,,0.8,80.0,Human,smoothed_path
54.01673640167363,-8.705369178073264,,28.507405101804046,,,0.8,80.0,Human,smoothed_path
54.71966527196653,-8.541301638422118,,28.474140304511387,,,0.8,80.0,Human,smoothed_path
55.42259414225941,-8.386893128692233,,28.44446570527704,,,0.8,80.0,Human,smoothed_path
56.1255230125523,-8.241465114319412,,28.41911399704724,,,0.8,80.0,Human,smoothed_path
56.82845188284519,-8.104334662927203,,28.398727022834798,,,0.8,80.0,Human,smoothed_path
57.53138075313807,-7.9748201207087765,,28.383853297407235,,,0.8,80.0,Human,smoothed_path
58.23430962343096,-7.8522466008630465,,28.374946492703984,,,0.8,80.0,Human,smoothed_path
58.93723849372385,-7.735951265594188,,28.37236483026998,,,0.8,80.0,Human,smoothed_path
59.64016736401673,-7.6252883817807415,,28.37637131898468,,,0.8,80.0,Human,smoothed_path
60.34309623430962,-7.519634128684164,,28.387134772493127,,,0.8,80.0,Human,smoothed_path
61.046025104602506,-7.418391134217307,,28.404731537924004,,,0.8,80.0,Human,smoothed_path
61.74895397489539,-7.320992714538268,,28.42914786564112,,,0.8,80.0,Human,smoothed_path
62.45188284518828,-7.226906790261419,,28.46028284886552,,,0.8,80.0,Human,smoothed_path
63.154811715481166,-7.135639451547573,,28.49795186198314,,,0.8,80.0,Human,smoothed_path
63.85774058577405,-7.046738143883951,,28.54189042717988,,,0.8,80.0,Human,smoothed_path
64.56066945606693,-6.959794446597499,,28.591758440681886,,,0.8,80.0,Human,smoothed_path
65.26359832635983,-6.874446417135261,,28.64714469228393,,,0.8,80.0,Human,smoothed_path
65.96652719665272,-6.790380475935429,,28.70757161497029,,,0.8,80.0,Human,smoothed_path
66.6694560669456,-6.7073328093135185,,28.772500205211287,,,0.8,80.0,Human,smoothed_path
67.3723849372385,-6.625090271180107,,28.84133505888053,,,0.8,80.0,Human,smoothed_path
68.07531380753137,-6.543490768543113,,28.91342947259851,,,0.8,80.0,Human,smoothed_path
68.77824267782427,-6.462423120553927,,28.98809056556867,,,0.8,80.0,Human,smoothed_path
69.48117154811715,-6.381826386238076,,29.064584382524885,,,0.8,80.0,Human,smoothed_path
70.18410041841004,-6.301688661890125,,29.14214094413716,,,0.8,80.0,Human,smoothed_path
70.88702928870292,-6.222045355278592,,29.21995921700183,,,0.8,80.0,Human,smoothed_path
71.58995815899581,-6.142976950156125,,29.297211981050022,,,0.8,80.0,Human,smoothed_path
72.29288702928869,-6.06460628095328,,29.373050577718125,,,0.8,80.0,Human,smoothed_path
72.99581589958159,-5.987095343797634,,29.44660952741887,,,0.8,80.0,Human,smoothed_path
73.69874476987447,-5.910641675993311,,29.517011009620887,,,0.8,80.0,Human,smoothed_path
74.40167364016736,-5.835474341674109,,29.583369203090307,,,0.8,80.0,Human,smoothed_path
75.10460251046024,-5.761849566372971,,29.64479448748792,,,0.8,80.0,Human,smoothed_path
75.80753138075313,-5.690046067611419,,29.700397510485246,,,0.8,80.0,Human,smoothed_path
76.51046025104601,-5.62036013220345,,29.74929312681695,,,0.8,80.0,Human,smoothed_path
77.2133891213389,-5.553100493708909,,29.790604217204468,,,0.8,80.0,Human,smoothed_path
77.9163179916318,-5.488583065303336,,29.8234653958621,,,0.8,80.0,Human,smoothed_path
78.61924686192468,-5.4271255842229955,,29.84702661535555,,,0.8,80.0,Human,smoothed_path
79.32217573221757,-5.369042223888414,,29.860456676963793,,,0.8,80.0,Human,smoothed_path
80.02510460251045,-5.314638228826219,,29.862946653459048,,,0.8,80.0,Human,smoothed_path
80.72803347280335,-5.264204625642966,,29.853713229446072,,,0.8,80.0,Human,smoothed_path
81.43096234309623,-5.2180130606244415,,29.832001962181316,,,0.8,80.0,Human,smoothed_path
82.13389121338912,-5.17631081113051,,29.797090463230735,,,0.8,80.0,Human,smoothed_path
82.836820083682,-5.139316013939237,,29.748291498532573,,,0.8,80.0,Human,smoothed_path
83.5397489539749,-5.107213149190287,,29.684956001524988,,,0.8,80.0,Human,smoothed_path
84.24267782426777,-5.080148813724404,,29.606475991093344,,,0.8,80.0,Human,smoothed_path
84.94560669456067,-5.058227812558376,,29.5122873833027,,,0.8,80.0,Human,smoothed_path
85.64853556485355,-5.041509592121549,,29.40187268331193,,,0.8,80.0,Human,smoothed_path
86.35146443514644,-5.030005033857468,,29.274763541614817,,,0.8,80.0,Human,smoothed_path
87.05439330543932,-5.02367362200283,,29.130543156901794,,,0.8,80.0,Human,smoothed_path
87.75732217573221,-5.022420994925285,,28.968848506452694,,,0.8,80.0,Human,smoothed_path
88.46025104602509,-5.026096885446115,,28.789372384107466,,,0.8,80.0,Human,smoothed_path
89.16317991631799,-5.034493452188977,,28.591865225548197,,,0.8,80.0,Human,smoothed_path
89.86610878661087,-5.047344001255303,,28.376136700880192,,,0.8,80.0,Human,smoothed_path
90.56903765690376,-5.064322095479604,,28.142057055312826,,,0.8,80.0,Human,smoothed_path
91.27196652719664,-5.08504104718619,,27.8895581800948,,,0.8,80.0,Human,smoothed_path
91.97489539748953,-5.109053789747712,,27.618634397709137,,,0.8,80.0,Human,smoothed_path
92.67782426778243,-5.1358531233032885,,27.329342947631552,,,0.8,80.0,Human,smoothed_path
93.3807531380753,-5.16487233067017,,27.021804161631202,,,0.8,80.0,Human,smoothed_path
94.0836820083682,-5.195486160694102,,26.69620132057202,,,0.8,80.0,Human,smoothed_path
94.78661087866108,-5.2270121779222105,,26.352780187870195,,,0.8,80.0,Human,smoothed_path
95.48953974895397,-5.258712479422554,,25.991848218092933,,,0.8,80.0,Human,smoothed_path
96.19246861924685,-5.289795781673759,,25.613773442556337,,,0.8,80.0,Human,smoothed_path
96.89539748953975,-5.319419882553998,,25.21898303710966,,,0.8,80.0,Human,smoothed_path
97.59832635983263,-5.346694505411164,,24.807961580498578,,,0.8,80.0,Human,smoothed_path
98.30125523012552,-5.37068453383546,,24.381249014706107,,,0.8,80.0,Human,smoothed_path
99.0041841004184,-5.390413646925497,,23.939438321413405,,,0.8,80.0,Human,smoothed_path
99.7071129707113,-5.404868365393359,,23.483172931149333,,,0.8,80.0,Human,smoothed_path
100.41004184100417,-5.413002518660743,,23.013143883768645,,,0.8,80.0,Human,smoothed_path
101.11297071129707,-5.413742142045347,,22.530086760584943,,,0.8,80.0,Human,smoothed_path
101.81589958158995,-5.405990811135569,,22.034778409776287,,,0.8,80.0,Human,smoothed_path
102.51882845188284,-5.3886354174412485,,21.52803348757571,,,0.8,80.0,Human,smoothed_path
103.22175732217572,-5.360552385357909,,21.010700838273443,,,0.8,80.0,Human,smoothed_path
103.92468619246861,-5.320614325393541,,20.48365973621444,,,0.8,80.0,Human,smoothed_path
104.62761506276149,-5.267697112516025,,19.94781601281327,,,0.8,80.0,Human,smoothed_path
105.33054393305439,-5.200687371454886,,19.40409809117022,,,0.8,80.0,Human,smoothed_path
106.03347280334727,-5.1184903429364805,,18.853452950211295,,,0.8,80.0,Human,smoothed_path
106.73640167364016,-5.020038096280588,,18.296842039443526,,,0.8,80.0,Human,smoothed_path
107.43933054393305,-4.904298044702959,,17.735237164475258,,,0.8,80.0,Human,smoothed_path
108.14225941422593,-4.770281710241167,,17.169616362452896,,,0.8,80.0,Human,smoothed_path
108.84518828451883,-4.617053675661701,,16.600959785567877,,,0.8,80.0,Human,smoothed_path
109.5481171548117,-4.443740651241784,,16.030245609837205,,,0.8,80.0,Human,smoothed_path
110.2510460251046,-4.249540575189502,,15.458445985501818,,,0.8,80.0,Human,smoothed_path
110.95397489539748,-4.033731657915901,,14.886523044654052,,,0.8,80.0,Human,smoothed_path
111.65690376569037,-3.7956812726474736,,14.315424981122515,,,0.8,80.0,Human,smoothed_path
112.35983263598325,-3.534854588206759,,13.746082217227283,,,0.8,80.0,Human,smoothed_path
113.06276150627615,-3.2508228344194645,,13.179403671772295,,,0.8,80.0,Human,smoothed_path
113.76569037656903,-2.9432710867386334,,12.616273143562463,,,0.8,80.0,Human,smoothed_path
114.46861924686192,-2.6120054544960487,,12.05754582480123,,,0.8,80.0,Human,smoothed_path
115.1715481171548,-2.2569595568576606,,11.50404495891762,,,0.8,80.0,Human,smoothed_path
115.8744769874477,-1.8782001721984174,,10.95655865765362,,,0.8,80.0,Human,smoothed_path
116.57740585774057,-1.4759319503141286,,10.415836892575111,,,0.8,80.0,Human,smoothed_path
117.28033472803347,-1.0505010827030814,,9.88258867650324,,,0.8,80.0,Human,smoothed_path
117.98326359832635,-0.6023978340897456,,9.357479450651613,,,0.8,80.0,Human,smoothed_path
118.68619246861924,-0.13225784839174137,,8.841128693443196,,,0.8,80.0,Human,smoothed_path
119.38912133891212,0.35913784562498097,,8.334107767020779,,,0.8,80.0,Human,smoothed_path
120.09205020920501,0.8708641898211849,,7.836938017304971,,,0.8,80.0,Human,smoothed_path
120.79497907949789,1.401854858438187,,7.3500891430504005,,,0.8,80.0,Human,smoothed_path
121.49790794979079,1.9509064540809147,,6.8739778486630385,,,0.8,80.0,Human,smoothed_path
122.20083682008368,2.5166841473918384,,6.408966794539282,,,0.8,80.0,Human,smoothed_path
122.90376569037656,3.0977287503756785,,5.955363857344695,,,0.8,80.0,Human,smoothed_path
123.60669456066945,3.6924651931234966,,5.513421710955935,,,0.8,80.0,Human,smoothed_path
124.30962343096233,4.299212353096822,,5.083337736738619,,,0.8,80.0,Human,smoothed_path
125.01255230125523,4.916194165520894,,4.665254269435016,,,0.8,80.0,Human,smoothed_path
125.7154811715481,5.541551923166667,,4.259259182209013,,,0.8,80.0,Human,smoothed_path
126.418410041841,6.173357654252915,,3.8653868113701706,,,0.8,80.0,Human,smoothed_path
127.12133891213388,6.809628448747937,,3.483619218017391,,,0.8,80.0,Human,smoothed_path
127.82426778242677,7.448341586370502,,3.1138877803546645,,,0.8,80.0,Human,smoothed_path
128.52719665271965,8.08745030443865,,2.7560751067986233,,,0.8,80.0,Human,smoothed_path
129.23012552301253,8.72490003073423,,2.410017256285772,,,0.8,80.0,Human,smoothed_path
129.93305439330544,9.358644896047485,,2.0755062484715223,,,0.8,80.0,Human,smoothed_path
130.63598326359832,9.986664333314762,,1.752292842869548,,,0.8,80.0,Human,smoothed_path
131.3389121338912,10.606979565489716,,1.440089562488978,,,0.8,80.0,Human,smoothed_path
132.04184100418408,11.217669782669907,,1.1385739342683556,,,0.8,80.0,Human,smoothed_path
132.744769874477,11.816887810654801,,0.8473919156553207,,,0.8,80.0,Human,smoothed_path
133.44769874476987,12.402875078088275,,0.566161474114053,,,0.8,80.0,Human,smoothed_path
134.15062761506275,12.973975697623665,,0.29447628422357164,,,0.8,80.0,Human,smoothed_path
134.85355648535563,13.528649488051899,,0.03190950541793636,,,0.8,80.0,Human,smoothed_path
135.55648535564853,14.065483778893569,,-0.2219823976401903,,,0.8,80.0,Human,smoothed_path
136.2594142259414,14.58320385633712,,-0.46765583053196036,,,0.8,80.0,Human,smoothed_path
136.9623430962343,15.080681929306575,,-0.7055762787420317,,,0.8,80.0,Human,smoothed_path
137.6652719665272,15.556944516492397,,-0.9362145890918677,,,0.8,80.0,Human,smoothed_path
138.36820083682008,16.011178178956744,,-1.1600433591703743,,,0.8,80.0,Human,smoothed_path
139.07112970711296,16.442733547955115,,-1.3775334690375685,,,0.8,80.0,Human,smoothed_path
139.77405857740584,16.85112762339306,,-1.5891507869812425,,,0.8,80.0,Human,smoothed_path
140.47698744769875,17.236044344330466,,-1.7953530781152536,,,0.8,80.0,Human,smoothed_path
141.17991631799163,17.597333458616607,,-1.9965871411837959,,,0.8,80.0,Human,smoothed_path
141.8828451882845,17.93500774355749,,-2.1932861951539087,,,0.8,80.0,Human,smoothed_path
142.58577405857739,18.24923865297105,,-2.3858675331201544,,,0.8,80.0,Human,smoothed_path
143.2887029288703,18.540350487606332,,-2.5747304568004665,,,0.8,80.0,Human,smoothed_path
143.99163179916317,18.808813205264485,,-2.7602545005611843,,,0.8,80.0,Human,smoothed_path
144.69456066945605,19.055234003705568,,-2.9427979495655388,,,0.8,80.0,Human,smoothed_path
145.39748953974893,19.280347823266148,,-3.1226966523825244,,,0.8,80.0,Human,smoothed_path
146.10041841004184,19.48500692684309,,-3.3002631243083553,,,0.8,80.0,Human,smoothed_path
146.80334728033472,19.67016972239402,,-3.4757859338178605,,,0.8,80.0,Human,smoothed_path
147.5062761506276,19.836888997327087,,-3.649529361047688,,,0.8,80.0,Human,smoothed_path
148.20920502092048,19.986299735148968,,-3.8217333140743928,,,0.8,80.0,Human,smoothed_path
148.9121338912134,20.11960668263519,,-3.9926134860347777,,,0.8,80.0,Human,smoothed_path
149.61506276150627,20.238071830780257,,-4.162361733875333,,,0.8,80.0,Human,smoothed_path
150.31799163179915,20.343001965137997,,-4.331146657732455,,,0.8,80.0,Human,smoothed_path
151.02092050209203,20.43573643118856,,-4.499114358641142,,,0.8,80.0,Human,smoothed_path
151.72384937238493,20.51763524842239,,-4.666389351442058,,,0.8,80.0,Human,smoothed_path
152.4267782426778,20.590067693292937,,-4.833075609387003,,,0.8,80.0,Human,smoothed_path
153.1297071129707,20.65440145645462,,-4.999257717004433,,,0.8,80.0,Human,smoothed_path
153.8326359832636,20.71199246416594,,-5.1650021082431214,,,0.8,80.0,Human,smoothed_path
154.53556485355648,20.764175437785926,,-5.3303583677215425,,,0.8,80.0,Human,smoothed_path
155.23849372384936,20.812255249290352,,-5.495360574025144,,,0.8,80.0,Human,smoothed_path
155.94142259414224,20.85749911501708,,-5.66002866536256,,,0.8,80.0,Human,smoothed_path
156.64435146443515,20.90112965471714,,-5.824369809463871,,,0.8,80.0,Human,smoothed_path
157.34728033472803,20.944318828696463,,-5.988379761326376,,,0.8,80.0,Human,smoothed_path
158.0502092050209,20.98818275259471,,-6.152044194237265,,,0.8,80.0,Human,smoothed_path
158.75313807531379,21.03377737732778,,-6.315339991379519,,,0.8,80.0,Human,smoothed_path
159.4560669456067,21.082095011040625,,-6.478236487215767,,,0.8,80.0,Human,smoothed_path
160.15899581589957,21.134061650649883,,-6.640696649704511,,,0.8,80.0,Human,smoothed_path
160.86192468619245,21.190535082738478,,-6.802678196202219,,,0.8,80.0,Human,smoothed_path
161.56485355648533,21.252303707190634,,-6.9641346376139,,,0.8,80.0,Human,smoothed_path
162.26778242677824,21.320086031992055,,-7.125016246952823,,,0.8,80.0,Human,smoothed_path
162.97071129707112,21.394530784000178,,-7.285270949938885,,,0.8,80.0,Human,smoothed_path
163.673640167364,21.476217578128555,,-7.444845136593507,,,0.8,80.0,Human,smoothed_path
164.37656903765688,21.5656580861827,,-7.603684393969172,,,0.8,80.0,Human,smoothed_path
165.0794979079498,21.663297646416833,,-7.761734161181369,,,0.8,80.0,Human,smoothed_path
165.78242677824267,21.769517255627253,,-7.918940308790087,,,0.8,80.0,Human,smoothed_path
166.48535564853555,21.884635887132436,,-8.075249645311438,,,0.8,80.0,Human,smoothed_path
167.18828451882845,22.008913080184147,,-8.230610354233661,,,0.8,80.0,Human,smoothed_path
167.89121338912133,22.14255174908591,,-8.384972365374775,,,0.8,80.0,Human,smoothed_path
168.5941422594142,22.285701163446106,,-8.538287664761217,,,0.8,80.0,Human,smoothed_path
169.2970711297071,22.438460054453362,,-8.690510547438983,,,0.8,80.0,Human,smoothed_path
170.0,22.600879805732475,,-8.841597817763509,,,0.8,80.0,Human,smoothed_path
2.0,-7.975078388103892,,20.049871166473622,,,0.8,80.0,Calibrated 1D,smoothed_path
2.702928870292887,-7.975078388103895,,20.165459043589834,,,0.8,80.0,Calibrated 1D,smoothed_path
3.405857740585774,-7.975078388103892,,20.28274906975787,,,0.8,80.0,Calibrated 1D,smoothed_path
4.108786610878661,-7.975078388103895,,20.40170939960627,,,0.8,80.0,Calibrated 1D,smoothed_path
4.811715481171548,-7.975078388103896,,20.522298975946217,,,0.8,80.0,Calibrated 1D,smoothed_path
5.514644351464435,-7.975078388103894,,20.644466619204742,,,0.8,80.0,Calibrated 1D,smoothed_path
6.217573221757322,-7.975078388103892,,20.768150072928286,,,0.8,80.0,Calibrated 1D,smoothed_path
6.920502092050209,-7.975078388103892,,20.893275009991477,,,0.8,80.0,Calibrated 1D,smoothed_path
7.623430962343096,-7.975078388103896,,21.01975400575282,,,0.8,80.0,Calibrated 1D,smoothed_path
8.326359832635983,-7.975078388103892,,21.14748548622476,,,0.8,80.0,Calibrated 1D,smoothed_path
9.02928870292887,-7.975078388103894,,21.27635266137101,,,0.8,80.0,Calibrated 1D,smoothed_path
9.732217573221757,-7.975078388103894,,21.406222455904587,,,0.8,80.0,Calibrated 1D,smoothed_path
10.435146443514643,-7.975078388103896,,21.53694445241827,,,0.8,80.0,Calibrated 1D,smoothed_path
11.13807531380753,-7.975078388103893,,21.668349864308702,,,0.8,80.0,Calibrated 1D,smoothed_path
11.841004184100418,-7.975078388103896,,21.800250558713614,,,0.8,80.0,Calibrated 1D,smoothed_path
12.543933054393305,-7.975078388103896,,21.932438152509974,,,0.8,80.0,Calibrated 1D,smoothed_path
13.246861924686192,-7.975078388103896,,22.064683207242336,,,0.8,80.0,Calibrated 1D,smoothed_path
13.949790794979078,-7.975078388103893,,22.19673455156683,,,0.8,80.0,Calibrated 1D,smoothed_path
14.652719665271965,-7.975078388103894,,22.32831876228893,,,0.8,80.0,Calibrated 1D,smoothed_path
15.355648535564853,-7.975078388103894,,22.45913983720093,,,0.8,80.0,Calibrated 1D,smoothed_path
16.05857740585774,-7.975078388103894,,22.58887909452784,,,0.8,80.0,Calibrated 1D,smoothed_path
16.761506276150627,-7.975078388103895,,22.717195334690288,,,0.8,80.0,Calibrated 1D,smoothed_path
17.464435146443513,-7.975078388103894,,22.84372530010038,,,0.8,80.0,Calibrated 1D,smoothed_path
18.1673640167364,-7.975078388103894,,22.96808446762734,,,0.8,80.0,Calibrated 1D,smoothed_path
18.870292887029287,-7.975078388103894,,23.089868206013882,,,0.8,80.0,Calibrated 1D,smoothed_path
19.573221757322173,-7.97507838810389,,23.208653326722146,,,0.8,80.0,Calibrated 1D,smoothed_path
20.27615062761506,-7.975078388103892,,23.324000051297393,,,0.8,80.0,Calibrated 1D,smoothed_path
20.97907949790795,-7.975078388103894,,23.435454411269852,,,0.8,80.0,Calibrated 1D,smoothed_path
21.682008368200837,-7.975078388103896,,23.542551087842106,,,0.8,80.0,Calibrated 1D,smoothed_path
22.384937238493723,-7.975078388103894,,23.64481668818789,,,0.8,80.0,Calibrated 1D,smoothed_path
23.08786610878661,-7.975078388103894,,23.741773443271157,,,0.8,80.0,Calibrated 1D,smoothed_path
23.790794979079497,-7.975078388103892,,23.83294329894077,,,0.8,80.0,Calibrated 1D,smoothed_path
24.493723849372383,-7.975078388103893,,23.91785235804117,,,0.8,80.0,Calibrated 1D,smoothed_path
25.19665271966527,-7.975078388103893,,23.99603561688667,,,0.8,80.0,Calibrated 1D,smoothed_path
25.899581589958157,-7.975078388103894,,24.06704192526082,,,0.8,80.0,Calibrated 1D,smoothed_path
26.602510460251043,-7.975078388103895,,24.13043908578826,,,0.8,80.0,Calibrated 1D,smoothed_path
27.30543933054393,-7.975078388103896,,24.185818996794346,,,0.8,80.0,Calibrated 1D,smoothed_path
28.008368200836816,-7.975078388103892,,24.2328027333404,,,0.8,80.0,Calibrated 1D,smoothed_path
28.711297071129707,-7.975078388103894,,24.271045454677086,,,0.8,80.0,Calibrated 1D,smoothed_path
29.414225941422593,-7.975078388103894,,24.300241023489512,,,0.8,80.0,Calibrated 1D,smoothed_path
30.11715481171548,-7.975078388103894,,24.32012622345998,,,0.8,80.0,Calibrated 1D,smoothed_path
30.820083682008367,-7.975078388103894,,24.330484467113873,,,0.8,80.0,Calibrated 1D,smoothed_path
31.523012552301253,-7.975078388103894,,24.33114889567756,,,0.8,80.0,Calibrated 1D,smoothed_path
32.22594142259414,-7.975078388103893,,24.322004786562452,,,0.8,80.0,Calibrated 1D,smoothed_path
32.92887029288703,-7.975078388103895,,24.302991201645263,,,0.8,80.0,Calibrated 1D,smoothed_path
33.63179916317991,-7.975078388103894,,24.274101830060204,,,0.8,80.0,Calibrated 1D,smoothed_path
34.3347280334728,-7.975078388103893,,24.23538500188068,,,0.8,80.0,Calibrated 1D,smoothed_path
35.037656903765686,-7.975078388103894,,24.186942872829718,,,0.8,80.0,Calibrated 1D,smoothed_path
35.74058577405857,-7.975078388103894,,24.128929803930173,,,0.8,80.0,Calibrated 1D,smoothed_path
36.44351464435146,-7.975078388103894,,24.061549982695247,,,0.8,80.0,Calibrated 1D,smoothed_path
37.146443514644346,-7.975078388103893,,23.985054353045605,,,0.8,80.0,Calibrated 1D,smoothed_path
37.84937238493723,-7.975078388103896,,23.899736938737767,,,0.8,80.0,Calibrated 1D,smoothed_path
38.55230125523012,-7.975078388103896,,23.80593065900902,,,0.8,80.0,Calibrated 1D,smoothed_path
39.255230125523006,-7.975078388103895,,23.704002744924736,,,0.8,80.0,Calibrated 1D,smoothed_path
39.9581589958159,-7.975078388103894,,23.594349870340793,,,0.8,80.0,Calibrated 1D,smoothed_path
40.66108786610879,-7.975078388103894,,23.477393112500863,,,0.8,80.0,Calibrated 1D,smoothed_path
41.36401673640167,-7.975078388103892,,23.35357285433154,,,0.8,80.0,Calibrated 1D,smoothed_path
42.06694560669456,-7.97507838810389,,23.223343733930093,,,0.8,80.0,Calibrated 1D,smoothed_path
42.76987447698745,-7.975078388103894,,23.087169737151477,,,0.8,80.0,Calibrated 1D,smoothed_path
43.47280334728033,-7.975078388103892,,22.945519517284538,,,0.8,80.0,Calibrated 1D,smoothed_path
44.17573221757322,-7.975078388103893,,22.79886201229067,,,0.8,80.0,Calibrated 1D,smoothed_path
44.87866108786611,-7.975078388103894,,22.647662415686472,,,0.8,80.0,Calibrated 1D,smoothed_path
45.58158995815899,-7.975078388103894,,22.492378542562506,,,0.8,80.0,Calibrated 1D,smoothed_path
46.28451882845188,-7.975078388103892,,22.333457618037567,,,0.8,80.0,Calibrated 1D,smoothed_path
46.98744769874477,-7.975078388103894,,22.17133350215032,,,0.8,80.0,Calibrated 1D,smoothed_path
47.69037656903765,-7.975078388103896,,22.006424353165457,,,0.8,80.0,Calibrated 1D,smoothed_path
48.39330543933054,-7.975078388103894,,21.839130720788937,,,0.8,80.0,Calibrated 1D,smoothed_path
49.096234309623426,-7.975078388103892,,21.66983405199874,,,0.8,80.0,Calibrated 1D,smoothed_path
49.79916317991631,-7.975078388103894,,21.49889558516139,,,0.8,80.0,Calibrated 1D,smoothed_path
50.5020920502092,-7.975078388103894,,21.326655602790268,,,0.8,80.0,Calibrated 1D,smoothed_path
51.205020920502086,-7.975078388103895,,21.153433009614098,,,0.8,80.0,Calibrated 1D,smoothed_path
51.90794979079497,-7.975078388103895,,20.979525200415864,,,0.8,80.0,Calibrated 1D,smoothed_path
52.61087866108786,-7.975078388103896,,20.805208181196775,,,0.8,80.0,Calibrated 1D,smoothed_path
53.313807531380746,-7.975078388103894,,20.630736907417436,,,0.8,80.0,Calibrated 1D,smoothed_path
54.01673640167363,-7.975078388103894,,20.456345804168677,,,0.8,80.0,Calibrated 1D,smoothed_path
54.71966527196653,-7.975078388103894,,20.282249434929767,,,0.8,80.0,Calibrated 1D,smoothed_path
55.42259414225941,-7.975078388103894,,20.10864328789755,,,0.8,80.0,Calibrated 1D,smoothed_path
56.1255230125523,-7.975078388103896,,19.935704651549834,,,0.8,80.0,Calibrated 1D,smoothed_path
56.82845188284519,-7.975078388103893,,19.763593553994873,,,0.8,80.0,Calibrated 1D,smoothed_path
57.53138075313807,-7.975078388103895,,19.592453743632987,,,0.8,80.0,Calibrated 1D,smoothed_path
58.23430962343096,-7.975078388103892,,19.422413691615994,,,0.8,80.0,Calibrated 1D,smoothed_path
58.93723849372385,-7.975078388103894,,19.253587599455805,,,0.8,80.0,Calibrated 1D,smoothed_path
59.64016736401673,-7.975078388103893,,19.086076397846377,,,0.8,80.0,Calibrated 1D,smoothed_path
60.34309623430962,-7.975078388103893,,18.919968725280903,,,0.8,80.0,Calibrated 1D,smoothed_path
61.046025104602506,-7.975078388103894,,18.755341877341756,,,0.8,80.0,Calibrated 1D,smoothed_path
61.74895397489539,-7.975078388103892,,18.592262719600527,,,0.8,80.0,Calibrated 1D,smoothed_path
62.45188284518828,-7.975078388103893,,18.43078855888376,,,0.8,80.0,Calibrated 1D,smoothed_path
63.154811715481166,-7.975078388103894,,18.270967969242584,,,0.8,80.0,Calibrated 1D,smoothed_path
63.85774058577405,-7.975078388103894,,18.112841570318874,,,0.8,80.0,Calibrated 1D,smoothed_path
64.56066945606693,-7.975078388103893,,17.956442756942458,,,0.8,80.0,Calibrated 1D,smoothed_path
65.26359832635983,-7.975078388103895,,17.801798379739374,,,0.8,80.0,Calibrated 1D,smoothed_path
65.96652719665272,-7.975078388103893,,17.648929377298636,,,0.8,80.0,Calibrated 1D,smoothed_path
66.6694560669456,-7.975078388103896,,17.497851361054177,,,0.8,80.0,Calibrated 1D,smoothed_path
67.3723849372385,-7.975078388103896,,17.34857515450792,,,0.8,80.0,Calibrated 1D,smoothed_path
68.07531380753137,-7.975078388103894,,17.201107288769077,,,0.8,80.0,Calibrated 1D,smoothed_path
68.77824267782427,-7.975078388103894,,17.055450456629366,,,0.8,80.0,Calibrated 1D,smoothed_path
69.48117154811715,-7.975078388103893,,16.911603927552733,,,0.8,80.0,Calibrated 1D,smoothed_path
70.18410041841004,-7.975078388103894,,16.769563926043563,,,0.8,80.0,Calibrated 1D,smoothed_path
70.88702928870292,-7.975078388103893,,16.62932397588479,,,0.8,80.0,Calibrated 1D,smoothed_path
71.58995815899581,-7.975078388103895,,16.49087521271697,,,0.8,80.0,Calibrated 1D,smoothed_path
72.29288702928869,-7.975078388103894,,16.35420666737272,,,0.8,80.0,Calibrated 1D,smoothed_path
72.99581589958159,-7.975078388103894,,16.21930552229609,,,0.8,80.0,Calibrated 1D,smoothed_path
73.69874476987447,-7.975078388103894,,16.086157343271385,,,0.8,80.0,Calibrated 1D,smoothed_path
74.40167364016736,-7.975078388103895,,15.954746288567017,,,0.8,80.0,Calibrated 1D,smoothed_path
75.10460251046024,-7.975078388103892,,15.825055297472248,,,0.8,80.0,Calibrated 1D,smoothed_path
75.80753138075313,-7.975078388103892,,15.697066260072638,,,0.8,80.0,Calibrated 1D,smoothed_path
76.51046025104601,-7.975078388103895,,15.570760169977031,,,0.8,80.0,Calibrated 1D,smoothed_path
77.2133891213389,-7.975078388103894,,15.446117261577577,,,0.8,80.0,Calibrated 1D,smoothed_path
77.9163179916318,-7.975078388103896,,15.323117133296854,,,0.8,80.0,Calibrated 1D,smoothed_path
78.61924686192468,-7.975078388103892,,15.20173885815383,,,0.8,80.0,Calibrated 1D,smoothed_path
79.32217573221757,-7.975078388103892,,15.081961082864648,,,0.8,80.0,Calibrated 1D,smoothed_path
80.02510460251045,-7.975078388103893,,14.963762116585205,,,0.8,80.0,Calibrated 1D,smoothed_path
80.72803347280335,-7.975078388103894,,14.847120010301065,,,0.8,80.0,Calibrated 1D,smoothed_path
81.43096234309623,-7.975078388103893,,14.73201262777637,,,0.8,80.0,Calibrated 1D,smoothed_path
82.13389121338912,-7.975078388103894,,14.618417708886755,,,0.8,80.0,Calibrated 1D,smoothed_path
82.836820083682,-7.975078388103894,,14.506312926082185,,,0.8,80.0,Calibrated 1D,smoothed_path
83.5397489539749,-7.975078388103894,,14.39567593465351,,,0.8,80.0,Calibrated 1D,smoothed_path
84.24267782426777,-7.975078388103892,,14.286484417410701,,,0.8,80.0,Calibrated 1D,smoothed_path
84.94560669456067,-7.975078388103894,,14.178716124321655,,,0.8,80.0,Calibrated 1D,smoothed_path
85.64853556485355,-7.975078388103895,,14.072348907606623,,,0.8,80.0,Calibrated 1D,smoothed_path
86.35146443514644,-7.975078388103893,,13.967360752735154,,,0.8,80.0,Calibrated 1D,smoothed_path
87.05439330543932,-7.975078388103894,,13.863729805729132,,,0.8,80.0,Calibrated 1D,smoothed_path
87.75732217573221,-7.975078388103893,,13.761434397136298,,,0.8,80.0,Calibrated 1D,smoothed_path
88.46025104602509,-7.975078388103895,,13.660453063004034,,,0.8,80.0,Calibrated 1D,smoothed_path
89.16317991631799,-7.975078388103892,,13.560764563151826,,,0.8,80.0,Calibrated 1D,smoothed_path
89.86610878661087,-7.975078388103894,,13.462347897012894,,,0.8,80.0,Calibrated 1D,smoothed_path
90.56903765690376,-7.975078388103894,,13.365182317290486,,,0.8,80.0,Calibrated 1D,smoothed_path
91.27196652719664,-7.975078388103893,,13.269247341652212,,,0.8,80.0,Calibrated 1D,smoothed_path
91.97489539748953,-7.975078388103896,,13.174522762665745,,,0.8,80.0,Calibrated 1D,smoothed_path
92.67782426778243,-7.975078388103894,,13.080988656161562,,,0.8,80.0,Calibrated 1D,smoothed_path
93.3807531380753,-7.975078388103894,,12.988625388192748,,,0.8,80.0,Calibrated 1D,smoothed_path
94.0836820083682,-7.975078388103894,,12.897413620747631,,,0.8,80.0,Calibrated 1D,smoothed_path
94.78661087866108,-7.975078388103894,,12.807334316358798,,,0.8,80.0,Calibrated 1D,smoothed_path
95.48953974895397,-7.975078388103892,,12.718368741740932,,,0.8,80.0,Calibrated 1D,smoothed_path
96.19246861924685,-7.975078388103893,,12.630498470580129,,,0.8,80.0,Calibrated 1D,smoothed_path
96.89539748953975,-7.975078388103894,,12.543705385588837,,,0.8,80.0,Calibrated 1D,smoothed_path
97.59832635983263,-7.975078388103894,,12.457971679933044,,,0.8,80.0,Calibrated 1D,smoothed_path
98.30125523012552,-7.975078388103894,,12.37327985813171,,,0.8,80.0,Calibrated 1D,smoothed_path
99.0041841004184,-7.975078388103896,,12.289612736522699,,,0.8,80.0,Calibrated 1D,smoothed_path
99.7071129707113,-7.975078388103896,,12.206953443384599,,,0.8,80.0,Calibrated 1D,smoothed_path
100.41004184100417,-7.975078388103894,,12.12528541879946,,,0.8,80.0,Calibrated 1D,smoothed_path
101.11297071129707,-7.975078388103894,,12.044592414337743,,,0.8,80.0,Calibrated 1D,smoothed_path
101.81589958158995,-7.975078388103892,,11.96485849264375,,,0.8,80.0,Calibrated 1D,smoothed_path
102.51882845188284,-7.975078388103894,,11.886068026996966,,,0.8,80.0,Calibrated 1D,smoothed_path
103.22175732217572,-7.975078388103894,,11.80820570092239,,,0.8,80.0,Calibrated 1D,smoothed_path
103.92468619246861,-7.975078388103894,,11.731256507920754,,,0.8,80.0,Calibrated 1D,smoothed_path
104.62761506276149,-7.975078388103892,,11.655205751387765,,,0.8,80.0,Calibrated 1D,smoothed_path
105.33054393305439,-7.975078388103894,,11.580039044789357,,,0.8,80.0,Calibrated 1D,smoothed_path
106.03347280334727,-7.975078388103895,,11.505742312158223,,,0.8,80.0,Calibrated 1D,smoothed_path
106.73640167364016,-7.975078388103894,,11.432301788974847,,,0.8,80.0,Calibrated 1D,smoothed_path
107.43933054393305,-7.975078388103894,,11.359704023493844,,,0.8,80.0,Calibrated 1D,smoothed_path
108.14225941422593,-7.975078388103894,,11.287935878573805,,,0.8,80.0,Calibrated 1D,smoothed_path
108.84518828451883,-7.975078388103895,,11.216984534065787,,,0.8,80.0,Calibrated 1D,smoothed_path
109.5481171548117,-7.975078388103894,,11.146837489811606,,,0.8,80.0,Calibrated 1D,smoothed_path
110.2510460251046,-7.975078388103894,,11.077482569298702,,,0.8,80.0,Calibrated 1D,smoothed_path
110.95397489539748,-7.975078388103894,,11.008907924012938,,,0.8,80.0,Calibrated 1D,smoothed_path
111.65690376569037,-7.975078388103894,,10.941102038524212,,,0.8,80.0,Calibrated 1D,smoothed_path
112.35983263598325,-7.975078388103894,,10.874053736332268,,,0.8,80.0,Calibrated 1D,smoothed_path
113.06276150627615,-7.975078388103895,,10.807752186491424,,,0.8,80.0,Calibrated 1D,smoothed_path
113.76569037656903,-7.975078388103895,,10.74218691102277,,,0.8,80.0,Calibrated 1D,smoothed_path
114.46861924686192,-7.975078388103893,,10.67734779311097,,,0.8,80.0,Calibrated 1D,smoothed_path
115.1715481171548,-7.975078388103894,,10.613225086069967,,,0.8,80.0,Calibrated 1D,smoothed_path
115.8744769874477,-7.975078388103894,,10.549809423047517,,,0.8,80.0,Calibrated 1D,smoothed_path
116.57740585774057,-7.975078388103896,,10.487091827422645,,,0.8,80.0,Calibrated 1D,smoothed_path
117.28033472803347,-7.975078388103894,,10.425063723833011,,,0.8,80.0,Calibrated 1D,smoothed_path
117.98326359832635,-7.975078388103892,,10.363716949750774,,,0.8,80.0,Calibrated 1D,smoothed_path
118.68619246861924,-7.975078388103892,,10.30304376750577,,,0.8,80.0,Calibrated 1D,smoothed_path
119.38912133891212,-7.975078388103896,,10.243036876634541,,,0.8,80.0,Calibrated 1D,smoothed_path
120.09205020920501,-7.975078388103894,,10.18368942641245,,,0.8,80.0,Calibrated 1D,smoothed_path
120.79497907949789,-7.975078388103894,,10.124995028404738,,,0.8,80.0,Calibrated 1D,smoothed_path
121.49790794979079,-7.975078388103894,,10.066947768850753,,,0.8,80.0,Calibrated 1D,smoothed_path
122.20083682008368,-7.975078388103895,,10.009542220674941,,,0.8,80.0,Calibrated 1D,smoothed_path
122.90376569037656,-7.975078388103896,,9.95277345489799,,,0.8,80.0,Calibrated 1D,smoothed_path
123.60669456066945,-7.975078388103895,,9.896637051203303,,,0.8,80.0,Calibrated 1D,smoothed_path
124.30962343096233,-7.975078388103894,,9.841129107397702,,,0.8,80.0,Calibrated 1D,smoothed_path
125.01255230125523,-7.975078388103894,,9.786246247491746,,,0.8,80.0,Calibrated 1D,smoothed_path
125.7154811715481,-7.975078388103894,,9.73198562811502,,,0.8,80.0,Calibrated 1D,smoothed_path
126.418410041841,-7.975078388103894,,9.678344942975656,,,0.8,80.0,Calibrated 1D,smoothed_path
127.12133891213388,-7.975078388103894,,9.625322425071918,,,0.8,80.0,Calibrated 1D,smoothed_path
127.82426778242677,-7.975078388103894,,9.572916846367312,,,0.8,80.0,Calibrated 1D,smoothed_path
128.52719665271965,-7.975078388103894,,9.521127514650342,,,0.8,80.0,Calibrated 1D,smoothed_path
129.23012552301253,-7.975078388103893,,9.469954267315178,,,0.8,80.0,Calibrated 1D,smoothed_path
129.93305439330544,-7.975078388103894,,9.419397461821614,,,0.8,80.0,Calibrated 1D,smoothed_path
130.63598326359832,-7.975078388103895,,9.369457962620896,,,0.8,80.0,Calibrated 1D,smoothed_path
131.3389121338912,-7.975078388103893,,9.320137124368802,,,0.8,80.0,Calibrated 1D,smoothed_path
132.04184100418408,-7.975078388103894,,9.271436771288602,,,0.8,80.0,Calibrated 1D,smoothed_path
132.744769874477,-7.975078388103893,,9.223359172593288,,,0.8,80.0,Calibrated 1D,smoothed_path
133.44769874476987,-7.975078388103894,,9.175907013929141,,,0.8,80.0,Calibrated 1D,smoothed_path
134.15062761506275,-7.975078388103894,,9.129083364859314,,,0.8,80.0,Calibrated 1D,smoothed_path
134.85355648535563,-7.975078388103895,,9.082891642466844,,,0.8,80.0,Calibrated 1D,smoothed_path
135.55648535564853,-7.975078388103894,,9.037335571219305,,,0.8,80.0,Calibrated 1D,smoothed_path
136.2594142259414,-7.975078388103894,,8.992419139301681,,,0.8,80.0,Calibrated 1D,smoothed_path
136.9623430962343,-7.975078388103894,,8.94814655168772,,,0.8,80.0,Calibrated 1D,smoothed_path
137.6652719665272,-7.975078388103894,,8.904522180282559,,,0.8,80.0,Calibrated 1D,smoothed_path
138.36820083682008,-7.975078388103894,,8.861550511528154,,,0.8,80.0,Calibrated 1D,smoothed_path
139.07112970711296,-7.975078388103893,,8.81923609191752,,,0.8,80.0,Calibrated 1D,smoothed_path
139.77405857740584,-7.975078388103894,,8.77758347191176,,,0.8,80.0,Calibrated 1D,smoothed_path
140.47698744769875,-7.975078388103894,,8.73659714879443,,,0.8,80.0,Calibrated 1D,smoothed_path
141.17991631799163,-7.975078388103894,,8.696281509029756,,,0.8,80.0,Calibrated 1D,smoothed_path
141.8828451882845,-7.975078388103895,,8.656640770713196,,,0.8,80.0,Calibrated 1D,smoothed_path
142.58577405857739,-7.975078388103894,,8.617678926714767,,,0.8,80.0,Calibrated 1D,smoothed_path
143.2887029288703,-7.975078388103893,,8.579399689116393,,,0.8,80.0,Calibrated 1D,smoothed_path
143.99163179916317,-7.975078388103894,,8.541806435534411,,,0.8,80.0,Calibrated 1D,smoothed_path
144.69456066945605,-7.975078388103894,,8.504902157897273,,,0.8,80.0,Calibrated 1D,smoothed_path
145.39748953974893,-7.975078388103894,,8.468689414217135,,,0.8,80.0,Calibrated 1D,smoothed_path
146.10041841004184,-7.975078388103894,,8.433170283852677,,,0.8,80.0,Calibrated 1D,smoothed_path
146.80334728033472,-7.975078388103895,,8.398346326710598,,,0.8,80.0,Calibrated 1D,smoothed_path
147.5062761506276,-7.975078388103894,,8.364218546775703,,,0.8,80.0,Calibrated 1D,smoothed_path
148.20920502092048,-7.975078388103894,,8.330787360295847,,,0.8,80.0,Calibrated 1D,smoothed_path
148.9121338912134,-7.975078388103894,,8.298052568879775,,,0.8,80.0,Calibrated 1D,smoothed_path
149.61506276150627,-7.975078388103893,,8.266013337694528,,,0.8,80.0,Calibrated 1D,smoothed_path
150.31799163179915,-7.975078388103894,,8.23466817887655,,,0.8,80.0,Calibrated 1D,smoothed_path
151.02092050209203,-7.975078388103894,,8.204014940198189,,,0.8,80.0,Calibrated 1D,smoothed_path
151.72384937238493,-7.975078388103894,,8.174050798960662,,,0.8,80.0,Calibrated 1D,smoothed_path
152.4267782426778,-7.975078388103894,,8.144772261017238,,,0.8,80.0,Calibrated 1D,smoothed_path
153.1297071129707,-7.975078388103893,,8.11617516476741,,,0.8,80.0,Calibrated 1D,smoothed_path
153.8326359832636,-7.975078388103896,,8.088254689905604,,,0.8,80.0,Calibrated 1D,smoothed_path
154.53556485355648,-7.975078388103894,,8.061005370656929,,,0.8,80.0,Calibrated 1D,smoothed_path
155.23849372384936,-7.975078388103894,,8.034421113188895,,,0.8,80.0,Calibrated 1D,smoothed_path
155.94142259414224,-7.975078388103892,,8.008495216851614,,,0.8,80.0,Calibrated 1D,smoothed_path
156.64435146443515,-7.975078388103894,,7.983220398870598,,,0.8,80.0,Calibrated 1D,smoothed_path
157.34728033472803,-7.975078388103893,,7.958588822095642,,,0.8,80.0,Calibrated 1D,smoothed_path
158.0502092050209,-7.975078388103894,,7.934592125396042,,,0.8,80.0,Calibrated 1D,smoothed_path
158.75313807531379,-7.975078388103894,,7.911221456286735,,,0.8,80.0,Calibrated 1D,smoothed_path
159.4560669456067,-7.975078388103896,,7.888467505370791,,,0.8,80.0,Calibrated 1D,smoothed_path
160.15899581589957,-7.975078388103893,,7.866320542190904,,,0.8,80.0,Calibrated 1D,smoothed_path
160.86192468619245,-7.975078388103893,,7.844770452095165,,,0.8,80.0,Calibrated 1D,smoothed_path
161.56485355648533,-7.975078388103895,,7.823806773739818,,,0.8,80.0,Calibrated 1D,smoothed_path
162.26778242677824,-7.975078388103895,,7.803418736873163,,,0.8,80.0,Calibrated 1D,smoothed_path
162.97071129707112,-7.975078388103894,,7.783595300069401,,,0.8,80.0,Calibrated 1D,smoothed_path
163.673640167364,-7.975078388103894,,7.764325188108371,,,0.8,80.0,Calibrated 1D,smoothed_path
164.37656903765688,-7.975078388103895,,7.745596928725931,,,0.8,80.0,Calibrated 1D,smoothed_path
165.0794979079498,-7.975078388103894,,7.727398888489709,,,0.8,80.0,Calibrated 1D,smoothed_path
165.78242677824267,-7.975078388103894,,7.709719307585271,,,0.8,80.0,Calibrated 1D,smoothed_path
166.48535564853555,-7.975078388103893,,7.692546333327851,,,0.8,80.0,Calibrated 1D,smoothed_path
167.18828451882845,-7.975078388103894,,7.675868052244583,,,0.8,80.0,Calibrated 1D,smoothed_path
167.89121338912133,-7.975078388103893,,7.659672520600454,,,0.8,80.0,Calibrated 1D,smoothed_path
168.5941422594142,-7.975078388103894,,7.643947793268595,,,0.8,80.0,Calibrated 1D,smoothed_path
169.2970711297071,-7.975078388103894,,7.628681950870885,,,0.8,80.0,Calibrated 1D,smoothed_path
170.0,-7.975078388103893,,7.613863125138623,,,0.8,80.0,Calibrated 1D,smoothed_path
2.0,-22.193054037201534,,14.293125701570453,,,0.8,80.0,Calibrated 2D,smoothed_path
2.702928870292887,-22.111025872783436,,14.545766988398608,,,0.8,80.0,Calibrated 2D,smoothed_path
3.405857740585774,-22.025071808454662,,14.806318360868762,,,0.8,80.0,Calibrated 2D,smoothed_path
4.108786610878661,-21.935001614071165,,15.074999898260373,,,0.8,80.0,Calibrated 2D,smoothed_path
4.811715481171548,-21.840618760057353,,15.352025949282288,,,0.8,80.0,Calibrated 2D,smoothed_path
5.514644351464435,-21.74172071525017,,15.637603174732446,,,0.8,80.0,Calibrated 2D,smoothed_path
6.217573221757322,-21.638099339264933,,15.931928369732349,,,0.8,80.0,Calibrated 2D,smoothed_path
6.920502092050209,-21.529541380651896,,16.23518605523147,,,0.8,80.0,Calibrated 2D,smoothed_path
7.623430962343096,-21.41582909251685,,16.54754583044556,,,0.8,80.0,Calibrated 2D,smoothed_path
8.326359832635983,-21.296740977508247,,16.869159480496215,,,0.8,80.0,Calibrated 2D,smoothed_path
9.02928870292887,-21.172052674076582,,17.20015783684014,,,0.8,80.0,Calibrated 2D,smoothed_path
9.732217573221757,-21.041537995632453,,17.540647392196902,,,0.8,80.0,Calibrated 2D,smoothed_path
10.435146443514643,-20.90497013360538,,17.890706676676473,,,0.8,80.0,Calibrated 2D,smoothed_path
11.13807531380753,-20.762123034371164,,18.25038240773296,,,0.8,80.0,Calibrated 2D,smoothed_path
11.841004184100418,-20.612772958501672,,18.619685433469847,,,0.8,80.0,Calibrated 2D,smoothed_path
12.543933054393305,-20.456700228731947,,18.998586496706263,,,0.8,80.0,Calibrated 2D,smoothed_path
13.246861924686192,-20.293691170370323,,19.38701185606085,,,0.8,80.0,Calibrated 2D,smoothed_path
13.949790794979078,-20.123540244543342,,19.784838810047713,,,0.8,80.0,Calibrated 2D,smoothed_path
14.652719665271965,-19.946052370627598,,20.191891180682212,,,0.8,80.0,Calibrated 2D,smoothed_path
15.355648535564853,-19.76104542945241,,20.607934824168822,,,0.8,80.0,Calibrated 2D,smoothed_path
16.05857740585774,-19.5683529333662,,21.032673247621624,,,0.8,80.0,Calibrated 2D,smoothed_path
16.761506276150627,-19.36782684308308,,21.46574342210034,,,0.8,80.0,Calibrated 2D,smoothed_path
17.464435146443513,-19.15934050444426,,21.906711893097224,,,0.8,80.0,Calibrated 2D,smoothed_path
18.1673640167364,-18.942791670968024,,22.355071299464527,,,0.8,80.0,Calibrated 2D,smoothed_path
18.870292887029287,-18.71810557050169,,22.810237420035122,,,0.8,80.0,Calibrated 2D,smoothed_path
19.573221757322173,-18.485237966664847,,23.271546873205068,,,0.8,80.0,Calibrated 2D,smoothed_path
20.27615062761506,-18.244178158377935,,23.738255597821492,,,0.8,80.0,Calibrated 2D,smoothed_path
20.97907949790795,-17.994951853948812,,24.209538243153894,,,0.8,80.0,Calibrated 2D,smoothed_path
21.682008368200837,-17.737623850332184,,24.684488590853483,,,0.8,80.0,Calibrated 2D,smoothed_path
22.384937238493723,-17.47230044370339,,25.162121122043356,,,0.8,80.0,Calibrated 2D,smoothed_path
23.08786610878661,-17.19913149483176,,25.64137382758534,,,0.8,80.0,Calibrated 2D,smoothed_path
23.790794979079497,-16.918312072318322,,26.12111233889069,,,0.8,80.0,Calibrated 2D,smoothed_path
24.493723849372383,-16.630083598954286,,26.600135430382238,,,0.8,80.0,Calibrated 2D,smoothed_path
25.19665271966527,-16.33473443156248,,27.0771819131804,,,0.8,80.0,Calibrated 2D,smoothed_path
25.899581589958157,-16.032599812894897,,27.550938903412572,,,0.8,80.0,Calibrated 2D,smoothed_path
26.602510460251043,-15.724061145527891,,28.02005140872904,,,0.8,80.0,Calibrated 2D,smoothed_path
27.30543933054393,-15.409544552106908,,28.483133134486287,,,0.8,80.0,Calibrated 2D,smoothed_path
28.008368200836816,-15.08951870344443,,28.93877836827726,,,0.8,80.0,Calibrated 2D,smoothed_path
28.711297071129707,-14.764491915375759,,29.385574759937185,,,0.8,80.0,Calibrated 2D,smoothed_path
29.414225941422593,-14.435008536254543,,29.822116775867375,,,0.8,80.0,Calibrated 2D,smoothed_path
30.11715481171548,-14.101644668688905,,30.247019573558312,,,0.8,80.0,Calibrated 2D,smoothed_path
30.820083682008367,-13.765003290628744,,30.658933016503997,,,0.8,80.0,Calibrated 2D,smoothed_path
31.523012552301253,-13.425708861198283,,31.056555532974386,,,0.8,80.0,Calibrated 2D,smoothed_path
32.22594142259414,-13.084401514706608,,31.438647515647858,,,0.8,80.0,Calibrated 2D,smoothed_path
32.92887029288703,-12.741730961114722,,31.804043963693857,,,0.8,80.0,Calibrated 2D,smoothed_path
33.63179916317991,-12.398350222077374,,32.15166608472988,,,0.8,80.0,Calibrated 2D,smoothed_path
34.3347280334728,-12.054909337900483,,32.48053160072594,,,0.8,80.0,Calibrated 2D,smoothed_path
35.037656903765686,-11.712049181993429,,32.78976353833151,,,0.8,80.0,Calibrated 2D,smoothed_path
35.74058577405857,-11.370395515562505,,33.078597328634416,,,0.8,80.0,Calibrated 2D,smoothed_path
36.44351464435146,-11.030553406583415,,33.34638609194579,,,0.8,80.0,Calibrated 2D,smoothed_path
37.146443514644346,-10.693102123974622,,33.59260403743994,,,0.8,80.0,Calibrated 2D,smoothed_path
37.84937238493723,-10.358590601072212,,33.81684796281184,,,0.8,80.0,Calibrated 2D,smoothed_path
38.55230125523012,-10.027533542865683,,34.01883689301471,,,0.8,80.0,Calibrated 2D,smoothed_path
39.255230125523006,-9.700408229994746,,34.19840994725928,,,0.8,80.0,Calibrated 2D,smoothed_path
39.9581589958159,-9.377652050278073,,34.35552256777302,,,0.8,80.0,Calibrated 2D,smoothed_path
40.66108786610879,-9.05966076657039,,34.49024128075239,,,0.8,80.0,Calibrated 2D,smoothed_path
41.36401673640167,-8.746787508961269,,34.602737188410536,,,0.8,80.0,Calibrated 2D,smoothed_path
42.06694560669456,-8.439342460536892,,34.69327841048421,,,0.8,80.0,Calibrated 2D,smoothed_path
42.76987447698745,-8.137593189747907,,34.76222170397942,,,0.8,80.0,Calibrated 2D,smoothed_path
43.47280334728033,-7.841765569291776,,34.81000349173813,,,0.8,80.0,Calibrated 2D,smoothed_path
44.17573221757322,-7.552045211556733,,34.83713052441301,,,0.8,80.0,Calibrated 2D,smoothed_path
44.87866108786611,-7.268579344128163,,34.84417038774835,,,0.8,80.0,Calibrated 2D,smoothed_path
45.58158995815899,-6.9914790455030875,,34.83174204897815,,,0.8,80.0,Calibrated 2D,smoothed_path
46.28451882845188,-6.720821760733252,,34.800506614047016,,,0.8,80.0,Calibrated 2D,smoothed_path
46.98744769874477,-6.456654018860539,,34.75115844261591,,,0.8,80.0,Calibrated 2D,smoothed_path
47.69037656903765,-6.198994278290941,,34.68441674173211,,,0.8,80.0,Calibrated 2D,smoothed_path
48.39330543933054,-5.947835832215079,,34.601017732785735,,,0.8,80.0,Calibrated 2D,smoothed_path
49.096234309623426,-5.703149713360444,,34.5017074609313,,,0.8,80.0,Calibrated 2D,smoothed_path
49.79916317991631,-5.464887545312474,,34.38723529231358,,,0.8,80.0,Calibrated 2D,smoothed_path
50.5020920502092,-5.232984295967366,,34.25834812279206,,,0.8,80.0,Calibrated 2D,smoothed_path
51.205020920502086,-5.007360897031934,,34.11578530280246,,,0.8,80.0,Calibrated 2D,smoothed_path
51.90794979079497,-4.787926701577485,,33.96027426674501,,,0.8,80.0,Calibrated 2D,smoothed_path
52.61087866108786,-4.574581759260382,,33.79252684191404,,,0.8,80.0,Calibrated 2D,smoothed_path
53.313807531380746,-4.367218895777134,,33.61323620142002,,,0.8,80.0,Calibrated 2D,smoothed_path
54.01673640167363,-4.165725589317116,,33.42307441764888,,,0.8,80.0,Calibrated 2D,smoothed_path
54.71966527196653,-3.969985642151979,,33.2226905673225,,,0.8,80.0,Calibrated 2D,smoothed_path
55.42259414225941,-3.779880650038706,,33.01270933590142,,,0.8,80.0,Calibrated 2D,smoothed_path
56.1255230125523,-3.595291275828426,,32.793730067603306,,,0.8,80.0,Calibrated 2D,smoothed_path
56.82845188284519,-3.4160983366064173,,32.56632620740141,,,0.8,80.0,Calibrated 2D,smoothed_path
57.53138075313807,-3.242183715899442,,32.33104508271468,,,0.8,80.0,Calibrated 2D,smoothed_path
58.23430962343096,-3.073431114046233,,32.08840797483381,,,0.8,80.0,Calibrated 2D,smoothed_path
58.93723849372385,-2.9097266508137265,,31.83891043318673,,,0.8,80.0,Calibrated 2D,smoothed_path
59.64016736401673,-2.750959334836041,,31.583022789112576,,,0.8,80.0,Calibrated 2D,smoothed_path
60.34309623430962,-2.5970214145345336,,31.321190829690323,,,0.8,80.0,Calibrated 2D,smoothed_path
61.046025104602506,-2.447808624921146,,31.053836596193676,,,0.8,80.0,Calibrated 2D,smoothed_path
61.74895397489539,-2.303220344163858,,30.781359275787075,,,0.8,80.0,Calibrated 2D,smoothed_path
62.45188284518828,-2.163159673065909,,30.504136159030715,,,0.8,80.0,Calibrated 2D,smoothed_path
63.154811715481166,-2.0275334497356776,,30.222523639547056,,,0.8,80.0,Calibrated 2D,smoothed_path
63.85774058577405,-1.8962522107507693,,29.93685823575827,,,0.8,80.0,Calibrated 2D,smoothed_path
64.56066945606693,-1.7692301090893903,,29.647457617892805,,,0.8,80.0,Calibrated 2D,smoothed_path
65.26359832635983,-1.6463847980491393,,29.354621626457188,,,0.8,80.0,Calibrated 2D,smoothed_path
65.96652719665272,-1.5276372893262526,,29.058633271064153,,,0.8,80.0,Calibrated 2D,smoothed_path
66.6694560669456,-1.41291179240925,,28.75975970090003,,,0.8,80.0,Calibrated 2D,smoothed_path
67.3723849372385,-1.3021355414673266,,28.458253140209784,,,0.8,80.0,Calibrated 2D,smoothed_path
68.07531380753137,-1.1952386149981686,,28.154351783991316,,,0.8,80.0,Calibrated 2D,smoothed_path
68.77824267782427,-1.092153752650845,,27.84828065063768,,,0.8,80.0,Calibrated 2D,smoothed_path
69.48117154811715,-0.9928161728627883,,27.540252389568977,,,0.8,80.0,Calibrated 2D,smoothed_path
70.18410041841004,-0.8971633942478745,,27.23046804297508,,,0.8,80.0,Calibrated 2D,smoothed_path
70.88702928870292,-0.8051350630461098,,26.919117761669874,,,0.8,80.0,Calibrated 2D,smoothed_path
71.58995815899581,-0.716672788392756,,26.606381475759335,,,0.8,80.0,Calibrated 2D,smoothed_path
72.29288702928869,-0.631719986683438,,26.292429521372163,,,0.8,80.0,Calibrated 2D,smoothed_path
72.99581589958159,-0.5502217358977954,,25.977423225112812,,,0.8,80.0,Calibrated 2D,smoothed_path
73.69874476987447,-0.47212464039341406,,25.661515448193178,,,0.8,80.0,Calibrated 2D,smoothed_path
74.40167364016736,-0.3973767063886987,,25.34485109239829,,,0.8,80.0,Calibrated 2D,smoothed_path
75.10460251046024,-0.32592722811318503,,25.027567570159796,,,0.8,80.0,Calibrated 2D,smoothed_path
75.80753138075313,-0.25772668441072283,,24.709795241063283,,,0.8,80.0,Calibrated 2D,smoothed_path
76.51046025104601,-0.19272664543008577,,24.391657817114968,,,0.8,80.0,Calibrated 2D,smoothed_path
77.2133891213389,-0.13087968892330565,,24.073272739050818,,,0.8,80.0,Calibrated 2D,smoothed_path
77.9163179916318,-0.07213932558979044,,23.75475152589732,,,0.8,80.0,Calibrated 2D,smoothed_path
78.61924686192468,-0.01645993284912756,,23.436200099895352,,,0.8,80.0,Calibrated 2D,smoothed_path
79.32217573221757,0.036203303606675924,,23.117719088785446,,,0.8,80.0,Calibrated 2D,smoothed_path
80.02510460251045,0.08589444114396168,,22.799404107328275,,,0.8,80.0,Calibrated 2D,smoothed_path
80.72803347280335,0.13265682506145765,,22.481346019804818,,,0.8,80.0,Calibrated 2D,smoothed_path
81.43096234309623,0.17653312765328766,,22.16363118510992,,,0.8,80.0,Calibrated 2D,smoothed_path
82.13389121338912,0.21756538208275497,,21.846341685922624,,,0.8,80.0,Calibrated 2D,smoothed_path
82.836820083682,0.2557950116576263,,21.529555543311396,,,0.8,80.0,Calibrated 2D,smoothed_path
83.5397489539749,0.2912628550617277,,21.213346918011716,,,0.8,80.0,Calibrated 2D,smoothed_path
84.24267782426777,0.3240091880584539,,20.89778629950009,,,0.8,80.0,Calibrated 2D,smoothed_path
84.94560669456067,0.35407374214096426,,20.582940683882402,,,0.8,80.0,Calibrated 2D,smoothed_path
85.64853556485355,0.38149572056243386,,20.268873741516742,,,0.8,80.0,Calibrated 2D,smoothed_path
86.35146443514644,0.40631381213887996,,19.955645975200934,,,0.8,80.0,Calibrated 2D,smoothed_path
87.05439330543932,0.4285662031774168,,19.643314869673652,,,0.8,80.0,Calibrated 2D,smoothed_path
87.75732217573221,0.4482905878450291,,19.33193503310402,,,0.8,80.0,Calibrated 2D,smoothed_path
88.46025104602509,0.46552417725742057,,19.021558331179257,,,0.8,80.0,Calibrated 2D,smoothed_path
89.16317991631799,0.4803037075345722,,18.712234014340467,,,0.8,80.0,Calibrated 2D,smoothed_path
89.86610878661087,0.4926654470394698,,18.404008838665888,,,0.8,80.0,Calibrated 2D,smoothed_path
90.56903765690376,0.5026452029891787,,18.096927180853967,,,0.8,80.0,Calibrated 2D,smoothed_path
91.27196652719664,0.5102783276030537,,17.79103114772043,,,0.8,80.0,Calibrated 2D,smoothed_path
91.97489539748953,0.5155997239313749,,17.486360680587758,,,0.8,80.0,Calibrated 2D,smoothed_path
92.67782426778243,0.5186438514889953,,17.18295365491681,,,0.8,80.0,Calibrated 2D,smoothed_path
93.3807531380753,0.5194447318026223,,16.880845975504748,,,0.8,80.0,Calibrated 2D,smoothed_path
94.0836820083682,0.5180359539669448,,16.580071667552275,,,0.8,80.0,Calibrated 2D,smoothed_path
94.78661087866108,0.5144506802938833,,16.280662963885682,,,0.8,80.0,Calibrated 2D,smoothed_path
95.48953974895397,0.5087216521306108,,15.982650388604469,,,0.8,80.0,Calibrated 2D,smoothed_path
96.19246861924685,0.5008811959155033,,15.686062837414088,,,0.8,80.0,Calibrated 2D,smoothed_path
96.89539748953975,0.49096122953671606,,15.39092765489379,,,0.8,80.0,Calibrated 2D,smoothed_path
97.59832635983263,0.4789932690554753,,15.097270708943283,,,0.8,80.0,Calibrated 2D,smoothed_path
98.30125523012552,0.46500843585526963,,14.805116462646566,,,0.8,80.0,Calibrated 2D,smoothed_path
99.0041841004184,0.44903746427881686,,14.51448804378851,,,0.8,80.0,Calibrated 2D,smoothed_path
99.7071129707113,0.4311107098167738,,14.225407312257868,,,0.8,80.0,Calibrated 2D,smoothed_path
100.41004184100417,0.4112581579155765,,13.937894925570149,,,0.8,80.0,Calibrated 2D,smoothed_path
101.11297071129707,0.38950943347631384,,13.651970402744084,,,0.8,80.0,Calibrated 2D,smoothed_path
101.81589958158995,0.3658938111221156,,13.367652186766911,,,0.8,80.0,Calibrated 2D,smoothed_path
102.51882845188284,0.34044022631789284,,13.084957705885216,,,0.8,80.0,Calibrated 2D,smoothed_path
103.22175732217572,0.31317728743336737,,12.803903433960153,,,0.8,80.0,Calibrated 2D,smoothed_path
103.92468619246861,0.2841332888478698,,12.524504950127469,,,0.8,80.0,Calibrated 2D,smoothed_path
104.62761506276149,0.25333622520328236,,12.246776998004353,,,0.8,80.0,Calibrated 2D,smoothed_path
105.33054393305439,0.2208138069194388,,11.970733544685494,,,0.8,80.0,Calibrated 2D,smoothed_path
106.03347280334727,0.18659347709412732,,11.696387839770372,,,0.8,80.0,Calibrated 2D,smoothed_path
106.73640167364016,0.1507024299171899,,11.423752474661491,,,0.8,80.0,Calibrated 2D,smoothed_path
107.43933054393305,0.11316763073492489,,11.152839442369595,,,0.8,80.0,Calibrated 2D,smoothed_path
108.14225941422593,0.07401583790658281,,10.883660198054816,,,0.8,80.0,Calibrated 2D,smoothed_path
108.84518828451883,0.033273626599009926,,10.616225720523985,,,0.8,80.0,Calibrated 2D,smoothed_path
109.5481171548117,-0.009032585332054147,,10.350546574891204,,,0.8,80.0,Calibrated 2D,smoothed_path
110.2510460251046,-0.05287650922527591,,10.086632976592195,,,0.8,80.0,Calibrated 2D,smoothed_path
110.95397489539748,-0.0982319551151842,,9.824494856922303,,,0.8,80.0,Calibrated 2D,smoothed_path
111.65690376569037,-0.1450727987108249,,9.564141930241917,,,0.8,80.0,Calibrated 2D,smoothed_path
112.35983263598325,-0.1933729457195597,,9.305583762962346,,,0.8,80.0,Calibrated 2D,smoothed_path
113.06276150627615,-0.2431062933969778,,9.048829844388479,,,0.8,80.0,Calibrated 2D,smoothed_path
113.76569037656903,-0.2942466892212452,,8.793889659451885,,,0.8,80.0,Calibrated 2D,smoothed_path
114.46861924686192,-0.34676788661258007,,8.540772763319332,,,0.8,80.0,Calibrated 2D,smoothed_path
115.1715481171548,-0.40064349764606577,,8.289488857806543,,,0.8,80.0,Calibrated 2D,smoothed_path
115.8744769874477,-0.4558469427392692,,8.040047869465395,,,0.8,80.0,Calibrated 2D,smoothed_path
116.57740585774057,-0.5123513973351479,,7.792460029145432,,,0.8,80.0,Calibrated 2D,smoothed_path
117.28033472803347,-0.5701297356459083,,7.546735952756672,,,0.8,80.0,Calibrated 2D,smoothed_path
117.98326359832635,-0.6291544715746151,,7.302886722882347,,,0.8,80.0,Calibrated 2D,smoothed_path
118.68619246861924,-0.6893976969886189,,7.060923970806428,,,0.8,80.0,Calibrated 2D,smoothed_path
119.38912133891212,-0.750831017581729,,6.820859958434289,,,0.8,80.0,Calibrated 2D,smoothed_path
120.09205020920501,-0.8134254866303645,,6.582707659495314,,,0.8,80.0,Calibrated 2D,smoothed_path
120.79497907949789,-0.8771515370217089,,6.346480839326527,,,0.8,80.0,Calibrated 2D,smoothed_path
121.49790794979079,-0.9419789120086479,,6.112194132446896,,,0.8,80.0,Calibrated 2D,smoothed_path
122.20083682008368,-1.007876595225552,,5.8798631170461615,,,0.8,80.0,Calibrated 2D,smoothed_path
122.90376569037656,-1.0748127405797723,,5.649504385430672,,,0.8,80.0,Calibrated 2D,smoothed_path
123.60669456066945,-1.1427546027142435,,5.421135609395485,,,0.8,80.0,Calibrated 2D,smoothed_path
124.30962343096233,-1.2116684688151724,,5.194775599428619,,,0.8,80.0,Calibrated 2D,smoothed_path
125.01255230125523,-1.2815195926135092,,4.970444356602672,,,0.8,80.0,Calibrated 2D,smoothed_path
125.7154811715481,-1.3522721314974013,,4.74816311597417,,,0.8,80.0,Calibrated 2D,smoothed_path
126.418410041841,-1.4238890877131127,,4.527954380293886,,,0.8,80.0,Calibrated 2D,smoothed_path
127.12133891213388,-1.4963322546813005,,4.3098419428352965,,,0.8,80.0,Calibrated 2D,smoothed_path
127.82426778242677,-1.5695621694919808,,4.093850898174751,,,0.8,80.0,Calibrated 2D,smoothed_path
128.52719665271965,-1.643538072662386,,3.880007639808758,,,0.8,80.0,Calibrated 2D,smoothed_path
129.23012552301253,-1.7182178762453217,,3.668339843571416,,,0.8,80.0,Calibrated 2D,smoothed_path
129.93305439330544,-1.7935581413592856,,3.4588764359206703,,,0.8,80.0,Calibrated 2D,smoothed_path
130.63598326359832,-1.86951406617414,,3.2516475462949543,,,0.8,80.0,Calibrated 2D,smoothed_path
131.3389121338912,-1.9460394853261298,,3.0466844429022433,,,0.8,80.0,Calibrated 2D,smoothed_path
132.04184100418408,-2.0230868816526275,,2.844019451490519,,,0.8,80.0,Calibrated 2D,smoothed_path
132.744769874477,-2.1006074110302513,,2.6436858568594124,,,0.8,80.0,Calibrated 2D,smoothed_path
133.44769874476987,-2.178550940969993,,2.44571778710554,,,0.8,80.0,Calibrated 2D,smoothed_path
134.15062761506275,-2.256866103471061,,2.2501500808442576,,,0.8,80.0,Calibrated 2D,smoothed_path
134.85355648535563,-2.3355003624628186,,2.057018137914637,,,0.8,80.0,Calibrated 2D,smoothed_path
135.55648535564853,-2.414400095974213,,1.8663577543463397,,,0.8,80.0,Calibrated 2D,smoothed_path
136.2594142259414,-2.493510692965329,,1.6782049426419148,,,0.8,80.0,Calibrated 2D,smoothed_path
136.9623430962343,-2.5727766645401604,,1.4925957386988626,,,0.8,80.0,Calibrated 2D,smoothed_path
137.6652719665272,-2.652141769037436,,1.3095659969569065,,,0.8,80.0,Calibrated 2D,smoothed_path
138.36820083682008,-2.731549150272392,,1.1291511755998416,,,0.8,80.0,Calibrated 2D,smoothed_path
139.07112970711296,-2.810941487981638,,0.9513861138622806,,,0.8,80.0,Calibrated 2D,smoothed_path
139.77405857740584,-2.8902611593108007,,0.7763048036834502,,,0.8,80.0,Calibrated 2D,smoothed_path
140.47698744769875,-2.9694504099860466,,0.6039401581067404,,,0.8,80.0,Calibrated 2D,smoothed_path
141.17991631799163,-3.048451533630432,,0.43432377894106944,,,0.8,80.0,Calibrated 2D,smoothed_path
141.8828451882845,-3.1272070575293354,,0.26748572627358885,,,0.8,80.0,Calibrated 2D,smoothed_path
142.58577405857739,-3.20565993301983,,0.10345429245101831,,,0.8,80.0,Calibrated 2D,smoothed_path
143.2887029288703,-3.2837537285805585,,-0.05774421687358494,,,0.8,80.0,Calibrated 2D,smoothed_path
143.99163179916317,-3.3614328236337974,,-0.21608569209972117,,,0.8,80.0,Calibrated 2D,smoothed_path
144.69456066945605,-3.438642601042064,,-0.3715484170301688,,,0.8,80.0,Calibrated 2D,smoothed_path
145.39748953974893,-3.5153296362882998,,-0.52411325195873,,,0.8,80.0,Calibrated 2D,smoothed_path
146.10041841004184,-3.5914418813715736,,-0.6737638004404082,,,0.8,80.0,Calibrated 2D,smoothed_path
146.80334728033472,-3.6669288415279016,,-0.8204865579252795,,,0.8,80.0,Calibrated 2D,smoothed_path
147.5062761506276,-3.7417417429963455,,-0.964271040703879,,,0.8,80.0,Calibrated 2D,smoothed_path
148.20920502092048,-3.8158336901909164,,-1.1051098939021284,,,0.8,80.0,Calibrated 2D,smoothed_path
148.9121338912134,-3.8891598108054977,,-1.2429989775715622,,,0.8,80.0,Calibrated 2D,smoothed_path
149.61506276150627,-3.9616773875675553,,-1.3779374302379441,,,0.8,80.0,Calibrated 2D,smoothed_path
150.31799163179915,-4.033345975562338,,-1.5099277095917827,,,0.8,80.0,Calibrated 2D,smoothed_path
151.02092050209203,-4.104127504267213,,-1.6389756103200486,,,0.8,80.0,Calibrated 2D,smoothed_path
151.72384937238493,-4.1739863636611725,,-1.765090259383757,,,0.8,80.0,Calibrated 2D,smoothed_path
152.4267782426778,-4.242889474001727,,-1.8882840893341666,,,0.8,80.0,Calibrated 2D,smoothed_path
153.1297071129707,-4.310806339086022,,-2.008572790526588,,,0.8,80.0,Calibrated 2D,smoothed_path
153.8326359832636,-4.377709083030119,,-2.1259752433301005,,,0.8,80.0,Calibrated 2D,smoothed_path
154.53556485355648,-4.443572470806294,,-2.2405134316409896,,,0.8,80.0,Calibrated 2D,smoothed_path
155.23849372384936,-4.508373912969161,,-2.3522123391845557,,,0.8,80.0,Calibrated 2D,smoothed_path
155.94142259414224,-4.572093455174465,,-2.461099830232393,,,0.8,80.0,Calibrated 2D,smoothed_path
156.64435146443515,-4.634713753247565,,-2.5672065164704385,,,0.8,80.0,Calibrated 2D,smoothed_path
157.34728033472803,-4.6962200346899134,,-2.670565611826439,,,0.8,80.0,Calibrated 2D,smoothed_path
158.0502092050209,-4.756600047620674,,-2.771212777105921,,,0.8,80.0,Calibrated 2D,smoothed_path
158.75313807531379,-4.81584399823633,,-2.869185956294343,,,0.8,80.0,Calibrated 2D,smoothed_path
159.4560669456067,-4.873944477934217,,-2.964525206362995,,,0.8,80.0,Calibrated 2D,smoothed_path
160.15899581589957,-4.93089638128695,,-3.0572725223695283,,,0.8,80.0,Calibrated 2D,smoothed_path
160.86192468619245,-4.986696816074998,,-3.1474716595745607,,,0.8,80.0,Calibrated 2D,smoothed_path
161.56485355648533,-5.041345006585429,,-3.235167954206346,,,0.8,80.0,Calibrated 2D,smoothed_path
162.26778242677824,-5.094842191368454,,-3.320408144400246,,,0.8,80.0,Calibrated 2D,smoothed_path
162.97071129707112,-5.147191516611166,,-3.4032401927214213,,,0.8,80.0,Calibrated 2D,smoothed_path
163.673640167364,-5.198397926242507,,-3.4837131115517854,,,0.8,80.0,Calibrated 2D,smoothed_path
164.37656903765688,-5.2484680498267355,,-3.5618767924884622,,,0.8,80.0,Calibrated 2D,smoothed_path
165.0794979079498,-5.297410089236976,,-3.6377818407642817,,,0.8,80.0,Calibrated 2D,smoothed_path
165.78242677824267,-5.345233705027724,,-3.711479415563434,,,0.8,80.0,Calibrated 2D,smoothed_path
166.48535564853555,-5.391949903347465,,-3.783021076969988,,,0.8,80.0,Calibrated 2D,smoothed_path
167.18828451882845,-5.4375709241518155,,-3.852458640155361,,,0.8,80.0,Calibrated 2D,smoothed_path
167.89121338912133,-5.48211013139524,,-3.919844037284938,,,0.8,80.0,Calibrated 2D,smoothed_path
168.5941422594142,-5.525581905797305,,-3.985229187505163,,,0.8,80.0,Calibrated 2D,smoothed_path
169.2970711297071,-5.568001540698362,,-4.048665875261422,,,0.8,80.0,Calibrated 2D,smoothed_path
170.0,-5.6093851414413045,,-4.11020563709519,,,0.8,80.0,Calibrated 2D,smoothed_path
2.0,-57.995216728278116,39.37332521646122,42.85717358328602,31.504806445538218,48.0,1.0,100.0,Human,condition_mean
3.0,-17.956096299360368,38.25703836021076,28.680398802953288,20.628083481739537,49.0,1.0,100.0,Human,condition_mean
4.0,-53.972635074832674,50.06569412443648,0.4311026753651639,46.53425435390092,48.0,1.0,100.0,Human,condition_mean
5.0,-43.33810393626439,40.353973808198894,4.135198456401602,31.55268225786727,49.0,1.0,100.0,Human,condition_mean
6.0,-72.48104593306321,67.05094887302987,51.46232207196956,40.4134979345247,48.0,1.0,100.0,Human,condition_mean
7.0,-20.31527349828065,30.171369465064178,15.949205252653929,14.27914096226309,49.0,1.0,100.0,Human,condition_mean
8.0,-40.6220694072895,42.529088092358776,-17.52413416914256,45.20332004262288,48.0,1.0,100.0,Human,condition_mean
10.0,-34.53893046062331,39.336462607748906,30.534898859177716,15.280309559494583,49.0,1.0,100.0,Human,condition_mean
15.0,-27.224955047076207,57.733488438811285,-2.827512528671971,35.76232338351541,49.0,1.0,100.0,Human,condition_mean
20.0,-34.95257668375001,56.71401182934728,18.097003329579117,13.578031282206013,50.0,1.0,100.0,Human,condition_mean
25.0,-49.96562286018612,49.239344499566464,49.231182730848786,36.56360503357077,50.0,1.0,100.0,Human,condition_mean
30.0,-10.849875455818935,55.473411947783404,36.16754202077551,26.745610552593444,50.0,1.0,100.0,Human,condition_mean
35.0,-9.9657166711822,45.961049652466116,55.87340499098969,24.12944588982826,50.0,1.0,100.0,Human,condition_mean
40.0,-0.11752565467237133,43.26484132327073,47.050242948964566,21.40038692424408,50.0,1.0,100.0,Human,condition_mean
45.0,-25.849162703996626,45.74068090646453,42.79966035469045,23.531443208827007,50.0,1.0,100.0,Human,condition_mean
50.0,13.958922746418484,48.470603590884735,40.29766440439017,18.21586776749031,50.0,1.0,100.0,Human,condition_mean
55.0,-20.979603455394823,45.62485112977635,13.82912532733023,27.456355001218572,48.0,1.0,100.0,Human,condition_mean
60.0,16.23455453052307,70.56013555750638,12.77443616127215,26.109465653198423,46.0,1.0,100.0,Human,condition_mean
65.0,-4.484925032700556,55.24855487517491,48.72189438268677,35.580215784864436,48.0,1.0,100.0,Human,condition_mean
70.0,-27.990044828705432,80.17694713166809,54.91839305476988,55.149726460045436,46.0,1.0,100.0,Human,condition_mean
75.0,-41.15889281249239,51.51725308781033,43.230740435407256,43.694435641464146,48.0,1.0,100.0,Human,condition_mean
80.0,42.137346778768,68.06663387719851,0.9252472457110904,53.88393370791901,46.0,1.0,100.0,Human,condition_mean
85.0,-0.8456449542825503,44.82658112027037,41.844454372675884,22.372219383886616,48.0,1.0,100.0,Human,condition_mean
90.0,19.18697050808735,89.37696173980628,81.59784369686543,101.4281412366985,46.0,1.0,100.0,Human,condition_mean
95.0,-57.059183203866425,56.770515484417544,28.281292160910215,34.05065611607126,49.0,1.0,100.0,Human,condition_mean
100.0,13.118321751828189,62.20355792865062,27.044683925769213,27.084286189835264,47.0,1.0,100.0,Human,condition_mean
105.0,1.4895339110707224,61.72550258555531,23.844352005815082,30.11015946970337,49.0,1.0,100.0,Human,condition_mean
110.0,-0.3498659551947536,40.33112853555898,20.26837475753654,18.60790295078859,47.0,1.0,100.0,Human,condition_mean
115.0,-12.227617369031769,53.64262123920888,23.801742220002613,27.467866638614247,49.0,1.0,100.0,Human,condition_mean
120.0,-44.023283546910044,35.180481550054985,2.574102671389634,20.164852104644154,47.0,1.0,100.0,Human,condition_mean
125.0,-19.12217161625151,51.88428265203378,-10.255510152688515,30.603132779952805,49.0,1.0,100.0,Human,condition_mean
130.0,35.661950208312476,83.97017231285132,-4.676529523863978,23.118092495364895,47.0,1.0,100.0,Human,condition_mean
135.0,35.43201936719534,54.89619169534562,3.1577013789567325,19.89430154125666,48.0,1.0,100.0,Human,condition_mean
140.0,42.251533240288296,53.442544878918575,-2.3125669998240865,38.42938475448118,49.0,1.0,100.0,Human,condition_mean
145.0,48.9981902432483,44.07749696648535,-5.227953392431737,26.27310157069634,48.0,1.0,100.0,Human,condition_mean
150.0,31.82618492131614,74.49093930648584,2.9262826709327077,26.628531897981443,49.0,1.0,100.0,Human,condition_mean
155.0,-7.239208730293838,51.539131814652734,-9.641833557012676,32.22980456378839,48.0,1.0,100.0,Human,condition_mean
160.0,15.278349505072578,51.283846235197494,-6.205702205906593,19.10501996474313,49.0,1.0,100.0,Human,condition_mean
165.0,-25.641249142790983,52.013230185147336,-11.534160344593156,16.04380188903231,48.0,1.0,100.0,Human,condition_mean
170.0,91.97018040922845,87.58771872236493,-22.625254401885723,39.613857640658715,49.0,1.0,100.0,Human,condition_mean
2.0,-8.84306097353081,,9.342649778786564,,,1.0,100.0,Calibrated 1D,condition_mean
3.0,-8.84306097353081,,13.931379955793226,,,1.0,100.0,Calibrated 1D,condition_mean
4.0,-8.84306097353081,,18.067764496035444,,,1.0,100.0,Calibrated 1D,condition_mean
5.0,-8.84306097353081,,21.745003891388084,,,1.0,100.0,Calibrated 1D,condition_mean
6.0,-8.84306097353081,,24.97138458381545,,,1.0,100.0,Calibrated 1D,condition_mean
7.0,-8.84306097353081,,27.76640977399153,,,1.0,100.0,Calibrated 1D,condition_mean
8.0,-8.84306097353081,,30.157243631297167,,,1.0,100.0,Calibrated 1D,condition_mean
10.0,-8.84306097353081,,33.855802282683065,,,1.0,100.0,Calibrated 1D,condition_mean
15.0,-8.84306097353081,,38.341639924418416,,,1.0,100.0,Calibrated 1D,condition_mean
20.0,-8.84306097353081,,38.77263633397844,,,1.0,100.0,Calibrated 1D,condition_mean
25.0,-8.84306097353081,,37.35616277780874,,,1.0,100.0,Calibrated 1D,condition_mean
30.0,-8.84306097353081,,35.22314564505973,,,1.0,100.0,Calibrated 1D,condition_mean
35.0,-8.84306097353081,,32.90797054956168,,,1.0,100.0,Calibrated 1D,condition_mean
40.0,-8.84306097353081,,30.64862551431581,,,1.0,100.0,Calibrated 1D,condition_mean
45.0,-8.84306097353081,,28.541707277588156,,,1.0,100.0,Calibrated 1D,condition_mean
50.0,-8.84306097353081,,26.617861561382032,,,1.0,100.0,Calibrated 1D,condition_mean
55.0,-8.84306097353081,,24.8778789044618,,,1.0,100.0,Calibrated 1D,condition_mean
60.0,-8.84306097353081,,23.309889071753584,,,1.0,100.0,Calibrated 1D,condition_mean
65.0,-8.84306097353081,,21.897499521489475,,,1.0,100.0,Calibrated 1D,condition_mean
70.0,-8.84306097353081,,20.623571082303126,,,1.0,100.0,Calibrated 1D,condition_mean
75.0,-8.84306097353081,,19.47188166870768,,,1.0,100.0,Calibrated 1D,condition_mean
80.0,-8.84306097353081,,18.427769774523405,,,1.0,100.0,Calibrated 1D,condition_mean
85.0,-8.84306097353081,,17.47829301765395,,,1.0,100.0,Calibrated 1D,condition_mean
90.0,-8.84306097353081,,16.612165900258887,,,1.0,100.0,Calibrated 1D,condition_mean
95.0,-8.84306097353081,,15.819606986720286,,,1.0,100.0,Calibrated 1D,condition_mean
100.0,-8.84306097353081,,15.092158766487332,,,1.0,100.0,Calibrated 1D,condition_mean
105.0,-8.84306097353081,,14.42250981901434,,,1.0,100.0,Calibrated 1D,condition_mean
110.0,-8.84306097353081,,13.804332005882276,,,1.0,100.0,Calibrated 1D,condition_mean
115.0,-8.84306097353081,,13.232137045649313,,,1.0,100.0,Calibrated 1D,condition_mean
120.0,-8.84306097353081,,12.701152814107528,,,1.0,100.0,Calibrated 1D,condition_mean
125.0,-8.84306097353081,,12.207217922747235,,,1.0,100.0,Calibrated 1D,condition_mean
130.0,-8.84306097353081,,11.746692458862402,,,1.0,100.0,Calibrated 1D,condition_mean
135.0,-8.84306097353081,,11.316382649860605,,,1.0,100.0,Calibrated 1D,condition_mean
140.0,-8.84306097353081,,10.913477345851186,,,1.0,100.0,Calibrated 1D,condition_mean
145.0,-8.84306097353081,,10.535494446931782,,,1.0,100.0,Calibrated 1D,condition_mean
150.0,-8.84306097353081,,10.180235659233654,,,1.0,100.0,Calibrated 1D,condition_mean
155.0,-8.84306097353081,,9.845748211032944,,,1.0,100.0,Calibrated 1D,condition_mean
160.0,-8.84306097353081,,9.53029238207473,,,1.0,100.0,Calibrated 1D,condition_mean
165.0,-8.84306097353081,,9.232313891146587,,,1.0,100.0,Calibrated 1D,condition_mean
170.0,-8.84306097353081,,8.950420349398248,,,1.0,100.0,Calibrated 1D,condition_mean
2.0,-29.088994702941118,,-0.7084052170181199,,,1.0,100.0,Calibrated 2D,condition_mean
3.0,-28.918665662396396,,3.109660017792068,,,1.0,100.0,Calibrated 2D,condition_mean
4.0,-28.686934728838015,,6.7750738230488174,,,1.0,100.0,Calibrated 2D,condition_mean
5.0,-28.3980260254831,,10.281119140866675,,,1.0,100.0,Calibrated 2D,condition_mean
6.0,-28.05628974147104,,13.622883921643346,,,1.0,100.0,Calibrated 2D,condition_mean
7.0,-27.66613369955119,,16.79712902882462,,,1.0,100.0,Calibrated 2D,condition_mean
8.0,-27.23196287161429,,19.802140675487653,,,1.0,100.0,Calibrated 2D,condition_mean
10.0,-26.248877722562426,,25.304295217372776,,,1.0,100.0,Calibrated 2D,condition_mean
15.0,-23.309365124403175,,36.20297833210217,,,1.0,100.0,Calibrated 2D,condition_mean
20.0,-20.021290340535522,,43.457171915568836,,,1.0,100.0,Calibrated 2D,condition_mean
25.0,-16.698367491642394,,47.7589432512316,,,1.0,100.0,Calibrated 2D,condition_mean
30.0,-13.537572515229828,,49.79761883648034,,,1.0,100.0,Calibrated 2D,condition_mean
35.0,-10.648193728523808,,50.16684406597905,,,1.0,100.0,Calibrated 2D,condition_mean
40.0,-8.080513479515457,,49.34077316440608,,,1.0,100.0,Calibrated 2D,condition_mean
45.0,-5.848143051127856,,47.68195261711541,,,1.0,100.0,Calibrated 2D,condition_mean
50.0,-3.9435249217932657,,45.46027432536798,,,1.0,100.0,Calibrated 2D,condition_mean
55.0,-2.3479479946894983,,42.8732754097466,,,1.0,100.0,Calibrated 2D,condition_mean
60.0,-1.0376765148529294,,40.06393862714175,,,1.0,100.0,Calibrated 2D,condition_mean
65.0,0.012483761702156926,,37.1349654023879,,,1.0,100.0,Calibrated 2D,condition_mean
70.0,0.8272301220529172,,34.15968462879614,,,1.0,100.0,Calibrated 2D,condition_mean
75.0,1.4297823299817267,,31.19016255956273,,,1.0,100.0,Calibrated 2D,condition_mean
80.0,1.8414714307015885,,28.263134124663907,,,1.0,100.0,Calibrated 2D,condition_mean
85.0,2.0816475807403805,,25.404299757382972,,,1.0,100.0,Calibrated 2D,condition_mean
90.0,2.1677563547140046,,22.631421786598136,,,1.0,100.0,Calibrated 2D,condition_mean
95.0,2.1154952528434237,,19.956550009415928,,,1.0,100.0,Calibrated 2D,condition_mean
100.0,1.9390001445285776,,17.38761986522254,,,1.0,100.0,Calibrated 2D,condition_mean
105.0,1.651034166195764,,14.929600103116808,,,1.0,100.0,Calibrated 2D,condition_mean
110.0,1.263165004120335,,12.585317326682318,,,1.0,100.0,Calibrated 2D,condition_mean
115.0,0.7859242244869016,,10.35604872404658,,,1.0,100.0,Calibrated 2D,condition_mean
120.0,0.228946643724381,,8.241948317943685,,,1.0,100.0,Calibrated 2D,condition_mean
125.0,-0.39890994691736026,,6.242353492501451,,,1.0,100.0,Calibrated 2D,condition_mean
130.0,-1.089463237337224,,4.356005304305514,,,1.0,100.0,Calibrated 2D,condition_mean
135.0,-1.8351210852397095,,2.581206641964773,,,1.0,100.0,Calibrated 2D,condition_mean
140.0,-2.6288103670916385,,0.9159355608808664,,,1.0,100.0,Calibrated 2D,condition_mean
145.0,-3.463918003470802,,-0.6420736970964107,,,1.0,100.0,Calibrated 2D,condition_mean
150.0,-4.334242337319495,,-2.0952729430047503,,,1.0,100.0,Calibrated 2D,condition_mean
155.0,-5.233953246874801,,-3.44625896701847,,,1.0,100.0,Calibrated 2D,condition_mean
160.0,-6.157559582221641,,-4.6977443724856,,,1.0,100.0,Calibrated 2D,condition_mean
165.0,-7.099882709600887,,-5.852536837438604,,,1.0,100.0,Calibrated 2D,condition_mean
170.0,-8.056035123780056,,-6.913524267531714,,,1.0,100.0,Calibrated 2D,condition_mean
2.0,-39.98959362634543,,20.06786509701709,,,1.0,100.0,Human,smoothed_path
2.702928870292887,-39.84194821384962,,20.13654917212639,,,1.0,100.0,Human,smoothed_path
3.405857740585774,-39.68741961485176,,20.213327200217037,,,1.0,100.0,Human,smoothed_path
4.108786610878661,-39.52562479733012,,20.29860343326613,,,1.0,100.0,Human,smoothed_path
4.811715481171548,-39.35616412466115,,20.39278914213791,,,1.0,100.0,Human,smoothed_path
5.514644351464435,-39.17862166226696,,20.49630080418247,,,1.0,100.0,Human,smoothed_path
6.217573221757322,-38.99256568555663,,20.609557969761468,,,1.0,100.0,Human,smoothed_path
6.920502092050209,-38.797549418068414,,20.732980780569953,,,1.0,100.0,Human,smoothed_path
7.623430962343096,-38.593112030450364,,20.86698711352338,,,1.0,100.0,Human,smoothed_path
8.326359832635983,-38.37877993233011,,21.01198932570572,,,1.0,100.0,Human,smoothed_path
9.02928870292887,-38.15406839010086,,21.1683905785887,,,1.0,100.0,Human,smoothed_path
9.732217573221757,-37.91848350404816,,21.33658072359941,,,1.0,100.0,Human,smoothed_path
10.435146443514643,-37.67152457790512,,21.516931736305576,,,1.0,100.0,Human,smoothed_path
11.13807531380753,-37.41268691267848,,21.709792693170186,,,1.0,100.0,Human,smoothed_path
11.841004184100418,-37.14146505425121,,21.915484293153927,,,1.0,100.0,Human,smoothed_path
12.543933054393305,-36.85735652064605,,22.13429293654447,,,1.0,100.0,Human,smoothed_path
13.246861924686192,-36.55986602973868,,22.3664643853573,,,1.0,100.0,Human,smoothed_path
13.949790794979078,-36.248510241457524,,22.61219704352034,,,1.0,100.0,Human,smoothed_path
14.652719665271965,-35.922823019940594,,22.871634910791236,,,1.0,100.0,Human,smoothed_path
15.355648535564853,-35.58236121061725,,23.1448602818352,,,1.0,100.0,Human,smoothed_path
16.05857740585774,-35.22671091467556,,23.431886280878444,,,1.0,100.0,Human,smoothed_path
16.761506276150627,-34.85549422886929,,23.73264934248289,,,1.0,100.0,Human,smoothed_path
17.464435146443513,-34.46837640221035,,24.047001769753997,,,1.0,100.0,Human,smoothed_path
18.1673640167364,-34.06507334299117,,24.37470452203131,,,1.0,100.0,Human,smoothed_path
18.870292887029287,-33.64535939012721,,24.71542040399903,,,1.0,100.0,Human,smoothed_path
19.573221757322173,-33.2090752424869,,25.068707846216544,,,1.0,100.0,Human,smoothed_path
20.27615062761506,-32.75613591931838,,25.434015482198816,,,1.0,100.0,Human,smoothed_path
20.97907949790795,-32.286538604878096,,25.810677738166362,,,1.0,100.0,Human,smoothed_path
21.682008368200837,-31.800370211843173,,26.19791165717365,,,1.0,100.0,Human,smoothed_path
22.384937238493723,-31.297814482086295,,26.59481517827206,,,1.0,100.0,Human,smoothed_path
23.08786610878661,-30.77915843103166,,27.000367082518345,,,1.0,100.0,Human,smoothed_path
23.790794979079497,-30.244797934228323,,27.41342880004567,,,1.0,100.0,Human,smoothed_path
24.493723849372383,-29.695242253071036,,27.832748245401525,,,1.0,100.0,Human,smoothed_path
25.19665271966527,-29.13111730173211,,28.256965811645713,,,1.0,100.0,Human,smoothed_path
25.899581589958157,-28.553167470100597,,28.68462260749301,,,1.0,100.0,Human,smoothed_path
26.602510460251043,-27.96225583831088,,29.114170966832624,,,1.0,100.0,Human,smoothed_path
27.30543933054393,-27.359362647364378,,29.54398719760547,,,1.0,100.0,Human,smoothed_path
28.008368200836816,-26.745581927042476,,29.972386469213653,,,1.0,100.0,Human,smoothed_path
28.711297071129707,-26.1221162259385,,30.397639666865807,,,1.0,100.0,Human,smoothed_path
29.414225941422593,-25.490269437677796,,30.81799197047614,,,1.0,100.0,Human,smoothed_path
30.11715481171548,-24.851437770474995,,31.23168284819162,,,1.0,100.0,Human,smoothed_path
30.820083682008367,-24.207098961944524,,31.636967093702268,,,1.0,100.0,Human,smoothed_path
31.523012552301253,-23.558799895116945,,32.032136485480976,,,1.0,100.0,Human,smoothed_path
32.22594142259414,-22.908142822380803,,32.41554160796282,,,1.0,100.0,Human,smoothed_path
32.92887029288703,-22.25677044906943,,32.78561335181993,,,1.0,100.0,Human,smoothed_path
33.63179916317991,-21.606350165365622,,33.14088360458566,,,1.0,100.0,Human,smoothed_path
34.3347280334728,-20.958557742205763,,33.48000465470488,,,1.0,100.0,Human,smoothed_path
35.037656903765686,-20.315060822553352,,33.80176686144297,,,1.0,100.0,Human,smoothed_path
35.74058577405857,-19.677502543033903,,34.10511418880057,,,1.0,100.0,Human,smoothed_path
36.44351464435146,-19.047485612411542,,34.389157261577154,,,1.0,100.0,Human,smoothed_path
37.146443514644346,-18.426557153360715,,34.65318367316338,,,1.0,100.0,Human,smoothed_path
37.84937238493723,-17.816194583691427,,34.89666535411618,,,1.0,100.0,Human,smoothed_path
38.55230125523012,-17.217792774397772,,35.119262894357455,,,1.0,100.0,Human,smoothed_path
39.255230125523006,-16.632652676785323,,35.320826796142654,,,1.0,100.0,Human,smoothed_path
39.9581589958159,-16.06197156188454,,35.50139571615237,,,1.0,100.0,Human,smoothed_path
40.66108786610879,-15.506834964828808,,35.66119182995364,,,1.0,100.0,Human,smoothed_path
41.36401673640167,-14.968210377214117,,35.80061351800062,,,1.0,100.0,Human,smoothed_path
42.06694560669456,-14.44694268376819,,35.920225627332634,,,1.0,100.0,Human,smoothed_path
42.76987447698745,-13.943751297687676,,36.02074760594188,,,1.0,100.0,Human,smoothed_path
43.47280334728033,-13.459228913077597,,36.103039836923934,,,1.0,100.0,Human,smoothed_path
44.17573221757322,-12.993841763906628,,36.1680885171554,,,1.0,100.0,Human,smoothed_path
44.87866108786611,-12.547931257178451,,36.21698943111225,,,1.0,100.0,Human,smoothed_path
45.58158995815899,-12.121716833589911,,36.250930965747955,,,1.0,100.0,Human,smoothed_path
46.28451882845188,-11.71529990141106,,36.27117669860518,,,1.0,100.0,Human,smoothed_path
46.98744769874477,-11.328668687996466,,36.27904787024227,,,1.0,100.0,Human,smoothed_path
47.69037656903765,-10.961703857326258,,36.27590602536773,,,1.0,100.0,Human,smoothed_path
48.39330543933054,-10.614184750254195,,36.26313607650559,,,1.0,100.0,Human,smoothed_path
49.096234309623426,-10.285796115628496,,36.242130011135984,,,1.0,100.0,Human,smoothed_path
49.79916317991631,-9.976135214085634,,36.21427142945793,,,1.0,100.0,Human,smoothed_path
50.5020920502092,-9.684719191096823,,36.18092106636598,,,1.0,100.0,Human,smoothed_path
51.205020920502086,-9.41099263088263,,36.14340341884289,,,1.0,100.0,Human,smoothed_path
51.90794979079497,-9.154335217344483,,36.10299456943706,,,1.0,100.0,Human,smoothed_path
52.61087866108786,-8.914069441587174,,36.060911268289246,,,1.0,100.0,Human,smoothed_path
53.313807531380746,-8.689468307468164,,36.01830131058111,,,1.0,100.0,Human,smoothed_path
54.01673640167363,-8.479762996603334,,35.97623522342934,,,1.0,100.0,Human,smoothed_path
54.71966527196653,-8.284150462216996,,35.935699256144865,,,1.0,100.0,Human,smoothed_path
55.42259414225941,-8.10180092710282,,35.89758965033532,,,1.0,100.0,Human,smoothed_path
56.1255230125523,-7.931865264822451,,35.86270815140498,,,1.0,100.0,Human,smoothed_path
56.82845188284519,-7.7734822452582115,,35.83175871042367,,,1.0,100.0,Human,smoothed_path
57.53138075313807,-7.625785625969376,,35.80534531490187,,,1.0,100.0,Human,smoothed_path
58.23430962343096,-7.487911069743704,,35.783970878538,,,1.0,100.0,Human,smoothed_path
58.93723849372385,-7.359002866582848,,35.76803711331877,,,1.0,100.0,Human,smoothed_path
59.64016736401673,-7.238220435427049,,35.757845302299714,,,1.0,100.0,Human,smoothed_path
60.34309623430962,-7.124744577528883,,35.753597887837486,,,1.0,100.0,Human,smoothed_path
61.046025104602506,-7.017783449838986,,35.755400787872944,,,1.0,100.0,Human,smoothed_path
61.74895397489539,-6.916578223361446,,35.763266351984264,,,1.0,100.0,Human,smoothed_path
62.45188284518828,-6.820408388441623,,35.77711686925532,,,1.0,100.0,Human,smoothed_path
63.154811715481166,-6.728596666600314,,35.796788541469795,,,1.0,100.0,Human,smoothed_path
63.85774058577405,-6.640513487025026,,35.822035837672736,,,1.0,100.0,Human,smoothed_path
64.56066945606693,-6.555580985330164,,35.85253614966933,,,1.0,100.0,Human,smoothed_path
65.26359832635983,-6.47327648281941,,35.88789467247699,,,1.0,100.0,Human,smoothed_path
65.96652719665272,-6.393135406296866,,35.92764943902437,,,1.0,100.0,Human,smoothed_path
66.6694560669456,-6.314753611505941,,35.97127644439999,,,1.0,100.0,Human,smoothed_path
67.3723849372385,-6.237789077511215,,36.018194801578474,,,1.0,100.0,Human,smoothed_path
68.07531380753137,-6.161962944721169,,36.06777187767081,,,1.0,100.0,Human,smoothed_path
68.77824267782427,-6.0870598756827565,,36.119328367211466,,,1.0,100.0,Human,smoothed_path
69.48117154811715,-6.012927725133572,,36.17214326666566,,,1.0,100.0,Human,smoothed_path
70.18410041841004,-5.939476513911998,,36.22545872205366,,,1.0,100.0,Human,smoothed_path
70.88702928870292,-5.866676710016467,,36.27848472918667,,,1.0,100.0,Human,smoothed_path
71.58995815899581,-5.794556829166809,,36.33040367333199,,,1.0,100.0,Human,smoothed_path
72.29288702928869,-5.723200376436706,,36.38037470201769,,,1.0,100.0,Human,smoothed_path
72.99581589958159,-5.65274215967278,,36.427537931006015,,,1.0,100.0,Human,smoothed_path
73.69874476987447,-5.583364014268505,,36.4710184890796,,,1.0,100.0,Human,smoothed_path
74.40167364016736,-5.515289987203477,,36.5099304120825,,,1.0,100.0,Human,smoothed_path
75.10460251046024,-5.448781035885,,36.543380400551044,,,1.0,100.0,Human,smoothed_path
75.80753138075313,-5.384129304053979,,36.570471458189,,,1.0,100.0,Human,smoothed_path
76.51046025104601,-5.321652042678722,,36.590306430351816,,,1.0,100.0,Human,smoothed_path
77.2133891213389,-5.261685248224418,,36.60199146259265,,,1.0,100.0,Human,smoothed_path
77.9163179916318,-5.204577093852521,,36.60463939920682,,,1.0,100.0,Human,smoothed_path
78.61924686192468,-5.150681230906169,,36.597373140635554,,,1.0,100.0,Human,smoothed_path
79.32217573221757,-5.100350038447955,,36.57932897662693,,,1.0,100.0,Human,smoothed_path
80.02510460251045,-5.053927897642246,,36.54965990929444,,,1.0,100.0,Human,smoothed_path
80.72803347280335,-5.011744565464821,,36.5075389767797,,,1.0,100.0,Human,smoothed_path
81.43096234309623,-4.974108718658997,,36.45216258424712,,,1.0,100.0,Human,smoothed_path
82.13389121338912,-4.941301734157469,,36.38275384456075,,,1.0,100.0,Human,smoothed_path
82.836820083682,-4.913571766498928,,36.298565926372014,,,1.0,100.0,Human,smoothed_path
83.5397489539749,-4.891128176260301,,36.19888540263835,,,1.0,100.0,Human,smoothed_path
84.24267782426777,-4.874136356392157,,36.08303558795545,,,1.0,100.0,Human,smoothed_path
84.94560669456067,-4.862712995792707,,35.95037984866785,,,1.0,100.0,Human,smoothed_path
85.64853556485355,-4.856921811700736,,35.800324865667605,,,1.0,100.0,Human,smoothed_path
86.35146443514644,-4.856769774745848,,35.632323826222915,,,1.0,100.0,Human,smoothed_path
87.05439330543932,-4.862203842976993,,35.44587951820725,,,1.0,100.0,Human,smoothed_path
87.75732217573221,-4.873108214097386,,35.24054729781061,,,1.0,100.0,Human,smoothed_path
88.46025104602509,-4.889302098646734,,35.015937900277066,,,1.0,100.0,Human,smoothed_path
89.16317991631799,-4.910538011148889,,34.771720062461,,,1.0,100.0,Human,smoothed_path
89.86610878661087,-4.9365005714135215,,34.50762292605076,,,1.0,100.0,Human,smoothed_path
90.56903765690376,-4.966805804341115,,34.22343819115864,,,1.0,100.0,Human,smoothed_path
91.27196652719664,-5.001000923792638,,33.91902199159225,,,1.0,100.0,Human,smoothed_path
91.97489539748953,-5.038564584371291,,33.59429646544491,,,1.0,100.0,Human,smoothed_path
92.67782426778243,-5.078907584308568,,33.2492509976047,,,1.0,100.0,Human,smoothed_path
93.3807531380753,-5.121374002996656,,32.883943114285465,,,1.0,100.0,Human,smoothed_path
94.0836820083682,-5.1652427579732905,,32.49849901363053,,,1.0,100.0,Human,smoothed_path
94.78661087866108,-5.209729568219452,,32.09311372071518,,,1.0,100.0,Human,smoothed_path
95.48953974895397,-5.253989313320387,,31.668050859758864,,,1.0,100.0,Human,smoothed_path
96.19246861924685,-5.297118781186708,,31.223642040932944,,,1.0,100.0,Human,smoothed_path
96.89539748953975,-5.338159800435961,,30.760285863695117,,,1.0,100.0,Human,smoothed_path
97.59832635983263,-5.376102756983606,,30.278446542987183,,,1.0,100.0,Human,smoothed_path
98.30125523012552,-5.409890497667823,,29.77865216879318,,,1.0,100.0,Human,smoothed_path
99.0041841004184,-5.438422626616997,,29.261492613381343,,,1.0,100.0,Human,smoothed_path
99.7071129707113,-5.4605602023525295,,28.727617103968342,,,1.0,100.0,Human,smoothed_path
100.41004184100417,-5.475130845108648,,28.17773148148905,,,1.0,100.0,Human,smoothed_path
101.11297071129707,-5.480934264371556,,27.61259516858618,,,1.0,100.0,Human,smoothed_path
101.81589958158995,-5.476748216048328,,27.03301787182991,,,1.0,100.0,Human,smoothed_path
102.51882845188284,-5.461334896858767,,26.439856044529954,,,1.0,100.0,Human,smoothed_path
103.22175732217572,-5.4334477804274925,,25.834009137326156,,,1.0,100.0,Human,smoothed_path
103.92468619246861,-5.391838895104244,,25.21641566406415,,,1.0,100.0,Human,smoothed_path
104.62761506276149,-5.335266537769277,,24.58804911032567,,,1.0,100.0,Human,smoothed_path
105.33054393305439,-5.262503410840068,,23.94991371144121,,,1.0,100.0,Human,smoothed_path
106.03347280334727,-5.172345161484586,,23.30304012593386,,,1.0,100.0,Human,smoothed_path
106.73640167364016,-5.063619292804978,,22.648481029196674,,,1.0,100.0,Human,smoothed_path
107.43933054393305,-4.935194406663818,,21.98730665087102,,,1.0,100.0,Human,smoothed_path
108.14225941422593,-4.785989727099141,,21.32060027794475,,,1.0,100.0,Human,smoothed_path
108.84518828451883,-4.614984842161372,,20.649453744105124,,,1.0,100.0,Human,smoothed_path
109.5481171548117,-4.421229590777046,,19.974962924431708,,,1.0,100.0,Human,smoothed_path
110.2510460251046,-4.203854010191355,,19.29822325316364,,,1.0,100.0,Human,smoothed_path
110.95397489539748,-3.9620782489672033,,18.620325281080703,,,1.0,100.0,Human,smoothed_path
111.65690376569037,-3.69522234072794,,17.94235028803964,,,1.0,100.0,Human,smoothed_path
112.35983263598325,-3.4027157251280036,,17.265365965442655,,,1.0,100.0,Human,smoothed_path
113.06276150627615,-3.084106395211274,,16.59042218289833,,,1.0,100.0,Human,smoothed_path
113.76569037656903,-2.7390695446442415,,15.918546853077116,,,1.0,100.0,Human,smoothed_path
114.46861924686192,-2.3674155845367615,,15.25074190875127,,,1.0,100.0,Human,smoothed_path
115.1715481171548,-1.9690973979026705,,14.587979406227035,,,1.0,100.0,Human,smoothed_path
115.8744769874477,-1.544216700441363,,13.931197769788298,,,1.0,100.0,Human,smoothed_path
116.57740585774057,-1.0930293793743031,,13.28129819233688,,,1.0,100.0,Human,smoothed_path
117.28033472803347,-0.6159496876318054,,12.639141208080389,,,1.0,100.0,Human,smoothed_path
117.98326359832635,-0.11355317879239113,,12.005543453828395,,,1.0,100.0,Human,smoothed_path
118.68619246861924,0.4134217211894857,,11.381274636146152,,,1.0,100.0,Human,smoothed_path
119.38912133891212,0.9640735963403684,,10.767054722219184,,,1.0,100.0,Human,smoothed_path
120.09205020920501,1.5373394525611093,,10.163551372733584,,,1.0,100.0,Human,smoothed_path
120.79497907949789,2.131997716931452,,9.571377635315422,,,1.0,100.0,Human,smoothed_path
121.49790794979079,2.7466728628003567,,8.991089917036053,,,1.0,100.0,Human,smoothed_path
122.20083682008368,3.379841677885597,,8.423186254129792,,,1.0,100.0,Human,smoothed_path
122.90376569037656,4.029841170128274,,7.868104896338258,,,1.0,100.0,Human,smoothed_path
123.60669456066945,4.694878082599974,,7.326223222161534,,,1.0,100.0,Human,smoothed_path
124.30962343096233,5.373039964736831,,6.797856999734876,,,1.0,100.0,Human,smoothed_path
125.01255230125523,6.062307722996189,,6.283260006051506,,,1.0,100.0,Human,smoothed_path
125.7154811715481,6.760569550135868,,5.782624014820993,,,1.0,100.0,Human,smoothed_path
126.418410041841,7.465636109158622,,5.296079160402507,,,1.0,100.0,Human,smoothed_path
127.12133891213388,8.17525682599743,,4.8236946820153825,,,1.0,100.0,Human,smoothed_path
127.82426778242677,8.887137124694927,,4.365480048844999,,,1.0,100.0,Human,smoothed_path
128.52719665271965,9.598956420585344,,3.921386462787909,,,1.0,100.0,Human,smoothed_path
129.23012552301253,10.30838667123434,,3.4913087314785543,,,1.0,100.0,Human,smoothed_path
129.93305439330544,11.013111272006268,,3.075087499989106,,,1.0,100.0,Human,smoothed_path
130.63598326359832,11.7108440734456,,2.6725118252743965,,,1.0,100.0,Human,smoothed_path
131.3389121338912,12.399348291459708,,2.2833220731356403,,,1.0,100.0,Human,smoothed_path
132.04184100418408,13.076455078790953,,1.907213113292419,,,1.0,100.0,Human,smoothed_path
132.744769874477,13.740081527619218,,1.5438377841742081,,,1.0,100.0,Human,smoothed_path
133.44769874476987,14.388247878409498,,1.1928105953646502,,,1.0,100.0,Human,smoothed_path
134.15062761506275,15.019093719305094,,0.8537116323405458,,,1.0,100.0,Human,smoothed_path
134.85355648535563,15.63089297336624,,0.5260906253264767,,,1.0,100.0,Human,smoothed_path
135.55648535564853,16.22206748758551,,0.20947114180611193,,,1.0,100.0,Human,smoothed_path
136.2594142259414,16.79119905760136,,-0.09664513944396763,,,1.0,100.0,Human,smoothed_path
136.9623430962343,17.337039745029564,,-0.3927741159559555,,,1.0,100.0,Human,smoothed_path
137.6652719665272,17.858520369905495,,-0.6794449543037014,,,1.0,100.0,Human,smoothed_path
138.36820083682008,18.354757088383842,,-0.9571958310984583,,,1.0,100.0,Human,smoothed_path
139.07112970711296,18.825055995018772,,-1.2265697643121758,,,1.0,100.0,Human,smoothed_path
139.77405857740584,19.268915719050305,,-1.4881105752405497,,,1.0,100.0,Human,smoothed_path
140.47698744769875,19.686028014527807,,-1.7423590190153775,,,1.0,100.0,Human,smoothed_path
141.17991631799163,20.076276374172277,,-1.989849118572116,,,1.0,100.0,Human,smoothed_path
141.8828451882845,20.439732725989295,,-2.2311047334406457,,,1.0,100.0,Human,smoothed_path
142.58577405857739,20.776652299190275,,-2.4666363907322415,,,1.0,100.0,Human,smoothed_path
143.2887029288703,21.08746677140423,,-2.6969384013341493,,,1.0,100.0,Human,smoothed_path
143.99163179916317,21.372775831962386,,-2.9224862796904985,,,1.0,100.0,Human,smoothed_path
144.69456066945605,21.633337315789532,,-3.143734480747831,,,1.0,100.0,Human,smoothed_path
145.39748953974893,21.870056078795006,,-3.3611144627781075,,,1.0,100.0,Human,smoothed_path
146.10041841004184,22.08397179837589,,-3.575033079965558,,,1.0,100.0,Human,smoothed_path
146.80334728033472,22.276245891575392,,-3.785871303953666,,,1.0,100.0,Human,smoothed_path
147.5062761506276,22.44814774853269,,-3.9939832690874457,,,1.0,100.0,Human,smoothed_path
148.20920502092048,22.601040480166944,,-4.1996956319351915,,,1.0,100.0,Human,smoothed_path
148.9121338912134,22.73636637670289,,-4.403307231904862,,,1.0,100.0,Human,smoothed_path
149.61506276150627,22.85563226789851,,-4.60508903643979,,,1.0,100.0,Human,smoothed_path
150.31799163179915,22.960394966981692,,-4.805284351431035,,,1.0,100.0,Human,smoothed_path
151.02092050209203,23.052246968708843,,-5.004109275147535,,,1.0,100.0,Human,smoothed_path
151.72384937238493,23.13280255803962,,-5.201753372175947,,,1.0,100.0,Human,smoothed_path
152.4267782426778,23.203684470122404,,-5.398380542579065,,,1.0,100.0,Human,smoothed_path
153.1297071129707,23.2665112250698,,-5.5941300607135656,,,1.0,100.0,Human,smoothed_path
153.8326359832636,23.322885242835714,,-5.789117757869511,,,1.0,100.0,Human,smoothed_path
154.53556485355648,23.3743818248394,,-5.983437323072207,,,1.0,100.0,Human,smoothed_path
155.23849372384936,23.422539070245747,,-6.177161696978938,,,1.0,100.0,Human,smoothed_path
155.94142259414224,23.468848776399312,,-6.370344534759818,,,1.0,100.0,Human,smoothed_path
156.64435146443515,23.514748355174234,,-6.563021715121657,,,1.0,100.0,Human,smoothed_path
157.34728033472803,23.561613780245406,,-6.755212874159989,,,1.0,100.0,Human,smoothed_path
158.0502092050209,23.610753564758607,,-6.9469229444524405,,,1.0,100.0,Human,smoothed_path
158.75313807531379,23.663403754773853,,-7.138143681680701,,,1.0,100.0,Human,smoothed_path
159.4560669456067,23.72072391131972,,-7.328855163037501,,,1.0,100.0,Human,smoothed_path
160.15899581589957,23.783794043014385,,-7.519027243689149,,,1.0,100.0,Human,smoothed_path
160.86192468619245,23.85361244202569,,-7.708620959580666,,,1.0,100.0,Human,smoothed_path
161.56485355648533,23.931094368650573,,-7.897589866848891,,,1.0,100.0,Human,smoothed_path
162.26778242677824,24.017071523956286,,-8.085881310017426,,,1.0,100.0,Human,smoothed_path
162.97071129707112,24.112292245664154,,-8.273437612956783,,,1.0,100.0,Human,smoothed_path
163.673640167364,24.217422359672444,,-8.460197188282892,,,1.0,100.0,Human,smoothed_path
164.37656903765688,24.333046618185783,,-8.646095562419674,,,1.0,100.0,Human,smoothed_path
165.0794979079498,24.45967065520926,,-8.831066314956946,,,1.0,100.0,Human,smoothed_path
165.78242677824267,24.59772339103058,,-9.015041932185255,,,1.0,100.0,Human,smoothed_path
166.48535564853555,24.747559819104534,,-9.197954575783816,,,1.0,100.0,Human,smoothed_path
167.18828451882845,24.90946411132156,,-9.379736768576429,,,1.0,100.0,Human,smoothed_path
167.89121338912133,25.083652980842103,,-9.56032200005873,,,1.0,100.0,Human,smoothed_path
168.5941422594142,25.270279245372002,,-9.73964525504485,,,1.0,100.0,Human,smoothed_path
169.2970711297071,25.46943553781243,,-9.917643469290923,,,1.0,100.0,Human,smoothed_path
170.0,25.6811581155245,,-10.094255916338653,,,1.0,100.0,Human,smoothed_path
2.0,-8.843060973530807,,25.343403823588723,,,1.0,100.0,Calibrated 1D,smoothed_path
2.702928870292887,-8.843060973530811,,25.489301213922356,,,1.0,100.0,Calibrated 1D,smoothed_path
3.405857740585774,-8.843060973530806,,25.6373470917169,,,1.0,100.0,Calibrated 1D,smoothed_path
4.108786610878661,-8.843060973530811,,25.787501261091066,,,1.0,100.0,Calibrated 1D,smoothed_path
4.811715481171548,-8.843060973530811,,25.939711898818643,,,1.0,100.0,Calibrated 1D,smoothed_path
5.514644351464435,-8.843060973530811,,26.093914404992432,,,1.0,100.0,Calibrated 1D,smoothed_path
6.217573221757322,-8.843060973530811,,26.250030198239266,,,1.0,100.0,Calibrated 1D,smoothed_path
6.920502092050209,-8.84306097353081,,26.4079654613363,,,1.0,100.0,Calibrated 1D,smoothed_path
7.623430962343096,-8.843060973530807,,26.56760984510715,,,1.0,100.0,Calibrated 1D,smoothed_path
8.326359832635983,-8.84306097353081,,26.72883514078041,,,1.0,100.0,Calibrated 1D,smoothed_path
9.02928870292887,-8.84306097353081,,26.89149393357579,,,1.0,100.0,Calibrated 1D,smoothed_path
9.732217573221757,-8.843060973530807,,27.05541825313537,,,1.0,100.0,Calibrated 1D,smoothed_path
10.435146443514643,-8.843060973530807,,27.22041823952125,,,1.0,100.0,Calibrated 1D,smoothed_path
11.13807531380753,-8.843060973530811,,27.386280846819183,,,1.0,100.0,Calibrated 1D,smoothed_path
11.841004184100418,-8.843060973530811,,27.552768609869986,,,1.0,100.0,Calibrated 1D,smoothed_path
12.543933054393305,-8.843060973530811,,27.719618503219795,,,1.0,100.0,Calibrated 1D,smoothed_path
13.246861924686192,-8.843060973530811,,27.88654092494211,,,1.0,100.0,Calibrated 1D,smoothed_path
13.949790794979078,-8.843060973530811,,28.0532188414127,,,1.0,100.0,Calibrated 1D,smoothed_path
14.652719665271965,-8.84306097353081,,28.21930713226488,,,1.0,100.0,Calibrated 1D,smoothed_path
15.355648535564853,-8.843060973530811,,28.384432177438185,,,1.0,100.0,Calibrated 1D,smoothed_path
16.05857740585774,-8.84306097353081,,28.548191730256928,,,1.0,100.0,Calibrated 1D,smoothed_path
16.761506276150627,-8.843060973530807,,28.710155121610683,,,1.0,100.0,Calibrated 1D,smoothed_path
17.464435146443513,-8.843060973530807,,28.869863840318068,,,1.0,100.0,Calibrated 1D,smoothed_path
18.1673640167364,-8.843060973530811,,29.026832533393055,,,1.0,100.0,Calibrated 1D,smoothed_path
18.870292887029287,-8.84306097353081,,29.180550466959783,,,1.0,100.0,Calibrated 1D,smoothed_path
19.573221757322173,-8.843060973530807,,29.33048348376202,,,1.0,100.0,Calibrated 1D,smoothed_path
20.27615062761506,-8.843060973530811,,29.47607648641004,,,1.0,100.0,Calibrated 1D,smoothed_path
20.97907949790795,-8.84306097353081,,29.61675646658597,,,1.0,100.0,Calibrated 1D,smoothed_path
21.682008368200837,-8.843060973530807,,29.751936089355446,,,1.0,100.0,Calibrated 1D,smoothed_path
22.384937238493723,-8.843060973530807,,29.88101782857928,,,1.0,100.0,Calibrated 1D,smoothed_path
23.08786610878661,-8.843060973530807,,30.003398634376452,,,1.0,100.0,Calibrated 1D,smoothed_path
23.790794979079497,-8.843060973530807,,30.118475096987787,,,1.0,100.0,Calibrated 1D,smoothed_path
24.493723849372383,-8.843060973530807,,30.225649053699335,,,1.0,100.0,Calibrated 1D,smoothed_path
25.19665271966527,-8.843060973530807,,30.32433356731721,,,1.0,100.0,Calibrated 1D,smoothed_path
25.899581589958157,-8.843060973530807,,30.413959186780733,,,1.0,100.0,Calibrated 1D,smoothed_path
26.602510460251043,-8.843060973530811,,30.493980383694094,,,1.0,100.0,Calibrated 1D,smoothed_path
27.30543933054393,-8.843060973530807,,30.563882043749445,,,1.0,100.0,Calibrated 1D,smoothed_path
28.008368200836816,-8.84306097353081,,30.623185880113695,,,1.0,100.0,Calibrated 1D,smoothed_path
28.711297071129707,-8.843060973530807,,30.67145662771701,,,1.0,100.0,Calibrated 1D,smoothed_path
29.414225941422593,-8.843060973530813,,30.708307873758624,,,1.0,100.0,Calibrated 1D,smoothed_path
30.11715481171548,-8.843060973530807,,30.733407381201232,,,1.0,100.0,Calibrated 1D,smoothed_path
30.820083682008367,-8.843060973530807,,30.746481768890032,,,1.0,100.0,Calibrated 1D,smoothed_path
31.523012552301253,-8.84306097353081,,30.747320424257047,,,1.0,100.0,Calibrated 1D,smoothed_path
32.22594142259414,-8.843060973530807,,30.735778542096877,,,1.0,100.0,Calibrated 1D,smoothed_path
32.92887029288703,-8.84306097353081,,30.711779205059862,,,1.0,100.0,Calibrated 1D,smoothed_path
33.63179916317991,-8.843060973530807,,30.67531444744171,,,1.0,100.0,Calibrated 1D,smoothed_path
34.3347280334728,-8.84306097353081,,30.626445272452816,,,1.0,100.0,Calibrated 1D,smoothed_path
35.037656903765686,-8.843060973530807,,30.56530062314298,,,1.0,100.0,Calibrated 1D,smoothed_path
35.74058577405857,-8.84306097353081,,30.492075337162696,,,1.0,100.0,Calibrated 1D,smoothed_path
36.44351464435146,-8.84306097353081,,30.407027144181022,,,1.0,100.0,Calibrated 1D,smoothed_path
37.146443514644346,-8.843060973530807,,30.31047279076393,,,1.0,100.0,Calibrated 1D,smoothed_path
37.84937238493723,-8.843060973530811,,30.202783399730208,,,1.0,100.0,Calibrated 1D,smoothed_path
38.55230125523012,-8.843060973530807,,30.08437918857258,,,1.0,100.0,Calibrated 1D,smoothed_path
39.255230125523006,-8.843060973530811,,29.955723683877256,,,1.0,100.0,Calibrated 1D,smoothed_path
39.9581589958159,-8.843060973530807,,29.817317575524797,,,1.0,100.0,Calibrated 1D,smoothed_path
40.66108786610879,-8.843060973530811,,29.669692355852575,,,1.0,100.0,Calibrated 1D,smoothed_path
41.36401673640167,-8.84306097353081,,29.513403885227085,,,1.0,100.0,Calibrated 1D,smoothed_path
42.06694560669456,-8.84306097353081,,29.349026017183785,,,1.0,100.0,Calibrated 1D,smoothed_path
42.76987447698745,-8.843060973530807,,29.177144404189683,,,1.0,100.0,Calibrated 1D,smoothed_path
43.47280334728033,-8.843060973530807,,28.998350590042612,,,1.0,100.0,Calibrated 1D,smoothed_path
44.17573221757322,-8.84306097353081,,28.813236477859952,,,1.0,100.0,Calibrated 1D,smoothed_path
44.87866108786611,-8.843060973530807,,28.62238924444403,,,1.0,100.0,Calibrated 1D,smoothed_path
45.58158995815899,-8.843060973530811,,28.426386753396407,,,1.0,100.0,Calibrated 1D,smoothed_path
46.28451882845188,-8.843060973530807,,28.225793501438986,,,1.0,100.0,Calibrated 1D,smoothed_path
46.98744769874477,-8.843060973530811,,28.02115711561529,,,1.0,100.0,Calibrated 1D,smoothed_path
47.69037656903765,-8.843060973530807,,27.813005403867535,,,1.0,100.0,Calibrated 1D,smoothed_path
48.39330543933054,-8.843060973530807,,27.60184394825375,,,1.0,100.0,Calibrated 1D,smoothed_path
49.096234309623426,-8.843060973530811,,27.38815421897677,,,1.0,100.0,Calibrated 1D,smoothed_path
49.79916317991631,-8.84306097353081,,27.17239217851532,,,1.0,100.0,Calibrated 1D,smoothed_path
50.5020920502092,-8.843060973530811,,26.954987338440358,,,1.0,100.0,Calibrated 1D,smoothed_path
51.205020920502086,-8.84306097353081,,26.7363422268443,,,1.0,100.0,Calibrated 1D,smoothed_path
51.90794979079497,-8.84306097353081,,26.516832221524695,,,1.0,100.0,Calibrated 1D,smoothed_path
52.61087866108786,-8.843060973530815,,26.296805702919883,,,1.0,100.0,Calibrated 1D,smoothed_path
53.313807531380746,-8.843060973530811,,26.07658448104386,,,1.0,100.0,Calibrated 1D,smoothed_path
54.01673640167363,-8.843060973530811,,25.85646445205662,,,1.0,100.0,Calibrated 1D,smoothed_path
54.71966527196653,-8.84306097353081,,25.63671644238447,,,1.0,100.0,Calibrated 1D,smoothed_path
55.42259414225941,-8.84306097353081,,25.417587201240863,,,1.0,100.0,Calibrated 1D,smoothed_path
56.1255230125523,-8.843060973530811,,25.199300505780414,,,1.0,100.0,Calibrated 1D,smoothed_path
56.82845188284519,-8.84306097353081,,24.98205834676508,,,1.0,100.0,Calibrated 1D,smoothed_path
57.53138075313807,-8.843060973530811,,24.766042166375463,,,1.0,100.0,Calibrated 1D,smoothed_path
58.23430962343096,-8.843060973530807,,24.551414123535544,,,1.0,100.0,Calibrated 1D,smoothed_path
58.93723849372385,-8.843060973530811,,24.338318365737077,,,1.0,100.0,Calibrated 1D,smoothed_path
59.64016736401673,-8.843060973530807,,24.126882289773057,,,1.0,100.0,Calibrated 1D,smoothed_path
60.34309623430962,-8.84306097353081,,23.917217776968396,,,1.0,100.0,Calibrated 1D,smoothed_path
61.046025104602506,-8.843060973530811,,23.709422391393293,,,1.0,100.0,Calibrated 1D,smoothed_path
61.74895397489539,-8.843060973530807,,23.503580532144248,,,1.0,100.0,Calibrated 1D,smoothed_path
62.45188284518828,-8.843060973530811,,23.299764533073677,,,1.0,100.0,Calibrated 1D,smoothed_path
63.154811715481166,-8.84306097353081,,23.09803570534562,,,1.0,100.0,Calibrated 1D,smoothed_path
63.85774058577405,-8.843060973530807,,22.898445319905562,,,1.0,100.0,Calibrated 1D,smoothed_path
64.56066945606693,-8.84306097353081,,22.70103552839297,,,1.0,100.0,Calibrated 1D,smoothed_path
65.26359832635983,-8.843060973530807,,22.505840222219,,,1.0,100.0,Calibrated 1D,smoothed_path
65.96652719665272,-8.843060973530811,,22.312885830500363,,,1.0,100.0,Calibrated 1D,smoothed_path
66.6694560669456,-8.843060973530811,,22.122192058309302,,,1.0,100.0,Calibrated 1D,smoothed_path
67.3723849372385,-8.84306097353081,,21.933772567292053,,,1.0,100.0,Calibrated 1D,smoothed_path
68.07531380753137,-8.843060973530807,,21.747635601148666,,,1.0,100.0,Calibrated 1D,smoothed_path
68.77824267782427,-8.843060973530811,,21.563784558776113,,,1.0,100.0,Calibrated 1D,smoothed_path
69.48117154811715,-8.843060973530811,,21.382218518076783,,,1.0,100.0,Calibrated 1D,smoothed_path
70.18410041841004,-8.843060973530807,,21.202932713542666,,,1.0,100.0,Calibrated 1D,smoothed_path
70.88702928870292,-8.843060973530807,,21.025918970759662,,,1.0,100.0,Calibrated 1D,smoothed_path
71.58995815899581,-8.843060973530807,,20.851166100951403,,,1.0,100.0,Calibrated 1D,smoothed_path
72.29288702928869,-8.843060973530811,,20.678660258609725,,,1.0,100.0,Calibrated 1D,smoothed_path
72.99581589958159,-8.843060973530807,,20.508385265152498,,,1.0,100.0,Calibrated 1D,smoothed_path
73.69874476987447,-8.843060973530811,,20.340322901416485,,,1.0,100.0,Calibrated 1D,smoothed_path
74.40167364016736,-8.843060973530811,,20.174453171643016,,,1.0,100.0,Calibrated 1D,smoothed_path
75.10460251046024,-8.84306097353081,,20.010754541452897,,,1.0,100.0,Calibrated 1D,smoothed_path
75.80753138075313,-8.843060973530811,,19.849204152140516,,,1.0,100.0,Calibrated 1D,smoothed_path
76.51046025104601,-8.84306097353081,,19.68977801344895,,,1.0,100.0,Calibrated 1D,smoothed_path
77.2133891213389,-8.843060973530807,,19.532451176822395,,,1.0,100.0,Calibrated 1D,smoothed_path
77.9163179916318,-8.843060973530811,,19.37719789097118,,,1.0,100.0,Calibrated 1D,smoothed_path
78.61924686192468,-8.843060973530807,,19.223991741430435,,,1.0,100.0,Calibrated 1D,smoothed_path
79.32217573221757,-8.843060973530807,,19.072805775647115,,,1.0,100.0,Calibrated 1D,smoothed_path
80.02510460251045,-8.843060973530807,,18.92361261499269,,,1.0,100.0,Calibrated 1D,smoothed_path
80.72803347280335,-8.843060973530807,,18.776384554970768,,,1.0,100.0,Calibrated 1D,smoothed_path
81.43096234309623,-8.843060973530811,,18.631093654770197,,,1.0,100.0,Calibrated 1D,smoothed_path
82.13389121338912,-8.84306097353081,,18.487711817205245,,,1.0,100.0,Calibrated 1D,smoothed_path
82.836820083682,-8.843060973530811,,18.346210859984105,,,1.0,100.0,Calibrated 1D,smoothed_path
83.5397489539749,-8.843060973530813,,18.206562579156362,,,1.0,100.0,Calibrated 1D,smoothed_path
84.24267782426777,-8.84306097353081,,18.068738805506825,,,1.0,100.0,Calibrated 1D,smoothed_path
84.94560669456067,-8.843060973530811,,17.932711454588425,,,1.0,100.0,Calibrated 1D,smoothed_path
85.64853556485355,-8.843060973530811,,17.79845257101907,,,1.0,100.0,Calibrated 1D,smoothed_path
86.35146443514644,-8.843060973530807,,17.66593436760671,,,1.0,100.0,Calibrated 1D,smoothed_path
87.05439330543932,-8.843060973530807,,17.535129259811725,,,1.0,100.0,Calibrated 1D,smoothed_path
87.75732217573221,-8.84306097353081,,17.4060098960068,,,1.0,100.0,Calibrated 1D,smoothed_path
88.46025104602509,-8.843060973530811,,17.27854918395054,,,1.0,100.0,Calibrated 1D,smoothed_path
89.16317991631799,-8.843060973530807,,17.152720313851226,,,1.0,100.0,Calibrated 1D,smoothed_path
89.86610878661087,-8.84306097353081,,17.02849677836256,,,1.0,100.0,Calibrated 1D,smoothed_path
90.56903765690376,-8.843060973530811,,16.90585238982084,,,1.0,100.0,Calibrated 1D,smoothed_path
91.27196652719664,-8.843060973530807,,16.78476129500584,,,1.0,100.0,Calibrated 1D,smoothed_path
91.97489539748953,-8.843060973530811,,16.66519798768182,,,1.0,100.0,Calibrated 1D,smoothed_path
92.67782426778243,-8.84306097353081,,16.547137319153173,,,1.0,100.0,Calibrated 1D,smoothed_path
93.3807531380753,-8.843060973530807,,16.430554507049216,,,1.0,100.0,Calibrated 1D,smoothed_path
94.0836820083682,-8.84306097353081,,16.3154251425348,,,1.0,100.0,Calibrated 1D,smoothed_path
94.78661087866108,-8.843060973530807,,16.201725196127917,,,1.0,100.0,Calibrated 1D,smoothed_path
95.48953974895397,-8.843060973530807,,16.089431022291432,,,1.0,100.0,Calibrated 1D,smoothed_path
96.19246861924685,-8.843060973530811,,15.978519362953842,,,1.0,100.0,Calibrated 1D,smoothed_path
96.89539748953975,-8.84306097353081,,15.86896735010303,,,1.0,100.0,Calibrated 1D,smoothed_path
97.59832635983263,-8.843060973530807,,15.760752507587709,,,1.0,100.0,Calibrated 1D,smoothed_path
98.30125523012552,-8.843060973530807,,15.65385275225271,,,1.0,100.0,Calibrated 1D,smoothed_path
99.0041841004184,-8.843060973530811,,15.548246394527082,,,1.0,100.0,Calibrated 1D,smoothed_path
99.7071129707113,-8.84306097353081,,15.443912138577858,,,1.0,100.0,Calibrated 1D,smoothed_path
100.41004184100417,-8.84306097353081,,15.34082908213679,,,1.0,100.0,Calibrated 1D,smoothed_path
101.11297071129707,-8.84306097353081,,15.238976716102695,,,1.0,100.0,Calibrated 1D,smoothed_path
101.81589958158995,-8.843060973530807,,15.138334924018192,,,1.0,100.0,Calibrated 1D,smoothed_path
102.51882845188284,-8.843060973530811,,15.03888398151599,,,1.0,100.0,Calibrated 1D,smoothed_path
103.22175732217572,-8.843060973530811,,14.940604555827038,,,1.0,100.0,Calibrated 1D,smoothed_path
103.92468619246861,-8.84306097353081,,14.84347770544004,,,1.0,100.0,Calibrated 1D,smoothed_path
104.62761506276149,-8.843060973530807,,14.74748487999949,,,1.0,100.0,Calibrated 1D,smoothed_path
105.33054393305439,-8.843060973530811,,14.65260792052687,,,1.0,100.0,Calibrated 1D,smoothed_path
106.03347280334727,-8.843060973530811,,14.558829060047419,,,1.0,100.0,Calibrated 1D,smoothed_path
106.73640167364016,-8.843060973530807,,14.466130924702156,,,1.0,100.0,Calibrated 1D,smoothed_path
107.43933054393305,-8.843060973530811,,14.374496535422026,,,1.0,100.0,Calibrated 1D,smoothed_path
108.14225941422593,-8.84306097353081,,14.283909310237576,,,1.0,100.0,Calibrated 1D,smoothed_path
108.84518828451883,-8.843060973530811,,14.194353067293747,,,1.0,100.0,Calibrated 1D,smoothed_path
109.5481171548117,-8.843060973530811,,14.105812028634363,,,1.0,100.0,Calibrated 1D,smoothed_path
110.2510460251046,-8.84306097353081,,14.018270824815422,,,1.0,100.0,Calibrated 1D,smoothed_path
110.95397489539748,-8.843060973530807,,13.931714500399263,,,1.0,100.0,Calibrated 1D,smoothed_path
111.65690376569037,-8.843060973530811,,13.846128520373696,,,1.0,100.0,Calibrated 1D,smoothed_path
112.35983263598325,-8.843060973530811,,13.761498777530768,,,1.0,100.0,Calibrated 1D,smoothed_path
113.06276150627615,-8.843060973530811,,13.677811600828598,,,1.0,100.0,Calibrated 1D,smoothed_path
113.76569037656903,-8.84306097353081,,13.595053764747188,,,1.0,100.0,Calibrated 1D,smoothed_path
114.46861924686192,-8.84306097353081,,13.513212499634628,,,1.0,100.0,Calibrated 1D,smoothed_path
115.1715481171548,-8.84306097353081,,13.432275503023785,,,1.0,100.0,Calibrated 1D,smoothed_path
115.8744769874477,-8.843060973530811,,13.352230951881541,,,1.0,100.0,Calibrated 1D,smoothed_path
116.57740585774057,-8.843060973530811,,13.27306751573271,,,1.0,100.0,Calibrated 1D,smoothed_path
117.28033472803347,-8.843060973530807,,13.19477437057898,,,1.0,100.0,Calibrated 1D,smoothed_path
117.98326359832635,-8.843060973530807,,13.117341213510215,,,1.0,100.0,Calibrated 1D,smoothed_path
118.68619246861924,-8.84306097353081,,13.040758277880363,,,1.0,100.0,Calibrated 1D,smoothed_path
119.38912133891212,-8.843060973530811,,12.965016348894636,,,1.0,100.0,Calibrated 1D,smoothed_path
120.09205020920501,-8.84306097353081,,12.89010677942783,,,1.0,100.0,Calibrated 1D,smoothed_path
120.79497907949789,-8.843060973530811,,12.8160215058665,,,1.0,100.0,Calibrated 1D,smoothed_path
121.49790794979079,-8.843060973530807,,12.7427530637406,,,1.0,100.0,Calibrated 1D,smoothed_path
122.20083682008368,-8.843060973530811,,12.670294602884004,,,1.0,100.0,Calibrated 1D,smoothed_path
122.90376569037656,-8.843060973530807,,12.598639901837885,,,1.0,100.0,Calibrated 1D,smoothed_path
123.60669456066945,-8.84306097353081,,12.527783381187929,,,1.0,100.0,Calibrated 1D,smoothed_path
124.30962343096233,-8.843060973530807,,12.457720115505833,,,1.0,100.0,Calibrated 1D,smoothed_path
125.01255230125523,-8.84306097353081,,12.388445843548453,,,1.0,100.0,Calibrated 1D,smoothed_path
125.7154811715481,-8.843060973530807,,12.319956976355304,,,1.0,100.0,Calibrated 1D,smoothed_path
126.418410041841,-8.843060973530807,,12.252250602877467,,,1.0,100.0,Calibrated 1D,smoothed_path
127.12133891213388,-8.843060973530811,,12.18532449276909,,,1.0,100.0,Calibrated 1D,smoothed_path
127.82426778242677,-8.84306097353081,,12.119177095977314,,,1.0,100.0,Calibrated 1D,smoothed_path
128.52719665271965,-8.843060973530807,,12.053807538778582,,,1.0,100.0,Calibrated 1D,smoothed_path
129.23012552301253,-8.843060973530807,,11.989215615928478,,,1.0,100.0,Calibrated 1D,smoothed_path
129.93305439330544,-8.84306097353081,,11.925401778620095,,,1.0,100.0,Calibrated 1D,smoothed_path
130.63598326359832,-8.84306097353081,,11.862367117981526,,,1.0,100.0,Calibrated 1D,smoothed_path
131.3389121338912,-8.843060973530807,,11.800113343887102,,,1.0,100.0,Calibrated 1D,smoothed_path
132.04184100418408,-8.84306097353081,,11.738642758908856,,,1.0,100.0,Calibrated 1D,smoothed_path
132.744769874477,-8.843060973530811,,11.677958227293994,,,1.0,100.0,Calibrated 1D,smoothed_path
133.44769874476987,-8.84306097353081,,11.618063138920359,,,1.0,100.0,Calibrated 1D,smoothed_path
134.15062761506275,-8.84306097353081,,11.55896136825356,,,1.0,100.0,Calibrated 1D,smoothed_path
134.85355648535563,-8.843060973530811,,11.50065722840591,,,1.0,100.0,Calibrated 1D,smoothed_path
135.55648535564853,-8.843060973530811,,11.443155420476813,,,1.0,100.0,Calibrated 1D,smoothed_path
136.2594142259414,-8.84306097353081,,11.386460978435192,,,1.0,100.0,Calibrated 1D,smoothed_path
136.9623430962343,-8.843060973530807,,11.330579209885196,,,1.0,100.0,Calibrated 1D,smoothed_path
137.6652719665272,-8.843060973530811,,11.275515633135196,,,1.0,100.0,Calibrated 1D,smoothed_path
138.36820083682008,-8.843060973530811,,11.221275911064303,,,1.0,100.0,Calibrated 1D,smoothed_path
139.07112970711296,-8.843060973530807,,11.167865782349278,,,1.0,100.0,Calibrated 1D,smoothed_path
139.77405857740584,-8.843060973530807,,11.115290990675504,,,1.0,100.0,Calibrated 1D,smoothed_path
140.47698744769875,-8.84306097353081,,11.063557212606572,,,1.0,100.0,Calibrated 1D,smoothed_path
141.17991631799163,-8.84306097353081,,11.012669984827639,,,1.0,100.0,Calibrated 1D,smoothed_path
141.8828451882845,-8.84306097353081,,10.962634631505338,,,1.0,100.0,Calibrated 1D,smoothed_path
142.58577405857739,-8.843060973530807,,10.913456192522142,,,1.0,100.0,Calibrated 1D,smoothed_path
143.2887029288703,-8.84306097353081,,10.865139353344032,,,1.0,100.0,Calibrated 1D,smoothed_path
143.99163179916317,-8.84306097353081,,10.81768837726765,,,1.0,100.0,Calibrated 1D,smoothed_path
144.69456066945605,-8.84306097353081,,10.77110704076648,,,1.0,100.0,Calibrated 1D,smoothed_path
145.39748953974893,-8.843060973530811,,10.725398572615962,,,1.0,100.0,Calibrated 1D,smoothed_path
146.10041841004184,-8.843060973530811,,10.680565597425286,,,1.0,100.0,Calibrated 1D,smoothed_path
146.80334728033472,-8.84306097353081,,10.636610084140699,,,1.0,100.0,Calibrated 1D,smoothed_path
147.5062761506276,-8.84306097353081,,10.593533300012414,,,1.0,100.0,Calibrated 1D,smoothed_path
148.20920502092048,-8.843060973530807,,10.551335770437028,,,1.0,100.0,Calibrated 1D,smoothed_path
148.9121338912134,-8.84306097353081,,10.51001724500102,,,1.0,100.0,Calibrated 1D,smoothed_path
149.61506276150627,-8.843060973530807,,10.4695766699611,,,1.0,100.0,Calibrated 1D,smoothed_path
150.31799163179915,-8.843060973530811,,10.43001216730536,,,1.0,100.0,Calibrated 1D,smoothed_path
151.02092050209203,-8.84306097353081,,10.39132102044789,,,1.0,100.0,Calibrated 1D,smoothed_path
151.72384937238493,-8.84306097353081,,10.353499666520367,,,1.0,100.0,Calibrated 1D,smoothed_path
152.4267782426778,-8.84306097353081,,10.316543695139089,,,1.0,100.0,Calibrated 1D,smoothed_path
153.1297071129707,-8.843060973530807,,10.2804478534465,,,1.0,100.0,Calibrated 1D,smoothed_path
153.8326359832636,-8.843060973530811,,10.245206057153991,,,1.0,100.0,Calibrated 1D,smoothed_path
154.53556485355648,-8.84306097353081,,10.21081140724834,,,1.0,100.0,Calibrated 1D,smoothed_path
155.23849372384936,-8.84306097353081,,10.177256211969137,,,1.0,100.0,Calibrated 1D,smoothed_path
155.94142259414224,-8.843060973530807,,10.144532013618589,,,1.0,100.0,Calibrated 1D,smoothed_path
156.64435146443515,-8.843060973530807,,10.112629619729304,,,1.0,100.0,Calibrated 1D,smoothed_path
157.34728033472803,-8.84306097353081,,10.081539138089479,,,1.0,100.0,Calibrated 1D,smoothed_path
158.0502092050209,-8.843060973530811,,10.051250015108362,,,1.0,100.0,Calibrated 1D,smoothed_path
158.75313807531379,-8.843060973530807,,10.02175107699766,,,1.0,100.0,Calibrated 1D,smoothed_path
159.4560669456067,-8.843060973530811,,9.993030573245541,,,1.0,100.0,Calibrated 1D,smoothed_path
160.15899581589957,-8.843060973530811,,9.96507622186913,,,1.0,100.0,Calibrated 1D,smoothed_path
160.86192468619245,-8.843060973530807,,9.93787525594723,,,1.0,100.0,Calibrated 1D,smoothed_path
161.56485355648533,-8.843060973530811,,9.911414470957094,,,1.0,100.0,Calibrated 1D,smoothed_path
162.26778242677824,-8.843060973530811,,9.885680272466015,,,1.0,100.0,Calibrated 1D,smoothed_path
162.97071129707112,-8.843060973530811,,9.860658723759794,,,1.0,100.0,Calibrated 1D,smoothed_path
163.673640167364,-8.84306097353081,,9.836335593024168,,,1.0,100.0,Calibrated 1D,smoothed_path
164.37656903765688,-8.84306097353081,,9.812696399731934,,,1.0,100.0,Calibrated 1D,smoothed_path
165.0794979079498,-8.84306097353081,,9.789726459926037,,,1.0,100.0,Calibrated 1D,smoothed_path
165.78242677824267,-8.843060973530811,,9.767410930127383,,,1.0,100.0,Calibrated 1D,smoothed_path
166.48535564853555,-8.843060973530807,,9.745734849634054,,,1.0,100.0,Calibrated 1D,smoothed_path
167.18828451882845,-8.843060973530811,,9.724683181016134,,,1.0,100.0,Calibrated 1D,smoothed_path
167.89121338912133,-8.843060973530807,,9.704240848646206,,,1.0,100.0,Calibrated 1D,smoothed_path
168.5941422594142,-8.84306097353081,,9.684392775140024,,,1.0,100.0,Calibrated 1D,smoothed_path
169.2970711297071,-8.84306097353081,,9.665123915613945,,,1.0,100.0,Calibrated 1D,smoothed_path
170.0,-8.843060973530807,,9.646419289695674,,,1.0,100.0,Calibrated 1D,smoothed_path
2.0,-26.104730200882443,,18.150923403782766,,,1.0,100.0,Calibrated 2D,smoothed_path
2.702928870292887,-26.005141970007813,,18.45764852654501,,,1.0,100.0,Calibrated 2D,smoothed_path
3.405857740585774,-25.900787407599775,,18.77397707565163,,,1.0,100.0,Calibrated 2D,smoothed_path
4.108786610878661,-25.79143556025786,,19.10017624355108,,,1.0,100.0,Calibrated 2D,smoothed_path
4.811715481171548,-25.676847826607947,,19.436506265357192,,,1.0,100.0,Calibrated 2D,smoothed_path
5.514644351464435,-25.556778318906844,,19.78321804249392,,,1.0,100.0,Calibrated 2D,smoothed_path
6.217573221757322,-25.430974339403356,,20.140550498727695,,,1.0,100.0,Calibrated 2D,smoothed_path
6.920502092050209,-25.299176985136974,,20.508727656076424,,,1.0,100.0,Calibrated 2D,smoothed_path
7.623430962343096,-25.161121895346675,,20.887955420474633,,,1.0,100.0,Calibrated 2D,smoothed_path
8.326359832635983,-25.016540155940067,,21.27841807023504,,,1.0,100.0,Calibrated 2D,smoothed_path
9.02928870292887,-24.86515937547759,,21.680274444378462,,,1.0,100.0,Calibrated 2D,smoothed_path
9.732217573221757,-24.706704946786836,,22.093653832906924,,,1.0,100.0,Calibrated 2D,smoothed_path
10.435146443514643,-24.540901507564634,,22.518651577155637,,,1.0,100.0,Calibrated 2D,smoothed_path
11.13807531380753,-24.367474612068143,,22.955324395553458,,,1.0,100.0,Calibrated 2D,smoothed_path
11.841004184100418,-24.186152624158936,,23.403685458496682,,,1.0,100.0,Calibrated 2D,smoothed_path
12.543933054393305,-23.996668839463773,,23.863699245613695,,,1.0,100.0,Calibrated 2D,smoothed_path
13.246861924686192,-23.798763841175283,,24.335276229438357,,,1.0,100.0,Calibrated 2D,smoothed_path
13.949790794979078,-23.592188089968438,,24.818267441332992,,,1.0,100.0,Calibrated 2D,smoothed_path
14.652719665271965,-23.37670474360373,,25.312458988253248,,,1.0,100.0,Calibrated 2D,smoothed_path
15.355648535564853,-23.152092695999542,,25.817566602392674,,,1.0,100.0,Calibrated 2D,smoothed_path
16.05857740585774,-22.918149818889333,,26.333230319558645,,,1.0,100.0,Calibrated 2D,smoothed_path
16.761506276150627,-22.67469638168071,,26.859009395889906,,,1.0,100.0,Calibrated 2D,smoothed_path
17.464435146443513,-22.421578616900085,,27.394377585701264,,,1.0,100.0,Calibrated 2D,smoothed_path
18.1673640167364,-22.158672389790823,,27.938718915205172,,,1.0,100.0,Calibrated 2D,smoothed_path
18.870292887029287,-21.88588692145452,,28.491324096891866,,,1.0,100.0,Calibrated 2D,smoothed_path
19.573221757322173,-21.60316850566846,,29.051387736653076,,,1.0,100.0,Calibrated 2D,smoothed_path
20.27615062761506,-21.31050415053422,,29.618006489468243,,,1.0,100.0,Calibrated 2D,smoothed_path
20.97907949790795,-21.007925067830293,,30.19017831878456,,,1.0,100.0,Calibrated 2D,smoothed_path
21.682008368200837,-20.695509925830322,,30.766803008806903,,,1.0,100.0,Calibrated 2D,smoothed_path
22.384937238493723,-20.373387775917152,,31.34668406706046,,,1.0,100.0,Calibrated 2D,smoothed_path
23.08786610878661,-20.041740560098177,,31.928532136261808,,,1.0,100.0,Calibrated 2D,smoothed_path
23.790794979079497,-19.700805106016816,,32.51097000942701,,,1.0,100.0,Calibrated 2D,smoothed_path
24.493723849372383,-19.350874518716203,,33.09253931026591,,,1.0,100.0,Calibrated 2D,smoothed_path
25.19665271966527,-18.992298884609347,,33.67170886262451,,,1.0,100.0,Calibrated 2D,smoothed_path
25.899581589958157,-18.625485213079195,,34.246884728821236,,,1.0,100.0,Calibrated 2D,smoothed_path
26.602510460251043,-18.25089655493395,,34.816421848383044,,,1.0,100.0,Calibrated 2D,smoothed_path
27.30543933054393,-17.869050254438207,,35.37863715754767,,,1.0,100.0,Calibrated 2D,smoothed_path
28.008368200836816,-17.480515312463904,,35.93182401795831,,,1.0,100.0,Calibrated 2D,smoothed_path
28.711297071129707,-17.085908861859526,,36.474267732531516,,,1.0,100.0,Calibrated 2D,smoothed_path
29.414225941422593,-16.6858917816037,,37.004261879996974,,,1.0,100.0,Calibrated 2D,smoothed_path
30.11715481171548,-16.281163502677863,,37.520125159589995,,,1.0,100.0,Calibrated 2D,smoothed_path
30.820083682008367,-15.872456084707068,,38.02021840618937,,,1.0,100.0,Calibrated 2D,smoothed_path
31.523012552301253,-15.460527667043522,,38.50296141588742,,,1.0,100.0,Calibrated 2D,smoothed_path
32.22594142259414,-15.046155419867937,,38.96684921413042,,,1.0,100.0,Calibrated 2D,smoothed_path
32.92887029288703,-14.630128138907445,,39.410467404137634,,,1.0,100.0,Calibrated 2D,smoothed_path
33.63179916317991,-14.213238640529205,,39.83250625253129,,,1.0,100.0,Calibrated 2D,smoothed_path
34.3347280334728,-13.796276121523423,,40.2317732014634,,,1.0,100.0,Calibrated 2D,smoothed_path
35.037656903765686,-13.380018649392966,,40.60720354071982,,,1.0,100.0,Calibrated 2D,smoothed_path
35.74058577405857,-12.965225944313545,,40.95786902735029,,,1.0,100.0,Calibrated 2D,smoothed_path
36.44351464435146,-12.552632603355406,,41.28298430178641,,,1.0,100.0,Calibrated 2D,smoothed_path
37.146443514644346,-12.142941901633868,,41.58191101525479,,,1.0,100.0,Calibrated 2D,smoothed_path
37.84937238493723,-11.736820284633815,,41.85415965047159,,,1.0,100.0,Calibrated 2D,smoothed_path
38.55230125523012,-11.334892642107295,,42.09938908304345,,,1.0,100.0,Calibrated 2D,smoothed_path
39.255230125523006,-10.93773842789042,,42.31740399184741,,,1.0,100.0,Calibrated 2D,smoothed_path
39.9581589958159,-10.545888662997449,,42.508150280467106,,,1.0,100.0,Calibrated 2D,smoothed_path
40.66108786610879,-10.159823832671815,,42.671708716603,,,1.0,100.0,Calibrated 2D,smoothed_path
41.36401673640167,-9.779972662841217,,42.808287030939084,,,1.0,100.0,Calibrated 2D,smoothed_path
42.06694560669456,-9.40671173860933,,42.918210740576,,,1.0,100.0,Calibrated 2D,smoothed_path
42.76987447698745,-9.040365907774785,,43.001912974785,,,1.0,100.0,Calibrated 2D,smoothed_path
43.47280334728033,-8.681209396422034,,43.05992358302757,,,1.0,100.0,Calibrated 2D,smoothed_path
44.17573221757322,-8.32946755165599,,43.09285779790527,,,1.0,100.0,Calibrated 2D,smoothed_path
44.87866108786611,-7.985319118604846,,43.1014047102998,,,1.0,100.0,Calibrated 2D,smoothed_path
45.58158995815899,-7.648898954742069,,43.086315792004314,,,1.0,100.0,Calibrated 2D,smoothed_path
46.28451882845188,-7.320301084062316,,43.048393674309025,,,1.0,100.0,Calibrated 2D,smoothed_path
46.98744769874477,-6.9995819962481125,,42.98848136096416,,,1.0,100.0,Calibrated 2D,smoothed_path
47.69037656903765,-6.686764101163313,,42.907452022276246,,,1.0,100.0,Calibrated 2D,smoothed_path
48.39330543933054,-6.381839256247552,,42.80619948521676,,,1.0,100.0,Calibrated 2D,smoothed_path
49.096234309623426,-6.084772293099306,,42.685629503530365,,,1.0,100.0,Calibrated 2D,smoothed_path
49.79916317991631,-5.7955044791896135,,42.54665186288838,,,1.0,100.0,Calibrated 2D,smoothed_path
50.5020920502092,-5.513956860756508,,42.39017334985396,,,1.0,100.0,Calibrated 2D,smoothed_path
51.205020920502086,-5.2400334430707165,,42.217091590290316,,,1.0,100.0,Calibrated 2D,smoothed_path
51.90794979079497,-4.973624174086973,,42.028289743116204,,,1.0,100.0,Calibrated 2D,smoothed_path
52.61087866108786,-4.714607706729334,,41.82463201907472,,,1.0,100.0,Calibrated 2D,smoothed_path
53.313807531380746,-4.4628539235027125,,41.606959981356454,,,1.0,100.0,Calibrated 2D,smoothed_path
54.01673640167363,-4.218226214644669,,41.3760895753188,,,1.0,100.0,Calibrated 2D,smoothed_path
54.71966527196653,-3.9805835075579994,,41.13280882789,,,1.0,100.0,Calibrated 2D,smoothed_path
55.42259414225941,-3.7497820507742516,,40.87787615321118,,,1.0,100.0,Calibrated 2D,smoothed_path
56.1255230125523,-3.5256769602085702,,40.612019199288966,,,1.0,100.0,Calibrated 2D,smoothed_path
56.82845188284519,-3.3081235390277177,,40.33593417054036,,,1.0,100.0,Calibrated 2D,smoothed_path
57.53138075313807,-3.0969783851369357,,40.05028556274862,,,1.0,100.0,Calibrated 2D,smoothed_path
58.23430962343096,-2.892100302184955,,39.755706249779635,,,1.0,100.0,Calibrated 2D,smoothed_path
58.93723849372385,-2.693351031184479,,39.45279786512344,,,1.0,100.0,Calibrated 2D,smoothed_path
59.64016736401673,-2.5005958204456586,,39.14213142565359,,,1.0,100.0,Calibrated 2D,smoothed_path
60.34309623430962,-2.3137038516188824,,38.82424814970473,,,1.0,100.0,Calibrated 2D,smoothed_path
61.046025104602506,-2.132548539332202,,38.49966042645566,,,1.0,100.0,Calibrated 2D,smoothed_path
61.74895397489539,-1.9570077212733263,,38.16885289851392,,,1.0,100.0,Calibrated 2D,smoothed_path
62.45188284518828,-1.7869637546832504,,37.83228362439737,,,1.0,100.0,Calibrated 2D,smoothed_path
63.154811715481166,-1.622303534166558,,37.49038529220289,,,1.0,100.0,Calibrated 2D,smoothed_path
63.85774058577405,-1.4629184445417769,,37.143566460070986,,,1.0,100.0,Calibrated 2D,smoothed_path
64.56066945606693,-1.3087042612040165,,36.792212803047256,,,1.0,100.0,Calibrated 2D,smoothed_path
65.26359832635983,-1.1595610091938384,,36.43668834958217,,,1.0,100.0,Calibrated 2D,smoothed_path
65.96652719665272,-1.015392790895011,,36.07733669418201,,,1.0,100.0,Calibrated 2D,smoothed_path
66.6694560669456,-0.876107591046569,,35.714482175627666,,,1.0,100.0,Calibrated 2D,smoothed_path
67.3723849372385,-0.7416170665725774,,35.34843101272237,,,1.0,100.0,Calibrated 2D,smoothed_path
68.07531380753137,-0.6118363276213024,,34.979472391730525,,,1.0,100.0,Calibrated 2D,smoothed_path
68.77824267782427,-0.48668371517471126,,34.607879501548126,,,1.0,100.0,Calibrated 2D,smoothed_path
69.48117154811715,-0.366080579646349,,34.23391051422737,,,1.0,100.0,Calibrated 2D,smoothed_path
70.18410041841004,-0.24995106403330655,,33.85780950978835,,,1.0,100.0,Calibrated 2D,smoothed_path
70.88702928870292,-0.13822189442744598,,33.47980734531887,,,1.0,100.0,Calibrated 2D,smoothed_path
71.58995815899581,-0.03082218001998477,,33.1001224692148,,,1.0,100.0,Calibrated 2D,smoothed_path
72.29288702928869,0.07231677585072024,,32.7189616820773,,,1.0,100.0,Calibrated 2D,smoothed_path
72.99581589958159,0.17126165256098488,,32.33652084628172,,,1.0,100.0,Calibrated 2D,smoothed_path
73.69874476987447,0.26607727635192013,,31.95298554659363,,,1.0,100.0,Calibrated 2D,smoothed_path
74.40167364016736,0.3568267715023915,,31.568531704448333,,,1.0,100.0,Calibrated 2D,smoothed_path
75.10460251046024,0.44357169855092204,,31.18332614865477,,,1.0,100.0,Calibrated 2D,smoothed_path
75.80753138075313,0.5263721798270427,,30.797527145347495,,,1.0,100.0,Calibrated 2D,smoothed_path
76.51046025104601,0.6052870127357576,,30.411284890010243,,,1.0,100.0,Calibrated 2D,smoothed_path
77.2133891213389,0.6803737713775333,,30.024741964343,,,1.0,100.0,Calibrated 2D,smoothed_path
77.9163179916318,0.7516888971860338,,29.63803376065443,,,1.0,100.0,Calibrated 2D,smoothed_path
78.61924686192468,0.8192877793328126,,29.251288876343402,,,1.0,100.0,Calibrated 2D,smoothed_path
79.32217573221757,0.8832248256871986,,28.8646294808956,,,1.0,100.0,Calibrated 2D,smoothed_path
80.02510460251045,0.9435535251356254,,28.478171657670046,,,1.0,100.0,Calibrated 2D,smoothed_path
80.72803347280335,1.000326502062019,,28.092025722593668,,,1.0,100.0,Calibrated 2D,smoothed_path
81.43096234309623,1.0535955637731653,,27.706296521722933,,,1.0,100.0,Calibrated 2D,smoothed_path
82.13389121338912,1.1034117416239797,,27.321083709473477,,,1.0,100.0,Calibrated 2D,smoothed_path
82.836820083682,1.1498253265598555,,26.936482009166674,,,1.0,100.0,Calibrated 2D,smoothed_path
83.5397489539749,1.19288589974968,,26.552581457395434,,,1.0,100.0,Calibrated 2D,smoothed_path
84.24267782426777,1.2326423589354896,,26.169467633573973,,,1.0,100.0,Calibrated 2D,smoothed_path
84.94560669456067,1.2691429410751882,,25.78722187590739,,,1.0,100.0,Calibrated 2D,smoothed_path
85.64853556485355,1.3024352418044431,,25.405921484898087,,,1.0,100.0,Calibrated 2D,smoothed_path
86.35146443514644,1.3325662321943392,,25.025639915397086,,,1.0,100.0,Calibrated 2D,smoothed_path
87.05439330543932,1.3595822732331548,,24.646446958109447,,,1.0,100.0,Calibrated 2D,smoothed_path
87.75732217573221,1.3835291284148188,,24.268408911372973,,,1.0,100.0,Calibrated 2D,smoothed_path
88.46025104602509,1.4044519747734405,,23.891588743950493,,,1.0,100.0,Calibrated 2D,smoothed_path
89.16317991631799,1.4223954126633491,,23.51604624950358,,,1.0,100.0,Calibrated 2D,smoothed_path
89.86610878661087,1.4374034745474455,,23.141838193353575,,,1.0,100.0,Calibrated 2D,smoothed_path
90.56903765690376,1.4495196330235294,,22.7690184520796,,,1.0,100.0,Calibrated 2D,smoothed_path
91.27196652719664,1.4587868082886826,,22.39763814645605,,,1.0,100.0,Calibrated 2D,smoothed_path
91.97489539748953,1.4652473752156594,,22.027745768189057,,,1.0,100.0,Calibrated 2D,smoothed_path
92.67782426778243,1.468943170192551,,21.659387300876663,,,1.0,100.0,Calibrated 2D,smoothed_path
93.3807531380753,1.4699154978575946,,21.292606335586093,,,1.0,100.0,Calibrated 2D,smoothed_path
94.0836820083682,1.4682051378447167,,20.9274441814161,,,1.0,100.0,Calibrated 2D,smoothed_path
94.78661087866108,1.4638523516421427,,20.563939971390887,,,1.0,100.0,Calibrated 2D,smoothed_path
95.48953974895397,1.4568968896559018,,20.20213076401459,,,1.0,100.0,Calibrated 2D,smoothed_path
96.19246861924685,1.4473779985621966,,19.842051640801053,,,1.0,100.0,Calibrated 2D,smoothed_path
96.89539748953975,1.4353344290271803,,19.483735800082698,,,1.0,100.0,Calibrated 2D,smoothed_path
97.59832635983263,1.4208044438695322,,19.127214647394304,,,1.0,100.0,Calibrated 2D,smoothed_path
98.30125523012552,1.4038258267400985,,18.772517882720898,,,1.0,100.0,Calibrated 2D,smoothed_path
99.0041841004184,1.384435891393736,,18.4196735848961,,,1.0,100.0,Calibrated 2D,smoothed_path
99.7071129707113,1.3626714916310054,,18.06870829343427,,,1.0,100.0,Calibrated 2D,smoothed_path
100.41004184100417,1.338569031991538,,17.71964708808013,,,1.0,100.0,Calibrated 2D,smoothed_path
101.11297071129707,1.3121644792863714,,17.372513666359488,,,1.0,100.0,Calibrated 2D,smoothed_path
101.81589958158995,1.2834933750633108,,17.027330419416728,,,1.0,100.0,Calibrated 2D,smoothed_path
102.51882845188284,1.2525908491071123,,16.68411850642633,,,1.0,100.0,Calibrated 2D,smoothed_path
103.22175732217572,1.2194916340848914,,16.34289792786862,,,1.0,100.0,Calibrated 2D,smoothed_path
103.92468619246861,1.1842300814563114,,16.003687597961388,,,1.0,100.0,Calibrated 2D,smoothed_path
104.62761506276149,1.1468401787777043,,15.666505416541405,,,1.0,100.0,Calibrated 2D,smoothed_path
105.33054393305439,1.1073555685389107,,15.331368340689938,,,1.0,100.0,Calibrated 2D,smoothed_path
106.03347280334727,1.0658095686811255,,14.998292456396236,,,1.0,100.0,Calibrated 2D,smoothed_path
106.73640167364016,1.022235194952972,,14.66729305054999,,,1.0,100.0,Calibrated 2D,smoothed_path
107.43933054393305,0.9766651852701627,,14.338384683549208,,,1.0,100.0,Calibrated 2D,smoothed_path
108.14225941422593,0.9291320262508947,,14.011581262801677,,,1.0,100.0,Calibrated 2D,smoothed_path
108.84518828451883,0.879667982104299,,13.6868961173872,,,1.0,100.0,Calibrated 2D,smoothed_path
109.5481171548117,0.8283051260522412,,13.36434207413214,,,1.0,100.0,Calibrated 2D,smoothed_path
110.2510460251046,0.775075374465066,,13.043931535327566,,,1.0,100.0,Calibrated 2D,smoothed_path
110.95397489539748,0.7200105238890748,,12.725676558297224,,,1.0,100.0,Calibrated 2D,smoothed_path
111.65690376569037,0.6631422911368705,,12.40958893698982,,,1.0,100.0,Calibrated 2D,smoothed_path
112.35983263598325,0.6045023566008908,,12.095680285733032,,,1.0,100.0,Calibrated 2D,smoothed_path
113.06276150627615,0.5441224109346487,,11.783962125241612,,,1.0,100.0,Calibrated 2D,smoothed_path
113.76569037656903,0.4820342052251134,,11.474445970920822,,,1.0,100.0,Calibrated 2D,smoothed_path
114.46861924686192,0.4182696047525275,,11.167143423446607,,,1.0,100.0,Calibrated 2D,smoothed_path
115.1715481171548,0.35286064640053405,,10.862066261537546,,,1.0,100.0,Calibrated 2D,smoothed_path
115.8744769874477,0.28583959973911127,,10.559226536758455,,,1.0,100.0,Calibrated 2D,smoothed_path
116.57740585774057,0.21723903175545,,10.258636670113917,,,1.0,100.0,Calibrated 2D,smoothed_path
117.28033472803347,0.14709187515304956,,9.960309550100284,,,1.0,100.0,Calibrated 2D,smoothed_path
117.98326359832635,0.07543150007723634,,9.664258631789547,,,1.0,100.0,Calibrated 2D,smoothed_path
118.68619246861924,0.002291789055765301,,9.370498036416798,,,1.0,100.0,Calibrated 2D,smoothed_path
119.38912133891212,-0.072292785133136,,9.07904265083793,,,1.0,100.0,Calibrated 2D,smoothed_path
120.09205020920501,-0.1482870790358563,,8.7899082261156,,,1.0,100.0,Calibrated 2D,smoothed_path
120.79497907949789,-0.22565519600057635,,8.503111474382418,,,1.0,100.0,Calibrated 2D,smoothed_path
121.49790794979079,-0.3043604021086662,,8.21867016302187,,,1.0,100.0,Calibrated 2D,smoothed_path
122.20083682008368,-0.38436504120869086,,7.936603205103233,,,1.0,100.0,Calibrated 2D,smoothed_path
122.90376569037656,-0.465630449799527,,7.656930744908015,,,1.0,100.0,Calibrated 2D,smoothed_path
123.60669456066945,-0.5481168726068417,,7.379674237296486,,,1.0,100.0,Calibrated 2D,smoothed_path
124.30962343096233,-0.631783379792605,,7.1048565195860185,,,1.0,100.0,Calibrated 2D,smoothed_path
125.01255230125523,-0.7165877868280193,,6.832501874551303,,,1.0,100.0,Calibrated 2D,smoothed_path
125.7154811715481,-0.8024865781434047,,6.562636083114386,,,1.0,100.0,Calibrated 2D,smoothed_path
126.418410041841,-0.8894348357417917,,6.295286465271452,,,1.0,100.0,Calibrated 2D,smoothed_path
127.12133891213388,-0.9773861740229226,,6.030481907808273,,,1.0,100.0,Calibrated 2D,smoothed_path
127.82426778242677,-1.066292682108645,,5.768252877388104,,,1.0,100.0,Calibrated 2D,smoothed_path
128.52719665271965,-1.1561048749859881,,5.508631417658907,,,1.0,100.0,Calibrated 2D,smoothed_path
129.23012552301253,-1.24677165478836,,5.251651129120901,,,1.0,100.0,Calibrated 2D,smoothed_path
129.93305439330544,-1.3382402835154577,,4.997347130623721,,,1.0,100.0,Calibrated 2D,smoothed_path
130.63598326359832,-1.430456368446987,,4.745756001523883,,,1.0,100.0,Calibrated 2D,smoothed_path
131.3389121338912,-1.5233638614324547,,4.496915703727972,,,1.0,100.0,Calibrated 2D,smoothed_path
132.04184100418408,-1.6169050731380097,,4.250865483074003,,,1.0,100.0,Calibrated 2D,smoothed_path
132.744769874477,-1.71102070320175,,4.0076457497592965,,,1.0,100.0,Calibrated 2D,smoothed_path
133.44769874476987,-1.8056498870910458,,3.7672979378058082,,,1.0,100.0,Calibrated 2D,smoothed_path
134.15062761506275,-1.9007302602710021,,3.529864343857546,,,1.0,100.0,Calibrated 2D,smoothed_path
134.85355648535563,-1.9961980400839294,,3.2953879459254365,,,1.0,100.0,Calibrated 2D,smoothed_path
135.55648535564853,-2.091988125509088,,3.0639122030249473,,,1.0,100.0,Calibrated 2D,smoothed_path
136.2594142259414,-2.1880342147233165,,2.835480836985572,,,1.0,100.0,Calibrated 2D,smoothed_path
136.9623430962343,-2.28426894012153,,2.6101375980399943,,,1.0,100.0,Calibrated 2D,smoothed_path
137.6652719665272,-2.380624020186188,,2.387926016117798,,,1.0,100.0,Calibrated 2D,smoothed_path
138.36820083682008,-2.4770304273229895,,2.1688891400646995,,,1.0,100.0,Calibrated 2D,smoothed_path
139.07112970711296,-2.573418570512007,,1.9530692672765313,,,1.0,100.0,Calibrated 2D,smoothed_path
139.77405857740584,-2.6697184913655887,,1.740507666470151,,,1.0,100.0,Calibrated 2D,smoothed_path
140.47698744769875,-2.7658600719431776,,1.5312442965034365,,,1.0,100.0,Calibrated 2D,smoothed_path
141.17991631799163,-2.8617732524545705,,1.3253175242990762,,,1.0,100.0,Calibrated 2D,smoothed_path
141.8828451882845,-2.9573882567928247,,1.1227638450160278,,,1.0,100.0,Calibrated 2D,smoothed_path
142.58577405857739,-3.0526358236809745,,0.923617607646214,,,1.0,100.0,Calibrated 2D,smoothed_path
143.2887029288703,-3.1474474410973596,,0.7279107491891834,,,1.0,100.0,Calibrated 2D,smoothed_path
143.99163179916317,-3.241755581565592,,0.5356725404749967,,,1.0,100.0,Calibrated 2D,smoothed_path
144.69456066945605,-3.335493935859618,,0.3469293465659223,,,1.0,100.0,Calibrated 2D,smoothed_path
145.39748953974893,-3.4285976426823814,,0.16170440447443224,,,1.0,100.0,Calibrated 2D,smoothed_path
146.10041841004184,-3.521003511928752,,-0.019982379308069564,,,1.0,100.0,Calibrated 2D,smoothed_path
146.80334728033472,-3.612650239237607,,-0.19811460926371144,,,1.0,100.0,Calibrated 2D,smoothed_path
147.5062761506276,-3.703478609672233,,-0.372679557397347,,,1.0,100.0,Calibrated 2D,smoothed_path
148.20920502092048,-3.793431688538581,,-0.5436682943503472,,,1.0,100.0,Calibrated 2D,smoothed_path
148.9121338912134,-3.8824549975533293,,-0.7110757939204733,,,1.0,100.0,Calibrated 2D,smoothed_path
149.61506276150627,-3.9704966748025914,,-0.8749010102145777,,,1.0,100.0,Calibrated 2D,smoothed_path
150.31799163179915,-4.057507617182128,,-1.035146927049883,,,1.0,100.0,Calibrated 2D,smoothed_path
151.02092050209203,-4.143441604274544,,-1.1918205796030021,,,1.0,100.0,Calibrated 2D,smoothed_path
151.72384937238493,-4.228255402892572,,-1.3449330486765745,,,1.0,100.0,Calibrated 2D,smoothed_path
152.4267782426778,-4.311908851793355,,-1.494499428303166,,,1.0,100.0,Calibrated 2D,smoothed_path
153.1297071129707,-4.394364926341362,,-1.6405387677293175,,,1.0,100.0,Calibrated 2D,smoothed_path
153.8326359832636,-4.475589783161153,,-1.7830739891131433,,,1.0,100.0,Calibrated 2D,smoothed_path
154.53556485355648,-4.555552785071153,,-1.9221317825232882,,,1.0,100.0,Calibrated 2D,smoothed_path
155.23849372384936,-4.6342265068215305,,-2.057742480041675,,,1.0,100.0,Calibrated 2D,smoothed_path
155.94142259414224,-4.711586722369237,,-2.189939910945509,,,1.0,100.0,Calibrated 2D,smoothed_path
156.64435146443515,-4.787612374609303,,-2.3187612400752835,,,1.0,100.0,Calibrated 2D,smoothed_path
157.34728033472803,-4.862285528640874,,-2.4442467915846366,,,1.0,100.0,Calibrated 2D,smoothed_path
158.0502092050209,-4.935591309778584,,-2.566439860316983,,,1.0,100.0,Calibrated 2D,smoothed_path
158.75313807531379,-5.007517827623893,,-2.685386513064269,,,1.0,100.0,Calibrated 2D,smoothed_path
159.4560669456067,-5.0780560875877185,,-2.8011353819388107,,,1.0,100.0,Calibrated 2D,smoothed_path
160.15899581589957,-5.147199891305329,,-2.913737452032456,,,1.0,100.0,Calibrated 2D,smoothed_path
160.86192468619245,-5.214945727409275,,-3.0232458454530473,,,1.0,100.0,Calibrated 2D,smoothed_path
161.56485355648533,-5.2812926541269505,,-3.1297156037195366,,,1.0,100.0,Calibrated 2D,smoothed_path
162.26778242677824,-5.346242175149494,,-3.233203470369317,,,1.0,100.0,Calibrated 2D,smoothed_path
162.97071129707112,-5.4097981101796755,,-3.3337676754877075,,,1.0,100.0,Calibrated 2D,smoothed_path
163.673640167364,-5.471966461511222,,-3.4314677237148565,,,1.0,100.0,Calibrated 2D,smoothed_path
164.37656903765688,-5.532755277923242,,-3.526364187122908,,,1.0,100.0,Calibrated 2D,smoothed_path
165.0794979079498,-5.592174517093568,,-3.6185185041902965,,,1.0,100.0,Calibrated 2D,smoothed_path
165.78242677824267,-5.6502359076466036,,-3.7079927859331905,,,1.0,100.0,Calibrated 2D,smoothed_path
166.48535564853555,-5.706952811856937,,-3.794849630089729,,,1.0,100.0,Calibrated 2D,smoothed_path
167.18828451882845,-5.762340089931843,,-3.879151944092869,,,1.0,100.0,Calibrated 2D,smoothed_path
167.89121338912133,-5.816413966695958,,-3.960962777414862,,,1.0,100.0,Calibrated 2D,smoothed_path
168.5941422594142,-5.8691919014016,,-4.040345163722005,,,1.0,100.0,Calibrated 2D,smoothed_path
169.2970711297071,-5.9206924612899225,,-4.117361973143593,,,1.0,100.0,Calibrated 2D,smoothed_path
170.0,-5.970935199432943,,-4.192075774835321,,,1.0,100.0,Calibrated 2D,smoothed_path
