break_length,check_movement_timeout,clamp_angle,clamp_angle_relative,clamped,completion_code,cursor_properties,cursor_scale,cursor_stationary_wait,cursor_style,cursor_visibility,experiment_type,group,mouse_sensitivity,movement_timeout,n_break,n_repetitions,play_audio_feedback,ppid_session_dataname,progress_in_break,return_hand_wait,show_endpoint_feedback,show_score,show_text_feedback,target_circle_radius,target_scale,token_id
60,True,0,0,True,77E7D184,CursorProperties,0.5,0.30000001192092896,Circle,TrialOnly,prolific,1,0.0034722171258181334,"[0.0, 0.30000001192092896]",3,240,Full,571510386420_s001_settings,True,1.5,Full,False,ErrorOnly,4,0.5,52
60,True,0,0,True,77E7D184,CursorProperties,0.5,0.30000001192092896,Circle,TrialOnly,prolific,2,0.013397096656262875,"[0.0, 0.30000001192092896]",3,240,Full,502597156213_s001_settings,True,1.5,Full,False,ErrorOnly,4,0.5,144
60,True,0,0,True,77E7D184,CursorProperties,0.5,0.30000001192092896,Circle,TrialOnly,prolific,1,0.00917072407901287,"[0.0, 0.30000001192092896]",3,240,Full,928185260389_s001_settings,True,1.5,Full,False,ErrorOnly,4,0.5,91
60,True,0,0,True,77E7D184,CursorProperties,0.5,0.30000001192092896,Circle,TrialOnly,prolific,9,0.008565664291381836,"[0.0, 0.30000001192092896]",3,240,Full,801419172901_s001_settings,True,1.5,Full,False,ErrorOnly,4,0.5,468
60,True,0,0,True,77E7D184,CursorProperties,0.5,0.30000001192092896,Circle,TrialOnly,prolific,5,0.00902126170694828,"[0.0, 0.30000001192092896]",3,240,Full,698263481259_s001_settings,True,1.5,Full,False,ErrorOnly,4,0.5,259
60,True,0,0,True,77E7D184,CursorProperties,0.5,0.30000001192092896,Circle,TrialOnly,prolific,6,0.013020806014537811,"[0.0, 0.30000001192092896]",3,240,Full,314153794897_s001_settings,True,1.5,Full,False,ErrorOnly,4,0.5,315
60,True,0,0,True,77E7D184,CursorProperties,0.5,0.30000001192092896,Circle,TrialOnly,prolific,2,0.00921176839619875,"[0.0, 0.30000001192092896]",3,240,Full,572670224355_s001_settings,True,1.5,Full,False,ErrorOnly,4,0.5,108
60,True,0,0,True,77E7D184,CursorProperties,0.5,0.30000001192092896,Circle,TrialOnly,prolific,3,0.005555552896112204,"[0.0, 0.30000001192092896]",3,240,Full,667250633006_s001_settings,True,1.5,Full,False,ErrorOnly,4,0.5,181
60,True,0,0,True,77E7D184,CursorProperties,0.5,0.30000001192092896,Circle,TrialOnly,prolific,6,0.010701780207455158,"[0.0, 0.30000001192092896]",3,240,Full,588954061502_s001_settings,True,1.5,Full,False,ErrorOnly,4,0.5,335
60,True,0,0,True,77E7D184,CursorProperties,0.5,0.30000001192092896,Circle,TrialOnly,prolific,8,0.009259258396923542,"[0.0, 0.30000001192092896]",3,240,Full,479406978469_s001_settings,True,1.5,Full,False,ErrorOnly,4,0.5,398
60,True,0,0,True,77E7D184,CursorProperties,0.5,0.30000001192092896,Circle,TrialOnly,prolific,0,0.009154285304248333,"[0.0, 0.30000001192092896]",3,240,Full,968425765400_s001_settings,True,1.5,Full,False,ErrorOnly,4,0.5,17
60,True,0,0,True,77E7D184,CursorProperties,0.5,0.30000001192092896,Circle,TrialOnly,prolific,9,0.013027156703174114,"[0.0, 0.30000001192092896]",3,240,Full,696330509847_s001_settings,True,1.5,Full,False,ErrorOnly,4,0.5,455
60,True,0,0,True,77E7D184,CursorProperties,0.5,0.30000001192092896,Circle,TrialOnly,prolific,8,0.004402793478220701,"[0.0, 0.30000001192092896]",3,240,Full,982415887992_s001_settings,True,1.5,Full,False,ErrorOnly,4,0.5,409
60,True,0,0,True,77E7D184,CursorProperties,0.5,0.30000001192092896,Circle,TrialOnly,prolific,9,0.013020890764892101,"[0.0, 0.30000001192092896]",3,240,Full,549661439377_s001_settings,True,1.5,Full,False,ErrorOnly,4,0.5,445
60,True,0,0,True,77E7D184,CursorProperties,0.5,0.30000001192092896,Circle,TrialOnly,prolific,0,0.01151494774967432,"[0.0, 0.30000001192092896]",3,240,Full,756482156459_s001_settings,True,1.5,Full,False,ErrorOnly,4,0.5,16
60,True,0,0,True,77E7D184,CursorProperties,0.5,0.30000001192092896,Circle,TrialOnly,prolific,2,0.009303094819188118,"[0.0, 0.30000001192092896]",3,240,Full,456157590029_s001_settings,True,1.5,Full,False,ErrorOnly,4,0.5,112
60,True,0,0,True,77E7D184,CursorProperties,0.5,0.30000001192092896,Circle,TrialOnly,prolific,8,0.0069001950323581696,"[0.0, 0.30000001192092896]",3,240,Full,451075873570_s001_settings,True,1.5,Full,False,ErrorOnly,4,0.5,430
60,True,0,0,True,77E7D184,CursorProperties,0.5,0.30000001192092896,Circle,TrialOnly,prolific,2,0.010377231054008007,"[0.0, 0.30000001192092896]",3,240,Full,519645490683_s001_settings,True,1.5,Full,False,ErrorOnly,4,0.5,102
60,True,0,0,True,77E7D184,CursorProperties,0.5,0.30000001192092896,Circle,TrialOnly,prolific,0,0.009358269162476063,"[0.0, 0.30000001192092896]",3,240,Full,737828750163_s001_settings,True,1.5,Full,False,ErrorOnly,4,0.5,30
60,True,0,0,True,77E7D184,CursorProperties,0.5,0.30000001192092896,Circle,TrialOnly,prolific,3,0.01334211602807045,"[0.0, 0.30000001192092896]",3,240,Full,777654116973_s001_settings,True,1.5,Full,False,ErrorOnly,4,0.5,177
60,True,0,0,True,77E7D184,CursorProperties,0.5,0.30000001192092896,Circle,TrialOnly,prolific,3,0.008996662683784962,"[0.0, 0.30000001192092896]",3,240,Full,894596827216_s001_settings,True,1.5,Full,False,ErrorOnly,4,0.5,187
60,True,0,0,True,77E7D184,CursorProperties,0.5,0.30000001192092896,Circle,TrialOnly,prolific,5,0.009259264916181564,"[0.0, 0.30000001192092896]",3,240,Full,830310877645_s001_settings,True,1.5,Full,False,ErrorOnly,4,0.5,279
60,True,0,0,True,77E7D184,CursorProperties,0.5,0.30000001192092896,Circle,TrialOnly,prolific,5,0.009259338490664959,"[0.0, 0.30000001192092896]",3,240,Full,416004814207_s001_settings,True,1.5,Full,False,ErrorOnly,4,0.5,264
60,True,0,0,True,77E7D184,CursorProperties,0.5,0.30000001192092896,Circle,TrialOnly,prolific,1,0.009073975495994091,"[0.0, 0.30000001192092896]",3,240,Full,616859448142_s001_settings,True,1.5,Full,False,ErrorOnly,4,0.5,90
60,True,0,0,True,77E7D184,CursorProperties,0.5,0.30000001192092896,Circle,TrialOnly,prolific,7,0.013020847924053669,"[0.0, 0.30000001192092896]",3,240,Full,530361538287_s001_settings,True,1.5,Full,False,ErrorOnly,4,0.5,340
60,True,0,0,True,77E7D184,CursorProperties,0.5,0.30000001192092896,Circle,TrialOnly,prolific,4,0.009259261190891266,"[0.0, 0.30000001192092896]",3,240,Full,406984957400_s001_settings,True,1.5,Full,False,ErrorOnly,4,0.5,204
60,True,0,0,True,77E7D184,CursorProperties,0.5,0.30000001192092896,Circle,TrialOnly,prolific,3,0.005555552430450916,"[0.0, 0.30000001192092896]",3,240,Full,559884942136_s001_settings,True,1.5,Full,False,ErrorOnly,4,0.5,156
60,True,0,0,True,77E7D184,CursorProperties,0.5,0.30000001192092896,Circle,TrialOnly,prolific,8,0.009259273298084736,"[0.0, 0.30000001192092896]",3,240,Full,87299142964_s001_settings,True,1.5,Full,False,ErrorOnly,4,0.5,392
60,True,0,0,True,77E7D184,CursorProperties,0.5,0.30000001192092896,Circle,TrialOnly,prolific,2,0.013020822778344154,"[0.0, 0.30000001192092896]",3,240,Full,871067946078_s001_settings,True,1.5,Full,False,ErrorOnly,4,0.5,126
60,True,0,0,True,77E7D184,CursorProperties,0.5,0.30000001192092896,Circle,TrialOnly,prolific,5,0.009155244566500187,"[0.0, 0.30000001192092896]",3,240,Full,526791953481_s001_settings,True,1.5,Full,False,ErrorOnly,4,0.5,252
60,True,0,0,True,77E7D184,CursorProperties,0.5,0.30000001192092896,Circle,TrialOnly,prolific,9,0.008489166386425495,"[0.0, 0.30000001192092896]",3,240,Full,65927738090_s001_settings,True,1.5,Full,False,ErrorOnly,4,0.5,454
60,True,0,0,True,77E7D184,CursorProperties,0.5,0.30000001192092896,Circle,TrialOnly,prolific,7,0.005482442677021027,"[0.0, 0.30000001192092896]",3,240,Full,525743780657_s001_settings,True,1.5,Full,False,ErrorOnly,4,0.5,377
60,True,0,0,True,77E7D184,CursorProperties,0.5,0.30000001192092896,Circle,TrialOnly,prolific,4,0.0054853204637765884,"[0.0, 0.30000001192092896]",3,240,Full,75524589512_s001_settings,True,1.5,Full,False,ErrorOnly,4,0.5,218
60,True,0,0,True,77E7D184,CursorProperties,0.5,0.30000001192092896,Circle,TrialOnly,prolific,9,0.004340284503996372,"[0.0, 0.30000001192092896]",3,240,Full,713283016113_s001_settings,True,1.5,Full,False,ErrorOnly,4,0.5,456
60,True,0,0,True,77E7D184,CursorProperties,0.5,0.30000001192092896,Circle,TrialOnly,prolific,5,0.009182076901197433,"[0.0, 0.30000001192092896]",3,240,Full,163470105268_s001_settings,True,1.5,Full,False,ErrorOnly,4,0.5,250
60,True,0,0,True,77E7D184,CursorProperties,0.5,0.30000001192092896,Circle,TrialOnly,prolific,8,0.013020862825214863,"[0.0, 0.30000001192092896]",3,240,Full,439513294491_s001_settings,True,1.5,Full,False,ErrorOnly,4,0.5,421
60,True,0,0,True,77E7D184,CursorProperties,0.5,0.30000001192092896,Circle,TrialOnly,prolific,1,0.009086252190172672,"[0.0, 0.30000001192092896]",3,240,Full,804262401536_s001_settings,True,1.5,Full,False,ErrorOnly,4,0.5,66
60,True,0,0,True,77E7D184,CursorProperties,0.5,0.30000001192092896,Circle,TrialOnly,prolific,9,0.009165618568658829,"[0.0, 0.30000001192092896]",3,240,Full,132102677831_s001_settings,True,1.5,Full,False,ErrorOnly,4,0.5,460
60,True,0,0,True,77E7D184,CursorProperties,0.5,0.30000001192092896,Circle,TrialOnly,prolific,9,0.013020831160247326,"[0.0, 0.30000001192092896]",3,240,Full,93308798968_s001_settings,True,1.5,Full,False,ErrorOnly,4,0.5,473
60,True,0,0,True,77E7D184,CursorProperties,0.5,0.30000001192092896,Circle,TrialOnly,prolific,1,0.011111106723546982,"[0.0, 0.30000001192092896]",3,240,Full,18545178463_s001_settings,True,1.5,Full,False,ErrorOnly,4,0.5,58
60,True,0,0,True,77E7D184,CursorProperties,0.5,0.30000001192092896,Circle,TrialOnly,prolific,6,0.009259296581149101,"[0.0, 0.30000001192092896]",3,240,Full,84703686414_s001_settings,True,1.5,Full,False,ErrorOnly,4,0.5,299
,,,,,77E7D184,,,,,,prolific,,0.00956165511161089,,,,,527790458407_s001_settings,,,,,,,,99
60,True,0,0,True,77E7D184,CursorProperties,0.5,0.30000001192092896,Circle,TrialOnly,prolific,8,0.013020848855376244,"[0.0, 0.30000001192092896]",3,240,Full,879490296822_s001_settings,True,1.5,Full,False,ErrorOnly,4,0.5,406
60,True,0,0,True,77E7D184,CursorProperties,0.5,0.30000001192092896,Circle,TrialOnly,prolific,3,0.009192898869514465,"[0.0, 0.30000001192092896]",3,240,Full,496473497245_s001_settings,True,1.5,Full,False,ErrorOnly,4,0.5,159
60,True,0,0,True,77E7D184,CursorProperties,0.5,0.30000001192092896,Circle,TrialOnly,prolific,6,0.013020833022892475,"[0.0, 0.30000001192092896]",3,240,Full,258433481445_s001_settings,True,1.5,Full,False,ErrorOnly,4,0.5,294
60,True,0,0,True,77E7D184,CursorProperties,0.5,0.30000001192092896,Circle,TrialOnly,prolific,2,0.009206423535943031,"[0.0, 0.30000001192092896]",3,240,Full,787634621141_s001_settings,True,1.5,Full,False,ErrorOnly,4,0.5,110
60,True,0,0,True,77E7D184,CursorProperties,0.5,0.30000001192092896,Circle,TrialOnly,prolific,4,0.009259269572794437,"[0.0, 0.30000001192092896]",3,240,Full,686622809385_s001_settings,True,1.5,Full,False,ErrorOnly,4,0.5,195
60,True,0,0,True,77E7D184,CursorProperties,0.5,0.30000001192092896,Circle,TrialOnly,prolific,0,0.013020824640989304,"[0.0, 0.30000001192092896]",3,240,Full,996553590521_s001_settings,True,1.5,Full,False,ErrorOnly,4,0.5,6
60,True,0,0,True,77E7D184,CursorProperties,0.5,0.30000001192092896,Circle,TrialOnly,prolific,7,0.009606832638382912,"[0.0, 0.30000001192092896]",3,240,Full,288731469074_s001_settings,True,1.5,Full,False,ErrorOnly,4,0.5,354
60,True,0,0,True,77E7D184,CursorProperties,0.5,0.30000001192092896,Circle,TrialOnly,prolific,5,0.0092593003064394,"[0.0, 0.30000001192092896]",3,240,Full,74249908328_s001_settings,True,1.5,Full,False,ErrorOnly,4,0.5,277
60,True,0,0,True,77E7D184,CursorProperties,0.5,0.30000001192092896,Circle,TrialOnly,prolific,0,0.01302083395421505,"[0.0, 0.30000001192092896]",3,240,Full,628253346774_s001_settings,True,1.5,Full,False,ErrorOnly,4,0.5,10
60,True,0,0,True,77E7D184,CursorProperties,0.5,0.30000001192092896,Circle,TrialOnly,prolific,6,0.009259293787181377,"[0.0, 0.30000001192092896]",3,240,Full,852626928128_s001_settings,True,1.5,Full,False,ErrorOnly,4,0.5,332
60,True,0,0,True,77E7D184,CursorProperties,0.5,0.30000001192092896,Circle,TrialOnly,prolific,6,0.009185838513076305,"[0.0, 0.30000001192092896]",3,240,Full,911029371665_s001_settings,True,1.5,Full,False,ErrorOnly,4,0.5,326
60,True,0,0,True,77E7D184,CursorProperties,0.5,0.30000001192092896,Circle,TrialOnly,prolific,8,0.01302086841315031,"[0.0, 0.30000001192092896]",3,240,Full,821109032956_s001_settings,True,1.5,Full,False,ErrorOnly,4,0.5,389
60,True,0,0,True,77E7D184,CursorProperties,0.5,0.30000001192092896,Circle,TrialOnly,prolific,7,0.01284806989133358,"[0.0, 0.30000001192092896]",3,240,Full,625957949785_s001_settings,True,1.5,Full,False,ErrorOnly,4,0.5,364
60,True,0,0,True,77E7D184,CursorProperties,0.5,0.30000001192092896,Circle,TrialOnly,prolific,2,0.009259287267923355,"[0.0, 0.30000001192092896]",3,240,Full,311279476853_s001_settings,True,1.5,Full,False,ErrorOnly,4,0.5,135
60,True,0,0,True,77E7D184,CursorProperties,0.5,0.30000001192092896,Circle,TrialOnly,prolific,5,0.009163693524897099,"[0.0, 0.30000001192092896]",3,240,Full,804624028969_s001_settings,True,1.5,Full,False,ErrorOnly,4,0.5,249
60,True,0,0,True,77E7D184,CursorProperties,0.5,0.30000001192092896,Circle,TrialOnly,prolific,9,0.011111116968095303,"[0.0, 0.30000001192092896]",3,240,Full,214072812348_s001_settings,True,1.5,Full,False,ErrorOnly,4,0.5,458
60,True,0,0,True,77E7D184,CursorProperties,0.5,0.30000001192092896,Circle,TrialOnly,prolific,9,0.009259266778826714,"[0.0, 0.30000001192092896]",3,240,Full,868766423314_s001_settings,True,1.5,Full,False,ErrorOnly,4,0.5,462
60,True,0,0,True,77E7D184,CursorProperties,0.5,0.30000001192092896,Circle,TrialOnly,prolific,8,0.010090191848576069,"[0.0, 0.30000001192092896]",3,240,Full,214060187805_s001_settings,True,1.5,Full,False,ErrorOnly,4,0.5,414
60,True,0,0,True,77E7D184,CursorProperties,0.5,0.30000001192092896,Circle,TrialOnly,prolific,6,0.007316824980080128,"[0.0, 0.30000001192092896]",3,240,Full,737582583446_s001_settings,True,1.5,Full,False,ErrorOnly,4,0.5,323
60,True,0,0,True,77E7D184,CursorProperties,0.5,0.30000001192092896,Circle,TrialOnly,prolific,9,0.009145960211753845,"[0.0, 0.30000001192092896]",3,240,Full,644298611907_s001_settings,True,1.5,Full,False,ErrorOnly,4,0.5,439
60,True,0,0,True,77E7D184,CursorProperties,0.5,0.30000001192092896,Circle,TrialOnly,prolific,0,0.009259287267923355,"[0.0, 0.30000001192092896]",3,240,Full,557130941888_s001_settings,True,1.5,Full,False,ErrorOnly,4,0.5,45
60,True,0,0,True,77E7D184,CursorProperties,0.5,0.30000001192092896,Circle,TrialOnly,prolific,7,0.009148395620286465,"[0.0, 0.30000001192092896]",3,240,Full,35938706947_s001_settings,True,1.5,Full,False,ErrorOnly,4,0.5,366
60,True,0,0,True,77E7D184,CursorProperties,0.5,0.30000001192092896,Circle,TrialOnly,prolific,9,0.009648947045207024,"[0.0, 0.30000001192092896]",3,240,Full,409510251833_s001_settings,True,1.5,Full,False,ErrorOnly,4,0.5,461
60,True,0,0,True,77E7D184,CursorProperties,0.5,0.30000001192092896,Circle,TrialOnly,prolific,3,0.00926121324300766,"[0.0, 0.30000001192092896]",3,240,Full,432379164500_s001_settings,True,1.5,Full,False,ErrorOnly,4,0.5,169
60,True,0,0,True,77E7D184,CursorProperties,0.5,0.30000001192092896,Circle,TrialOnly,prolific,6,0.00614619255065918,"[0.0, 0.30000001192092896]",3,240,Full,914010886568_s001_settings,True,1.5,Full,False,ErrorOnly,4,0.5,321
60,True,0,0,True,77E7D184,CursorProperties,0.5,0.30000001192092896,Circle,TrialOnly,prolific,4,0.007360378745943308,"[0.0, 0.30000001192092896]",3,240,Full,91531718848_s001_settings,True,1.5,Full,False,ErrorOnly,4,0.5,211
60,True,0,0,True,77E7D184,CursorProperties,0.5,0.30000001192092896,Circle,TrialOnly,prolific,2,0.009288705885410309,"[0.0, 0.30000001192092896]",3,240,Full,398109816713_s001_settings,True,1.5,Full,False,ErrorOnly,4,0.5,131
60,True,0,0,True,77E7D184,CursorProperties,0.5,0.30000001192092896,Circle,TrialOnly,prolific,7,0.009259260259568691,"[0.0, 0.30000001192092896]",3,240,Full,708731377264_s001_settings,True,1.5,Full,False,ErrorOnly,4,0.5,353
60,True,0,0,True,77E7D184,CursorProperties,0.5,0.30000001192092896,Circle,TrialOnly,prolific,6,0.009281293489038944,"[0.0, 0.30000001192092896]",3,240,Full,850329221459_s001_settings,True,1.5,Full,False,ErrorOnly,4,0.5,297
60,True,0,0,True,77E7D184,CursorProperties,0.5,0.30000001192092896,Circle,TrialOnly,prolific,9,0.0091688372194767,"[0.0, 0.30000001192092896]",3,240,Full,75201456900_s001_settings,True,1.5,Full,False,ErrorOnly,4,0.5,451
60,True,0,0,True,77E7D184,CursorProperties,0.5,0.30000001192092896,Circle,TrialOnly,prolific,8,0.013020842336118221,"[0.0, 0.30000001192092896]",3,240,Full,450251729693_s001_settings,True,1.5,Full,False,ErrorOnly,4,0.5,431
60,True,0,0,True,77E7D184,CursorProperties,0.5,0.30000001192092896,Circle,TrialOnly,prolific,7,0.00925927422940731,"[0.0, 0.30000001192092896]",3,240,Full,37822414888_s001_settings,True,1.5,Full,False,ErrorOnly,4,0.5,346
60,True,0,0,True,77E7D184,CursorProperties,0.5,0.30000001192092896,Circle,TrialOnly,prolific,3,0.005550576373934746,"[0.0, 0.30000001192092896]",3,240,Full,507283287821_s001_settings,True,1.5,Full,False,ErrorOnly,4,0.5,150
60,True,0,0,True,77E7D184,CursorProperties,0.5,0.30000001192092896,Circle,TrialOnly,prolific,2,0.009213869459927082,"[0.0, 0.30000001192092896]",3,240,Full,158240405377_s001_settings,True,1.5,Full,False,ErrorOnly,4,0.5,127
60,True,0,0,True,77E7D184,CursorProperties,0.5,0.30000001192092896,Circle,TrialOnly,prolific,2,0.009508667513728142,"[0.0, 0.30000001192092896]",3,240,Full,141351339407_s001_settings,True,1.5,Full,False,ErrorOnly,4,0.5,140
60,True,0,0,True,77E7D184,CursorProperties,0.5,0.30000001192092896,Circle,TrialOnly,prolific,0,0.009195496328175068,"[0.0, 0.30000001192092896]",3,240,Full,761518668150_s001_settings,True,1.5,Full,False,ErrorOnly,4,0.5,42
60,True,0,0,True,77E7D184,CursorProperties,0.5,0.30000001192092896,Circle,TrialOnly,prolific,2,0.013281789608299732,"[0.0, 0.30000001192092896]",3,240,Full,390771680977_s001_settings,True,1.5,Full,False,ErrorOnly,4,0.5,125
60,True,0,0,True,77E7D184,CursorProperties,0.5,0.30000001192092896,Circle,TrialOnly,prolific,5,0.005561558064073324,"[0.0, 0.30000001192092896]",3,240,Full,994716872461_s001_settings,True,1.5,Full,False,ErrorOnly,4,0.5,242
60,True,0,0,True,77E7D184,CursorProperties,0.5,0.30000001192092896,Circle,TrialOnly,prolific,7,0.009445752948522568,"[0.0, 0.30000001192092896]",3,240,Full,898031750461_s001_settings,True,1.5,Full,False,ErrorOnly,4,0.5,359
60,True,0,0,True,77E7D184,CursorProperties,0.5,0.30000001192092896,Circle,TrialOnly,prolific,1,0.005404967349022627,"[0.0, 0.30000001192092896]",3,240,Full,802470273105_s001_settings,True,1.5,Full,False,ErrorOnly,4,0.5,64
60,True,0,0,True,77E7D184,CursorProperties,0.5,0.30000001192092896,Circle,TrialOnly,prolific,9,0.013020836748182774,"[0.0, 0.30000001192092896]",3,240,Full,252662312705_s001_settings,True,1.5,Full,False,ErrorOnly,4,0.5,450
60,True,0,0,True,77E7D184,CursorProperties,0.5,0.30000001192092896,Circle,TrialOnly,prolific,7,0.009179499000310898,"[0.0, 0.30000001192092896]",3,240,Full,260547727346_s001_settings,True,1.5,Full,False,ErrorOnly,4,0.5,371
,,,,,77E7D184,,,,,,prolific,,0.0049457852728664875,,,,,379667443456_s001_settings,,,,,,,,170
60,True,0,0,True,77E7D184,CursorProperties,0.5,0.30000001192092896,Circle,TrialOnly,prolific,0,0.00694443890824914,"[0.0, 0.30000001192092896]",3,240,Full,668861049227_s001_settings,True,1.5,Full,False,ErrorOnly,4,0.5,24
60,True,0,0,True,77E7D184,CursorProperties,0.5,0.30000001192092896,Circle,TrialOnly,prolific,2,0.013473152182996273,"[0.0, 0.30000001192092896]",3,240,Full,219942741794_s001_settings,True,1.5,Full,False,ErrorOnly,4,0.5,138
60,True,0,0,True,77E7D184,CursorProperties,0.5,0.30000001192092896,Circle,TrialOnly,prolific,8,0.011781105771660805,"[0.0, 0.30000001192092896]",3,240,Full,290656034369_s001_settings,True,1.5,Full,False,ErrorOnly,4,0.5,413
60,True,0,0,True,77E7D184,CursorProperties,0.5,0.30000001192092896,Circle,TrialOnly,prolific,2,0.006944425869733095,"[0.0, 0.30000001192092896]",3,240,Full,986917736241_s001_settings,True,1.5,Full,False,ErrorOnly,4,0.5,116
60,True,0,0,True,77E7D184,CursorProperties,0.5,0.30000001192092896,Circle,TrialOnly,prolific,2,0.009180736728012562,"[0.0, 0.30000001192092896]",3,240,Full,748730017803_s001_settings,True,1.5,Full,False,ErrorOnly,4,0.5,120
60,True,0,0,True,77E7D184,CursorProperties,0.5,0.30000001192092896,Circle,TrialOnly,prolific,8,0.009010829031467438,"[0.0, 0.30000001192092896]",3,240,Full,759023618418_s001_settings,True,1.5,Full,False,ErrorOnly,4,0.5,420
60,True,0,0,True,77E7D184,CursorProperties,0.5,0.30000001192092896,Circle,TrialOnly,prolific,8,0.005555552896112204,"[0.0, 0.30000001192092896]",3,240,Full,587319151731_s001_settings,True,1.5,Full,False,ErrorOnly,4,0.5,391
60,True,0,0,True,77E7D184,CursorProperties,0.5,0.30000001192092896,Circle,TrialOnly,prolific,6,0.011111109517514706,"[0.0, 0.30000001192092896]",3,240,Full,412116680061_s001_settings,True,1.5,Full,False,ErrorOnly,4,0.5,327
60,True,0,0,True,77E7D184,CursorProperties,0.5,0.30000001192092896,Circle,TrialOnly,prolific,6,0.00926231499761343,"[0.0, 0.30000001192092896]",3,240,Full,813273714622_s001_settings,True,1.5,Full,False,ErrorOnly,4,0.5,302
60,True,0,0,True,77E7D184,CursorProperties,0.5,0.30000001192092896,Circle,TrialOnly,prolific,6,0.009757998399436474,"[0.0, 0.30000001192092896]",3,240,Full,621998446062_s001_settings,True,1.5,Full,False,ErrorOnly,4,0.5,320
60,True,0,0,True,77E7D184,CursorProperties,0.5,0.30000001192092896,Circle,TrialOnly,prolific,6,0.009169482626020908,"[0.0, 0.30000001192092896]",3,240,Full,851634270977_s001_settings,True,1.5,Full,False,ErrorOnly,4,0.5,316
60,True,0,0,True,77E7D184,CursorProperties,0.5,0.30000001192092896,Circle,TrialOnly,prolific,1,0.013020914979279041,"[0.0, 0.30000001192092896]",3,240,Full,244346351129_s001_settings,True,1.5,Full,False,ErrorOnly,4,0.5,78
60,True,0,0,True,77E7D184,CursorProperties,0.5,0.30000001192092896,Circle,TrialOnly,prolific,3,0.009455010294914246,"[0.0, 0.30000001192092896]",3,240,Full,769001317210_s001_settings,True,1.5,Full,False,ErrorOnly,4,0.5,149
60,True,0,0,True,77E7D184,CursorProperties,0.5,0.30000001192092896,Circle,TrialOnly,prolific,1,0.005556527990847826,"[0.0, 0.30000001192092896]",3,240,Full,560719192726_s001_settings,True,1.5,Full,False,ErrorOnly,4,0.5,68
60,True,0,0,True,77E7D184,CursorProperties,0.5,0.30000001192092896,Circle,TrialOnly,prolific,8,0.008963586762547493,"[0.0, 0.30000001192092896]",3,240,Full,794821160379_s001_settings,True,1.5,Full,False,ErrorOnly,4,0.5,423
60,True,0,0,True,77E7D184,CursorProperties,0.5,0.30000001192092896,Circle,TrialOnly,prolific,8,0.009153889492154121,"[0.0, 0.30000001192092896]",3,240,Full,313978052698_s001_settings,True,1.5,Full,False,ErrorOnly,4,0.5,394
60,True,0,0,True,77E7D184,CursorProperties,0.5,0.30000001192092896,Circle,TrialOnly,prolific,0,0.00925932265818119,"[0.0, 0.30000001192092896]",3,240,Full,595595653867_s001_settings,True,1.5,Full,False,ErrorOnly,4,0.5,4
60,True,0,0,True,77E7D184,CursorProperties,0.5,0.30000001192092896,Circle,TrialOnly,prolific,7,0.013272183947265148,"[0.0, 0.30000001192092896]",3,240,Full,245556890498_s001_settings,True,1.5,Full,False,ErrorOnly,4,0.5,378
60,True,0,0,True,77E7D184,CursorProperties,0.5,0.30000001192092896,Circle,TrialOnly,prolific,2,0.008847794495522976,"[0.0, 0.30000001192092896]",3,240,Full,577084825607_s001_settings,True,1.5,Full,False,ErrorOnly,4,0.5,142
60,True,0,0,True,77E7D184,CursorProperties,0.5,0.30000001192092896,Circle,TrialOnly,prolific,4,0.017478106543421745,"[0.0, 0.30000001192092896]",3,240,Full,526302751153_s001_settings,True,1.5,Full,False,ErrorOnly,4,0.5,232
60,True,0,0,True,77E7D184,CursorProperties,0.5,0.30000001192092896,Circle,TrialOnly,prolific,5,0.009558463469147682,"[0.0, 0.30000001192092896]",3,240,Full,486883807927_s001_settings,True,1.5,Full,False,ErrorOnly,4,0.5,282
60,True,0,0,True,77E7D184,CursorProperties,0.5,0.30000001192092896,Circle,TrialOnly,prolific,4,0.013020847924053669,"[0.0, 0.30000001192092896]",3,240,Full,501492992509_s001_settings,True,1.5,Full,False,ErrorOnly,4,0.5,200
60,True,0,0,True,77E7D184,CursorProperties,0.5,0.30000001192092896,Circle,TrialOnly,prolific,9,0.008671879768371582,"[0.0, 0.30000001192092896]",3,240,Full,16847613267_s001_settings,True,1.5,Full,False,ErrorOnly,4,0.5,435
60,True,0,0,True,77E7D184,CursorProperties,0.5,0.30000001192092896,Circle,TrialOnly,prolific,6,0.005208334885537624,"[0.0, 0.30000001192092896]",3,240,Full,500659405486_s001_settings,True,1.5,Full,False,ErrorOnly,4,0.5,300
60,True,0,0,True,77E7D184,CursorProperties,0.5,0.30000001192092896,Circle,TrialOnly,prolific,7,0.009259271435439587,"[0.0, 0.30000001192092896]",3,240,Full,25723101804_s001_settings,True,1.5,Full,False,ErrorOnly,4,0.5,342
60,True,0,0,True,77E7D184,CursorProperties,0.5,0.30000001192092896,Circle,TrialOnly,prolific,7,0.009259283542633057,"[0.0, 0.30000001192092896]",3,240,Full,484121365239_s001_settings,True,1.5,Full,False,ErrorOnly,4,0.5,374
60,True,0,0,True,77E7D184,CursorProperties,0.5,0.30000001192092896,Circle,TrialOnly,prolific,9,0.009259314276278019,"[0.0, 0.30000001192092896]",3,240,Full,801640937104_s001_settings,True,1.5,Full,False,ErrorOnly,4,0.5,480
60,True,0,0,True,77E7D184,CursorProperties,0.5,0.30000001192092896,Circle,TrialOnly,prolific,3,0.006249993108212948,"[0.0, 0.30000001192092896]",3,240,Full,326328627765_s001_settings,True,1.5,Full,False,ErrorOnly,4,0.5,162
60,True,0,0,True,77E7D184,CursorProperties,0.5,0.30000001192092896,Circle,TrialOnly,prolific,7,0.009259289130568504,"[0.0, 0.30000001192092896]",3,240,Full,211445384891_s001_settings,True,1.5,Full,False,ErrorOnly,4,0.5,368
60,True,0,0,True,77E7D184,CursorProperties,0.5,0.30000001192092896,Circle,TrialOnly,prolific,0,0.010988340713083744,"[0.0, 0.30000001192092896]",3,240,Full,475080016767_s001_settings,True,1.5,Full,False,ErrorOnly,4,0.5,15
60,True,0,0,True,77E7D184,CursorProperties,0.5,0.30000001192092896,Circle,TrialOnly,prolific,4,0.009303929284214973,"[0.0, 0.30000001192092896]",3,240,Full,238396474858_s001_settings,True,1.5,Full,False,ErrorOnly,4,0.5,198
60,True,0,0,True,77E7D184,CursorProperties,0.5,0.30000001192092896,Circle,TrialOnly,prolific,0,0.013020815327763557,"[0.0, 0.30000001192092896]",3,240,Full,537187849171_s001_settings,True,1.5,Full,False,ErrorOnly,4,0.5,8
60,True,0,0,True,77E7D184,CursorProperties,0.5,0.30000001192092896,Circle,TrialOnly,prolific,2,0.00954448338598013,"[0.0, 0.30000001192092896]",3,240,Full,549389360938_s001_settings,True,1.5,Full,False,ErrorOnly,4,0.5,123
60,True,0,0,True,77E7D184,CursorProperties,0.5,0.30000001192092896,Circle,TrialOnly,prolific,6,0.009186114184558392,"[0.0, 0.30000001192092896]",3,240,Full,710075415438_s001_settings,True,1.5,Full,False,ErrorOnly,4,0.5,291
60,True,0,0,True,77E7D184,CursorProperties,0.5,0.30000001192092896,Circle,TrialOnly,prolific,2,0.009172791615128517,"[0.0, 0.30000001192092896]",3,240,Full,797606508946_s001_settings,True,1.5,Full,False,ErrorOnly,4,0.5,103
60,True,0,0,True,77E7D184,CursorProperties,0.5,0.30000001192092896,Circle,TrialOnly,prolific,1,0.009259370155632496,"[0.0, 0.30000001192092896]",3,240,Full,662896639900_s001_settings,True,1.5,Full,False,ErrorOnly,4,0.5,87
60,True,0,0,True,77E7D184,CursorProperties,0.5,0.30000001192092896,Circle,TrialOnly,prolific,0,0.003968255594372749,"[0.0, 0.30000001192092896]",3,240,Full,666880505392_s001_settings,True,1.5,Full,False,ErrorOnly,4,0.5,32
60,True,0,0,True,77E7D184,CursorProperties,0.5,0.30000001192092896,Circle,TrialOnly,prolific,4,0.004917302634567022,"[0.0, 0.30000001192092896]",3,240,Full,814708099700_s001_settings,True,1.5,Full,False,ErrorOnly,4,0.5,196
60,True,0,0,True,77E7D184,CursorProperties,0.5,0.30000001192092896,Circle,TrialOnly,prolific,2,0.009199332445859909,"[0.0, 0.30000001192092896]",3,240,Full,327893696958_s001_settings,True,1.5,Full,False,ErrorOnly,4,0.5,102
60,True,0,0,True,77E7D184,CursorProperties,0.5,0.30000001192092896,Circle,TrialOnly,prolific,7,0.01176464557647705,"[0.0, 0.30000001192092896]",3,240,Full,49237847328_s001_settings,True,1.5,Full,False,ErrorOnly,4,0.5,352
60,True,0,0,True,77E7D184,CursorProperties,0.5,0.30000001192092896,Circle,TrialOnly,prolific,2,0.006249996833503246,"[0.0, 0.30000001192092896]",3,240,Full,726770222419_s001_settings,True,1.5,Full,False,ErrorOnly,4,0.5,128
60,True,0,0,True,77E7D184,CursorProperties,0.5,0.30000001192092896,Circle,TrialOnly,prolific,1,0.009140348061919212,"[0.0, 0.30000001192092896]",3,240,Full,706570674898_s001_settings,True,1.5,Full,False,ErrorOnly,4,0.5,54
60,True,0,0,True,77E7D184,CursorProperties,0.5,0.30000001192092896,Circle,TrialOnly,prolific,3,0.009259270504117012,"[0.0, 0.30000001192092896]",3,240,Full,554310866631_s001_settings,True,1.5,Full,False,ErrorOnly,4,0.5,188
60,True,0,0,True,77E7D184,CursorProperties,0.5,0.30000001192092896,Circle,TrialOnly,prolific,9,0.00938369333744049,"[0.0, 0.30000001192092896]",3,240,Full,749614232918_s001_settings,True,1.5,Full,False,ErrorOnly,4,0.5,464
60,True,0,0,True,77E7D184,CursorProperties,0.5,0.30000001192092896,Circle,TrialOnly,prolific,1,0.004464291501790285,"[0.0, 0.30000001192092896]",3,240,Full,993634722428_s001_settings,True,1.5,Full,False,ErrorOnly,4,0.5,53
60,True,0,0,True,77E7D184,CursorProperties,0.5,0.30000001192092896,Circle,TrialOnly,prolific,9,0.010060328058898449,"[0.0, 0.30000001192092896]",3,240,Full,804923957446_s001_settings,True,1.5,Full,False,ErrorOnly,4,0.5,444
60,True,0,0,True,77E7D184,CursorProperties,0.5,0.30000001192092896,Circle,TrialOnly,prolific,3,0.005434782709926367,"[0.0, 0.30000001192092896]",3,240,Full,219666297547_s001_settings,True,1.5,Full,False,ErrorOnly,4,0.5,163
60,True,0,0,True,77E7D184,CursorProperties,0.5,0.30000001192092896,Circle,TrialOnly,prolific,1,0.009259281679987907,"[0.0, 0.30000001192092896]",3,240,Full,340447094989_s001_settings,True,1.5,Full,False,ErrorOnly,4,0.5,60
60,True,0,0,True,77E7D184,CursorProperties,0.5,0.30000001192092896,Circle,TrialOnly,prolific,1,0.006944894324988127,"[0.0, 0.30000001192092896]",3,240,Full,524084624601_s001_settings,True,1.5,Full,False,ErrorOnly,4,0.5,56
60,True,0,0,True,77E7D184,CursorProperties,0.5,0.30000001192092896,Circle,TrialOnly,prolific,7,0.009259267710149288,"[0.0, 0.30000001192092896]",3,240,Full,334186456864_s001_settings,True,1.5,Full,False,ErrorOnly,4,0.5,355
60,True,0,0,True,77E7D184,CursorProperties,0.5,0.30000001192092896,Circle,TrialOnly,prolific,4,0.013020873069763184,"[0.0, 0.30000001192092896]",3,240,Full,245267280377_s001_settings,True,1.5,Full,False,ErrorOnly,4,0.5,214
60,True,0,0,True,77E7D184,CursorProperties,0.5,0.30000001192092896,Circle,TrialOnly,prolific,5,0.009259297512471676,"[0.0, 0.30000001192092896]",3,240,Full,72586384601_s001_settings,True,1.5,Full,False,ErrorOnly,4,0.5,247
60,True,0,0,True,77E7D184,CursorProperties,0.5,0.30000001192092896,Circle,TrialOnly,prolific,7,0.009266281500458717,"[0.0, 0.30000001192092896]",3,240,Full,694313736399_s001_settings,True,1.5,Full,False,ErrorOnly,4,0.5,347
60,True,0,0,True,77E7D184,CursorProperties,0.5,0.30000001192092896,Circle,TrialOnly,prolific,6,0.013020822778344154,"[0.0, 0.30000001192092896]",3,240,Full,206032965332_s001_settings,True,1.5,Full,False,ErrorOnly,4,0.5,308
60,True,0,0,True,77E7D184,CursorProperties,0.5,0.30000001192092896,Circle,TrialOnly,prolific,3,0.0046729049645364285,"[0.0, 0.30000001192092896]",3,240,Full,342998198233_s001_settings,True,1.5,Full,False,ErrorOnly,4,0.5,152
60,True,0,0,True,77E7D184,CursorProperties,0.5,0.30000001192092896,Circle,TrialOnly,prolific,6,0.005555563606321812,"[0.0, 0.30000001192092896]",3,240,Full,254253289429_s001_settings,True,1.5,Full,False,ErrorOnly,4,0.5,307
60,True,0,0,True,77E7D184,CursorProperties,0.5,0.30000001192092896,Circle,TrialOnly,prolific,4,0.009165948256850243,"[0.0, 0.30000001192092896]",3,240,Full,789176471764_s001_settings,True,1.5,Full,False,ErrorOnly,4,0.5,223
60,True,0,0,True,77E7D184,CursorProperties,0.5,0.30000001192092896,Circle,TrialOnly,prolific,8,0.009179787710309029,"[0.0, 0.30000001192092896]",3,240,Full,314581190701_s001_settings,True,1.5,Full,False,ErrorOnly,4,0.5,415
60,True,0,0,True,77E7D184,CursorProperties,0.5,0.30000001192092896,Circle,TrialOnly,prolific,4,0.009052067995071411,"[0.0, 0.30000001192092896]",3,240,Full,809600020525_s001_settings,True,1.5,Full,False,ErrorOnly,4,0.5,205
60,True,0,0,True,77E7D184,CursorProperties,0.5,0.30000001192092896,Circle,TrialOnly,prolific,8,0.004580223001539707,"[0.0, 0.30000001192092896]",3,240,Full,831461226101_s001_settings,True,1.5,Full,False,ErrorOnly,4,0.5,408
60,True,0,0,True,77E7D184,CursorProperties,0.5,0.30000001192092896,Circle,TrialOnly,prolific,8,0.013020873069763184,"[0.0, 0.30000001192092896]",3,240,Full,631329533178_s001_settings,True,1.5,Full,False,ErrorOnly,4,0.5,396
60,True,0,0,True,77E7D184,CursorProperties,0.5,0.30000001192092896,Circle,TrialOnly,prolific,3,0.008180779404938221,"[0.0, 0.30000001192092896]",3,240,Full,664917210582_s001_settings,True,1.5,Full,False,ErrorOnly,4,0.5,180
60,True,0,0,True,77E7D184,CursorProperties,0.5,0.30000001192092896,Circle,TrialOnly,prolific,1,0.0054348004050552845,"[0.0, 0.30000001192092896]",3,240,Full,75254959287_s001_settings,True,1.5,Full,False,ErrorOnly,4,0.5,71
60,True,0,0,True,77E7D184,CursorProperties,0.5,0.30000001192092896,Circle,TrialOnly,prolific,8,0.009219233877956867,"[0.0, 0.30000001192092896]",3,240,Full,611182001186_s001_settings,True,1.5,Full,False,ErrorOnly,4,0.5,426
60,True,0,0,True,77E7D184,CursorProperties,0.5,0.30000001192092896,Circle,TrialOnly,prolific,6,0.009164003655314445,"[0.0, 0.30000001192092896]",3,240,Full,709011816186_s001_settings,True,1.5,Full,False,ErrorOnly,4,0.5,305
,,,,,77E7D184,,,,,,prolific,,0.009427428245544434,,,,,886873365845_s001_settings,,,,,,,,268
60,True,0,0,True,77E7D184,CursorProperties,0.5,0.30000001192092896,Circle,TrialOnly,prolific,9,0.009156934916973114,"[0.0, 0.30000001192092896]",3,240,Full,535793054616_s001_settings,True,1.5,Full,False,ErrorOnly,4,0.5,453
60,True,0,0,True,77E7D184,CursorProperties,0.5,0.30000001192092896,Circle,TrialOnly,prolific,6,0.009013312868773937,"[0.0, 0.30000001192092896]",3,240,Full,142243756214_s001_settings,True,1.5,Full,False,ErrorOnly,4,0.5,328
60,True,0,0,True,77E7D184,CursorProperties,0.5,0.30000001192092896,Circle,TrialOnly,prolific,9,0.013045592233538628,"[0.0, 0.30000001192092896]",3,240,Full,830764988902_s001_settings,True,1.5,Full,False,ErrorOnly,4,0.5,436
60,True,0,0,True,77E7D184,CursorProperties,0.5,0.30000001192092896,Circle,TrialOnly,prolific,9,0.00943896546959877,"[0.0, 0.30000001192092896]",3,240,Full,347401194740_s001_settings,True,1.5,Full,False,ErrorOnly,4,0.5,433
60,True,0,0,True,77E7D184,CursorProperties,0.5,0.30000001192092896,Circle,TrialOnly,prolific,8,0.009260213933885098,"[0.0, 0.30000001192092896]",3,240,Full,482947064097_s001_settings,True,1.5,Full,False,ErrorOnly,4,0.5,402
60,True,0,0,True,77E7D184,CursorProperties,0.5,0.30000001192092896,Circle,TrialOnly,prolific,4,0.00914643332362175,"[0.0, 0.30000001192092896]",3,240,Full,232699431944_s001_settings,True,1.5,Full,False,ErrorOnly,4,0.5,205
60,True,0,0,True,77E7D184,CursorProperties,0.5,0.30000001192092896,Circle,TrialOnly,prolific,4,0.006944434251636267,"[0.0, 0.30000001192092896]",3,240,Full,437488567084_s001_settings,True,1.5,Full,False,ErrorOnly,4,0.5,194
60,True,0,0,True,77E7D184,CursorProperties,0.5,0.30000001192092896,Circle,TrialOnly,prolific,6,0.005506701301783323,"[0.0, 0.30000001192092896]",3,240,Full,395156049868_s001_settings,True,1.5,Full,False,ErrorOnly,4,0.5,289
60,True,0,0,True,77E7D184,CursorProperties,0.5,0.30000001192092896,Circle,TrialOnly,prolific,0,0.013241685926914215,"[0.0, 0.30000001192092896]",3,240,Full,785879140021_s001_settings,True,1.5,Full,False,ErrorOnly,4,0.5,26
60,True,0,0,True,77E7D184,CursorProperties,0.5,0.30000001192092896,Circle,TrialOnly,prolific,3,0.005555564071983099,"[0.0, 0.30000001192092896]",3,240,Full,965287376195_s001_settings,True,1.5,Full,False,ErrorOnly,4,0.5,163
60,True,0,0,True,77E7D184,CursorProperties,0.5,0.30000001192092896,Circle,TrialOnly,prolific,2,0.004629638511687517,"[0.0, 0.30000001192092896]",3,240,Full,37013057852_s001_settings,True,1.5,Full,False,ErrorOnly,4,0.5,129
60,True,0,0,True,77E7D184,CursorProperties,0.5,0.30000001192092896,Circle,TrialOnly,prolific,0,0.008982875384390354,"[0.0, 0.30000001192092896]",3,240,Full,353267429629_s001_settings,True,1.5,Full,False,ErrorOnly,4,0.5,19
60,True,0,0,True,77E7D184,CursorProperties,0.5,0.30000001192092896,Circle,TrialOnly,prolific,1,0.00922181736677885,"[0.0, 0.30000001192092896]",3,240,Full,413611575961_s001_settings,True,1.5,Full,False,ErrorOnly,4,0.5,79
60,True,0,0,True,77E7D184,CursorProperties,0.5,0.30000001192092896,Circle,TrialOnly,prolific,3,0.009765625,"[0.0, 0.30000001192092896]",3,240,Full,23243432166_s001_settings,True,1.5,Full,False,ErrorOnly,4,0.5,153
60,True,0,0,True,77E7D184,CursorProperties,0.5,0.30000001192092896,Circle,TrialOnly,prolific,6,0.009057520888745785,"[0.0, 0.30000001192092896]",3,240,Full,538891392759_s001_settings,True,1.5,Full,False,ErrorOnly,4,0.5,330
60,True,0,0,True,77E7D184,CursorProperties,0.5,0.30000001192092896,Circle,TrialOnly,prolific,3,0.009259327314794064,"[0.0, 0.30000001192092896]",3,240,Full,942594251362_s001_settings,True,1.5,Full,False,ErrorOnly,4,0.5,183
60,True,0,0,True,77E7D184,CursorProperties,0.5,0.30000001192092896,Circle,TrialOnly,prolific,8,0.0095150675624609,"[0.0, 0.30000001192092896]",3,240,Full,466829519253_s001_settings,True,1.5,Full,False,ErrorOnly,4,0.5,402
60,True,0,0,True,77E7D184,CursorProperties,0.5,0.30000001192092896,Circle,TrialOnly,prolific,3,0.00977496150881052,"[0.0, 0.30000001192092896]",3,240,Full,890093759633_s001_settings,True,1.5,Full,False,ErrorOnly,4,0.5,174
60,True,0,0,True,77E7D184,CursorProperties,0.5,0.30000001192092896,Circle,TrialOnly,prolific,1,0.004572432022541761,"[0.0, 0.30000001192092896]",3,240,Full,607190310023_s001_settings,True,1.5,Full,False,ErrorOnly,4,0.5,66
,,,,,77E7D184,,,,,,prolific,,0.009259329177439213,,,,,108547605108_s001_settings,,,,,,,,469
60,True,0,0,True,77E7D184,CursorProperties,0.5,0.30000001192092896,Circle,TrialOnly,prolific,1,0.009366773068904877,"[0.0, 0.30000001192092896]",3,240,Full,781632843660_s001_settings,True,1.5,Full,False,ErrorOnly,4,0.5,85
60,True,0,0,True,77E7D184,CursorProperties,0.5,0.30000001192092896,Circle,TrialOnly,prolific,0,0.009709534235298634,"[0.0, 0.30000001192092896]",3,240,Full,671348925214_s001_settings,True,1.5,Full,False,ErrorOnly,4,0.5,33
60,True,0,0,True,77E7D184,CursorProperties,0.5,0.30000001192092896,Circle,TrialOnly,prolific,0,0.01249999925494194,"[0.0, 0.30000001192092896]",3,240,Full,479103788267_s001_settings,True,1.5,Full,False,ErrorOnly,4,0.5,5
60,True,0,0,True,77E7D184,CursorProperties,0.5,0.30000001192092896,Circle,TrialOnly,prolific,1,0.00925927609205246,"[0.0, 0.30000001192092896]",3,240,Full,747682140674_s001_settings,True,1.5,Full,False,ErrorOnly,4,0.5,96
60,True,0,0,True,77E7D184,CursorProperties,0.5,0.30000001192092896,Circle,TrialOnly,prolific,4,0.009259279817342758,"[0.0, 0.30000001192092896]",3,240,Full,698855060851_s001_settings,True,1.5,Full,False,ErrorOnly,4,0.5,202
60,True,0,0,True,77E7D184,CursorProperties,0.5,0.30000001192092896,Circle,TrialOnly,prolific,0,0.00529100326821208,"[0.0, 0.30000001192092896]",3,240,Full,71419700048_s001_settings,True,1.5,Full,False,ErrorOnly,4,0.5,36
60,True,0,0,True,77E7D184,CursorProperties,0.5,0.30000001192092896,Circle,TrialOnly,prolific,4,0.009259272366762161,"[0.0, 0.30000001192092896]",3,240,Full,843157436931_s001_settings,True,1.5,Full,False,ErrorOnly,4,0.5,233
60,True,0,0,True,77E7D184,CursorProperties,0.5,0.30000001192092896,Circle,TrialOnly,prolific,4,0.011932081542909145,"[0.0, 0.30000001192092896]",3,240,Full,563003797782_s001_settings,True,1.5,Full,False,ErrorOnly,4,0.5,239
60,True,0,0,True,77E7D184,CursorProperties,0.5,0.30000001192092896,Circle,TrialOnly,prolific,1,0.012500003911554813,"[0.0, 0.30000001192092896]",3,240,Full,497830706648_s001_settings,True,1.5,Full,False,ErrorOnly,4,0.5,65
60,True,0,0,True,77E7D184,CursorProperties,0.5,0.30000001192092896,Circle,TrialOnly,prolific,5,0.007934258319437504,"[0.0, 0.30000001192092896]",3,240,Full,31763185048_s001_settings,True,1.5,Full,False,ErrorOnly,4,0.5,254
60,True,0,0,True,77E7D184,CursorProperties,0.5,0.30000001192092896,Circle,TrialOnly,prolific,3,0.009204231202602386,"[0.0, 0.30000001192092896]",3,240,Full,230918759014_s001_settings,True,1.5,Full,False,ErrorOnly,4,0.5,145
60,True,0,0,True,77E7D184,CursorProperties,0.5,0.30000001192092896,Circle,TrialOnly,prolific,6,0.006250002421438694,"[0.0, 0.30000001192092896]",3,240,Full,679935650900_s001_settings,True,1.5,Full,False,ErrorOnly,4,0.5,311
60,True,0,0,True,77E7D184,CursorProperties,0.5,0.30000001192092896,Circle,TrialOnly,prolific,9,0.013020860962569714,"[0.0, 0.30000001192092896]",3,240,Full,477302741259_s001_settings,True,1.5,Full,False,ErrorOnly,4,0.5,466
60,True,0,0,True,77E7D184,CursorProperties,0.5,0.30000001192092896,Circle,TrialOnly,prolific,3,0.009058792144060135,"[0.0, 0.30000001192092896]",3,240,Full,890450031962_s001_settings,True,1.5,Full,False,ErrorOnly,4,0.5,176
60,True,0,0,True,77E7D184,CursorProperties,0.5,0.30000001192092896,Circle,TrialOnly,prolific,3,0.011111159808933735,"[0.0, 0.30000001192092896]",3,240,Full,394487149082_s001_settings,True,1.5,Full,False,ErrorOnly,4,0.5,170
60,True,0,0,True,77E7D184,CursorProperties,0.5,0.30000001192092896,Circle,TrialOnly,prolific,1,0.013020824640989304,"[0.0, 0.30000001192092896]",3,240,Full,610091723036_s001_settings,True,1.5,Full,False,ErrorOnly,4,0.5,72
60,True,0,0,True,77E7D184,CursorProperties,0.5,0.30000001192092896,Circle,TrialOnly,prolific,8,0.009012095630168915,"[0.0, 0.30000001192092896]",3,240,Full,418817504309_s001_settings,True,1.5,Full,False,ErrorOnly,4,0.5,412
60,True,0,0,True,77E7D184,CursorProperties,0.5,0.30000001192092896,Circle,TrialOnly,prolific,5,0.007016958203166723,"[0.0, 0.30000001192092896]",3,240,Full,906737203476_s001_settings,True,1.5,Full,False,ErrorOnly,4,0.5,265
60,True,0,0,True,77E7D184,CursorProperties,0.5,0.30000001192092896,Circle,TrialOnly,prolific,4,0.004573906771838665,"[0.0, 0.30000001192092896]",3,240,Full,284887481713_s001_settings,True,1.5,Full,False,ErrorOnly,4,0.5,209
60,True,0,0,True,77E7D184,CursorProperties,0.5,0.30000001192092896,Circle,TrialOnly,prolific,3,0.006038617342710495,"[0.0, 0.30000001192092896]",3,240,Full,575425482820_s001_settings,True,1.5,Full,False,ErrorOnly,4,0.5,155
60,True,0,0,True,77E7D184,CursorProperties,0.5,0.30000001192092896,Circle,TrialOnly,prolific,2,0.009458987973630428,"[0.0, 0.30000001192092896]",3,240,Full,767939159879_s001_settings,True,1.5,Full,False,ErrorOnly,4,0.5,107
60,True,0,0,True,77E7D184,CursorProperties,0.5,0.30000001192092896,Circle,TrialOnly,prolific,5,0.013020813465118408,"[0.0, 0.30000001192092896]",3,240,Full,698323606979_s001_settings,True,1.5,Full,False,ErrorOnly,4,0.5,256
60,True,0,0,True,77E7D184,CursorProperties,0.5,0.30000001192092896,Circle,TrialOnly,prolific,5,0.011111109517514706,"[0.0, 0.30000001192092896]",3,240,Full,164780952734_s001_settings,True,1.5,Full,False,ErrorOnly,4,0.5,281
60,True,0,0,True,77E7D184,CursorProperties,0.5,0.30000001192092896,Circle,TrialOnly,prolific,7,0.0066532050259411335,"[0.0, 0.30000001192092896]",3,240,Full,929164172383_s001_settings,True,1.5,Full,False,ErrorOnly,4,0.5,337
60,True,0,0,True,77E7D184,CursorProperties,0.5,0.30000001192092896,Circle,TrialOnly,prolific,5,0.00555992079898715,"[0.0, 0.30000001192092896]",3,240,Full,232846173923_s001_settings,True,1.5,Full,False,ErrorOnly,4,0.5,273
60,True,0,0,True,77E7D184,CursorProperties,0.5,0.30000001192092896,Circle,TrialOnly,prolific,5,0.009085376746952534,"[0.0, 0.30000001192092896]",3,240,Full,208917626878_s001_settings,True,1.5,Full,False,ErrorOnly,4,0.5,285
60,True,0,0,True,77E7D184,CursorProperties,0.5,0.30000001192092896,Circle,TrialOnly,prolific,3,0.008945230394601822,"[0.0, 0.30000001192092896]",3,240,Full,312810119008_s001_settings,True,1.5,Full,False,ErrorOnly,4,0.5,168
60,True,0,0,True,77E7D184,CursorProperties,0.5,0.30000001192092896,Circle,TrialOnly,prolific,2,0.009259325452148914,"[0.0, 0.30000001192092896]",3,240,Full,822554411599_s001_settings,True,1.5,Full,False,ErrorOnly,4,0.5,106
60,True,0,0,True,77E7D184,CursorProperties,0.5,0.30000001192092896,Circle,TrialOnly,prolific,7,0.019253568723797798,"[0.0, 0.30000001192092896]",3,240,Full,786308519775_s001_settings,True,1.5,Full,False,ErrorOnly,4,0.5,360
60,True,0,0,True,77E7D184,CursorProperties,0.5,0.30000001192092896,Circle,TrialOnly,prolific,6,0.009259275160729885,"[0.0, 0.30000001192092896]",3,240,Full,852150209946_s001_settings,True,1.5,Full,False,ErrorOnly,4,0.5,304
60,True,0,0,True,77E7D184,CursorProperties,0.5,0.30000001192092896,Circle,TrialOnly,prolific,1,0.009259314276278019,"[0.0, 0.30000001192092896]",3,240,Full,372881010640_s001_settings,True,1.5,Full,False,ErrorOnly,4,0.5,69
60,True,0,0,True,77E7D184,CursorProperties,0.5,0.30000001192092896,Circle,TrialOnly,prolific,5,0.009551523253321648,"[0.0, 0.30000001192092896]",3,240,Full,104274630779_s001_settings,True,1.5,Full,False,ErrorOnly,4,0.5,245
60,True,0,0,True,77E7D184,CursorProperties,0.5,0.30000001192092896,Circle,TrialOnly,prolific,1,0.00925925001502037,"[0.0, 0.30000001192092896]",3,240,Full,514699809951_s001_settings,True,1.5,Full,False,ErrorOnly,4,0.5,51
60,True,0,0,True,77E7D184,CursorProperties,0.5,0.30000001192092896,Circle,TrialOnly,prolific,3,0.011401386931538582,"[0.0, 0.30000001192092896]",3,240,Full,204680910799_s001_settings,True,1.5,Full,False,ErrorOnly,4,0.5,186
60,True,0,0,True,77E7D184,CursorProperties,0.5,0.30000001192092896,Circle,TrialOnly,prolific,5,0.009259277023375034,"[0.0, 0.30000001192092896]",3,240,Full,448455020785_s001_settings,True,1.5,Full,False,ErrorOnly,4,0.5,248
60,True,0,0,True,77E7D184,CursorProperties,0.5,0.30000001192092896,Circle,TrialOnly,prolific,9,0.005555557087063789,"[0.0, 0.30000001192092896]",3,240,Full,660482772393_s001_settings,True,1.5,Full,False,ErrorOnly,4,0.5,449
60,True,0,0,True,77E7D184,CursorProperties,0.5,0.30000001192092896,Circle,TrialOnly,prolific,8,0.004629631992429495,"[0.0, 0.30000001192092896]",3,240,Full,290626679547_s001_settings,True,1.5,Full,False,ErrorOnly,4,0.5,419
60,True,0,0,True,77E7D184,CursorProperties,0.5,0.30000001192092896,Circle,TrialOnly,prolific,1,0.009259268641471863,"[0.0, 0.30000001192092896]",3,240,Full,453578034881_s001_settings,True,1.5,Full,False,ErrorOnly,4,0.5,80
60,True,0,0,True,77E7D184,CursorProperties,0.5,0.30000001192092896,Circle,TrialOnly,prolific,0,0.013020849786698818,"[0.0, 0.30000001192092896]",3,240,Full,754786406643_s001_settings,True,1.5,Full,False,ErrorOnly,4,0.5,7
,,,,,77E7D184,,,,,,prolific,,0.005000004079192877,,,,,703684205887_s001_settings,,,,,,,,175
60,True,0,0,True,77E7D184,CursorProperties,0.5,0.30000001192092896,Circle,TrialOnly,prolific,6,0.00958437193185091,"[0.0, 0.30000001192092896]",3,240,Full,119388378225_s001_settings,True,1.5,Full,False,ErrorOnly,4,0.5,317
60,True,0,0,True,77E7D184,CursorProperties,0.5,0.30000001192092896,Circle,TrialOnly,prolific,5,0.013020823709666729,"[0.0, 0.30000001192092896]",3,240,Full,349368817172_s001_settings,True,1.5,Full,False,ErrorOnly,4,0.5,286
60,True,0,0,True,77E7D184,CursorProperties,0.5,0.30000001192092896,Circle,TrialOnly,prolific,3,0.00925928633660078,"[0.0, 0.30000001192092896]",3,240,Full,211178143741_s001_settings,True,1.5,Full,False,ErrorOnly,4,0.5,190
60,True,0,0,True,77E7D184,CursorProperties,0.5,0.30000001192092896,Circle,TrialOnly,prolific,8,0.004611808340996504,"[0.0, 0.30000001192092896]",3,240,Full,247101632412_s001_settings,True,1.5,Full,False,ErrorOnly,4,0.5,416
60,True,0,0,True,77E7D184,CursorProperties,0.5,0.30000001192092896,Circle,TrialOnly,prolific,7,0.00875821616500616,"[0.0, 0.30000001192092896]",3,240,Full,543766975635_s001_settings,True,1.5,Full,False,ErrorOnly,4,0.5,380
60,True,0,0,True,77E7D184,CursorProperties,0.5,0.30000001192092896,Circle,TrialOnly,prolific,4,0.009098608046770096,"[0.0, 0.30000001192092896]",3,240,Full,329580827848_s001_settings,True,1.5,Full,False,ErrorOnly,4,0.5,216
60,True,0,0,True,77E7D184,CursorProperties,0.5,0.30000001192092896,Circle,TrialOnly,prolific,6,0.009662923403084278,"[0.0, 0.30000001192092896]",3,240,Full,270836319308_s001_settings,True,1.5,Full,False,ErrorOnly,4,0.5,298
60,True,0,0,True,77E7D184,CursorProperties,0.5,0.30000001192092896,Circle,TrialOnly,prolific,8,0.00923817977309227,"[0.0, 0.30000001192092896]",3,240,Full,427979396888_s001_settings,True,1.5,Full,False,ErrorOnly,4,0.5,428
60,True,0,0,True,77E7D184,CursorProperties,0.5,0.30000001192092896,Circle,TrialOnly,prolific,6,0.01221267320215702,"[0.0, 0.30000001192092896]",3,240,Full,374362493632_s001_settings,True,1.5,Full,False,ErrorOnly,4,0.5,334
60,True,0,0,True,77E7D184,CursorProperties,0.5,0.30000001192092896,Circle,TrialOnly,prolific,6,0.006249999161809683,"[0.0, 0.30000001192092896]",3,240,Full,69378932239_s001_settings,True,1.5,Full,False,ErrorOnly,4,0.5,325
60,True,0,0,True,77E7D184,CursorProperties,0.5,0.30000001192092896,Circle,TrialOnly,prolific,6,0.009054084308445454,"[0.0, 0.30000001192092896]",3,240,Full,876915090018_s001_settings,True,1.5,Full,False,ErrorOnly,4,0.5,296
60,True,0,0,True,77E7D184,CursorProperties,0.5,0.30000001192092896,Circle,TrialOnly,prolific,6,0.00917759258300066,"[0.0, 0.30000001192092896]",3,240,Full,750330077949_s001_settings,True,1.5,Full,False,ErrorOnly,4,0.5,306
60,True,0,0,True,77E7D184,CursorProperties,0.5,0.30000001192092896,Circle,TrialOnly,prolific,2,0.009267923422157764,"[0.0, 0.30000001192092896]",3,240,Full,267836473416_s001_settings,True,1.5,Full,False,ErrorOnly,4,0.5,140
60,True,0,0,True,77E7D184,CursorProperties,0.5,0.30000001192092896,Circle,TrialOnly,prolific,3,0.009259263053536415,"[0.0, 0.30000001192092896]",3,240,Full,3512277966_s001_settings,True,1.5,Full,False,ErrorOnly,4,0.5,185
60,True,0,0,True,77E7D184,CursorProperties,0.5,0.30000001192092896,Circle,TrialOnly,prolific,4,0.013020814396440983,"[0.0, 0.30000001192092896]",3,240,Full,149687730008_s001_settings,True,1.5,Full,False,ErrorOnly,4,0.5,220
60,True,0,0,True,77E7D184,CursorProperties,0.5,0.30000001192092896,Circle,TrialOnly,prolific,4,0.009370597079396248,"[0.0, 0.30000001192092896]",3,240,Full,720725221093_s001_settings,True,1.5,Full,False,ErrorOnly,4,0.5,202
60,True,0,0,True,77E7D184,CursorProperties,0.5,0.30000001192092896,Circle,TrialOnly,prolific,8,0.013020855374634266,"[0.0, 0.30000001192092896]",3,240,Full,606417353264_s001_settings,True,1.5,Full,False,ErrorOnly,4,0.5,405
60,True,0,0,True,77E7D184,CursorProperties,0.5,0.30000001192092896,Circle,TrialOnly,prolific,3,0.005586118903011084,"[0.0, 0.30000001192092896]",3,240,Full,425971333170_s001_settings,True,1.5,Full,False,ErrorOnly,4,0.5,173
60,True,0,0,True,77E7D184,CursorProperties,0.5,0.30000001192092896,Circle,TrialOnly,prolific,6,0.013020843267440796,"[0.0, 0.30000001192092896]",3,240,Full,372902434784_s001_settings,True,1.5,Full,False,ErrorOnly,4,0.5,333
60,True,0,0,True,77E7D184,CursorProperties,0.5,0.30000001192092896,Circle,TrialOnly,prolific,6,0.009259282611310482,"[0.0, 0.30000001192092896]",3,240,Full,491690849186_s001_settings,True,1.5,Full,False,ErrorOnly,4,0.5,303
60,True,0,0,True,77E7D184,CursorProperties,0.5,0.30000001192092896,Circle,TrialOnly,prolific,5,0.002963875187560916,"[0.0, 0.30000001192092896]",3,240,Full,131377047859_s001_settings,True,1.5,Full,False,ErrorOnly,4,0.5,268
60,True,0,0,True,77E7D184,CursorProperties,0.5,0.30000001192092896,Circle,TrialOnly,prolific,7,0.009648432955145836,"[0.0, 0.30000001192092896]",3,240,Full,549097653944_s001_settings,True,1.5,Full,False,ErrorOnly,4,0.5,356
60,True,0,0,True,77E7D184,CursorProperties,0.5,0.30000001192092896,Circle,TrialOnly,prolific,3,0.004693916998803616,"[0.0, 0.30000001192092896]",3,240,Full,875036525540_s001_settings,True,1.5,Full,False,ErrorOnly,4,0.5,178
60,True,0,0,True,77E7D184,CursorProperties,0.5,0.30000001192092896,Circle,TrialOnly,prolific,2,0.00694443192332983,"[0.0, 0.30000001192092896]",3,240,Full,287971476791_s001_settings,True,1.5,Full,False,ErrorOnly,4,0.5,137
60,True,0,0,True,77E7D184,CursorProperties,0.5,0.30000001192092896,Circle,TrialOnly,prolific,5,0.013020860031247139,"[0.0, 0.30000001192092896]",3,240,Full,73180105537_s001_settings,True,1.5,Full,False,ErrorOnly,4,0.5,243
60,True,0,0,True,77E7D184,CursorProperties,0.5,0.30000001192092896,Circle,TrialOnly,prolific,2,0.009259260259568691,"[0.0, 0.30000001192092896]",3,240,Full,625553694320_s001_settings,True,1.5,Full,False,ErrorOnly,4,0.5,117
60,True,0,0,True,77E7D184,CursorProperties,0.5,0.30000001192092896,Circle,TrialOnly,prolific,4,0.009542285464704037,"[0.0, 0.30000001192092896]",3,240,Full,57334981393_s001_settings,True,1.5,Full,False,ErrorOnly,4,0.5,221
60,True,0,0,True,77E7D184,CursorProperties,0.5,0.30000001192092896,Circle,TrialOnly,prolific,4,0.004166644066572189,"[0.0, 0.30000001192092896]",3,240,Full,19706308376_s001_settings,True,1.5,Full,False,ErrorOnly,4,0.5,230
60,True,0,0,True,77E7D184,CursorProperties,0.5,0.30000001192092896,Circle,TrialOnly,prolific,5,0.009217591024935246,"[0.0, 0.30000001192092896]",3,240,Full,75729007134_s001_settings,True,1.5,Full,False,ErrorOnly,4,0.5,260
60,True,0,0,True,77E7D184,CursorProperties,0.5,0.30000001192092896,Circle,TrialOnly,prolific,1,0.0055555542930960655,"[0.0, 0.30000001192092896]",3,240,Full,47219052677_s001_settings,True,1.5,Full,False,ErrorOnly,4,0.5,62
,,,,,77E7D184,,,,,,prolific,,0.008466480299830437,,,,,715109926881_s001_settings,,,,,,,,260
60,True,0,0,True,77E7D184,CursorProperties,0.5,0.30000001192092896,Circle,TrialOnly,prolific,7,0.010048191994428635,"[0.0, 0.30000001192092896]",3,240,Full,735366842709_s001_settings,True,1.5,Full,False,ErrorOnly,4,0.5,357
60,True,0,0,True,77E7D184,CursorProperties,0.5,0.30000001192092896,Circle,TrialOnly,prolific,5,0.008989143185317516,"[0.0, 0.30000001192092896]",3,240,Full,998236395651_s001_settings,True,1.5,Full,False,ErrorOnly,4,0.5,283
60,True,0,0,True,77E7D184,CursorProperties,0.5,0.30000001192092896,Circle,TrialOnly,prolific,4,0.009202812798321247,"[0.0, 0.30000001192092896]",3,240,Full,808518082136_s001_settings,True,1.5,Full,False,ErrorOnly,4,0.5,212
60,True,0,0,True,77E7D184,CursorProperties,0.5,0.30000001192092896,Circle,TrialOnly,prolific,4,0.009259279817342758,"[0.0, 0.30000001192092896]",3,240,Full,353520557284_s001_settings,True,1.5,Full,False,ErrorOnly,4,0.5,225
60,True,0,0,True,77E7D184,CursorProperties,0.5,0.30000001192092896,Circle,TrialOnly,prolific,8,0.009071015752851963,"[0.0, 0.30000001192092896]",3,240,Full,408276378177_s001_settings,True,1.5,Full,False,ErrorOnly,4,0.5,424
60,True,0,0,True,77E7D184,CursorProperties,0.5,0.30000001192092896,Circle,TrialOnly,prolific,4,0.012685100547969341,"[0.0, 0.30000001192092896]",3,240,Full,529103524750_s001_settings,True,1.5,Full,False,ErrorOnly,4,0.5,217
60,True,0,0,True,77E7D184,CursorProperties,0.5,0.30000001192092896,Circle,TrialOnly,prolific,3,0.004828641191124916,"[0.0, 0.30000001192092896]",3,240,Full,92512405244_s001_settings,True,1.5,Full,False,ErrorOnly,4,0.5,165
60,True,0,0,True,77E7D184,CursorProperties,0.5,0.30000001192092896,Circle,TrialOnly,prolific,7,0.009202261455357075,"[0.0, 0.30000001192092896]",3,240,Full,536445911973_s001_settings,True,1.5,Full,False,ErrorOnly,4,0.5,344
60,True,0,0,True,77E7D184,CursorProperties,0.5,0.30000001192092896,Circle,TrialOnly,prolific,4,0.00924569834023714,"[0.0, 0.30000001192092896]",3,240,Full,234950867248_s001_settings,True,1.5,Full,False,ErrorOnly,4,0.5,201
60,True,0,0,True,77E7D184,CursorProperties,0.5,0.30000001192092896,Circle,TrialOnly,prolific,6,0.013021167367696762,"[0.0, 0.30000001192092896]",3,240,Full,154695465695_s001_settings,True,1.5,Full,False,ErrorOnly,4,0.5,313
60,True,0,0,True,77E7D184,CursorProperties,0.5,0.30000001192092896,Circle,TrialOnly,prolific,2,0.006249995436519384,"[0.0, 0.30000001192092896]",3,240,Full,922666165279_s001_settings,True,1.5,Full,False,ErrorOnly,4,0.5,133
60,True,0,0,True,77E7D184,CursorProperties,0.5,0.30000001192092896,Circle,TrialOnly,prolific,3,0.009230468422174454,"[0.0, 0.30000001192092896]",3,240,Full,134751847945_s001_settings,True,1.5,Full,False,ErrorOnly,4,0.5,147
60,True,0,0,True,77E7D184,CursorProperties,0.5,0.30000001192092896,Circle,TrialOnly,prolific,4,0.009231756441295147,"[0.0, 0.30000001192092896]",3,240,Full,716171277686_s001_settings,True,1.5,Full,False,ErrorOnly,4,0.5,206
60,True,0,0,True,77E7D184,CursorProperties,0.5,0.30000001192092896,Circle,TrialOnly,prolific,4,0.012500033713877201,"[0.0, 0.30000001192092896]",3,240,Full,488543499493_s001_settings,True,1.5,Full,False,ErrorOnly,4,0.5,224
60,True,0,0,True,77E7D184,CursorProperties,0.5,0.30000001192092896,Circle,TrialOnly,prolific,3,0.009259279817342758,"[0.0, 0.30000001192092896]",3,240,Full,654411478666_s001_settings,True,1.5,Full,False,ErrorOnly,4,0.5,154
60,True,0,0,True,77E7D184,CursorProperties,0.5,0.30000001192092896,Circle,TrialOnly,prolific,1,0.009259265847504139,"[0.0, 0.30000001192092896]",3,240,Full,286533593898_s001_settings,True,1.5,Full,False,ErrorOnly,4,0.5,49
60,True,0,0,True,77E7D184,CursorProperties,0.5,0.30000001192092896,Circle,TrialOnly,prolific,2,0.00668747304007411,"[0.0, 0.30000001192092896]",3,240,Full,914192695869_s001_settings,True,1.5,Full,False,ErrorOnly,4,0.5,144
60,True,0,0,True,77E7D184,CursorProperties,0.5,0.30000001192092896,Circle,TrialOnly,prolific,0,0.011290570721030235,"[0.0, 0.30000001192092896]",3,240,Full,263992263004_s001_settings,True,1.5,Full,False,ErrorOnly,4,0.5,28
60,True,0,0,True,77E7D184,CursorProperties,0.5,0.30000001192092896,Circle,TrialOnly,prolific,5,0.009221872314810753,"[0.0, 0.30000001192092896]",3,240,Full,516834058798_s001_settings,True,1.5,Full,False,ErrorOnly,4,0.5,275
,,,,,77E7D184,,,,,,prolific,,0.0057361372746527195,,,,,854985350975_s001_settings,,,,,,,,454
60,True,0,0,True,77E7D184,CursorProperties,0.5,0.30000001192092896,Circle,TrialOnly,prolific,8,0.009836634621024132,"[0.0, 0.30000001192092896]",3,240,Full,689640711294_s001_settings,True,1.5,Full,False,ErrorOnly,4,0.5,390
,,,,,77E7D184,,,,,,prolific,,0.009085834957659245,,,,,359167709713_s001_settings,,,,,,,,301
60,True,0,0,True,77E7D184,CursorProperties,0.5,0.30000001192092896,Circle,TrialOnly,prolific,1,0.009259290061891079,"[0.0, 0.30000001192092896]",3,240,Full,363396258093_s001_settings,True,1.5,Full,False,ErrorOnly,4,0.5,76
60,True,0,0,True,77E7D184,CursorProperties,0.5,0.30000001192092896,Circle,TrialOnly,prolific,5,0.013020842336118221,"[0.0, 0.30000001192092896]",3,240,Full,520643238443_s001_settings,True,1.5,Full,False,ErrorOnly,4,0.5,253
60,True,0,0,True,77E7D184,CursorProperties,0.5,0.30000001192092896,Circle,TrialOnly,prolific,4,0.011111111380159855,"[0.0, 0.30000001192092896]",3,240,Full,826145207043_s001_settings,True,1.5,Full,False,ErrorOnly,4,0.5,215
60,True,0,0,True,77E7D184,CursorProperties,0.5,0.30000001192092896,Circle,TrialOnly,prolific,3,0.009194925427436829,"[0.0, 0.30000001192092896]",3,240,Full,554483397398_s001_settings,True,1.5,Full,False,ErrorOnly,4,0.5,177
60,True,0,0,True,77E7D184,CursorProperties,0.5,0.30000001192092896,Circle,TrialOnly,prolific,2,0.013246117159724236,"[0.0, 0.30000001192092896]",3,240,Full,263290655799_s001_settings,True,1.5,Full,False,ErrorOnly,4,0.5,98
60,True,0,0,True,77E7D184,CursorProperties,0.5,0.30000001192092896,Circle,TrialOnly,prolific,0,0.009187351912260056,"[0.0, 0.30000001192092896]",3,240,Full,58796474477_s001_settings,True,1.5,Full,False,ErrorOnly,4,0.5,13
60,True,0,0,True,77E7D184,CursorProperties,0.5,0.30000001192092896,Circle,TrialOnly,prolific,7,0.009401308372616768,"[0.0, 0.30000001192092896]",3,240,Full,952593450434_s001_settings,True,1.5,Full,False,ErrorOnly,4,0.5,369
60,True,0,0,True,77E7D184,CursorProperties,0.5,0.30000001192092896,Circle,TrialOnly,prolific,3,0.00925928633660078,"[0.0, 0.30000001192092896]",3,240,Full,942172447685_s001_settings,True,1.5,Full,False,ErrorOnly,4,0.5,167
60,True,0,0,True,77E7D184,CursorProperties,0.5,0.30000001192092896,Circle,TrialOnly,prolific,6,0.0069181774742901325,"[0.0, 0.30000001192092896]",3,240,Full,826551196165_s001_settings,True,1.5,Full,False,ErrorOnly,4,0.5,293
60,True,0,0,True,77E7D184,CursorProperties,0.5,0.30000001192092896,Circle,TrialOnly,prolific,7,0.008972978219389915,"[0.0, 0.30000001192092896]",3,240,Full,837816405575_s001_settings,True,1.5,Full,False,ErrorOnly,4,0.5,384
60,True,0,0,True,77E7D184,CursorProperties,0.5,0.30000001192092896,Circle,TrialOnly,prolific,2,0.011111121624708176,"[0.0, 0.30000001192092896]",3,240,Full,510743529302_s001_settings,True,1.5,Full,False,ErrorOnly,4,0.5,115
60,True,0,0,True,77E7D184,CursorProperties,0.5,0.30000001192092896,Circle,TrialOnly,prolific,6,0.01302080973982811,"[0.0, 0.30000001192092896]",3,240,Full,482715387130_s001_settings,True,1.5,Full,False,ErrorOnly,4,0.5,309
60,True,0,0,True,77E7D184,CursorProperties,0.5,0.30000001192092896,Circle,TrialOnly,prolific,9,0.013020790182054043,"[0.0, 0.30000001192092896]",3,240,Full,925397637533_s001_settings,True,1.5,Full,False,ErrorOnly,4,0.5,461
60,True,0,0,True,77E7D184,CursorProperties,0.5,0.30000001192092896,Circle,TrialOnly,prolific,3,0.00960983894765377,"[0.0, 0.30000001192092896]",3,240,Full,993857921566_s001_settings,True,1.5,Full,False,ErrorOnly,4,0.5,166
60,True,0,0,True,77E7D184,CursorProperties,0.5,0.30000001192092896,Circle,TrialOnly,prolific,9,0.009504823014140129,"[0.0, 0.30000001192092896]",3,240,Full,730041648726_s001_settings,True,1.5,Full,False,ErrorOnly,4,0.5,440
60,True,0,0,True,77E7D184,CursorProperties,0.5,0.30000001192092896,Circle,TrialOnly,prolific,9,0.009259331040084362,"[0.0, 0.30000001192092896]",3,240,Full,825555997667_s001_settings,True,1.5,Full,False,ErrorOnly,4,0.5,442
60,True,0,0,True,77E7D184,CursorProperties,0.5,0.30000001192092896,Circle,TrialOnly,prolific,0,0.009196264669299126,"[0.0, 0.30000001192092896]",3,240,Full,945346587337_s001_settings,True,1.5,Full,False,ErrorOnly,4,0.5,9
60,True,0,0,True,77E7D184,CursorProperties,0.5,0.30000001192092896,Circle,TrialOnly,prolific,3,0.009259296581149101,"[0.0, 0.30000001192092896]",3,240,Full,156593167223_s001_settings,True,1.5,Full,False,ErrorOnly,4,0.5,157
60,True,0,0,True,77E7D184,CursorProperties,0.5,0.30000001192092896,Circle,TrialOnly,prolific,8,0.0162579994648695,"[0.0, 0.30000001192092896]",3,240,Full,395056795561_s001_settings,True,1.5,Full,False,ErrorOnly,4,0.5,401
60,True,0,0,True,77E7D184,CursorProperties,0.5,0.30000001192092896,Circle,TrialOnly,prolific,4,0.01352515909820795,"[0.0, 0.30000001192092896]",3,240,Full,863832141505_s001_settings,True,1.5,Full,False,ErrorOnly,4,0.5,222
60,True,0,0,True,77E7D184,CursorProperties,0.5,0.30000001192092896,Circle,TrialOnly,prolific,0,0.013134744949638844,"[0.0, 0.30000001192092896]",3,240,Full,478867326164_s001_settings,True,1.5,Full,False,ErrorOnly,4,0.5,21
60,True,0,0,True,77E7D184,CursorProperties,0.5,0.30000001192092896,Circle,TrialOnly,prolific,8,0.0094324154779315,"[0.0, 0.30000001192092896]",3,240,Full,310154362348_s001_settings,True,1.5,Full,False,ErrorOnly,4,0.5,395
60,True,0,0,True,77E7D184,CursorProperties,0.5,0.30000001192092896,Circle,TrialOnly,prolific,6,0.005555558949708939,"[0.0, 0.30000001192092896]",3,240,Full,678681607125_s001_settings,True,1.5,Full,False,ErrorOnly,4,0.5,329
60,True,0,0,True,77E7D184,CursorProperties,0.5,0.30000001192092896,Circle,TrialOnly,prolific,8,0.011111108586192131,"[0.0, 0.30000001192092896]",3,240,Full,1721418462_s001_settings,True,1.5,Full,False,ErrorOnly,4,0.5,407
60,True,0,0,True,77E7D184,CursorProperties,0.5,0.30000001192092896,Circle,TrialOnly,prolific,8,0.004465704318135977,"[0.0, 0.30000001192092896]",3,240,Full,333479267545_s001_settings,True,1.5,Full,False,ErrorOnly,4,0.5,429
60,True,0,0,True,77E7D184,CursorProperties,0.5,0.30000001192092896,Circle,TrialOnly,prolific,5,0.013020806014537811,"[0.0, 0.30000001192092896]",3,240,Full,472660400671_s001_settings,True,1.5,Full,False,ErrorOnly,4,0.5,246
60,True,0,0,True,77E7D184,CursorProperties,0.5,0.30000001192092896,Circle,TrialOnly,prolific,0,0.009094326756894588,"[0.0, 0.30000001192092896]",3,240,Full,641972036799_s001_settings,True,1.5,Full,False,ErrorOnly,4,0.5,3
60,True,0,0,True,77E7D184,CursorProperties,0.5,0.30000001192092896,Circle,TrialOnly,prolific,0,0.009559727273881435,"[0.0, 0.30000001192092896]",3,240,Full,12978613609_s001_settings,True,1.5,Full,False,ErrorOnly,4,0.5,41
60,True,0,0,True,77E7D184,CursorProperties,0.5,0.30000001192092896,Circle,TrialOnly,prolific,0,0.014230715110898018,"[0.0, 0.30000001192092896]",3,240,Full,385475812479_s001_settings,True,1.5,Full,False,ErrorOnly,4,0.5,48
60,True,0,0,True,77E7D184,CursorProperties,0.5,0.30000001192092896,Circle,TrialOnly,prolific,2,0.0055555664002895355,"[0.0, 0.30000001192092896]",3,240,Full,924573419382_s001_settings,True,1.5,Full,False,ErrorOnly,4,0.5,105
60,True,0,0,True,77E7D184,CursorProperties,0.5,0.30000001192092896,Circle,TrialOnly,prolific,9,0.009648524224758148,"[0.0, 0.30000001192092896]",3,240,Full,199718243908_s001_settings,True,1.5,Full,False,ErrorOnly,4,0.5,472
60,True,0,0,True,77E7D184,CursorProperties,0.5,0.30000001192092896,Circle,TrialOnly,prolific,5,0.0031013491097837687,"[0.0, 0.30000001192092896]",3,240,Full,479445978766_s001_settings,True,1.5,Full,False,ErrorOnly,4,0.5,241
60,True,0,0,True,77E7D184,CursorProperties,0.5,0.30000001192092896,Circle,TrialOnly,prolific,3,0.0041992622427642345,"[0.0, 0.30000001192092896]",3,240,Full,498719011200_s001_settings,True,1.5,Full,False,ErrorOnly,4,0.5,182
60,True,0,0,True,77E7D184,CursorProperties,0.5,0.30000001192092896,Circle,TrialOnly,prolific,7,0.005643809679895639,"[0.0, 0.30000001192092896]",3,240,Full,264130884315_s001_settings,True,1.5,Full,False,ErrorOnly,4,0.5,362
60,True,0,0,True,77E7D184,CursorProperties,0.5,0.30000001192092896,Circle,TrialOnly,prolific,0,0.009215722791850567,"[0.0, 0.30000001192092896]",3,240,Full,244418469024_s001_settings,True,1.5,Full,False,ErrorOnly,4,0.5,22
60,True,0,0,True,77E7D184,CursorProperties,0.5,0.30000001192092896,Circle,TrialOnly,prolific,7,0.011111116968095303,"[0.0, 0.30000001192092896]",3,240,Full,263123473152_s001_settings,True,1.5,Full,False,ErrorOnly,4,0.5,383
60,True,0,0,True,77E7D184,CursorProperties,0.5,0.30000001192092896,Circle,TrialOnly,prolific,7,0.008064595982432365,"[0.0, 0.30000001192092896]",3,240,Full,498265361879_s001_settings,True,1.5,Full,False,ErrorOnly,4,0.5,345
60,True,0,0,True,77E7D184,CursorProperties,0.5,0.30000001192092896,Circle,TrialOnly,prolific,2,0.009259292855858803,"[0.0, 0.30000001192092896]",3,240,Full,62472867313_s001_settings,True,1.5,Full,False,ErrorOnly,4,0.5,118
60,True,0,0,True,77E7D184,CursorProperties,0.5,0.30000001192092896,Circle,TrialOnly,prolific,5,0.013407114893198013,"[0.0, 0.30000001192092896]",3,240,Full,607647950528_s001_settings,True,1.5,Full,False,ErrorOnly,4,0.5,288
60,True,0,0,True,77E7D184,CursorProperties,0.5,0.30000001192092896,Circle,TrialOnly,prolific,8,0.009518860839307308,"[0.0, 0.30000001192092896]",3,240,Full,823657240718_s001_settings,True,1.5,Full,False,ErrorOnly,4,0.5,399
60,True,0,0,True,77E7D184,CursorProperties,0.5,0.30000001192092896,Circle,TrialOnly,prolific,0,0.008278628811240196,"[0.0, 0.30000001192092896]",3,240,Full,376660312758_s001_settings,True,1.5,Full,False,ErrorOnly,4,0.5,14
60,True,0,0,True,77E7D184,CursorProperties,0.5,0.30000001192092896,Circle,TrialOnly,prolific,1,0.013281109742820263,"[0.0, 0.30000001192092896]",3,240,Full,455088283633_s001_settings,True,1.5,Full,False,ErrorOnly,4,0.5,57
60,True,0,0,True,77E7D184,CursorProperties,0.5,0.30000001192092896,Circle,TrialOnly,prolific,8,0.013481722213327885,"[0.0, 0.30000001192092896]",3,240,Full,381056854035_s001_settings,True,1.5,Full,False,ErrorOnly,4,0.5,385
60,True,0,0,True,77E7D184,CursorProperties,0.5,0.30000001192092896,Circle,TrialOnly,prolific,2,0.01176021620631218,"[0.0, 0.30000001192092896]",3,240,Full,435751852346_s001_settings,True,1.5,Full,False,ErrorOnly,4,0.5,114
60,True,0,0,True,77E7D184,CursorProperties,0.5,0.30000001192092896,Circle,TrialOnly,prolific,4,0.009157544001936913,"[0.0, 0.30000001192092896]",3,240,Full,965587163344_s001_settings,True,1.5,Full,False,ErrorOnly,4,0.5,237
60,True,0,0,True,77E7D184,CursorProperties,0.5,0.30000001192092896,Circle,TrialOnly,prolific,3,0.00948773231357336,"[0.0, 0.30000001192092896]",3,240,Full,894260352710_s001_settings,True,1.5,Full,False,ErrorOnly,4,0.5,175
,,,,,77E7D184,,,,,,prolific,,0.010258613154292107,,,,,569270235486_s001_settings,,,,,,,,395
60,True,0,0,True,77E7D184,CursorProperties,0.5,0.30000001192092896,Circle,TrialOnly,prolific,2,0.013020834885537624,"[0.0, 0.30000001192092896]",3,240,Full,564938298193_s001_settings,True,1.5,Full,False,ErrorOnly,4,0.5,121
60,True,0,0,True,77E7D184,CursorProperties,0.5,0.30000001192092896,Circle,TrialOnly,prolific,5,0.006120715755969286,"[0.0, 0.30000001192092896]",3,240,Full,554797971853_s001_settings,True,1.5,Full,False,ErrorOnly,4,0.5,272
60,True,0,0,True,77E7D184,CursorProperties,0.5,0.30000001192092896,Circle,TrialOnly,prolific,0,0.009259270504117012,"[0.0, 0.30000001192092896]",3,240,Full,712406286736_s001_settings,True,1.5,Full,False,ErrorOnly,4,0.5,40
60,True,0,0,True,77E7D184,CursorProperties,0.5,0.30000001192092896,Circle,TrialOnly,prolific,3,0.009260842576622963,"[0.0, 0.30000001192092896]",3,240,Full,68466946249_s001_settings,True,1.5,Full,False,ErrorOnly,4,0.5,160
60,True,0,0,True,77E7D184,CursorProperties,0.5,0.30000001192092896,Circle,TrialOnly,prolific,4,0.0028694388456642628,"[0.0, 0.30000001192092896]",3,240,Full,177578993607_s001_settings,True,1.5,Full,False,ErrorOnly,4,0.5,240
60,True,0,0,True,77E7D184,CursorProperties,0.5,0.30000001192092896,Circle,TrialOnly,prolific,0,0.009168824180960655,"[0.0, 0.30000001192092896]",3,240,Full,701099609956_s001_settings,True,1.5,Full,False,ErrorOnly,4,0.5,20
60,True,0,0,True,77E7D184,CursorProperties,0.5,0.30000001192092896,Circle,TrialOnly,prolific,7,0.011560277082026005,"[0.0, 0.30000001192092896]",3,240,Full,132109080906_s001_settings,True,1.5,Full,False,ErrorOnly,4,0.5,376
60,True,0,0,True,77E7D184,CursorProperties,0.5,0.30000001192092896,Circle,TrialOnly,prolific,0,0.009738052263855934,"[0.0, 0.30000001192092896]",3,240,Full,163796231616_s001_settings,True,1.5,Full,False,ErrorOnly,4,0.5,29
60,True,0,0,True,77E7D184,CursorProperties,0.5,0.30000001192092896,Circle,TrialOnly,prolific,6,0.010341254994273186,"[0.0, 0.30000001192092896]",3,240,Full,129138256656_s001_settings,True,1.5,Full,False,ErrorOnly,4,0.5,328
60,True,0,0,True,77E7D184,CursorProperties,0.5,0.30000001192092896,Circle,TrialOnly,prolific,9,0.005555563140660524,"[0.0, 0.30000001192092896]",3,240,Full,810153302503_s001_settings,True,1.5,Full,False,ErrorOnly,4,0.5,475
60,True,0,0,True,77E7D184,CursorProperties,0.5,0.30000001192092896,Circle,TrialOnly,prolific,7,0.005555560812354088,"[0.0, 0.30000001192092896]",3,240,Full,47769424039_s001_settings,True,1.5,Full,False,ErrorOnly,4,0.5,358
60,True,0,0,True,77E7D184,CursorProperties,0.5,0.30000001192092896,Circle,TrialOnly,prolific,9,0.009259265847504139,"[0.0, 0.30000001192092896]",3,240,Full,529569773934_s001_settings,True,1.5,Full,False,ErrorOnly,4,0.5,441
60,True,0,0,True,77E7D184,CursorProperties,0.5,0.30000001192092896,Circle,TrialOnly,prolific,4,0.01302084419876337,"[0.0, 0.30000001192092896]",3,240,Full,466064047068_s001_settings,True,1.5,Full,False,ErrorOnly,4,0.5,199
60,True,0,0,True,77E7D184,CursorProperties,0.5,0.30000001192092896,Circle,TrialOnly,prolific,7,0.009259414859116077,"[0.0, 0.30000001192092896]",3,240,Full,883556332206_s001_settings,True,1.5,Full,False,ErrorOnly,4,0.5,351
60,True,0,0,True,77E7D184,CursorProperties,0.5,0.30000001192092896,Circle,TrialOnly,prolific,9,0.00914829783141613,"[0.0, 0.30000001192092896]",3,240,Full,326031055534_s001_settings,True,1.5,Full,False,ErrorOnly,4,0.5,455
60,True,0,0,True,77E7D184,CursorProperties,0.5,0.30000001192092896,Circle,TrialOnly,prolific,0,0.009572702459990978,"[0.0, 0.30000001192092896]",3,240,Full,368230630876_s001_settings,True,1.5,Full,False,ErrorOnly,4,0.5,23
60,True,0,0,True,77E7D184,CursorProperties,0.5,0.30000001192092896,Circle,TrialOnly,prolific,9,0.013020889833569527,"[0.0, 0.30000001192092896]",3,240,Full,399793741991_s001_settings,True,1.5,Full,False,ErrorOnly,4,0.5,463
60,True,0,0,True,77E7D184,CursorProperties,0.5,0.30000001192092896,Circle,TrialOnly,prolific,1,0.00925926212221384,"[0.0, 0.30000001192092896]",3,240,Full,mwarb_s001_settings,True,1.5,Full,False,ErrorOnly,4,0.5,63
60,True,0,0,True,77E7D184,CursorProperties,0.5,0.30000001192092896,Circle,TrialOnly,prolific,7,0.016196925193071365,"[0.0, 0.30000001192092896]",3,240,Full,724549951264_s001_settings,True,1.5,Full,False,ErrorOnly,4,0.5,372
60,True,0,0,True,77E7D184,CursorProperties,0.5,0.30000001192092896,Circle,TrialOnly,prolific,1,0.011560703627765179,"[0.0, 0.30000001192092896]",3,240,Full,314751828555_s001_settings,True,1.5,Full,False,ErrorOnly,4,0.5,81
60,True,0,0,True,77E7D184,CursorProperties,0.5,0.30000001192092896,Circle,TrialOnly,prolific,7,0.0039682528004050255,"[0.0, 0.30000001192092896]",3,240,Full,448933199979_s001_settings,True,1.5,Full,False,ErrorOnly,4,0.5,373
60,True,0,0,True,77E7D184,CursorProperties,0.5,0.30000001192092896,Circle,TrialOnly,prolific,5,0.009006318636238575,"[0.0, 0.30000001192092896]",3,240,Full,239901129854_s001_settings,True,1.5,Full,False,ErrorOnly,4,0.5,278
60,True,0,0,True,77E7D184,CursorProperties,0.5,0.30000001192092896,Circle,TrialOnly,prolific,4,0.010045791044831276,"[0.0, 0.30000001192092896]",3,240,Full,782467008568_s001_settings,True,1.5,Full,False,ErrorOnly,4,0.5,236
60,True,0,0,True,77E7D184,CursorProperties,0.5,0.30000001192092896,Circle,TrialOnly,prolific,1,0.013024551793932915,"[0.0, 0.30000001192092896]",3,240,Full,490372725762_s001_settings,True,1.5,Full,False,ErrorOnly,4,0.5,77
60,True,0,0,True,77E7D184,CursorProperties,0.5,0.30000001192092896,Circle,TrialOnly,prolific,2,0.009259332902729511,"[0.0, 0.30000001192092896]",3,240,Full,591787668410_s001_settings,True,1.5,Full,False,ErrorOnly,4,0.5,137
60,True,0,0,True,77E7D184,CursorProperties,0.5,0.30000001192092896,Circle,TrialOnly,prolific,8,0.010252263396978378,"[0.0, 0.30000001192092896]",3,240,Full,945312269032_s001_settings,True,1.5,Full,False,ErrorOnly,4,0.5,397
60,True,0,0,True,77E7D184,CursorProperties,0.5,0.30000001192092896,Circle,TrialOnly,prolific,3,0.009259290061891079,"[0.0, 0.30000001192092896]",3,240,Full,824588129762_s001_settings,True,1.5,Full,False,ErrorOnly,4,0.5,187
60,True,0,0,True,77E7D184,CursorProperties,0.5,0.30000001192092896,Circle,TrialOnly,prolific,7,0.009259268641471863,"[0.0, 0.30000001192092896]",3,240,Full,186217949958_s001_settings,True,1.5,Full,False,ErrorOnly,4,0.5,348
60,True,0,0,True,77E7D184,CursorProperties,0.5,0.30000001192092896,Circle,TrialOnly,prolific,1,0.009765625,"[0.0, 0.30000001192092896]",3,240,Full,485655207419_s001_settings,True,1.5,Full,False,ErrorOnly,4,0.5,59
60,True,0,0,True,77E7D184,CursorProperties,0.5,0.30000001192092896,Circle,TrialOnly,prolific,7,0.013020846992731094,"[0.0, 0.30000001192092896]",3,240,Full,881354056065_s001_settings,True,1.5,Full,False,ErrorOnly,4,0.5,349
60,True,0,0,True,77E7D184,CursorProperties,0.5,0.30000001192092896,Circle,TrialOnly,prolific,7,0.013020842336118221,"[0.0, 0.30000001192092896]",3,240,Full,891532907728_s001_settings,True,1.5,Full,False,ErrorOnly,4,0.5,365
60,True,0,0,True,77E7D184,CursorProperties,0.5,0.30000001192092896,Circle,TrialOnly,prolific,5,0.009259285405278206,"[0.0, 0.30000001192092896]",3,240,Full,522924106102_s001_settings,True,1.5,Full,False,ErrorOnly,4,0.5,284
60,True,0,0,True,77E7D184,CursorProperties,0.5,0.30000001192092896,Circle,TrialOnly,prolific,1,0.00922164972871542,"[0.0, 0.30000001192092896]",3,240,Full,157286867732_s001_settings,True,1.5,Full,False,ErrorOnly,4,0.5,84
60,True,0,0,True,77E7D184,CursorProperties,0.5,0.30000001192092896,Circle,TrialOnly,prolific,7,0.008945032022893429,"[0.0, 0.30000001192092896]",3,240,Full,637138033052_s001_settings,True,1.5,Full,False,ErrorOnly,4,0.5,363
60,True,0,0,True,77E7D184,CursorProperties,0.5,0.30000001192092896,Circle,TrialOnly,prolific,5,0.009259257465600967,"[0.0, 0.30000001192092896]",3,240,Full,720964792417_s001_settings,True,1.5,Full,False,ErrorOnly,4,0.5,266
60,True,0,0,True,77E7D184,CursorProperties,0.5,0.30000001192092896,Circle,TrialOnly,prolific,3,0.009165703319013119,"[0.0, 0.30000001192092896]",3,240,Full,60516332508_s001_settings,True,1.5,Full,False,ErrorOnly,4,0.5,171
60,True,0,0,True,77E7D184,CursorProperties,0.5,0.30000001192092896,Circle,TrialOnly,prolific,2,0.004629638511687517,"[0.0, 0.30000001192092896]",3,240,Full,370640644570_s001_settings,True,1.5,Full,False,ErrorOnly,4,0.5,141
60,True,0,0,True,77E7D184,CursorProperties,0.5,0.30000001192092896,Circle,TrialOnly,prolific,4,0.009517530910670757,"[0.0, 0.30000001192092896]",3,240,Full,618976041208_s001_settings,True,1.5,Full,False,ErrorOnly,4,0.5,229
60,True,0,0,True,77E7D184,CursorProperties,0.5,0.30000001192092896,Circle,TrialOnly,prolific,4,0.008956347592175007,"[0.0, 0.30000001192092896]",3,240,Full,175094375154_s001_settings,True,1.5,Full,False,ErrorOnly,4,0.5,219
60,True,0,0,True,77E7D184,CursorProperties,0.5,0.30000001192092896,Circle,TrialOnly,prolific,3,0.00624999962747097,"[0.0, 0.30000001192092896]",3,240,Full,86995724355_s001_settings,True,1.5,Full,False,ErrorOnly,4,0.5,146
60,True,0,0,True,77E7D184,CursorProperties,0.5,0.30000001192092896,Circle,TrialOnly,prolific,3,0.005555557087063789,"[0.0, 0.30000001192092896]",3,240,Full,577336943708_s001_settings,True,1.5,Full,False,ErrorOnly,4,0.5,151
60,True,0,0,True,77E7D184,CursorProperties,0.5,0.30000001192092896,Circle,TrialOnly,prolific,2,0.013153310865163803,"[0.0, 0.30000001192092896]",3,240,Full,311518904287_s001_settings,True,1.5,Full,False,ErrorOnly,4,0.5,101
60,True,0,0,True,77E7D184,CursorProperties,0.5,0.30000001192092896,Circle,TrialOnly,prolific,9,0.009259269572794437,"[0.0, 0.30000001192092896]",3,240,Full,183824516134_s001_settings,True,1.5,Full,False,ErrorOnly,4,0.5,458
60,True,0,0,True,77E7D184,CursorProperties,0.5,0.30000001192092896,Circle,TrialOnly,prolific,8,0.009190060198307037,"[0.0, 0.30000001192092896]",3,240,Full,836677602492_s001_settings,True,1.5,Full,False,ErrorOnly,4,0.5,388
60,True,0,0,True,77E7D184,CursorProperties,0.5,0.30000001192092896,Circle,TrialOnly,prolific,2,0.013274291530251503,"[0.0, 0.30000001192092896]",3,240,Full,139654613099_s001_settings,True,1.5,Full,False,ErrorOnly,4,0.5,130
60,True,0,0,True,77E7D184,CursorProperties,0.5,0.30000001192092896,Circle,TrialOnly,prolific,5,0.009259285405278206,"[0.0, 0.30000001192092896]",3,240,Full,261405949946_s001_settings,True,1.5,Full,False,ErrorOnly,4,0.5,280
60,True,0,0,True,77E7D184,CursorProperties,0.5,0.30000001192092896,Circle,TrialOnly,prolific,1,0.009022466838359833,"[0.0, 0.30000001192092896]",3,240,Full,856257066596_s001_settings,True,1.5,Full,False,ErrorOnly,4,0.5,94
60,True,0,0,True,77E7D184,CursorProperties,0.5,0.30000001192092896,Circle,TrialOnly,prolific,9,0.00495608476921916,"[0.0, 0.30000001192092896]",3,240,Full,589106590719_s001_settings,True,1.5,Full,False,ErrorOnly,4,0.5,448
60,True,0,0,True,77E7D184,CursorProperties,0.5,0.30000001192092896,Circle,TrialOnly,prolific,0,0.009182966314256191,"[0.0, 0.30000001192092896]",3,240,Full,865611255867_s001_settings,True,1.5,Full,False,ErrorOnly,4,0.5,2
60,True,0,0,True,77E7D184,CursorProperties,0.5,0.30000001192092896,Circle,TrialOnly,prolific,3,0.005659007001668215,"[0.0, 0.30000001192092896]",3,240,Full,375371629837_s001_settings,True,1.5,Full,False,ErrorOnly,4,0.5,164
60,True,0,0,True,77E7D184,CursorProperties,0.5,0.30000001192092896,Circle,TrialOnly,prolific,6,0.013020845130085945,"[0.0, 0.30000001192092896]",3,240,Full,300018938491_s001_settings,True,1.5,Full,False,ErrorOnly,4,0.5,331
60,True,0,0,True,77E7D184,CursorProperties,0.5,0.30000001192092896,Circle,TrialOnly,prolific,2,0.0092148557305336,"[0.0, 0.30000001192092896]",3,240,Full,774480707012_s001_settings,True,1.5,Full,False,ErrorOnly,4,0.5,139
60,True,0,0,True,77E7D184,CursorProperties,0.5,0.30000001192092896,Circle,TrialOnly,prolific,1,0.009595253504812717,"[0.0, 0.30000001192092896]",3,240,Full,424813729943_s001_settings,True,1.5,Full,False,ErrorOnly,4,0.5,61
60,True,0,0,True,77E7D184,CursorProperties,0.5,0.30000001192092896,Circle,TrialOnly,prolific,9,0.013020825572311878,"[0.0, 0.30000001192092896]",3,240,Full,366712725954_s001_settings,True,1.5,Full,False,ErrorOnly,4,0.5,476
60,True,0,0,True,77E7D184,CursorProperties,0.5,0.30000001192092896,Circle,TrialOnly,prolific,2,0.004761905875056982,"[0.0, 0.30000001192092896]",3,240,Full,383627469185_s001_settings,True,1.5,Full,False,ErrorOnly,4,0.5,138
60,True,0,0,True,77E7D184,CursorProperties,0.5,0.30000001192092896,Circle,TrialOnly,prolific,2,0.013020876795053482,"[0.0, 0.30000001192092896]",3,240,Full,193100401433_s001_settings,True,1.5,Full,False,ErrorOnly,4,0.5,136
60,True,0,0,True,77E7D184,CursorProperties,0.5,0.30000001192092896,Circle,TrialOnly,prolific,2,0.012363684363663197,"[0.0, 0.30000001192092896]",3,240,Full,401611892739_s001_settings,True,1.5,Full,False,ErrorOnly,4,0.5,99
60,True,0,0,True,77E7D184,CursorProperties,0.5,0.30000001192092896,Circle,TrialOnly,prolific,6,0.013486054725944996,"[0.0, 0.30000001192092896]",3,240,Full,515614103525_s001_settings,True,1.5,Full,False,ErrorOnly,4,0.5,336
60,True,0,0,True,77E7D184,CursorProperties,0.5,0.30000001192092896,Circle,TrialOnly,prolific,7,0.00952378660440445,"[0.0, 0.30000001192092896]",3,240,Full,140384659403_s001_settings,True,1.5,Full,False,ErrorOnly,4,0.5,381
60,True,0,0,True,77E7D184,CursorProperties,0.5,0.30000001192092896,Circle,TrialOnly,prolific,7,0.009697193279862404,"[0.0, 0.30000001192092896]",3,240,Full,277495261980_s001_settings,True,1.5,Full,False,ErrorOnly,4,0.5,341
60,True,0,0,True,77E7D184,CursorProperties,0.5,0.30000001192092896,Circle,TrialOnly,prolific,3,0.009416205808520317,"[0.0, 0.30000001192092896]",3,240,Full,65172413131_s001_settings,True,1.5,Full,False,ErrorOnly,4,0.5,158
60,True,0,0,True,77E7D184,CursorProperties,0.5,0.30000001192092896,Circle,TrialOnly,prolific,0,0.013309630565345287,"[0.0, 0.30000001192092896]",3,240,Full,760820905212_s001_settings,True,1.5,Full,False,ErrorOnly,4,0.5,37
60,True,0,0,True,77E7D184,CursorProperties,0.5,0.30000001192092896,Circle,TrialOnly,prolific,1,0.005555544048547745,"[0.0, 0.30000001192092896]",3,240,Full,841781280934_s001_settings,True,1.5,Full,False,ErrorOnly,4,0.5,74
60,True,0,0,True,77E7D184,CursorProperties,0.5,0.30000001192092896,Circle,TrialOnly,prolific,9,0.009259277023375034,"[0.0, 0.30000001192092896]",3,240,Full,554783556843_s001_settings,True,1.5,Full,False,ErrorOnly,4,0.5,479
60,True,0,0,True,77E7D184,CursorProperties,0.5,0.30000001192092896,Circle,TrialOnly,prolific,3,0.013331286609172821,"[0.0, 0.30000001192092896]",3,240,Full,211349502438_s001_settings,True,1.5,Full,False,ErrorOnly,4,0.5,161
60,True,0,0,True,77E7D184,CursorProperties,0.5,0.30000001192092896,Circle,TrialOnly,prolific,4,0.01302080787718296,"[0.0, 0.30000001192092896]",3,240,Full,52190313348_s001_settings,True,1.5,Full,False,ErrorOnly,4,0.5,238
60,True,0,0,True,77E7D184,CursorProperties,0.5,0.30000001192092896,Circle,TrialOnly,prolific,7,0.00916321761906147,"[0.0, 0.30000001192092896]",3,240,Full,67981741856_s001_settings,True,1.5,Full,False,ErrorOnly,4,0.5,379
60,True,0,0,True,77E7D184,CursorProperties,0.5,0.30000001192092896,Circle,TrialOnly,prolific,0,0.013020853511989117,"[0.0, 0.30000001192092896]",3,240,Full,326018211431_s001_settings,True,1.5,Full,False,ErrorOnly,4,0.5,11
,,,,,77E7D184,,,,,,prolific,,0.010615752078592777,,,,,823480761377_s001_settings,,,,,,,,73
60,True,0,0,True,77E7D184,CursorProperties,0.5,0.30000001192092896,Circle,TrialOnly,prolific,4,0.009037137031555176,"[0.0, 0.30000001192092896]",3,240,Full,740180686814_s001_settings,True,1.5,Full,False,ErrorOnly,4,0.5,193
60,True,0,0,True,77E7D184,CursorProperties,0.5,0.30000001192092896,Circle,TrialOnly,prolific,7,0.009197281673550606,"[0.0, 0.30000001192092896]",3,240,Full,81991281593_s001_settings,True,1.5,Full,False,ErrorOnly,4,0.5,338
60,True,0,0,True,77E7D184,CursorProperties,0.5,0.30000001192092896,Circle,TrialOnly,prolific,1,0.009147162549197674,"[0.0, 0.30000001192092896]",3,240,Full,141579159069_s001_settings,True,1.5,Full,False,ErrorOnly,4,0.5,88
60,True,0,0,True,77E7D184,CursorProperties,0.5,0.30000001192092896,Circle,TrialOnly,prolific,9,0.00925928633660078,"[0.0, 0.30000001192092896]",3,240,Full,753638975787_s001_settings,True,1.5,Full,False,ErrorOnly,4,0.5,467
60,True,0,0,True,77E7D184,CursorProperties,0.5,0.30000001192092896,Circle,TrialOnly,prolific,6,0.008942735381424427,"[0.0, 0.30000001192092896]",3,240,Full,295092569896_s001_settings,True,1.5,Full,False,ErrorOnly,4,0.5,312
60,True,0,0,True,77E7D184,CursorProperties,0.5,0.30000001192092896,Circle,TrialOnly,prolific,4,0.009262005798518658,"[0.0, 0.30000001192092896]",3,240,Full,381467347498_s001_settings,True,1.5,Full,False,ErrorOnly,4,0.5,215
60,True,0,0,True,77E7D184,CursorProperties,0.5,0.30000001192092896,Circle,TrialOnly,prolific,8,0.00922852847725153,"[0.0, 0.30000001192092896]",3,240,Full,488179284147_s001_settings,True,1.5,Full,False,ErrorOnly,4,0.5,386
60,True,0,0,True,77E7D184,CursorProperties,0.5,0.30000001192092896,Circle,TrialOnly,prolific,2,0.004761906340718269,"[0.0, 0.30000001192092896]",3,240,Full,81350229447_s001_settings,True,1.5,Full,False,ErrorOnly,4,0.5,113
60,True,0,0,True,77E7D184,CursorProperties,0.5,0.30000001192092896,Circle,TrialOnly,prolific,8,0.013020837679505348,"[0.0, 0.30000001192092896]",3,240,Full,863045202801_s001_settings,True,1.5,Full,False,ErrorOnly,4,0.5,427
60,True,0,0,True,77E7D184,CursorProperties,0.5,0.30000001192092896,Circle,TrialOnly,prolific,8,0.01302088052034378,"[0.0, 0.30000001192092896]",3,240,Full,33616929547_s001_settings,True,1.5,Full,False,ErrorOnly,4,0.5,432
60,True,0,0,True,77E7D184,CursorProperties,0.5,0.30000001192092896,Circle,TrialOnly,prolific,1,0.009179719723761082,"[0.0, 0.30000001192092896]",3,240,Full,764955634018_s001_settings,True,1.5,Full,False,ErrorOnly,4,0.5,63
60,True,0,0,True,77E7D184,CursorProperties,0.5,0.30000001192092896,Circle,TrialOnly,prolific,8,0.009259260259568691,"[0.0, 0.30000001192092896]",3,240,Full,747798201628_s001_settings,True,1.5,Full,False,ErrorOnly,4,0.5,393
60,True,0,0,True,77E7D184,CursorProperties,0.5,0.30000001192092896,Circle,TrialOnly,prolific,7,0.012040684930980206,"[0.0, 0.30000001192092896]",3,240,Full,555482115829_s001_settings,True,1.5,Full,False,ErrorOnly,4,0.5,367
60,True,0,0,True,77E7D184,CursorProperties,0.5,0.30000001192092896,Circle,TrialOnly,prolific,2,0.013020822778344154,"[0.0, 0.30000001192092896]",3,240,Full,657277573598_s001_settings,True,1.5,Full,False,ErrorOnly,4,0.5,97
60,True,0,0,True,77E7D184,CursorProperties,0.5,0.30000001192092896,Circle,TrialOnly,prolific,9,0.0062499926425516605,"[0.0, 0.30000001192092896]",3,240,Full,871249367017_s001_settings,True,1.5,Full,False,ErrorOnly,4,0.5,438
60,True,0,0,True,77E7D184,CursorProperties,0.5,0.30000001192092896,Circle,TrialOnly,prolific,6,0.009259313344955444,"[0.0, 0.30000001192092896]",3,240,Full,650598146952_s001_settings,True,1.5,Full,False,ErrorOnly,4,0.5,310
,,,,,77E7D184,,,,,,prolific,,0.00919788796454668,,,,,496151081984_s001_settings,,,,,,,,140
60,True,0,0,True,77E7D184,CursorProperties,0.5,0.30000001192092896,Circle,TrialOnly,prolific,7,0.013020817190408707,"[0.0, 0.30000001192092896]",3,240,Full,558537738863_s001_settings,True,1.5,Full,False,ErrorOnly,4,0.5,361
60,True,0,0,True,77E7D184,CursorProperties,0.5,0.30000001192092896,Circle,TrialOnly,prolific,5,0.009523821994662285,"[0.0, 0.30000001192092896]",3,240,Full,503219471313_s001_settings,True,1.5,Full,False,ErrorOnly,4,0.5,255
60,True,0,0,True,77E7D184,CursorProperties,0.5,0.30000001192092896,Circle,TrialOnly,prolific,1,0.009188896045088768,"[0.0, 0.30000001192092896]",3,240,Full,450325436890_s001_settings,True,1.5,Full,False,ErrorOnly,4,0.5,86
60,True,0,0,True,77E7D184,CursorProperties,0.5,0.30000001192092896,Circle,TrialOnly,prolific,5,0.013104650191962719,"[0.0, 0.30000001192092896]",3,240,Full,653112237341_s001_settings,True,1.5,Full,False,ErrorOnly,4,0.5,262
60,True,0,0,True,77E7D184,CursorProperties,0.5,0.30000001192092896,Circle,TrialOnly,prolific,1,0.00529100326821208,"[0.0, 0.30000001192092896]",3,240,Full,281449537957_s001_settings,True,1.5,Full,False,ErrorOnly,4,0.5,82
60,True,0,0,True,77E7D184,CursorProperties,0.5,0.30000001192092896,Circle,TrialOnly,prolific,0,0.00902235321700573,"[0.0, 0.30000001192092896]",3,240,Full,272993694525_s001_settings,True,1.5,Full,False,ErrorOnly,4,0.5,1
60,True,0,0,True,77E7D184,CursorProperties,0.5,0.30000001192092896,Circle,TrialOnly,prolific,7,0.009163838811218739,"[0.0, 0.30000001192092896]",3,240,Full,146859203465_s001_settings,True,1.5,Full,False,ErrorOnly,4,0.5,382
60,True,0,0,True,77E7D184,CursorProperties,0.5,0.30000001192092896,Circle,TrialOnly,prolific,9,0.020702270790934563,"[0.0, 0.30000001192092896]",3,240,Full,460031946655_s001_settings,True,1.5,Full,False,ErrorOnly,4,0.5,434
60,True,0,0,True,77E7D184,CursorProperties,0.5,0.30000001192092896,Circle,TrialOnly,prolific,4,0.009259278886020184,"[0.0, 0.30000001192092896]",3,240,Full,415114416275_s001_settings,True,1.5,Full,False,ErrorOnly,4,0.5,197
60,True,0,0,True,77E7D184,CursorProperties,0.5,0.30000001192092896,Circle,TrialOnly,prolific,0,0.0075456527993083,"[0.0, 0.30000001192092896]",3,240,Full,645686800824_s001_settings,True,1.5,Full,False,ErrorOnly,4,0.5,35
,,,,,77E7D184,,,,,,prolific,,0.009270117618143559,,,,,354701472446_s001_settings,,,,,,,,63
60,True,0,0,True,77E7D184,CursorProperties,0.5,0.30000001192092896,Circle,TrialOnly,prolific,6,0.00961926020681858,"[0.0, 0.30000001192092896]",3,240,Full,624326525488_s001_settings,True,1.5,Full,False,ErrorOnly,4,0.5,319
60,True,0,0,True,77E7D184,CursorProperties,0.5,0.30000001192092896,Circle,TrialOnly,prolific,5,0.009315250441432,"[0.0, 0.30000001192092896]",3,240,Full,761679645860_s001_settings,True,1.5,Full,False,ErrorOnly,4,0.5,267
60,True,0,0,True,77E7D184,CursorProperties,0.5,0.30000001192092896,Circle,TrialOnly,prolific,9,0.00919294822961092,"[0.0, 0.30000001192092896]",3,240,Full,340899273753_s001_settings,True,1.5,Full,False,ErrorOnly,4,0.5,477
60,True,0,0,True,77E7D184,CursorProperties,0.5,0.30000001192092896,Circle,TrialOnly,prolific,7,0.010099315084517002,"[0.0, 0.30000001192092896]",3,240,Full,897928518708_s001_settings,True,1.5,Full,False,ErrorOnly,4,0.5,339
60,True,0,0,True,77E7D184,CursorProperties,0.5,0.30000001192092896,Circle,TrialOnly,prolific,8,0.009259256534278393,"[0.0, 0.30000001192092896]",3,240,Full,857258294243_s001_settings,True,1.5,Full,False,ErrorOnly,4,0.5,387
60,True,0,0,True,77E7D184,CursorProperties,0.5,0.30000001192092896,Circle,TrialOnly,prolific,2,0.006467302329838276,"[0.0, 0.30000001192092896]",3,240,Full,466178274480_s001_settings,True,1.5,Full,False,ErrorOnly,4,0.5,134
60,True,0,0,True,77E7D184,CursorProperties,0.5,0.30000001192092896,Circle,TrialOnly,prolific,7,0.009222462773323059,"[0.0, 0.30000001192092896]",3,240,Full,220885766670_s001_settings,True,1.5,Full,False,ErrorOnly,4,0.5,375
60,True,0,0,True,77E7D184,CursorProperties,0.5,0.30000001192092896,Circle,TrialOnly,prolific,5,0.009259265847504139,"[0.0, 0.30000001192092896]",3,240,Full,812418627319_s001_settings,True,1.5,Full,False,ErrorOnly,4,0.5,274
60,True,0,0,True,77E7D184,CursorProperties,0.5,0.30000001192092896,Circle,TrialOnly,prolific,9,0.008878577500581741,"[0.0, 0.30000001192092896]",3,240,Full,78828420490_s001_settings,True,1.5,Full,False,ErrorOnly,4,0.5,470
60,True,0,0,True,77E7D184,CursorProperties,0.5,0.30000001192092896,Circle,TrialOnly,prolific,2,0.009259287267923355,"[0.0, 0.30000001192092896]",3,240,Full,306810469599_s001_settings,True,1.5,Full,False,ErrorOnly,4,0.5,122
60,True,0,0,True,77E7D184,CursorProperties,0.5,0.30000001192092896,Circle,TrialOnly,prolific,2,0.0092293880879879,"[0.0, 0.30000001192092896]",3,240,Full,624015980400_s001_settings,True,1.5,Full,False,ErrorOnly,4,0.5,119
60,True,0,0,True,77E7D184,CursorProperties,0.5,0.30000001192092896,Circle,TrialOnly,prolific,5,0.009259261190891266,"[0.0, 0.30000001192092896]",3,240,Full,70501195034_s001_settings,True,1.5,Full,False,ErrorOnly,4,0.5,287
60,True,0,0,True,77E7D184,CursorProperties,0.5,0.30000001192092896,Circle,TrialOnly,prolific,1,0.009259280748665333,"[0.0, 0.30000001192092896]",3,240,Full,818668159889_s001_settings,True,1.5,Full,False,ErrorOnly,4,0.5,50
60,True,0,0,True,77E7D184,CursorProperties,0.5,0.30000001192092896,Circle,TrialOnly,prolific,4,0.00831787008792162,"[0.0, 0.30000001192092896]",3,240,Full,242302735568_s001_settings,True,1.5,Full,False,ErrorOnly,4,0.5,226
60,True,0,0,True,77E7D184,CursorProperties,0.5,0.30000001192092896,Circle,TrialOnly,prolific,8,0.009258563630282879,"[0.0, 0.30000001192092896]",3,240,Full,952949011931_s001_settings,True,1.5,Full,False,ErrorOnly,4,0.5,422
60,True,0,0,True,77E7D184,CursorProperties,0.5,0.30000001192092896,Circle,TrialOnly,prolific,5,0.009259247221052647,"[0.0, 0.30000001192092896]",3,240,Full,303616114193_s001_settings,True,1.5,Full,False,ErrorOnly,4,0.5,276
60,True,0,0,True,77E7D184,CursorProperties,0.5,0.30000001192092896,Circle,TrialOnly,prolific,9,0.013020855374634266,"[0.0, 0.30000001192092896]",3,240,Full,627511081285_s001_settings,True,1.5,Full,False,ErrorOnly,4,0.5,457
60,True,0,0,True,77E7D184,CursorProperties,0.5,0.30000001192092896,Circle,TrialOnly,prolific,5,0.004571311641484499,"[0.0, 0.30000001192092896]",3,240,Full,170080221025_s001_settings,True,1.5,Full,False,ErrorOnly,4,0.5,271
60,True,0,0,True,77E7D184,CursorProperties,0.5,0.30000001192092896,Circle,TrialOnly,prolific,5,0.012499977834522724,"[0.0, 0.30000001192092896]",3,240,Full,837611209368_s001_settings,True,1.5,Full,False,ErrorOnly,4,0.5,257
60,True,0,0,True,77E7D184,CursorProperties,0.5,0.30000001192092896,Circle,TrialOnly,prolific,5,0.009199637919664383,"[0.0, 0.30000001192092896]",3,240,Full,978960614418_s001_settings,True,1.5,Full,False,ErrorOnly,4,0.5,263
60,True,0,0,True,77E7D184,CursorProperties,0.5,0.30000001192092896,Circle,TrialOnly,prolific,3,0.013020869344472885,"[0.0, 0.30000001192092896]",3,240,Full,995622965740_s001_settings,True,1.5,Full,False,ErrorOnly,4,0.5,179
60,True,0,0,True,77E7D184,CursorProperties,0.5,0.30000001192092896,Circle,TrialOnly,prolific,6,0.005797587800770998,"[0.0, 0.30000001192092896]",3,240,Full,94212257303_s001_settings,True,1.5,Full,False,ErrorOnly,4,0.5,324
60,True,0,0,True,77E7D184,CursorProperties,0.5,0.30000001192092896,Circle,TrialOnly,prolific,9,0.013268339447677135,"[0.0, 0.30000001192092896]",3,240,Full,594008709769_s001_settings,True,1.5,Full,False,ErrorOnly,4,0.5,471
60,True,0,0,True,77E7D184,CursorProperties,0.5,0.30000001192092896,Circle,TrialOnly,prolific,0,0.004099124111235142,"[0.0, 0.30000001192092896]",3,240,Full,441084582125_s001_settings,True,1.5,Full,False,ErrorOnly,4,0.5,39
60,True,0,0,True,77E7D184,CursorProperties,0.5,0.30000001192092896,Circle,TrialOnly,prolific,5,0.009202596731483936,"[0.0, 0.30000001192092896]",3,240,Full,400006499374_s001_settings,True,1.5,Full,False,ErrorOnly,4,0.5,261
60,True,0,0,True,77E7D184,CursorProperties,0.5,0.30000001192092896,Circle,TrialOnly,prolific,9,0.009871128015220165,"[0.0, 0.30000001192092896]",3,240,Full,688420796301_s001_settings,True,1.5,Full,False,ErrorOnly,4,0.5,459
60,True,0,0,True,77E7D184,CursorProperties,0.5,0.30000001192092896,Circle,TrialOnly,prolific,8,0.00962863489985466,"[0.0, 0.30000001192092896]",3,240,Full,842916191322_s001_settings,True,1.5,Full,False,ErrorOnly,4,0.5,395
60,True,0,0,True,77E7D184,CursorProperties,0.5,0.30000001192092896,Circle,TrialOnly,prolific,8,0.005555558484047651,"[0.0, 0.30000001192092896]",3,240,Full,828356987563_s001_settings,True,1.5,Full,False,ErrorOnly,4,0.5,404
60,True,0,0,True,77E7D184,CursorProperties,0.5,0.30000001192092896,Circle,TrialOnly,prolific,8,0.013020815327763557,"[0.0, 0.30000001192092896]",3,240,Full,292629866395_s001_settings,True,1.5,Full,False,ErrorOnly,4,0.5,403
60,True,0,0,True,77E7D184,CursorProperties,0.5,0.30000001192092896,Circle,TrialOnly,prolific,6,0.013020836748182774,"[0.0, 0.30000001192092896]",3,240,Full,426775530911_s001_settings,True,1.5,Full,False,ErrorOnly,4,0.5,290
60,True,0,0,True,77E7D184,CursorProperties,0.5,0.30000001192092896,Circle,TrialOnly,prolific,9,0.005856147967278957,"[0.0, 0.30000001192092896]",3,240,Full,430337224388_s001_settings,True,1.5,Full,False,ErrorOnly,4,0.5,468
60,True,0,0,True,77E7D184,CursorProperties,0.5,0.30000001192092896,Circle,TrialOnly,prolific,4,0.01151341199874878,"[0.0, 0.30000001192092896]",3,240,Full,366977208759_s001_settings,True,1.5,Full,False,ErrorOnly,4,0.5,207
60,True,0,0,True,77E7D184,CursorProperties,0.5,0.30000001192092896,Circle,TrialOnly,prolific,6,0.009259260259568691,"[0.0, 0.30000001192092896]",3,240,Full,933626258280_s001_settings,True,1.5,Full,False,ErrorOnly,4,0.5,322
60,True,0,0,True,77E7D184,CursorProperties,0.5,0.30000001192092896,Circle,TrialOnly,prolific,9,0.009050289168953896,"[0.0, 0.30000001192092896]",3,240,Full,357323471689_s001_settings,True,1.5,Full,False,ErrorOnly,4,0.5,443
60,True,0,0,True,77E7D184,CursorProperties,0.5,0.30000001192092896,Circle,TrialOnly,prolific,3,0.005555559415370226,"[0.0, 0.30000001192092896]",3,240,Full,780990068335_s001_settings,True,1.5,Full,False,ErrorOnly,4,0.5,189
60,True,0,0,True,77E7D184,CursorProperties,0.5,0.30000001192092896,Circle,TrialOnly,prolific,1,0.004400352947413921,"[0.0, 0.30000001192092896]",3,240,Full,42404767125_s001_settings,True,1.5,Full,False,ErrorOnly,4,0.5,55
60,True,0,0,True,77E7D184,CursorProperties,0.5,0.30000001192092896,Circle,TrialOnly,prolific,2,0.009207610972225666,"[0.0, 0.30000001192092896]",3,240,Full,676818776410_s001_settings,True,1.5,Full,False,ErrorOnly,4,0.5,104
60,True,0,0,True,77E7D184,CursorProperties,0.5,0.30000001192092896,Circle,TrialOnly,prolific,0,0.009259261190891266,"[0.0, 0.30000001192092896]",3,240,Full,757535461336_s001_settings,True,1.5,Full,False,ErrorOnly,4,0.5,37
60,True,0,0,True,77E7D184,CursorProperties,0.5,0.30000001192092896,Circle,TrialOnly,prolific,0,0.013020815327763557,"[0.0, 0.30000001192092896]",3,240,Full,608781518181_s001_settings,True,1.5,Full,False,ErrorOnly,4,0.5,25
60,True,0,0,True,77E7D184,CursorProperties,0.5,0.30000001192092896,Circle,TrialOnly,prolific,5,0.013020884245634079,"[0.0, 0.30000001192092896]",3,240,Full,261654776288_s001_settings,True,1.5,Full,False,ErrorOnly,4,0.5,267
60,True,0,0,True,77E7D184,CursorProperties,0.5,0.30000001192092896,Circle,TrialOnly,prolific,3,0.009259257465600967,"[0.0, 0.30000001192092896]",3,240,Full,853101398795_s001_settings,True,1.5,Full,False,ErrorOnly,4,0.5,192
60,True,0,0,True,77E7D184,CursorProperties,0.5,0.30000001192092896,Circle,TrialOnly,prolific,1,0.00925927422940731,"[0.0, 0.30000001192092896]",3,240,Full,665972822112_s001_settings,True,1.5,Full,False,ErrorOnly,4,0.5,71
60,True,0,0,True,77E7D184,CursorProperties,0.5,0.30000001192092896,Circle,TrialOnly,prolific,6,0.009289647452533245,"[0.0, 0.30000001192092896]",3,240,Full,99897861946_s001_settings,True,1.5,Full,False,ErrorOnly,4,0.5,323
60,True,0,0,True,77E7D184,CursorProperties,0.5,0.30000001192092896,Circle,TrialOnly,prolific,4,0.009192705154418945,"[0.0, 0.30000001192092896]",3,240,Full,593610742595_s001_settings,True,1.5,Full,False,ErrorOnly,4,0.5,203
60,True,0,0,True,77E7D184,CursorProperties,0.5,0.30000001192092896,Circle,TrialOnly,prolific,2,0.013020799495279789,"[0.0, 0.30000001192092896]",3,240,Full,928426922298_s001_settings,True,1.5,Full,False,ErrorOnly,4,0.5,124
60,True,0,0,True,77E7D184,CursorProperties,0.5,0.30000001192092896,Circle,TrialOnly,prolific,8,0.013020835816860199,"[0.0, 0.30000001192092896]",3,240,Full,836667074589_s001_settings,True,1.5,Full,False,ErrorOnly,4,0.5,425
60,True,0,0,True,77E7D184,CursorProperties,0.5,0.30000001192092896,Circle,TrialOnly,prolific,4,0.009259261190891266,"[0.0, 0.30000001192092896]",3,240,Full,46445406973_s001_settings,True,1.5,Full,False,ErrorOnly,4,0.5,234
60,True,0,0,True,77E7D184,CursorProperties,0.5,0.30000001192092896,Circle,TrialOnly,prolific,3,0.01302083395421505,"[0.0, 0.30000001192092896]",3,240,Full,466315876226_s001_settings,True,1.5,Full,False,ErrorOnly,4,0.5,172
60,True,0,0,True,77E7D184,CursorProperties,0.5,0.30000001192092896,Circle,TrialOnly,prolific,5,0.011993493884801865,"[0.0, 0.30000001192092896]",3,240,Full,690112326992_s001_settings,True,1.5,Full,False,ErrorOnly,4,0.5,258
60,True,0,0,True,77E7D184,CursorProperties,0.5,0.30000001192092896,Circle,TrialOnly,prolific,9,0.01302082184702158,"[0.0, 0.30000001192092896]",3,240,Full,211914503015_s001_settings,True,1.5,Full,False,ErrorOnly,4,0.5,447
60,True,0,0,True,77E7D184,CursorProperties,0.5,0.30000001192092896,Circle,TrialOnly,prolific,2,0.007106885779649019,"[0.0, 0.30000001192092896]",3,240,Full,964304241118_s001_settings,True,1.5,Full,False,ErrorOnly,4,0.5,111
60,True,0,0,True,77E7D184,CursorProperties,0.5,0.30000001192092896,Circle,TrialOnly,prolific,1,0.013635087758302689,"[0.0, 0.30000001192092896]",3,240,Full,758610083023_s001_settings,True,1.5,Full,False,ErrorOnly,4,0.5,93
60,True,0,0,True,77E7D184,CursorProperties,0.5,0.30000001192092896,Circle,TrialOnly,prolific,0,0.013020852580666542,"[0.0, 0.30000001192092896]",3,240,Full,666909089777_s001_settings,True,1.5,Full,False,ErrorOnly,4,0.5,12
60,True,0,0,True,77E7D184,CursorProperties,0.5,0.30000001192092896,Circle,TrialOnly,prolific,4,0.008916961029171944,"[0.0, 0.30000001192092896]",3,240,Full,836360013578_s001_settings,True,1.5,Full,False,ErrorOnly,4,0.5,227
60,True,0,0,True,77E7D184,CursorProperties,0.5,0.30000001192092896,Circle,TrialOnly,prolific,6,0.013020835816860199,"[0.0, 0.30000001192092896]",3,240,Full,91524953255_s001_settings,True,1.5,Full,False,ErrorOnly,4,0.5,292
60,True,0,0,True,77E7D184,CursorProperties,0.5,0.30000001192092896,Circle,TrialOnly,prolific,0,0.009259272366762161,"[0.0, 0.30000001192092896]",3,240,Full,266126640839_s001_settings,True,1.5,Full,False,ErrorOnly,4,0.5,47
60,True,0,0,True,77E7D184,CursorProperties,0.5,0.30000001192092896,Circle,TrialOnly,prolific,4,0.009044487029314041,"[0.0, 0.30000001192092896]",3,240,Full,866262106690_s001_settings,True,1.5,Full,False,ErrorOnly,4,0.5,208
60,True,0,0,True,77E7D184,CursorProperties,0.5,0.30000001192092896,Circle,TrialOnly,prolific,1,0.006944435648620129,"[0.0, 0.30000001192092896]",3,240,Full,307390059111_s001_settings,True,1.5,Full,False,ErrorOnly,4,0.5,95
60,True,0,0,True,77E7D184,CursorProperties,0.5,0.30000001192092896,Circle,TrialOnly,prolific,4,0.004896621685475111,"[0.0, 0.30000001192092896]",3,240,Full,115921796998_s001_settings,True,1.5,Full,False,ErrorOnly,4,0.5,228
60,True,0,0,True,77E7D184,CursorProperties,0.5,0.30000001192092896,Circle,TrialOnly,prolific,9,0.009259282611310482,"[0.0, 0.30000001192092896]",3,240,Full,89758134912_s001_settings,True,1.5,Full,False,ErrorOnly,4,0.5,474
60,True,0,0,True,77E7D184,CursorProperties,0.5,0.30000001192092896,Circle,TrialOnly,prolific,9,0.009396316483616829,"[0.0, 0.30000001192092896]",3,240,Full,478219331707_s001_settings,True,1.5,Full,False,ErrorOnly,4,0.5,437
60,True,0,0,True,77E7D184,CursorProperties,0.5,0.30000001192092896,Circle,TrialOnly,prolific,8,0.009336542338132858,"[0.0, 0.30000001192092896]",3,240,Full,942895571934_s001_settings,True,1.5,Full,False,ErrorOnly,4,0.5,417
60,True,0,0,True,77E7D184,CursorProperties,0.5,0.30000001192092896,Circle,TrialOnly,prolific,8,0.013020859099924564,"[0.0, 0.30000001192092896]",3,240,Full,230769543210_s001_settings,True,1.5,Full,False,ErrorOnly,4,0.5,418
60,True,0,0,True,77E7D184,CursorProperties,0.5,0.30000001192092896,Circle,TrialOnly,prolific,5,0.010955242440104485,"[0.0, 0.30000001192092896]",3,240,Full,285770176909_s001_settings,True,1.5,Full,False,ErrorOnly,4,0.5,270
60,True,0,0,True,77E7D184,CursorProperties,0.5,0.30000001192092896,Circle,TrialOnly,prolific,1,0.00400026747956872,"[0.0, 0.30000001192092896]",3,240,Full,526591815054_s001_settings,True,1.5,Full,False,ErrorOnly,4,0.5,70
60,True,0,0,True,77E7D184,CursorProperties,0.5,0.30000001192092896,Circle,TrialOnly,prolific,9,0.00835536140948534,"[0.0, 0.30000001192092896]",3,240,Full,6196976173_s001_settings,True,1.5,Full,False,ErrorOnly,4,0.5,469
60,True,0,0,True,77E7D184,CursorProperties,0.5,0.30000001192092896,Circle,TrialOnly,prolific,0,0.004761913325637579,"[0.0, 0.30000001192092896]",3,240,Full,283817955758_s001_settings,True,1.5,Full,False,ErrorOnly,4,0.5,43
60,True,0,0,True,77E7D184,CursorProperties,0.5,0.30000001192092896,Circle,TrialOnly,prolific,1,0.013434880413115025,"[0.0, 0.30000001192092896]",3,240,Full,788534438470_s001_settings,True,1.5,Full,False,ErrorOnly,4,0.5,89
60,True,0,0,True,77E7D184,CursorProperties,0.5,0.30000001192092896,Circle,TrialOnly,prolific,5,0.009523811750113964,"[0.0, 0.30000001192092896]",3,240,Full,712610918562_s001_settings,True,1.5,Full,False,ErrorOnly,4,0.5,276
60,True,0,0,True,77E7D184,CursorProperties,0.5,0.30000001192092896,Circle,TrialOnly,prolific,6,0.009214358404278755,"[0.0, 0.30000001192092896]",3,240,Full,707165035419_s001_settings,True,1.5,Full,False,ErrorOnly,4,0.5,295
60,True,0,0,True,77E7D184,CursorProperties,0.5,0.30000001192092896,Circle,TrialOnly,prolific,2,0.011111092753708363,"[0.0, 0.30000001192092896]",3,240,Full,917476948583_s001_settings,True,1.5,Full,False,ErrorOnly,4,0.5,132
60,True,0,0,True,77E7D184,CursorProperties,0.5,0.30000001192092896,Circle,TrialOnly,prolific,0,0.00965505838394165,"[0.0, 0.30000001192092896]",3,240,Full,299489942844_s001_settings,True,1.5,Full,False,ErrorOnly,4,0.5,46
60,True,0,0,True,77E7D184,CursorProperties,0.5,0.30000001192092896,Circle,TrialOnly,prolific,6,0.009260207414627075,"[0.0, 0.30000001192092896]",3,240,Full,630191511008_s001_settings,True,1.5,Full,False,ErrorOnly,4,0.5,318
60,True,0,0,True,77E7D184,CursorProperties,0.5,0.30000001192092896,Circle,TrialOnly,prolific,7,0.009053549729287624,"[0.0, 0.30000001192092896]",3,240,Full,905631664907_s001_settings,True,1.5,Full,False,ErrorOnly,4,0.5,343
60,True,0,0,True,77E7D184,CursorProperties,0.5,0.30000001192092896,Circle,TrialOnly,prolific,9,0.009838985279202461,"[0.0, 0.30000001192092896]",3,240,Full,248674978269_s001_settings,True,1.5,Full,False,ErrorOnly,4,0.5,465
60,True,0,0,True,77E7D184,CursorProperties,0.5,0.30000001192092896,Circle,TrialOnly,prolific,6,0.009168228134512901,"[0.0, 0.30000001192092896]",3,240,Full,172440417576_s001_settings,True,1.5,Full,False,ErrorOnly,4,0.5,314
60,True,0,0,True,77E7D184,CursorProperties,0.5,0.30000001192092896,Circle,TrialOnly,prolific,2,0.009259278886020184,"[0.0, 0.30000001192092896]",3,240,Full,950401282636_s001_settings,True,1.5,Full,False,ErrorOnly,4,0.5,109
60,True,0,0,True,77E7D184,CursorProperties,0.5,0.30000001192092896,Circle,TrialOnly,prolific,0,0.009659882634878159,"[0.0, 0.30000001192092896]",3,240,Full,542684882646_s001_settings,True,1.5,Full,False,ErrorOnly,4,0.5,34
60,True,0,0,True,77E7D184,CursorProperties,0.5,0.30000001192092896,Circle,TrialOnly,prolific,0,0.013020852580666542,"[0.0, 0.30000001192092896]",3,240,Full,38639956153_s001_settings,True,1.5,Full,False,ErrorOnly,4,0.5,44
60,True,0,0,True,77E7D184,CursorProperties,0.5,0.30000001192092896,Circle,TrialOnly,prolific,9,0.013346993364393711,"[0.0, 0.30000001192092896]",3,240,Full,491837100125_s001_settings,True,1.5,Full,False,ErrorOnly,4,0.5,478
60,True,0,0,True,77E7D184,CursorProperties,0.5,0.30000001192092896,Circle,TrialOnly,prolific,4,0.00925926212221384,"[0.0, 0.30000001192092896]",3,240,Full,879327289061_s001_settings,True,1.5,Full,False,ErrorOnly,4,0.5,213
60,True,0,0,True,77E7D184,CursorProperties,0.5,0.30000001192092896,Circle,TrialOnly,prolific,0,0.019499460235238075,"[0.0, 0.30000001192092896]",3,240,Full,750626990804_s001_settings,True,1.5,Full,False,ErrorOnly,4,0.5,38
60,True,0,0,True,77E7D184,CursorProperties,0.5,0.30000001192092896,Circle,TrialOnly,prolific,2,0.005482458043843508,"[0.0, 0.30000001192092896]",3,240,Full,96435749437_s001_settings,True,1.5,Full,False,ErrorOnly,4,0.5,100
60,True,0,0,True,77E7D184,CursorProperties,0.5,0.30000001192092896,Circle,TrialOnly,prolific,5,0.0055555603466928005,"[0.0, 0.30000001192092896]",3,240,Full,11866547632_s001_settings,True,1.5,Full,False,ErrorOnly,4,0.5,269
60,True,0,0,True,77E7D184,CursorProperties,0.5,0.30000001192092896,Circle,TrialOnly,prolific,1,0.009633947163820267,"[0.0, 0.30000001192092896]",3,240,Full,881636635866_s001_settings,True,1.5,Full,False,ErrorOnly,4,0.5,92
60,True,0,0,True,77E7D184,CursorProperties,0.5,0.30000001192092896,Circle,TrialOnly,prolific,8,0.009765627793967724,"[0.0, 0.30000001192092896]",3,240,Full,934420693200_s001_settings,True,1.5,Full,False,ErrorOnly,4,0.5,400
60,True,0,0,True,77E7D184,CursorProperties,0.5,0.30000001192092896,Circle,TrialOnly,prolific,5,0.00925925187766552,"[0.0, 0.30000001192092896]",3,240,Full,132760789943_s001_settings,True,1.5,Full,False,ErrorOnly,4,0.5,244
60,True,0,0,True,77E7D184,CursorProperties,0.5,0.30000001192092896,Circle,TrialOnly,prolific,6,0.00919557735323906,"[0.0, 0.30000001192092896]",3,240,Full,455411954782_s001_settings,True,1.5,Full,False,ErrorOnly,4,0.5,307
60,True,0,0,True,77E7D184,CursorProperties,0.5,0.30000001192092896,Circle,TrialOnly,prolific,8,0.013020838610827923,"[0.0, 0.30000001192092896]",3,240,Full,530454018851_s001_settings,True,1.5,Full,False,ErrorOnly,4,0.5,410
60,True,0,0,True,77E7D184,CursorProperties,0.5,0.30000001192092896,Circle,TrialOnly,prolific,3,0.013020881451666355,"[0.0, 0.30000001192092896]",3,240,Full,643459252314_s001_settings,True,1.5,Full,False,ErrorOnly,4,0.5,148
60,True,0,0,True,77E7D184,CursorProperties,0.5,0.30000001192092896,Circle,TrialOnly,prolific,6,0.008927037939429283,"[0.0, 0.30000001192092896]",3,240,Full,529356644721_s001_settings,True,1.5,Full,False,ErrorOnly,4,0.5,335
60,True,0,0,True,77E7D184,CursorProperties,0.5,0.30000001192092896,Circle,TrialOnly,prolific,5,0.013725923374295235,"[0.0, 0.30000001192092896]",3,240,Full,56767792906_s001_settings,True,1.5,Full,False,ErrorOnly,4,0.5,251
60,True,0,0,True,77E7D184,CursorProperties,0.5,0.30000001192092896,Circle,TrialOnly,prolific,7,0.013020842336118221,"[0.0, 0.30000001192092896]",3,240,Full,251308053499_s001_settings,True,1.5,Full,False,ErrorOnly,4,0.5,370
60,True,0,0,True,77E7D184,CursorProperties,0.5,0.30000001192092896,Circle,TrialOnly,prolific,4,0.013022120110690594,"[0.0, 0.30000001192092896]",3,240,Full,320314205950_s001_settings,True,1.5,Full,False,ErrorOnly,4,0.5,235
60,True,0,0,True,77E7D184,CursorProperties,0.5,0.30000001192092896,Circle,TrialOnly,prolific,1,0.013020833022892475,"[0.0, 0.30000001192092896]",3,240,Full,982309131650_s001_settings,True,1.5,Full,False,ErrorOnly,4,0.5,73
60,True,0,0,True,77E7D184,CursorProperties,0.5,0.30000001192092896,Circle,TrialOnly,prolific,0,0.009030383080244064,"[0.0, 0.30000001192092896]",3,240,Full,822205019881_s001_settings,True,1.5,Full,False,ErrorOnly,4,0.5,18
60,True,0,0,True,77E7D184,CursorProperties,0.5,0.30000001192092896,Circle,TrialOnly,prolific,0,0.009146011434495449,"[0.0, 0.30000001192092896]",3,240,Full,123183469520_s001_settings,True,1.5,Full,False,ErrorOnly,4,0.5,31
60,True,0,0,True,77E7D184,CursorProperties,0.5,0.30000001192092896,Circle,TrialOnly,prolific,2,0.011516774073243141,"[0.0, 0.30000001192092896]",3,240,Full,669404158834_s001_settings,True,1.5,Full,False,ErrorOnly,4,0.5,143
60,True,0,0,True,77E7D184,CursorProperties,0.5,0.30000001192092896,Circle,TrialOnly,prolific,4,0.009259269572794437,"[0.0, 0.30000001192092896]",3,240,Full,205160485114_s001_settings,True,1.5,Full,False,ErrorOnly,4,0.5,231
60,True,0,0,True,77E7D184,CursorProperties,0.5,0.30000001192092896,Circle,TrialOnly,prolific,9,0.004761904012411833,"[0.0, 0.30000001192092896]",3,240,Full,749603402102_s001_settings,True,1.5,Full,False,ErrorOnly,4,0.5,452
60,True,0,0,True,77E7D184,CursorProperties,0.5,0.30000001192092896,Circle,TrialOnly,prolific,1,0.005771188531070948,"[0.0, 0.30000001192092896]",3,240,Full,711049351608_s001_settings,True,1.5,Full,False,ErrorOnly,4,0.5,67
60,True,0,0,True,77E7D184,CursorProperties,0.5,0.30000001192092896,Circle,TrialOnly,prolific,3,0.005555552896112204,"[0.0, 0.30000001192092896]",3,240,Full,660965892719_s001_settings,True,1.5,Full,False,ErrorOnly,4,0.5,191
60,True,0,0,True,77E7D184,CursorProperties,0.5,0.30000001192092896,Circle,TrialOnly,prolific,1,0.013020878657698631,"[0.0, 0.30000001192092896]",3,240,Full,499781516147_s001_settings,True,1.5,Full,False,ErrorOnly,4,0.5,83
60,True,0,0,True,77E7D184,CursorProperties,0.5,0.30000001192092896,Circle,TrialOnly,prolific,7,0.009259323589503765,"[0.0, 0.30000001192092896]",3,240,Full,108424307545_s001_settings,True,1.5,Full,False,ErrorOnly,4,0.5,350
60,True,0,0,True,77E7D184,CursorProperties,0.5,0.30000001192092896,Circle,TrialOnly,prolific,6,0.00925927609205246,"[0.0, 0.30000001192092896]",3,240,Full,915339582134_s001_settings,True,1.5,Full,False,ErrorOnly,4,0.5,301
60,True,0,0,True,77E7D184,CursorProperties,0.5,0.30000001192092896,Circle,TrialOnly,prolific,1,0.013020814396440983,"[0.0, 0.30000001192092896]",3,240,Full,568911038571_s001_settings,True,1.5,Full,False,ErrorOnly,4,0.5,75
60,True,0,0,True,77E7D184,CursorProperties,0.5,0.30000001192092896,Circle,TrialOnly,prolific,4,0.009262905456125736,"[0.0, 0.30000001192092896]",3,240,Full,994898098986_s001_settings,True,1.5,Full,False,ErrorOnly,4,0.5,210
60,True,0,0,True,77E7D184,CursorProperties,0.5,0.30000001192092896,Circle,TrialOnly,prolific,0,0.009815721772611141,"[0.0, 0.30000001192092896]",3,240,Full,803522135131_s001_settings,True,1.5,Full,False,ErrorOnly,4,0.5,27
60,True,0,0,True,77E7D184,CursorProperties,0.5,0.30000001192092896,Circle,TrialOnly,prolific,9,0.0065306080505251884,"[0.0, 0.30000001192092896]",3,240,Full,114463583799_s001_settings,True,1.5,Full,False,ErrorOnly,4,0.5,446
60,True,0,0,True,77E7D184,CursorProperties,0.5,0.30000001192092896,Circle,TrialOnly,prolific,3,0.004761904012411833,"[0.0, 0.30000001192092896]",3,240,Full,609066119184_s001_settings,True,1.5,Full,False,ErrorOnly,4,0.5,184
,,,,,77E7D184,,,,,,prolific,,0.009259277023375034,,,,,311455185525_s001_settings,,,,,,,,219
60,True,0,0,True,77E7D184,CursorProperties,0.5,0.30000001192092896,Circle,TrialOnly,prolific,8,0.0073447334580123425,"[0.0, 0.30000001192092896]",3,240,Full,672964076977_s001_settings,True,1.5,Full,False,ErrorOnly,4,0.5,411
